PFAF_ID_07,n_children,delta_E_m,relief_class,n_outlets,parent_components,has_cycle,axis_T300,f_up_area_T300,valid_T300,invalid_reason_T300,n_up_T300,n_down_T300,up_components_T300,down_components_T300,cut_edges_T300,reverse_edges_T300,axis_T400,f_up_area_T400,valid_T400,invalid_reason_T400,n_up_T400,n_down_T400,up_components_T400,down_components_T400,cut_edges_T400,reverse_edges_T400,axis_T500,f_up_area_T500,valid_T500,invalid_reason_T500,n_up_T500,n_down_T500,up_components_T500,down_components_T500,cut_edges_T500,reverse_edges_T500,axis_T600,f_up_area_T600,valid_T600,invalid_reason_T600,n_up_T600,n_down_T600,up_components_T600,down_components_T600,cut_edges_T600,reverse_edges_T600,axis_T700,f_up_area_T700,valid_T700,invalid_reason_T700,n_up_T700,n_down_T700,up_components_T700,down_components_T700,cut_edges_T700,reverse_edges_T700,axis_T800,f_up_area_T800,valid_T800,invalid_reason_T800,n_up_T800,n_down_T800,up_components_T800,down_components_T800,cut_edges_T800,reverse_edges_T800,axis_ELEVDEF,f_up_area_ELEVDEF,valid_ELEVDEF,invalid_reason_ELEVDEF,n_up_ELEVDEF,n_down_ELEVDEF,up_components_ELEVDEF,down_components_ELEVDEF,cut_edges_ELEVDEF,reverse_edges_ELEVDEF,axis_AREA50,f_up_area_AREA50,valid_AREA50,invalid_reason_AREA50,n_up_AREA50,n_down_AREA50,up_components_AREA50,down_components_AREA50,cut_edges_AREA50,reverse_edges_AREA50,common_valid_T300_T800,n_cells_changed_any_threshold,all_cell_labels_invariant,status_T600,review_priority,review_class
1518090,9,1205.7,high,1,1,False,elevation,0.493,True,OK,3,6,1,1,1,0,elevation,0.493,True,OK,3,6,1,1,1,0,elevation,0.493,True,OK,3,6,1,1,1,0,elevation,0.493,True,OK,3,6,1,1,1,0,elevation,0.493,True,OK,3,6,1,1,1,0,elevation,0.493,True,OK,3,6,1,1,1,0,elevdef,0.493,True,OK,3,6,1,1,1,0,area50,0.493,True,OK,3,6,1,1,1,0,True,0,True,valid_T600,3,stable
2140409,9,607.7,high,1,1,False,elevation,0.511,True,OK,5,4,1,1,1,0,elevation,0.511,True,OK,5,4,1,1,1,0,elevation,0.511,True,OK,5,4,1,1,1,0,elevation,0.511,True,OK,5,4,1,1,1,0,topology_pfaf,0.511,True,OK,5,4,1,1,1,0,topology_pfaf,0.511,True,OK,5,4,1,1,1,0,elevdef,0.511,True,OK,5,4,1,1,1,0,area50,0.511,True,OK,5,4,1,1,1,0,True,0,True,valid_T600,3,stable
2140640,9,1697.2,high,1,1,False,elevation,0.602,True,OK,5,4,1,1,1,0,elevation,0.602,True,OK,5,4,1,1,1,0,elevation,0.602,True,OK,5,4,1,1,1,0,elevation,0.602,True,OK,5,4,1,1,1,0,elevation,0.602,True,OK,5,4,1,1,1,0,elevation,0.602,True,OK,5,4,1,1,1,0,elevdef,0.602,True,OK,5,4,1,1,1,0,area50,0.5,True,OK,3,6,1,1,1,0,True,0,True,valid_T600,3,stable
2160104,9,928.0,high,1,1,False,elevation,0.657,True,OK,5,4,1,1,1,0,elevation,0.657,True,OK,5,4,1,1,1,0,elevation,0.657,True,OK,5,4,1,1,1,0,elevation,0.657,True,OK,5,4,1,1,1,0,elevation,0.657,True,OK,5,4,1,1,1,0,elevation,0.657,True,OK,5,4,1,1,1,0,elevdef,0.657,True,OK,5,4,1,1,1,0,area50,0.385,True,OK,3,6,1,1,1,0,True,0,True,valid_T600,3,stable
2160225,9,497.4,mixed,1,1,False,elevation,0.585,True,OK,5,4,1,1,1,0,elevation,0.585,True,OK,5,4,1,1,1,0,topology_pfaf,0.585,True,OK,5,4,1,1,1,0,topology_pfaf,0.585,True,OK,5,4,1,1,1,0,topology_pfaf,0.585,True,OK,5,4,1,1,1,0,topology_pfaf,0.585,True,OK,5,4,1,1,1,0,elevdef,0.585,True,OK,5,4,1,1,1,0,area50,0.585,True,OK,5,4,1,1,1,0,True,0,True,valid_T600,3,stable
2160244,9,1011.8,high,1,1,False,elevation,0.584,True,OK,7,2,1,1,1,0,elevation,0.584,True,OK,7,2,1,1,1,0,elevation,0.584,True,OK,7,2,1,1,1,0,elevation,0.584,True,OK,7,2,1,1,1,0,elevation,0.584,True,OK,7,2,1,1,1,0,elevation,0.584,True,OK,7,2,1,1,1,0,elevdef,0.584,True,OK,7,2,1,1,1,0,area50,0.443,True,OK,5,4,1,1,1,0,True,0,True,valid_T600,3,stable
2160267,9,1626.6,high,1,1,False,elevation,0.324,True,OK,5,4,1,1,1,0,elevation,0.324,True,OK,5,4,1,1,1,0,elevation,0.324,True,OK,5,4,1,1,1,0,elevation,0.324,True,OK,5,4,1,1,1,0,elevation,0.324,True,OK,5,4,1,1,1,0,elevation,0.324,True,OK,5,4,1,1,1,0,elevdef,0.324,True,OK,5,4,1,1,1,0,area50,0.324,True,OK,5,4,1,1,1,0,True,0,True,valid_T600,3,stable
2160340,9,607.5,high,1,1,False,elevation,0.546,True,OK,3,6,1,1,1,0,elevation,0.546,True,OK,3,6,1,1,1,0,elevation,0.546,True,OK,3,6,1,1,1,0,elevation,0.546,True,OK,3,6,1,1,1,0,topology_pfaf,0.546,True,OK,3,6,1,1,1,0,topology_pfaf,0.546,True,OK,3,6,1,1,1,0,elevdef,0.546,True,OK,3,6,1,1,1,0,area50,0.546,True,OK,3,6,1,1,1,0,True,0,True,valid_T600,3,stable
2160422,9,1118.8,high,1,1,False,elevation,0.904,True,OK,7,2,1,1,1,0,elevation,0.904,True,OK,7,2,1,1,1,0,elevation,0.904,True,OK,7,2,1,1,1,0,elevation,0.904,True,OK,7,2,1,1,1,0,elevation,0.904,True,OK,7,2,1,1,1,0,elevation,0.904,True,OK,7,2,1,1,1,0,elevdef,0.904,True,OK,7,2,1,1,1,0,area50,0.549,True,OK,5,4,1,1,1,0,True,0,True,valid_T600,3,stable
2160428,9,1148.2,high,1,1,False,elevation,0.769,True,OK,7,2,1,1,1,0,elevation,0.769,True,OK,7,2,1,1,1,0,elevation,0.769,True,OK,7,2,1,1,1,0,elevation,0.769,True,OK,7,2,1,1,1,0,elevation,0.769,True,OK,7,2,1,1,1,0,elevation,0.769,True,OK,7,2,1,1,1,0,elevdef,0.769,True,OK,7,2,1,1,1,0,area50,0.555,True,OK,5,4,1,1,1,0,True,0,True,valid_T600,3,stable
2160508,10,1092.6,high,1,1,False,elevation,0.63,True,OK,5,5,1,1,1,0,elevation,0.63,True,OK,5,5,1,1,1,0,elevation,0.63,True,OK,5,5,1,1,1,0,elevation,0.63,True,OK,5,5,1,1,1,0,elevation,0.63,True,OK,5,5,1,1,1,0,elevation,0.63,True,OK,5,5,1,1,1,0,elevdef,0.63,True,OK,5,5,1,1,1,0,area50,0.63,True,OK,5,5,1,1,1,0,True,0,True,valid_T600,3,stable
2234096,9,42.5,low,1,1,False,topology_pfaf,0.517,True,OK,1,8,1,1,1,0,topology_pfaf,0.517,True,OK,1,8,1,1,1,0,topology_pfaf,0.517,True,OK,1,8,1,1,1,0,topology_pfaf,0.517,True,OK,1,8,1,1,1,0,topology_pfaf,0.517,True,OK,1,8,1,1,1,0,topology_pfaf,0.517,True,OK,1,8,1,1,1,0,elevdef,0.888,True,OK,7,2,1,1,1,0,area50,0.517,True,OK,1,8,1,1,1,0,True,0,True,valid_T600,3,stable
2239700,9,46.1,low,1,1,False,topology_pfaf,0.578,True,OK,5,4,1,1,1,0,topology_pfaf,0.578,True,OK,5,4,1,1,1,0,topology_pfaf,0.578,True,OK,5,4,1,1,1,0,topology_pfaf,0.578,True,OK,5,4,1,1,1,0,topology_pfaf,0.578,True,OK,5,4,1,1,1,0,topology_pfaf,0.578,True,OK,5,4,1,1,1,0,elevdef,0.578,True,OK,5,4,1,1,1,0,area50,0.471,True,OK,3,6,1,1,1,0,True,0,True,valid_T600,3,stable
2240082,9,267.1,low,1,1,False,topology_pfaf,0.772,True,OK,5,4,1,1,1,0,topology_pfaf,0.772,True,OK,5,4,1,1,1,0,topology_pfaf,0.772,True,OK,5,4,1,1,1,0,topology_pfaf,0.772,True,OK,5,4,1,1,1,0,topology_pfaf,0.772,True,OK,5,4,1,1,1,0,topology_pfaf,0.772,True,OK,5,4,1,1,1,0,elevdef,0.772,True,OK,5,4,1,1,1,0,area50,0.432,True,OK,3,6,1,1,1,0,True,0,True,valid_T600,3,stable
2251409,9,47.9,low,1,1,False,topology_pfaf,0.449,True,OK,3,6,1,1,1,0,topology_pfaf,0.449,True,OK,3,6,1,1,1,0,topology_pfaf,0.449,True,OK,3,6,1,1,1,0,topology_pfaf,0.449,True,OK,3,6,1,1,1,0,topology_pfaf,0.449,True,OK,3,6,1,1,1,0,topology_pfaf,0.449,True,OK,3,6,1,1,1,0,elevdef,0.449,True,OK,3,6,1,1,1,0,area50,0.449,True,OK,3,6,1,1,1,0,True,0,True,valid_T600,3,stable
2252060,9,26.8,low,1,1,False,topology_pfaf,0.609,True,OK,5,4,1,1,1,0,topology_pfaf,0.609,True,OK,5,4,1,1,1,0,topology_pfaf,0.609,True,OK,5,4,1,1,1,0,topology_pfaf,0.609,True,OK,5,4,1,1,1,0,topology_pfaf,0.609,True,OK,5,4,1,1,1,0,topology_pfaf,0.609,True,OK,5,4,1,1,1,0,elevdef,0.609,True,OK,5,4,1,1,1,0,area50,0.609,True,OK,5,4,1,1,1,0,True,0,True,valid_T600,3,stable
2254404,9,20.8,low,1,1,False,topology_pfaf,0.255,True,OK,3,6,1,1,1,0,topology_pfaf,0.255,True,OK,3,6,1,1,1,0,topology_pfaf,0.255,True,OK,3,6,1,1,1,0,topology_pfaf,0.255,True,OK,3,6,1,1,1,0,topology_pfaf,0.255,True,OK,3,6,1,1,1,0,topology_pfaf,0.255,True,OK,3,6,1,1,1,0,elevdef,0.806,True,OK,7,2,1,1,1,0,area50,0.446,True,OK,5,4,1,1,1,0,True,0,True,valid_T600,3,stable
2254502,9,63.0,low,1,1,False,topology_pfaf,0.388,True,OK,5,4,1,1,1,0,topology_pfaf,0.388,True,OK,5,4,1,1,1,0,topology_pfaf,0.388,True,OK,5,4,1,1,1,0,topology_pfaf,0.388,True,OK,5,4,1,1,1,0,topology_pfaf,0.388,True,OK,5,4,1,1,1,0,topology_pfaf,0.388,True,OK,5,4,1,1,1,0,elevdef,0.388,True,OK,5,4,1,1,1,0,area50,0.388,True,OK,5,4,1,1,1,0,True,0,True,valid_T600,3,stable
2256060,9,30.3,low,1,1,False,topology_pfaf,0.446,True,OK,5,4,1,1,1,0,topology_pfaf,0.446,True,OK,5,4,1,1,1,0,topology_pfaf,0.446,True,OK,5,4,1,1,1,0,topology_pfaf,0.446,True,OK,5,4,1,1,1,0,topology_pfaf,0.446,True,OK,5,4,1,1,1,0,topology_pfaf,0.446,True,OK,5,4,1,1,1,0,elevdef,0.665,True,OK,7,2,1,1,1,0,area50,0.446,True,OK,5,4,1,1,1,0,True,0,True,valid_T600,3,stable
2256090,9,25.0,low,1,1,False,topology_pfaf,0.734,True,OK,5,4,1,1,1,0,topology_pfaf,0.734,True,OK,5,4,1,1,1,0,topology_pfaf,0.734,True,OK,5,4,1,1,1,0,topology_pfaf,0.734,True,OK,5,4,1,1,1,0,topology_pfaf,0.734,True,OK,5,4,1,1,1,0,topology_pfaf,0.734,True,OK,5,4,1,1,1,0,elevdef,0.734,True,OK,5,4,1,1,1,0,area50,0.386,True,OK,3,6,1,1,1,0,True,0,True,valid_T600,3,stable
2259020,9,49.8,low,1,1,False,topology_pfaf,0.35,True,OK,3,6,1,1,1,0,topology_pfaf,0.35,True,OK,3,6,1,1,1,0,topology_pfaf,0.35,True,OK,3,6,1,1,1,0,topology_pfaf,0.35,True,OK,3,6,1,1,1,0,topology_pfaf,0.35,True,OK,3,6,1,1,1,0,topology_pfaf,0.35,True,OK,3,6,1,1,1,0,elevdef,0.605,True,OK,5,4,1,1,1,0,area50,0.605,True,OK,5,4,1,1,1,0,True,0,True,valid_T600,3,stable
2260635,9,68.8,low,1,1,False,topology_pfaf,0.477,True,OK,5,4,1,1,1,0,topology_pfaf,0.477,True,OK,5,4,1,1,1,0,topology_pfaf,0.477,True,OK,5,4,1,1,1,0,topology_pfaf,0.477,True,OK,5,4,1,1,1,0,topology_pfaf,0.477,True,OK,5,4,1,1,1,0,topology_pfaf,0.477,True,OK,5,4,1,1,1,0,elevdef,0.477,True,OK,5,4,1,1,1,0,area50,0.477,True,OK,5,4,1,1,1,0,True,0,True,valid_T600,3,stable
2260640,9,67.3,low,1,1,False,topology_pfaf,0.275,True,OK,5,4,1,1,1,0,topology_pfaf,0.275,True,OK,5,4,1,1,1,0,topology_pfaf,0.275,True,OK,5,4,1,1,1,0,topology_pfaf,0.275,True,OK,5,4,1,1,1,0,topology_pfaf,0.275,True,OK,5,4,1,1,1,0,topology_pfaf,0.275,True,OK,5,4,1,1,1,0,elevdef,0.508,True,OK,7,2,1,1,1,0,area50,0.508,True,OK,7,2,1,1,1,0,True,0,True,valid_T600,3,stable
2271088,9,425.6,mixed,1,1,False,elevation,0.661,True,OK,3,6,1,1,1,0,elevation,0.661,True,OK,3,6,1,1,1,0,topology_pfaf,0.762,True,OK,5,4,1,1,1,0,topology_pfaf,0.762,True,OK,5,4,1,1,1,0,topology_pfaf,0.762,True,OK,5,4,1,1,1,0,topology_pfaf,0.762,True,OK,5,4,1,1,1,0,elevdef,0.661,True,OK,3,6,1,1,1,0,area50,0.377,True,OK,1,8,1,1,1,0,True,2,False,valid_T600,2,label_change
2272040,9,139.9,low,1,1,False,topology_pfaf,0.361,True,OK,3,6,1,1,1,0,topology_pfaf,0.361,True,OK,3,6,1,1,1,0,topology_pfaf,0.361,True,OK,3,6,1,1,1,0,topology_pfaf,0.361,True,OK,3,6,1,1,1,0,topology_pfaf,0.361,True,OK,3,6,1,1,1,0,topology_pfaf,0.361,True,OK,3,6,1,1,1,0,elevdef,0.603,True,OK,5,4,1,1,1,0,area50,0.603,True,OK,5,4,1,1,1,0,True,0,True,valid_T600,3,stable
2273208,7,932.8,high,1,1,False,elevation,0.797,True,OK,5,2,1,1,1,0,elevation,0.797,True,OK,5,2,1,1,1,0,elevation,0.797,True,OK,5,2,1,1,1,0,elevation,0.797,True,OK,5,2,1,1,1,0,elevation,0.797,True,OK,5,2,1,1,1,0,elevation,0.797,True,OK,5,2,1,1,1,0,elevdef,0.797,True,OK,5,2,1,1,1,0,area50,0.403,True,OK,1,6,1,1,1,0,True,0,True,valid_T600,3,stable
2273908,9,631.8,high,1,1,False,elevation,0.58,True,OK,7,2,1,1,1,0,elevation,0.58,True,OK,7,2,1,1,1,0,elevation,0.58,True,OK,7,2,1,1,1,0,elevation,0.58,True,OK,7,2,1,1,1,0,topology_pfaf,0.463,True,OK,5,4,1,1,1,0,topology_pfaf,0.463,True,OK,5,4,1,1,1,0,elevdef,0.58,True,OK,7,2,1,1,1,0,area50,0.463,True,OK,5,4,1,1,1,0,True,2,False,valid_T600,2,label_change
2274029,9,525.6,mixed,1,1,False,elevation,0.484,True,OK,5,4,1,1,1,0,elevation,0.484,True,OK,5,4,1,1,1,0,elevation,0.484,True,OK,5,4,1,1,1,0,topology_pfaf,0.484,True,OK,5,4,1,1,1,0,topology_pfaf,0.484,True,OK,5,4,1,1,1,0,topology_pfaf,0.484,True,OK,5,4,1,1,1,0,elevdef,0.484,True,OK,5,4,1,1,1,0,area50,0.484,True,OK,5,4,1,1,1,0,True,0,True,valid_T600,3,stable
2274099,9,772.0,high,1,1,False,elevation,0.539,True,OK,5,4,1,1,1,0,elevation,0.539,True,OK,5,4,1,1,1,0,elevation,0.539,True,OK,5,4,1,1,1,0,elevation,0.539,True,OK,5,4,1,1,1,0,elevation,0.539,True,OK,5,4,1,1,1,0,topology_pfaf,0.539,True,OK,5,4,1,1,1,0,elevdef,0.539,True,OK,5,4,1,1,1,0,area50,0.539,True,OK,5,4,1,1,1,0,True,0,True,valid_T600,3,stable
2276250,9,463.8,mixed,1,1,False,elevation,0.635,True,OK,5,4,1,1,1,0,elevation,0.635,True,OK,5,4,1,1,1,0,topology_pfaf,0.635,True,OK,5,4,1,1,1,0,topology_pfaf,0.635,True,OK,5,4,1,1,1,0,topology_pfaf,0.635,True,OK,5,4,1,1,1,0,topology_pfaf,0.635,True,OK,5,4,1,1,1,0,elevdef,0.635,True,OK,5,4,1,1,1,0,area50,0.635,True,OK,5,4,1,1,1,0,True,0,True,valid_T600,3,stable
2276404,9,204.2,low,1,1,False,topology_pfaf,0.676,False,visual_inverted,1,8,1,1,1,0,topology_pfaf,0.676,False,visual_inverted,1,8,1,1,1,0,topology_pfaf,0.676,False,visual_inverted,1,8,1,1,1,0,topology_pfaf,0.676,False,visual_inverted,1,8,1,1,1,0,topology_pfaf,0.676,False,visual_inverted,1,8,1,1,1,0,topology_pfaf,0.676,False,visual_inverted,1,8,1,1,1,0,elevdef,1.0,False,empty_downstream; down_components=0; up_to_down_edges=0; visual_inverted,9,0,1,0,0,0,area50,0.676,False,visual_inverted,1,8,1,1,1,0,False,0,True,invalid_other,0,T600_invalid
2276406,9,429.5,mixed,1,1,False,elevation,0.399,True,OK,5,4,1,1,1,0,elevation,0.399,True,OK,5,4,1,1,1,0,topology_pfaf,0.399,True,OK,5,4,1,1,1,0,topology_pfaf,0.399,True,OK,5,4,1,1,1,0,topology_pfaf,0.399,True,OK,5,4,1,1,1,0,topology_pfaf,0.399,True,OK,5,4,1,1,1,0,elevdef,0.399,True,OK,5,4,1,1,1,0,area50,0.399,True,OK,5,4,1,1,1,0,True,0,True,valid_T600,3,stable
2276504,9,137.2,low,1,1,False,topology_pfaf,0.372,True,OK,1,8,1,1,1,0,topology_pfaf,0.372,True,OK,1,8,1,1,1,0,topology_pfaf,0.372,True,OK,1,8,1,1,1,0,topology_pfaf,0.372,True,OK,1,8,1,1,1,0,topology_pfaf,0.372,True,OK,1,8,1,1,1,0,topology_pfaf,0.372,True,OK,1,8,1,1,1,0,elevdef,0.372,True,OK,1,8,1,1,1,0,area50,0.372,True,OK,1,8,1,1,1,0,True,0,True,valid_T600,3,stable
2276604,9,323.7,mixed,1,1,False,elevation,0.662,True,OK,7,2,1,1,1,0,topology_pfaf,0.274,True,OK,5,4,1,1,1,0,topology_pfaf,0.274,True,OK,5,4,1,1,1,0,topology_pfaf,0.274,True,OK,5,4,1,1,1,0,topology_pfaf,0.274,True,OK,5,4,1,1,1,0,topology_pfaf,0.274,True,OK,5,4,1,1,1,0,elevdef,0.662,True,OK,7,2,1,1,1,0,area50,0.662,True,OK,7,2,1,1,1,0,True,2,False,valid_T600,2,label_change
2276804,9,367.6,mixed,1,1,False,elevation,0.435,True,OK,3,6,1,1,1,0,topology_pfaf,0.827,True,OK,5,4,1,1,1,0,topology_pfaf,0.827,True,OK,5,4,1,1,1,0,topology_pfaf,0.827,True,OK,5,4,1,1,1,0,topology_pfaf,0.827,True,OK,5,4,1,1,1,0,topology_pfaf,0.827,True,OK,5,4,1,1,1,0,elevdef,0.435,True,OK,3,6,1,1,1,0,area50,0.435,True,OK,3,6,1,1,1,0,True,2,False,valid_T600,2,label_change
2276923,9,601.6,high,1,1,False,elevation,0.413,True,OK,5,4,1,1,1,0,elevation,0.413,True,OK,5,4,1,1,1,0,elevation,0.413,True,OK,5,4,1,1,1,0,elevation,0.413,True,OK,5,4,1,1,1,0,topology_pfaf,0.326,True,OK,3,6,1,1,1,0,topology_pfaf,0.326,True,OK,3,6,1,1,1,0,elevdef,0.413,True,OK,5,4,1,1,1,0,area50,0.413,True,OK,5,4,1,1,1,0,True,2,False,valid_T600,2,label_change
2276970,9,151.6,low,1,1,False,topology_pfaf,0.567,True,OK,3,6,1,1,1,0,topology_pfaf,0.567,True,OK,3,6,1,1,1,0,topology_pfaf,0.567,True,OK,3,6,1,1,1,0,topology_pfaf,0.567,True,OK,3,6,1,1,1,0,topology_pfaf,0.567,True,OK,3,6,1,1,1,0,topology_pfaf,0.567,True,OK,3,6,1,1,1,0,elevdef,0.567,True,OK,3,6,1,1,1,0,area50,0.567,True,OK,3,6,1,1,1,0,True,0,True,valid_T600,3,stable
2278049,9,641.4,high,1,1,False,elevation,0.527,True,OK,5,4,1,1,1,0,elevation,0.527,True,OK,5,4,1,1,1,0,elevation,0.527,True,OK,5,4,1,1,1,0,elevation,0.527,True,OK,5,4,1,1,1,0,topology_pfaf,0.425,True,OK,3,6,1,1,1,0,topology_pfaf,0.425,True,OK,3,6,1,1,1,0,elevdef,0.527,True,OK,5,4,1,1,1,0,area50,0.527,True,OK,5,4,1,1,1,0,True,2,False,valid_T600,2,label_change
2278050,9,635.7,high,1,1,False,elevation,0.512,True,OK,3,6,1,1,1,0,elevation,0.512,True,OK,3,6,1,1,1,0,elevation,0.512,True,OK,3,6,1,1,1,0,elevation,0.512,True,OK,3,6,1,1,1,0,topology_pfaf,0.661,True,OK,5,4,1,1,1,0,topology_pfaf,0.661,True,OK,5,4,1,1,1,0,elevdef,0.512,True,OK,3,6,1,1,1,0,area50,0.512,True,OK,3,6,1,1,1,0,True,2,False,valid_T600,2,label_change
2278090,9,997.0,high,1,1,False,elevation,0.439,True,OK,3,6,1,1,1,0,elevation,0.439,True,OK,3,6,1,1,1,0,elevation,0.439,True,OK,3,6,1,1,1,0,elevation,0.439,True,OK,3,6,1,1,1,0,elevation,0.439,True,OK,3,6,1,1,1,0,elevation,0.439,True,OK,3,6,1,1,1,0,elevdef,0.439,True,OK,3,6,1,1,1,0,area50,0.439,True,OK,3,6,1,1,1,0,True,0,True,valid_T600,3,stable
2279144,9,161.4,low,1,1,False,topology_pfaf,0.541,True,OK,5,4,1,1,1,0,topology_pfaf,0.541,True,OK,5,4,1,1,1,0,topology_pfaf,0.541,True,OK,5,4,1,1,1,0,topology_pfaf,0.541,True,OK,5,4,1,1,1,0,topology_pfaf,0.541,True,OK,5,4,1,1,1,0,topology_pfaf,0.541,True,OK,5,4,1,1,1,0,elevdef,0.541,True,OK,5,4,1,1,1,0,area50,0.541,True,OK,5,4,1,1,1,0,True,0,True,valid_T600,3,stable
2279146,9,53.7,low,1,1,False,topology_pfaf,0.197,True,OK,3,6,1,1,1,0,topology_pfaf,0.197,True,OK,3,6,1,1,1,0,topology_pfaf,0.197,True,OK,3,6,1,1,1,0,topology_pfaf,0.197,True,OK,3,6,1,1,1,0,topology_pfaf,0.197,True,OK,3,6,1,1,1,0,topology_pfaf,0.197,True,OK,3,6,1,1,1,0,elevdef,0.714,True,OK,7,2,1,1,1,0,area50,0.379,True,OK,5,4,1,1,1,0,True,0,True,valid_T600,3,stable
2279149,9,50.0,low,1,1,False,topology_pfaf,0.821,True,OK,5,4,1,1,1,0,topology_pfaf,0.821,True,OK,5,4,1,1,1,0,topology_pfaf,0.821,True,OK,5,4,1,1,1,0,topology_pfaf,0.821,True,OK,5,4,1,1,1,0,topology_pfaf,0.821,True,OK,5,4,1,1,1,0,topology_pfaf,0.821,True,OK,5,4,1,1,1,0,elevdef,0.569,True,OK,3,6,1,1,1,0,area50,0.493,True,OK,1,8,1,1,1,0,True,0,True,valid_T600,3,stable
2279160,9,219.1,low,1,1,False,topology_pfaf,0.694,True,OK,5,4,1,1,1,0,topology_pfaf,0.694,True,OK,5,4,1,1,1,0,topology_pfaf,0.694,True,OK,5,4,1,1,1,0,topology_pfaf,0.694,True,OK,5,4,1,1,1,0,topology_pfaf,0.694,True,OK,5,4,1,1,1,0,topology_pfaf,0.694,True,OK,5,4,1,1,1,0,elevdef,0.824,True,OK,7,2,1,1,1,0,area50,0.694,True,OK,5,4,1,1,1,0,True,0,True,valid_T600,3,stable
2279180,9,582.2,mixed,1,1,False,elevation,0.365,True,OK,3,6,1,1,1,0,elevation,0.365,True,OK,3,6,1,1,1,0,elevation,0.365,True,OK,3,6,1,1,1,0,topology_pfaf,0.365,True,OK,3,6,1,1,1,0,topology_pfaf,0.365,True,OK,3,6,1,1,1,0,topology_pfaf,0.365,True,OK,3,6,1,1,1,0,elevdef,0.365,True,OK,3,6,1,1,1,0,area50,0.365,True,OK,3,6,1,1,1,0,True,0,True,valid_T600,3,stable
2279205,9,237.9,low,1,1,False,topology_pfaf,0.344,True,OK,5,4,1,1,1,0,topology_pfaf,0.344,True,OK,5,4,1,1,1,0,topology_pfaf,0.344,True,OK,5,4,1,1,1,0,topology_pfaf,0.344,True,OK,5,4,1,1,1,0,topology_pfaf,0.344,True,OK,5,4,1,1,1,0,topology_pfaf,0.344,True,OK,5,4,1,1,1,0,elevdef,0.489,True,OK,7,2,1,1,1,0,area50,0.489,True,OK,7,2,1,1,1,0,True,0,True,valid_T600,3,stable
2279402,9,545.8,mixed,1,1,False,elevation,1.0,False,empty_downstream; down_components=0; up_to_down_edges=0; visual_inverted,9,0,1,0,0,0,elevation,1.0,False,empty_downstream; down_components=0; up_to_down_edges=0; visual_inverted,9,0,1,0,0,0,elevation,1.0,False,empty_downstream; down_components=0; up_to_down_edges=0; visual_inverted,9,0,1,0,0,0,topology_pfaf,0.621,False,visual_inverted,1,8,1,1,1,0,topology_pfaf,0.621,False,visual_inverted,1,8,1,1,1,0,topology_pfaf,0.621,False,visual_inverted,1,8,1,1,1,0,elevdef,1.0,False,empty_downstream; down_components=0; up_to_down_edges=0; visual_inverted,9,0,1,0,0,0,area50,0.621,False,visual_inverted,1,8,1,1,1,0,False,8,False,invalid_other,0,T600_invalid
2279604,9,222.5,low,1,1,False,topology_pfaf,0.562,True,OK,5,4,1,1,1,0,topology_pfaf,0.562,True,OK,5,4,1,1,1,0,topology_pfaf,0.562,True,OK,5,4,1,1,1,0,topology_pfaf,0.562,True,OK,5,4,1,1,1,0,topology_pfaf,0.562,True,OK,5,4,1,1,1,0,topology_pfaf,0.562,True,OK,5,4,1,1,1,0,elevdef,0.562,True,OK,5,4,1,1,1,0,area50,0.562,True,OK,5,4,1,1,1,0,True,0,True,valid_T600,3,stable
2279606,8,137.8,low,1,1,False,topology_pfaf,0.577,True,OK,1,7,1,1,1,0,topology_pfaf,0.577,True,OK,1,7,1,1,1,0,topology_pfaf,0.577,True,OK,1,7,1,1,1,0,topology_pfaf,0.577,True,OK,1,7,1,1,1,0,topology_pfaf,0.577,True,OK,1,7,1,1,1,0,topology_pfaf,0.577,True,OK,1,7,1,1,1,0,elevdef,1.0,False,empty_downstream; down_components=0; up_to_down_edges=0,8,0,1,0,0,0,area50,0.577,True,OK,1,7,1,1,1,0,True,0,True,valid_T600,3,stable
2279701,9,324.4,mixed,1,1,False,elevation,0.589,True,OK,5,4,1,1,1,0,topology_pfaf,0.391,True,OK,3,6,1,1,1,0,topology_pfaf,0.391,True,OK,3,6,1,1,1,0,topology_pfaf,0.391,True,OK,3,6,1,1,1,0,topology_pfaf,0.391,True,OK,3,6,1,1,1,0,topology_pfaf,0.391,True,OK,3,6,1,1,1,0,elevdef,0.589,True,OK,5,4,1,1,1,0,area50,0.589,True,OK,5,4,1,1,1,0,True,2,False,valid_T600,2,label_change
2279703,9,305.6,mixed,1,1,False,elevation,0.463,True,OK,5,4,1,1,1,0,topology_pfaf,0.463,True,OK,5,4,1,1,1,0,topology_pfaf,0.463,True,OK,5,4,1,1,1,0,topology_pfaf,0.463,True,OK,5,4,1,1,1,0,topology_pfaf,0.463,True,OK,5,4,1,1,1,0,topology_pfaf,0.463,True,OK,5,4,1,1,1,0,elevdef,0.463,True,OK,5,4,1,1,1,0,area50,0.463,True,OK,5,4,1,1,1,0,True,0,True,valid_T600,3,stable
2279706,9,843.1,high,1,1,False,elevation,0.516,True,OK,5,4,1,1,1,0,elevation,0.516,True,OK,5,4,1,1,1,0,elevation,0.516,True,OK,5,4,1,1,1,0,elevation,0.516,True,OK,5,4,1,1,1,0,elevation,0.516,True,OK,5,4,1,1,1,0,elevation,0.516,True,OK,5,4,1,1,1,0,elevdef,0.516,True,OK,5,4,1,1,1,0,area50,0.516,True,OK,5,4,1,1,1,0,True,0,True,valid_T600,3,stable
2279708,9,727.1,high,1,1,False,elevation,0.662,True,OK,5,4,1,1,1,0,elevation,0.662,True,OK,5,4,1,1,1,0,elevation,0.662,True,OK,5,4,1,1,1,0,elevation,0.662,True,OK,5,4,1,1,1,0,elevation,0.662,True,OK,5,4,1,1,1,0,topology_pfaf,0.662,True,OK,5,4,1,1,1,0,elevdef,0.662,True,OK,5,4,1,1,1,0,area50,0.35,True,OK,3,6,1,1,1,0,True,0,True,valid_T600,3,stable
2279709,9,358.7,mixed,1,1,False,elevation,0.555,True,OK,5,4,1,1,1,0,topology_pfaf,0.555,True,OK,5,4,1,1,1,0,topology_pfaf,0.555,True,OK,5,4,1,1,1,0,topology_pfaf,0.555,True,OK,5,4,1,1,1,0,topology_pfaf,0.555,True,OK,5,4,1,1,1,0,topology_pfaf,0.555,True,OK,5,4,1,1,1,0,elevdef,0.555,True,OK,5,4,1,1,1,0,area50,0.555,True,OK,5,4,1,1,1,0,True,0,True,valid_T600,3,stable
2279804,9,1199.4,high,1,1,False,elevation,0.58,True,OK,5,4,1,1,1,0,elevation,0.58,True,OK,5,4,1,1,1,0,elevation,0.58,True,OK,5,4,1,1,1,0,elevation,0.58,True,OK,5,4,1,1,1,0,elevation,0.58,True,OK,5,4,1,1,1,0,elevation,0.58,True,OK,5,4,1,1,1,0,elevdef,0.58,True,OK,5,4,1,1,1,0,area50,0.46,True,OK,3,6,1,1,1,0,True,0,True,valid_T600,3,stable
2279807,9,611.2,high,1,1,False,elevation,0.643,True,OK,5,4,1,1,1,0,elevation,0.643,True,OK,5,4,1,1,1,0,elevation,0.643,True,OK,5,4,1,1,1,0,elevation,0.643,True,OK,5,4,1,1,1,0,topology_pfaf,0.643,True,OK,5,4,1,1,1,0,topology_pfaf,0.643,True,OK,5,4,1,1,1,0,elevdef,0.643,True,OK,5,4,1,1,1,0,area50,0.358,True,OK,3,6,1,1,1,0,True,0,True,valid_T600,3,stable
2279809,9,1003.7,high,1,1,False,elevation,0.579,True,OK,5,4,1,1,1,0,elevation,0.579,True,OK,5,4,1,1,1,0,elevation,0.579,True,OK,5,4,1,1,1,0,elevation,0.579,True,OK,5,4,1,1,1,0,elevation,0.579,True,OK,5,4,1,1,1,0,elevation,0.579,True,OK,5,4,1,1,1,0,elevdef,0.579,True,OK,5,4,1,1,1,0,area50,0.579,True,OK,5,4,1,1,1,0,True,0,True,valid_T600,3,stable
2279910,9,236.8,low,1,1,False,topology_pfaf,0.661,True,OK,5,4,1,1,1,0,topology_pfaf,0.661,True,OK,5,4,1,1,1,0,topology_pfaf,0.661,True,OK,5,4,1,1,1,0,topology_pfaf,0.661,True,OK,5,4,1,1,1,0,topology_pfaf,0.661,True,OK,5,4,1,1,1,0,topology_pfaf,0.661,True,OK,5,4,1,1,1,0,elevdef,0.743,True,OK,7,2,1,1,1,0,area50,0.433,True,OK,1,8,1,1,1,0,True,0,True,valid_T600,3,stable
2279924,9,261.8,low,1,1,False,topology_pfaf,0.538,True,OK,5,4,1,1,1,0,topology_pfaf,0.538,True,OK,5,4,1,1,1,0,topology_pfaf,0.538,True,OK,5,4,1,1,1,0,topology_pfaf,0.538,True,OK,5,4,1,1,1,0,topology_pfaf,0.538,True,OK,5,4,1,1,1,0,topology_pfaf,0.538,True,OK,5,4,1,1,1,0,elevdef,0.538,True,OK,5,4,1,1,1,0,area50,0.538,True,OK,5,4,1,1,1,0,True,0,True,valid_T600,3,stable
2279930,9,149.5,low,1,1,False,topology_pfaf,0.832,True,OK,5,4,1,1,1,0,topology_pfaf,0.832,True,OK,5,4,1,1,1,0,topology_pfaf,0.832,True,OK,5,4,1,1,1,0,topology_pfaf,0.832,True,OK,5,4,1,1,1,0,topology_pfaf,0.832,True,OK,5,4,1,1,1,0,topology_pfaf,0.832,True,OK,5,4,1,1,1,0,elevdef,0.51,True,OK,1,8,1,1,1,0,area50,0.51,True,OK,1,8,1,1,1,0,True,0,True,valid_T600,3,stable
2279960,9,15.9,low,1,1,False,topology_pfaf,0.787,True,OK,5,4,1,1,1,0,topology_pfaf,0.787,True,OK,5,4,1,1,1,0,topology_pfaf,0.787,True,OK,5,4,1,1,1,0,topology_pfaf,0.787,True,OK,5,4,1,1,1,0,topology_pfaf,0.787,True,OK,5,4,1,1,1,0,topology_pfaf,0.787,True,OK,5,4,1,1,1,0,elevdef,0.787,True,OK,5,4,1,1,1,0,area50,0.522,True,OK,1,8,1,1,1,0,True,0,True,valid_T600,3,stable
2279980,9,1076.1,high,1,1,False,elevation,0.576,True,OK,5,4,1,1,1,0,elevation,0.576,True,OK,5,4,1,1,1,0,elevation,0.576,True,OK,5,4,1,1,1,0,elevation,0.576,True,OK,5,4,1,1,1,0,elevation,0.576,True,OK,5,4,1,1,1,0,elevation,0.576,True,OK,5,4,1,1,1,0,elevdef,0.576,True,OK,5,4,1,1,1,0,area50,0.576,True,OK,5,4,1,1,1,0,True,0,True,valid_T600,3,stable
2279999,9,208.9,low,1,1,False,topology_pfaf,0.393,True,OK,3,6,1,1,1,0,topology_pfaf,0.393,True,OK,3,6,1,1,1,0,topology_pfaf,0.393,True,OK,3,6,1,1,1,0,topology_pfaf,0.393,True,OK,3,6,1,1,1,0,topology_pfaf,0.393,True,OK,3,6,1,1,1,0,topology_pfaf,0.393,True,OK,3,6,1,1,1,0,elevdef,0.651,True,OK,5,4,1,1,1,0,area50,0.393,True,OK,3,6,1,1,1,0,True,0,True,valid_T600,3,stable
2321426,9,406.5,mixed,1,1,False,elevation,0.409,True,OK,5,4,1,1,1,0,elevation,0.409,True,OK,5,4,1,1,1,0,topology_pfaf,0.409,True,OK,5,4,1,1,1,0,topology_pfaf,0.409,True,OK,5,4,1,1,1,0,topology_pfaf,0.409,True,OK,5,4,1,1,1,0,topology_pfaf,0.409,True,OK,5,4,1,1,1,0,elevdef,0.409,True,OK,5,4,1,1,1,0,area50,0.409,True,OK,5,4,1,1,1,0,True,0,True,valid_T600,3,stable
2321449,9,1222.1,high,1,1,False,elevation,0.821,True,OK,7,2,1,1,1,0,elevation,0.821,True,OK,7,2,1,1,1,0,elevation,0.821,True,OK,7,2,1,1,1,0,elevation,0.821,True,OK,7,2,1,1,1,0,elevation,0.821,True,OK,7,2,1,1,1,0,elevation,0.821,True,OK,7,2,1,1,1,0,elevdef,0.821,True,OK,7,2,1,1,1,0,area50,0.452,True,OK,5,4,1,1,1,0,True,0,True,valid_T600,3,stable
2322809,9,561.2,mixed,1,1,False,elevation,0.601,True,OK,5,4,1,1,1,0,elevation,0.601,True,OK,5,4,1,1,1,0,elevation,0.601,True,OK,5,4,1,1,1,0,topology_pfaf,0.345,True,OK,3,6,1,1,1,0,topology_pfaf,0.345,True,OK,3,6,1,1,1,0,topology_pfaf,0.345,True,OK,3,6,1,1,1,0,elevdef,0.601,True,OK,5,4,1,1,1,0,area50,0.601,True,OK,5,4,1,1,1,0,True,2,False,valid_T600,2,label_change
2322907,9,367.5,mixed,1,1,False,elevation,0.72,True,OK,5,4,1,1,1,0,topology_pfaf,0.368,True,OK,3,6,1,1,1,0,topology_pfaf,0.368,True,OK,3,6,1,1,1,0,topology_pfaf,0.368,True,OK,3,6,1,1,1,0,topology_pfaf,0.368,True,OK,3,6,1,1,1,0,topology_pfaf,0.368,True,OK,3,6,1,1,1,0,elevdef,0.72,True,OK,5,4,1,1,1,0,area50,0.368,True,OK,3,6,1,1,1,0,True,2,False,valid_T600,2,label_change
2326201,9,131.7,low,1,1,False,topology_pfaf,0.467,True,OK,5,4,1,1,1,0,topology_pfaf,0.467,True,OK,5,4,1,1,1,0,topology_pfaf,0.467,True,OK,5,4,1,1,1,0,topology_pfaf,0.467,True,OK,5,4,1,1,1,0,topology_pfaf,0.467,True,OK,5,4,1,1,1,0,topology_pfaf,0.467,True,OK,5,4,1,1,1,0,elevdef,0.467,True,OK,5,4,1,1,1,0,area50,0.467,True,OK,5,4,1,1,1,0,True,0,True,valid_T600,3,stable
2326302,9,165.1,low,1,1,False,topology_pfaf,0.445,True,OK,3,6,1,1,1,0,topology_pfaf,0.445,True,OK,3,6,1,1,1,0,topology_pfaf,0.445,True,OK,3,6,1,1,1,0,topology_pfaf,0.445,True,OK,3,6,1,1,1,0,topology_pfaf,0.445,True,OK,3,6,1,1,1,0,topology_pfaf,0.445,True,OK,3,6,1,1,1,0,elevdef,0.711,True,OK,5,4,1,1,1,0,area50,0.445,True,OK,3,6,1,1,1,0,True,0,True,valid_T600,3,stable
2326406,9,109.5,low,1,1,False,topology_pfaf,0.383,True,OK,5,4,1,1,1,0,topology_pfaf,0.383,True,OK,5,4,1,1,1,0,topology_pfaf,0.383,True,OK,5,4,1,1,1,0,topology_pfaf,0.383,True,OK,5,4,1,1,1,0,topology_pfaf,0.383,True,OK,5,4,1,1,1,0,topology_pfaf,0.383,True,OK,5,4,1,1,1,0,elevdef,0.776,True,OK,7,2,1,1,1,0,area50,0.383,True,OK,5,4,1,1,1,0,True,0,True,valid_T600,3,stable
2326408,9,171.1,low,1,1,False,topology_pfaf,0.63,True,OK,5,4,1,1,1,0,topology_pfaf,0.63,True,OK,5,4,1,1,1,0,topology_pfaf,0.63,True,OK,5,4,1,1,1,0,topology_pfaf,0.63,True,OK,5,4,1,1,1,0,topology_pfaf,0.63,True,OK,5,4,1,1,1,0,topology_pfaf,0.63,True,OK,5,4,1,1,1,0,elevdef,0.63,True,OK,5,4,1,1,1,0,area50,0.63,True,OK,5,4,1,1,1,0,True,0,True,valid_T600,3,stable
2326409,9,135.1,low,1,1,False,topology_pfaf,0.748,True,OK,5,4,1,1,1,0,topology_pfaf,0.748,True,OK,5,4,1,1,1,0,topology_pfaf,0.748,True,OK,5,4,1,1,1,0,topology_pfaf,0.748,True,OK,5,4,1,1,1,0,topology_pfaf,0.748,True,OK,5,4,1,1,1,0,topology_pfaf,0.748,True,OK,5,4,1,1,1,0,elevdef,0.598,True,OK,3,6,1,1,1,0,area50,0.598,True,OK,3,6,1,1,1,0,True,0,True,valid_T600,3,stable
2326609,9,254.4,low,1,1,False,topology_pfaf,0.353,True,OK,3,6,1,1,1,0,topology_pfaf,0.353,True,OK,3,6,1,1,1,0,topology_pfaf,0.353,True,OK,3,6,1,1,1,0,topology_pfaf,0.353,True,OK,3,6,1,1,1,0,topology_pfaf,0.353,True,OK,3,6,1,1,1,0,topology_pfaf,0.353,True,OK,3,6,1,1,1,0,elevdef,0.353,True,OK,3,6,1,1,1,0,area50,0.353,True,OK,3,6,1,1,1,0,True,0,True,valid_T600,3,stable
2326701,9,203.4,low,1,1,False,topology_pfaf,0.125,True,OK,1,8,1,1,1,0,topology_pfaf,0.125,True,OK,1,8,1,1,1,0,topology_pfaf,0.125,True,OK,1,8,1,1,1,0,topology_pfaf,0.125,True,OK,1,8,1,1,1,0,topology_pfaf,0.125,True,OK,1,8,1,1,1,0,topology_pfaf,0.125,True,OK,1,8,1,1,1,0,elevdef,0.741,True,OK,7,2,1,1,1,0,area50,0.604,True,OK,5,4,1,1,1,0,True,0,True,valid_T600,3,stable
2326706,9,420.7,mixed,1,1,False,elevation,0.787,True,OK,7,2,1,1,1,0,elevation,0.787,True,OK,7,2,1,1,1,0,topology_pfaf,0.596,True,OK,5,4,1,1,1,0,topology_pfaf,0.596,True,OK,5,4,1,1,1,0,topology_pfaf,0.596,True,OK,5,4,1,1,1,0,topology_pfaf,0.596,True,OK,5,4,1,1,1,0,elevdef,0.787,True,OK,7,2,1,1,1,0,area50,0.48,True,OK,3,6,1,1,1,0,True,2,False,valid_T600,2,label_change
2326804,9,1201.0,high,1,1,False,elevation,0.511,True,OK,3,6,1,1,1,0,elevation,0.511,True,OK,3,6,1,1,1,0,elevation,0.511,True,OK,3,6,1,1,1,0,elevation,0.511,True,OK,3,6,1,1,1,0,elevation,0.511,True,OK,3,6,1,1,1,0,elevation,0.511,True,OK,3,6,1,1,1,0,elevdef,0.511,True,OK,3,6,1,1,1,0,area50,0.511,True,OK,3,6,1,1,1,0,True,0,True,valid_T600,3,stable
2326809,9,1402.2,high,1,1,False,elevation,0.419,True,OK,5,4,1,1,1,0,elevation,0.419,True,OK,5,4,1,1,1,0,elevation,0.419,True,OK,5,4,1,1,1,0,elevation,0.419,True,OK,5,4,1,1,1,0,elevation,0.419,True,OK,5,4,1,1,1,0,elevation,0.419,True,OK,5,4,1,1,1,0,elevdef,0.419,True,OK,5,4,1,1,1,0,area50,0.419,True,OK,5,4,1,1,1,0,True,0,True,valid_T600,3,stable
2326905,9,382.7,mixed,1,1,False,elevation,0.444,True,OK,5,4,1,1,1,0,topology_pfaf,0.444,True,OK,5,4,1,1,1,0,topology_pfaf,0.444,True,OK,5,4,1,1,1,0,topology_pfaf,0.444,True,OK,5,4,1,1,1,0,topology_pfaf,0.444,True,OK,5,4,1,1,1,0,topology_pfaf,0.444,True,OK,5,4,1,1,1,0,elevdef,0.444,True,OK,5,4,1,1,1,0,area50,0.444,True,OK,5,4,1,1,1,0,True,0,True,valid_T600,3,stable
2327066,9,196.9,low,1,1,False,topology_pfaf,0.488,False,visual_inverted,1,8,1,1,1,0,topology_pfaf,0.488,False,visual_inverted,1,8,1,1,1,0,topology_pfaf,0.488,False,visual_inverted,1,8,1,1,1,0,topology_pfaf,0.488,False,visual_inverted,1,8,1,1,1,0,topology_pfaf,0.488,False,visual_inverted,1,8,1,1,1,0,topology_pfaf,0.488,False,visual_inverted,1,8,1,1,1,0,elevdef,1.0,False,empty_downstream; down_components=0; up_to_down_edges=0; visual_inverted,9,0,1,0,0,0,area50,0.488,False,visual_inverted,1,8,1,1,1,0,False,0,True,invalid_other,0,T600_invalid
2327068,9,195.1,low,1,1,False,topology_pfaf,0.126,True,OK,3,6,1,1,1,0,topology_pfaf,0.126,True,OK,3,6,1,1,1,0,topology_pfaf,0.126,True,OK,3,6,1,1,1,0,topology_pfaf,0.126,True,OK,3,6,1,1,1,0,topology_pfaf,0.126,True,OK,3,6,1,1,1,0,topology_pfaf,0.126,True,OK,3,6,1,1,1,0,elevdef,0.481,True,OK,7,2,1,1,1,0,area50,0.481,True,OK,7,2,1,1,1,0,True,0,True,valid_T600,3,stable
2327069,9,196.0,low,1,1,False,topology_pfaf,0.42,True,OK,3,6,1,1,1,0,topology_pfaf,0.42,True,OK,3,6,1,1,1,0,topology_pfaf,0.42,True,OK,3,6,1,1,1,0,topology_pfaf,0.42,True,OK,3,6,1,1,1,0,topology_pfaf,0.42,True,OK,3,6,1,1,1,0,topology_pfaf,0.42,True,OK,3,6,1,1,1,0,elevdef,0.585,True,OK,5,4,1,1,1,0,area50,0.42,True,OK,3,6,1,1,1,0,True,0,True,valid_T600,3,stable
2328209,9,135.5,low,1,1,False,topology_pfaf,0.681,True,OK,5,4,1,1,1,0,topology_pfaf,0.681,True,OK,5,4,1,1,1,0,topology_pfaf,0.681,True,OK,5,4,1,1,1,0,topology_pfaf,0.681,True,OK,5,4,1,1,1,0,topology_pfaf,0.681,True,OK,5,4,1,1,1,0,topology_pfaf,0.681,True,OK,5,4,1,1,1,0,elevdef,0.517,True,OK,3,6,1,1,1,0,area50,0.517,True,OK,3,6,1,1,1,0,True,0,True,valid_T600,3,stable
2328404,9,357.2,mixed,1,1,False,elevation,0.604,True,OK,5,4,1,1,1,0,topology_pfaf,0.286,True,OK,3,6,1,1,1,0,topology_pfaf,0.286,True,OK,3,6,1,1,1,0,topology_pfaf,0.286,True,OK,3,6,1,1,1,0,topology_pfaf,0.286,True,OK,3,6,1,1,1,0,topology_pfaf,0.286,True,OK,3,6,1,1,1,0,elevdef,0.604,True,OK,5,4,1,1,1,0,area50,0.604,True,OK,5,4,1,1,1,0,True,2,False,valid_T600,2,label_change
2328406,9,144.9,low,1,1,False,topology_pfaf,0.543,True,OK,5,4,1,1,1,0,topology_pfaf,0.543,True,OK,5,4,1,1,1,0,topology_pfaf,0.543,True,OK,5,4,1,1,1,0,topology_pfaf,0.543,True,OK,5,4,1,1,1,0,topology_pfaf,0.543,True,OK,5,4,1,1,1,0,topology_pfaf,0.543,True,OK,5,4,1,1,1,0,elevdef,0.543,True,OK,5,4,1,1,1,0,area50,0.468,True,OK,3,6,1,1,1,0,True,0,True,valid_T600,3,stable
2328409,9,279.2,low,1,1,False,topology_pfaf,0.735,True,OK,5,4,1,1,1,0,topology_pfaf,0.735,True,OK,5,4,1,1,1,0,topology_pfaf,0.735,True,OK,5,4,1,1,1,0,topology_pfaf,0.735,True,OK,5,4,1,1,1,0,topology_pfaf,0.735,True,OK,5,4,1,1,1,0,topology_pfaf,0.735,True,OK,5,4,1,1,1,0,elevdef,0.735,True,OK,5,4,1,1,1,0,area50,0.534,True,OK,3,6,1,1,1,0,True,0,True,valid_T600,3,stable
2328502,9,401.8,mixed,1,1,False,elevation,0.416,True,OK,1,8,1,1,1,0,elevation,0.416,True,OK,1,8,1,1,1,0,topology_pfaf,0.416,True,OK,1,8,1,1,1,0,topology_pfaf,0.416,True,OK,1,8,1,1,1,0,topology_pfaf,0.416,True,OK,1,8,1,1,1,0,topology_pfaf,0.416,True,OK,1,8,1,1,1,0,elevdef,0.416,True,OK,1,8,1,1,1,0,area50,0.416,True,OK,1,8,1,1,1,0,True,0,True,valid_T600,3,stable
2328505,9,286.8,low,1,1,False,topology_pfaf,0.415,True,OK,5,4,1,1,1,0,topology_pfaf,0.415,True,OK,5,4,1,1,1,0,topology_pfaf,0.415,True,OK,5,4,1,1,1,0,topology_pfaf,0.415,True,OK,5,4,1,1,1,0,topology_pfaf,0.415,True,OK,5,4,1,1,1,0,topology_pfaf,0.415,True,OK,5,4,1,1,1,0,elevdef,0.847,True,OK,7,2,1,1,1,0,area50,0.415,True,OK,5,4,1,1,1,0,True,0,True,valid_T600,3,stable
2328508,9,325.4,mixed,1,1,False,elevation,0.435,True,OK,3,6,1,1,1,0,topology_pfaf,0.642,True,OK,5,4,1,1,1,0,topology_pfaf,0.642,True,OK,5,4,1,1,1,0,topology_pfaf,0.642,True,OK,5,4,1,1,1,0,topology_pfaf,0.642,True,OK,5,4,1,1,1,0,topology_pfaf,0.642,True,OK,5,4,1,1,1,0,elevdef,0.435,True,OK,3,6,1,1,1,0,area50,0.435,True,OK,3,6,1,1,1,0,True,2,False,valid_T600,2,label_change
2328800,9,147.5,low,1,1,False,topology_pfaf,0.627,True,OK,5,4,1,1,1,0,topology_pfaf,0.627,True,OK,5,4,1,1,1,0,topology_pfaf,0.627,True,OK,5,4,1,1,1,0,topology_pfaf,0.627,True,OK,5,4,1,1,1,0,topology_pfaf,0.627,True,OK,5,4,1,1,1,0,topology_pfaf,0.627,True,OK,5,4,1,1,1,0,elevdef,0.627,True,OK,5,4,1,1,1,0,area50,0.46,True,OK,3,6,1,1,1,0,True,0,True,valid_T600,3,stable
2328902,9,144.1,low,1,1,False,topology_pfaf,0.66,True,OK,5,4,1,1,1,0,topology_pfaf,0.66,True,OK,5,4,1,1,1,0,topology_pfaf,0.66,True,OK,5,4,1,1,1,0,topology_pfaf,0.66,True,OK,5,4,1,1,1,0,topology_pfaf,0.66,True,OK,5,4,1,1,1,0,topology_pfaf,0.66,True,OK,5,4,1,1,1,0,elevdef,0.66,True,OK,5,4,1,1,1,0,area50,0.347,True,OK,3,6,1,1,1,0,True,0,True,valid_T600,3,stable
2328904,9,232.6,low,1,1,False,topology_pfaf,0.514,True,OK,5,4,1,1,1,0,topology_pfaf,0.514,True,OK,5,4,1,1,1,0,topology_pfaf,0.514,True,OK,5,4,1,1,1,0,topology_pfaf,0.514,True,OK,5,4,1,1,1,0,topology_pfaf,0.514,True,OK,5,4,1,1,1,0,topology_pfaf,0.514,True,OK,5,4,1,1,1,0,elevdef,0.778,True,OK,7,2,1,1,1,0,area50,0.514,True,OK,5,4,1,1,1,0,True,0,True,valid_T600,3,stable
2328906,9,121.1,low,1,1,False,topology_pfaf,0.207,True,OK,3,6,1,1,1,0,topology_pfaf,0.207,True,OK,3,6,1,1,1,0,topology_pfaf,0.207,True,OK,3,6,1,1,1,0,topology_pfaf,0.207,True,OK,3,6,1,1,1,0,topology_pfaf,0.207,True,OK,3,6,1,1,1,0,topology_pfaf,0.207,True,OK,3,6,1,1,1,0,elevdef,0.427,True,OK,5,4,1,1,1,0,area50,0.427,True,OK,5,4,1,1,1,0,True,0,True,valid_T600,3,stable
2330240,9,293.3,low,1,1,False,topology_pfaf,0.649,True,OK,5,4,1,1,1,0,topology_pfaf,0.649,True,OK,5,4,1,1,1,0,topology_pfaf,0.649,True,OK,5,4,1,1,1,0,topology_pfaf,0.649,True,OK,5,4,1,1,1,0,topology_pfaf,0.649,True,OK,5,4,1,1,1,0,topology_pfaf,0.649,True,OK,5,4,1,1,1,0,elevdef,0.485,True,OK,3,6,1,1,1,0,area50,0.485,True,OK,3,6,1,1,1,0,True,0,True,valid_T600,3,stable
2410003,9,17.0,low,9,9,False,topology_pfaf,0.539,False,outlets=9; parent_components=9; down_components=8; up_to_down_edges=0,1,8,1,8,0,0,topology_pfaf,0.539,False,outlets=9; parent_components=9; down_components=8; up_to_down_edges=0,1,8,1,8,0,0,topology_pfaf,0.539,False,outlets=9; parent_components=9; down_components=8; up_to_down_edges=0,1,8,1,8,0,0,topology_pfaf,0.539,False,outlets=9; parent_components=9; down_components=8; up_to_down_edges=0,1,8,1,8,0,0,topology_pfaf,0.539,False,outlets=9; parent_components=9; down_components=8; up_to_down_edges=0,1,8,1,8,0,0,topology_pfaf,0.539,False,outlets=9; parent_components=9; down_components=8; up_to_down_edges=0,1,8,1,8,0,0,elevdef,0.539,False,outlets=9; parent_components=9; down_components=8; up_to_down_edges=0,1,8,1,8,0,0,area50,0.539,False,outlets=9; parent_components=9; down_components=8; up_to_down_edges=0,1,8,1,8,0,0,False,0,True,invalid_multi_outlet,0,T600_invalid
2410039,8,27.2,low,8,8,False,topology_pfaf,0.169,False,outlets=8; parent_components=8; down_components=7; up_to_down_edges=0,1,7,1,7,0,0,topology_pfaf,0.169,False,outlets=8; parent_components=8; down_components=7; up_to_down_edges=0,1,7,1,7,0,0,topology_pfaf,0.169,False,outlets=8; parent_components=8; down_components=7; up_to_down_edges=0,1,7,1,7,0,0,topology_pfaf,0.169,False,outlets=8; parent_components=8; down_components=7; up_to_down_edges=0,1,7,1,7,0,0,topology_pfaf,0.169,False,outlets=8; parent_components=8; down_components=7; up_to_down_edges=0,1,7,1,7,0,0,topology_pfaf,0.169,False,outlets=8; parent_components=8; down_components=7; up_to_down_edges=0,1,7,1,7,0,0,elevdef,0.169,False,outlets=8; parent_components=8; down_components=7; up_to_down_edges=0,1,7,1,7,0,0,area50,0.169,False,outlets=8; parent_components=8; down_components=7; up_to_down_edges=0,1,7,1,7,0,0,False,0,True,invalid_multi_outlet,0,T600_invalid
2422220,9,343.0,mixed,1,1,False,elevation,0.493,True,OK,5,4,1,1,1,0,topology_pfaf,0.209,True,OK,3,6,1,1,1,0,topology_pfaf,0.209,True,OK,3,6,1,1,1,0,topology_pfaf,0.209,True,OK,3,6,1,1,1,0,topology_pfaf,0.209,True,OK,3,6,1,1,1,0,topology_pfaf,0.209,True,OK,3,6,1,1,1,0,elevdef,0.493,True,OK,5,4,1,1,1,0,area50,0.493,True,OK,5,4,1,1,1,0,True,2,False,valid_T600,2,label_change
2422240,9,347.5,mixed,1,1,False,elevation,0.541,True,OK,5,4,1,1,1,0,topology_pfaf,0.541,True,OK,5,4,1,1,1,0,topology_pfaf,0.541,True,OK,5,4,1,1,1,0,topology_pfaf,0.541,True,OK,5,4,1,1,1,0,topology_pfaf,0.541,True,OK,5,4,1,1,1,0,topology_pfaf,0.541,True,OK,5,4,1,1,1,0,elevdef,0.541,True,OK,5,4,1,1,1,0,area50,0.541,True,OK,5,4,1,1,1,0,True,0,True,valid_T600,3,stable
2422404,9,45.4,low,1,1,False,topology_pfaf,0.517,True,OK,5,4,1,1,1,0,topology_pfaf,0.517,True,OK,5,4,1,1,1,0,topology_pfaf,0.517,True,OK,5,4,1,1,1,0,topology_pfaf,0.517,True,OK,5,4,1,1,1,0,topology_pfaf,0.517,True,OK,5,4,1,1,1,0,topology_pfaf,0.517,True,OK,5,4,1,1,1,0,elevdef,0.659,True,OK,7,2,1,1,1,0,area50,0.517,True,OK,5,4,1,1,1,0,True,0,True,valid_T600,3,stable
2422704,9,22.7,low,1,1,False,topology_pfaf,0.555,True,OK,5,4,1,1,1,0,topology_pfaf,0.555,True,OK,5,4,1,1,1,0,topology_pfaf,0.555,True,OK,5,4,1,1,1,0,topology_pfaf,0.555,True,OK,5,4,1,1,1,0,topology_pfaf,0.555,True,OK,5,4,1,1,1,0,topology_pfaf,0.555,True,OK,5,4,1,1,1,0,elevdef,0.555,True,OK,5,4,1,1,1,0,area50,0.555,True,OK,5,4,1,1,1,0,True,0,True,valid_T600,3,stable
2422800,9,78.8,low,1,1,False,topology_pfaf,0.48,True,OK,5,4,1,1,1,0,topology_pfaf,0.48,True,OK,5,4,1,1,1,0,topology_pfaf,0.48,True,OK,5,4,1,1,1,0,topology_pfaf,0.48,True,OK,5,4,1,1,1,0,topology_pfaf,0.48,True,OK,5,4,1,1,1,0,topology_pfaf,0.48,True,OK,5,4,1,1,1,0,elevdef,0.593,True,OK,7,2,1,1,1,0,area50,0.48,True,OK,5,4,1,1,1,0,True,0,True,valid_T600,3,stable
2424429,9,108.2,low,1,1,False,topology_pfaf,0.296,True,OK,3,6,1,1,1,0,topology_pfaf,0.296,True,OK,3,6,1,1,1,0,topology_pfaf,0.296,True,OK,3,6,1,1,1,0,topology_pfaf,0.296,True,OK,3,6,1,1,1,0,topology_pfaf,0.296,True,OK,3,6,1,1,1,0,topology_pfaf,0.296,True,OK,3,6,1,1,1,0,elevdef,0.55,True,OK,7,2,1,1,1,0,area50,0.489,True,OK,5,4,1,1,1,0,True,0,True,valid_T600,3,stable
2424445,9,57.8,low,1,1,False,topology_pfaf,0.705,True,OK,5,4,1,1,1,0,topology_pfaf,0.705,True,OK,5,4,1,1,1,0,topology_pfaf,0.705,True,OK,5,4,1,1,1,0,topology_pfaf,0.705,True,OK,5,4,1,1,1,0,topology_pfaf,0.705,True,OK,5,4,1,1,1,0,topology_pfaf,0.705,True,OK,5,4,1,1,1,0,elevdef,0.705,True,OK,5,4,1,1,1,0,area50,0.548,True,OK,3,6,1,1,1,0,True,0,True,valid_T600,3,stable
2424466,9,279.5,low,1,1,False,topology_pfaf,0.435,True,OK,5,4,1,1,1,0,topology_pfaf,0.435,True,OK,5,4,1,1,1,0,topology_pfaf,0.435,True,OK,5,4,1,1,1,0,topology_pfaf,0.435,True,OK,5,4,1,1,1,0,topology_pfaf,0.435,True,OK,5,4,1,1,1,0,topology_pfaf,0.435,True,OK,5,4,1,1,1,0,elevdef,0.707,True,OK,7,2,1,1,1,0,area50,0.435,True,OK,5,4,1,1,1,0,True,0,True,valid_T600,3,stable
2424806,9,20.6,low,1,1,False,topology_pfaf,0.582,True,OK,5,4,1,1,1,0,topology_pfaf,0.582,True,OK,5,4,1,1,1,0,topology_pfaf,0.582,True,OK,5,4,1,1,1,0,topology_pfaf,0.582,True,OK,5,4,1,1,1,0,topology_pfaf,0.582,True,OK,5,4,1,1,1,0,topology_pfaf,0.582,True,OK,5,4,1,1,1,0,elevdef,0.582,True,OK,5,4,1,1,1,0,area50,0.434,True,OK,3,6,1,1,1,0,True,0,True,valid_T600,3,stable
2424809,9,32.9,low,1,1,False,topology_pfaf,0.358,True,OK,3,6,1,1,1,0,topology_pfaf,0.358,True,OK,3,6,1,1,1,0,topology_pfaf,0.358,True,OK,3,6,1,1,1,0,topology_pfaf,0.358,True,OK,3,6,1,1,1,0,topology_pfaf,0.358,True,OK,3,6,1,1,1,0,topology_pfaf,0.358,True,OK,3,6,1,1,1,0,elevdef,0.594,True,OK,5,4,1,1,1,0,area50,0.594,True,OK,5,4,1,1,1,0,True,0,True,valid_T600,3,stable
2424930,9,44.6,low,1,1,False,topology_pfaf,0.239,True,OK,3,6,1,1,1,0,topology_pfaf,0.239,True,OK,3,6,1,1,1,0,topology_pfaf,0.239,True,OK,3,6,1,1,1,0,topology_pfaf,0.239,True,OK,3,6,1,1,1,0,topology_pfaf,0.239,True,OK,3,6,1,1,1,0,topology_pfaf,0.239,True,OK,3,6,1,1,1,0,elevdef,0.379,True,OK,5,4,1,1,1,0,area50,0.379,True,OK,5,4,1,1,1,0,True,0,True,valid_T600,3,stable
2425006,9,94.3,low,1,1,False,topology_pfaf,0.44,True,OK,5,4,1,1,1,0,topology_pfaf,0.44,True,OK,5,4,1,1,1,0,topology_pfaf,0.44,True,OK,5,4,1,1,1,0,topology_pfaf,0.44,True,OK,5,4,1,1,1,0,topology_pfaf,0.44,True,OK,5,4,1,1,1,0,topology_pfaf,0.44,True,OK,5,4,1,1,1,0,elevdef,1.0,False,empty_downstream; down_components=0; up_to_down_edges=0,9,0,1,0,0,0,area50,0.497,True,OK,7,2,1,1,1,0,True,0,True,valid_T600,3,stable
2426020,9,89.6,low,1,1,False,topology_pfaf,0.184,True,OK,3,6,1,1,1,0,topology_pfaf,0.184,True,OK,3,6,1,1,1,0,topology_pfaf,0.184,True,OK,3,6,1,1,1,0,topology_pfaf,0.184,True,OK,3,6,1,1,1,0,topology_pfaf,0.184,True,OK,3,6,1,1,1,0,topology_pfaf,0.184,True,OK,3,6,1,1,1,0,elevdef,0.516,True,OK,5,4,1,1,1,0,area50,0.516,True,OK,5,4,1,1,1,0,True,0,True,valid_T600,3,stable
2426040,9,34.4,low,1,1,False,topology_pfaf,0.52,True,OK,5,4,1,1,1,0,topology_pfaf,0.52,True,OK,5,4,1,1,1,0,topology_pfaf,0.52,True,OK,5,4,1,1,1,0,topology_pfaf,0.52,True,OK,5,4,1,1,1,0,topology_pfaf,0.52,True,OK,5,4,1,1,1,0,topology_pfaf,0.52,True,OK,5,4,1,1,1,0,elevdef,0.52,True,OK,5,4,1,1,1,0,area50,0.52,True,OK,5,4,1,1,1,0,True,0,True,valid_T600,3,stable
2426062,9,55.0,low,1,1,False,topology_pfaf,0.366,True,OK,3,6,1,1,1,0,topology_pfaf,0.366,True,OK,3,6,1,1,1,0,topology_pfaf,0.366,True,OK,3,6,1,1,1,0,topology_pfaf,0.366,True,OK,3,6,1,1,1,0,topology_pfaf,0.366,True,OK,3,6,1,1,1,0,topology_pfaf,0.366,True,OK,3,6,1,1,1,0,elevdef,0.549,True,OK,5,4,1,1,1,0,area50,0.549,True,OK,5,4,1,1,1,0,True,0,True,valid_T600,3,stable
2426072,9,35.3,low,1,1,False,topology_pfaf,0.197,True,OK,3,6,1,1,1,0,topology_pfaf,0.197,True,OK,3,6,1,1,1,0,topology_pfaf,0.197,True,OK,3,6,1,1,1,0,topology_pfaf,0.197,True,OK,3,6,1,1,1,0,topology_pfaf,0.197,True,OK,3,6,1,1,1,0,topology_pfaf,0.197,True,OK,3,6,1,1,1,0,elevdef,0.509,True,OK,5,4,1,1,1,0,area50,0.509,True,OK,5,4,1,1,1,0,True,0,True,valid_T600,3,stable
2426096,9,72.2,low,1,1,False,topology_pfaf,0.79,True,OK,5,4,1,1,1,0,topology_pfaf,0.79,True,OK,5,4,1,1,1,0,topology_pfaf,0.79,True,OK,5,4,1,1,1,0,topology_pfaf,0.79,True,OK,5,4,1,1,1,0,topology_pfaf,0.79,True,OK,5,4,1,1,1,0,topology_pfaf,0.79,True,OK,5,4,1,1,1,0,elevdef,0.79,True,OK,5,4,1,1,1,0,area50,0.45,True,OK,3,6,1,1,1,0,True,0,True,valid_T600,3,stable
2427020,9,99.7,low,1,1,False,topology_pfaf,0.273,True,OK,3,6,1,1,1,0,topology_pfaf,0.273,True,OK,3,6,1,1,1,0,topology_pfaf,0.273,True,OK,3,6,1,1,1,0,topology_pfaf,0.273,True,OK,3,6,1,1,1,0,topology_pfaf,0.273,True,OK,3,6,1,1,1,0,topology_pfaf,0.273,True,OK,3,6,1,1,1,0,elevdef,0.654,True,OK,5,4,1,1,1,0,area50,0.654,True,OK,5,4,1,1,1,0,True,0,True,valid_T600,3,stable
2428040,9,39.0,low,1,1,False,topology_pfaf,0.344,True,OK,3,6,1,1,1,0,topology_pfaf,0.344,True,OK,3,6,1,1,1,0,topology_pfaf,0.344,True,OK,3,6,1,1,1,0,topology_pfaf,0.344,True,OK,3,6,1,1,1,0,topology_pfaf,0.344,True,OK,3,6,1,1,1,0,topology_pfaf,0.344,True,OK,3,6,1,1,1,0,elevdef,0.52,True,OK,5,4,1,1,1,0,area50,0.52,True,OK,5,4,1,1,1,0,True,0,True,valid_T600,3,stable
2428079,7,24.1,low,1,1,False,topology_pfaf,0.68,True,OK,1,6,1,1,1,0,topology_pfaf,0.68,True,OK,1,6,1,1,1,0,topology_pfaf,0.68,True,OK,1,6,1,1,1,0,topology_pfaf,0.68,True,OK,1,6,1,1,1,0,topology_pfaf,0.68,True,OK,1,6,1,1,1,0,topology_pfaf,0.68,True,OK,1,6,1,1,1,0,elevdef,0.68,True,OK,1,6,1,1,1,0,area50,0.68,True,OK,1,6,1,1,1,0,True,0,True,valid_T600,3,stable
2428090,9,59.7,low,1,1,False,topology_pfaf,0.518,True,OK,5,4,1,1,1,0,topology_pfaf,0.518,True,OK,5,4,1,1,1,0,topology_pfaf,0.518,True,OK,5,4,1,1,1,0,topology_pfaf,0.518,True,OK,5,4,1,1,1,0,topology_pfaf,0.518,True,OK,5,4,1,1,1,0,topology_pfaf,0.518,True,OK,5,4,1,1,1,0,elevdef,0.766,True,OK,7,2,1,1,1,0,area50,0.518,True,OK,5,4,1,1,1,0,True,0,True,valid_T600,3,stable
2429000,2,0.9,low,2,2,False,topology_dist,0.736,False,outlets=2; parent_components=2; up_to_down_edges=0,1,1,1,1,0,0,topology_dist,0.736,False,outlets=2; parent_components=2; up_to_down_edges=0,1,1,1,1,0,0,topology_dist,0.736,False,outlets=2; parent_components=2; up_to_down_edges=0,1,1,1,1,0,0,topology_dist,0.736,False,outlets=2; parent_components=2; up_to_down_edges=0,1,1,1,1,0,0,topology_dist,0.736,False,outlets=2; parent_components=2; up_to_down_edges=0,1,1,1,1,0,0,topology_dist,0.736,False,outlets=2; parent_components=2; up_to_down_edges=0,1,1,1,1,0,0,elevdef,0.736,False,outlets=2; parent_components=2; up_to_down_edges=0,1,1,1,1,0,0,area50,0.736,False,outlets=2; parent_components=2; up_to_down_edges=0,1,1,1,1,0,0,False,0,True,invalid_multi_outlet,0,T600_invalid
2429400,9,47.0,low,1,1,False,topology_pfaf,0.801,True,OK,5,4,1,1,1,0,topology_pfaf,0.801,True,OK,5,4,1,1,1,0,topology_pfaf,0.801,True,OK,5,4,1,1,1,0,topology_pfaf,0.801,True,OK,5,4,1,1,1,0,topology_pfaf,0.801,True,OK,5,4,1,1,1,0,topology_pfaf,0.801,True,OK,5,4,1,1,1,0,elevdef,0.801,True,OK,5,4,1,1,1,0,area50,0.395,True,OK,1,8,1,1,1,0,True,0,True,valid_T600,3,stable
2429502,9,36.4,low,1,1,False,topology_pfaf,0.549,True,OK,5,4,1,1,1,0,topology_pfaf,0.549,True,OK,5,4,1,1,1,0,topology_pfaf,0.549,True,OK,5,4,1,1,1,0,topology_pfaf,0.549,True,OK,5,4,1,1,1,0,topology_pfaf,0.549,True,OK,5,4,1,1,1,0,topology_pfaf,0.549,True,OK,5,4,1,1,1,0,elevdef,0.817,True,OK,7,2,1,1,1,0,area50,0.484,True,OK,3,6,1,1,1,0,True,0,True,valid_T600,3,stable
2429507,9,64.5,low,9,9,False,topology_pfaf,0.172,False,outlets=9; parent_components=9; down_components=8; up_to_down_edges=0,1,8,1,8,0,0,topology_pfaf,0.172,False,outlets=9; parent_components=9; down_components=8; up_to_down_edges=0,1,8,1,8,0,0,topology_pfaf,0.172,False,outlets=9; parent_components=9; down_components=8; up_to_down_edges=0,1,8,1,8,0,0,topology_pfaf,0.172,False,outlets=9; parent_components=9; down_components=8; up_to_down_edges=0,1,8,1,8,0,0,topology_pfaf,0.172,False,outlets=9; parent_components=9; down_components=8; up_to_down_edges=0,1,8,1,8,0,0,topology_pfaf,0.172,False,outlets=9; parent_components=9; down_components=8; up_to_down_edges=0,1,8,1,8,0,0,elevdef,0.172,False,outlets=9; parent_components=9; down_components=8; up_to_down_edges=0,1,8,1,8,0,0,area50,0.172,False,outlets=9; parent_components=9; down_components=8; up_to_down_edges=0,1,8,1,8,0,0,False,0,True,invalid_multi_outlet,0,T600_invalid
2429620,9,49.6,low,1,1,False,topology_pfaf,0.524,True,OK,5,4,1,1,1,0,topology_pfaf,0.524,True,OK,5,4,1,1,1,0,topology_pfaf,0.524,True,OK,5,4,1,1,1,0,topology_pfaf,0.524,True,OK,5,4,1,1,1,0,topology_pfaf,0.524,True,OK,5,4,1,1,1,0,topology_pfaf,0.524,True,OK,5,4,1,1,1,0,elevdef,0.524,True,OK,5,4,1,1,1,0,area50,0.524,True,OK,5,4,1,1,1,0,True,0,True,valid_T600,3,stable
2429630,9,24.2,low,1,1,False,topology_pfaf,0.477,True,OK,5,4,1,1,1,0,topology_pfaf,0.477,True,OK,5,4,1,1,1,0,topology_pfaf,0.477,True,OK,5,4,1,1,1,0,topology_pfaf,0.477,True,OK,5,4,1,1,1,0,topology_pfaf,0.477,True,OK,5,4,1,1,1,0,topology_pfaf,0.477,True,OK,5,4,1,1,1,0,elevdef,0.477,True,OK,5,4,1,1,1,0,area50,0.477,True,OK,5,4,1,1,1,0,True,0,True,valid_T600,3,stable
2429649,9,30.6,low,1,1,False,topology_pfaf,0.623,True,OK,5,4,1,1,1,0,topology_pfaf,0.623,True,OK,5,4,1,1,1,0,topology_pfaf,0.623,True,OK,5,4,1,1,1,0,topology_pfaf,0.623,True,OK,5,4,1,1,1,0,topology_pfaf,0.623,True,OK,5,4,1,1,1,0,topology_pfaf,0.623,True,OK,5,4,1,1,1,0,elevdef,0.623,True,OK,5,4,1,1,1,0,area50,0.436,True,OK,3,6,1,1,1,0,True,0,True,valid_T600,3,stable
2429650,9,74.1,low,1,1,False,topology_pfaf,0.333,True,OK,3,6,1,1,1,0,topology_pfaf,0.333,True,OK,3,6,1,1,1,0,topology_pfaf,0.333,True,OK,3,6,1,1,1,0,topology_pfaf,0.333,True,OK,3,6,1,1,1,0,topology_pfaf,0.333,True,OK,3,6,1,1,1,0,topology_pfaf,0.333,True,OK,3,6,1,1,1,0,elevdef,0.534,True,OK,5,4,1,1,1,0,area50,0.534,True,OK,5,4,1,1,1,0,True,0,True,valid_T600,3,stable
2429676,9,85.1,low,1,1,False,topology_pfaf,0.322,True,OK,5,4,1,1,1,0,topology_pfaf,0.322,True,OK,5,4,1,1,1,0,topology_pfaf,0.322,True,OK,5,4,1,1,1,0,topology_pfaf,0.322,True,OK,5,4,1,1,1,0,topology_pfaf,0.322,True,OK,5,4,1,1,1,0,topology_pfaf,0.322,True,OK,5,4,1,1,1,0,elevdef,1.0,False,empty_downstream; down_components=0; up_to_down_edges=0,9,0,1,0,0,0,area50,0.506,True,OK,7,2,1,1,1,0,True,0,True,valid_T600,3,stable
2429690,9,94.8,low,1,1,False,topology_pfaf,0.3,True,OK,3,6,1,1,1,0,topology_pfaf,0.3,True,OK,3,6,1,1,1,0,topology_pfaf,0.3,True,OK,3,6,1,1,1,0,topology_pfaf,0.3,True,OK,3,6,1,1,1,0,topology_pfaf,0.3,True,OK,3,6,1,1,1,0,topology_pfaf,0.3,True,OK,3,6,1,1,1,0,elevdef,0.722,True,OK,7,2,1,1,1,0,area50,0.641,True,OK,5,4,1,1,1,0,True,0,True,valid_T600,3,stable
2429809,9,47.0,low,1,1,False,topology_pfaf,0.584,True,OK,5,4,1,1,1,0,topology_pfaf,0.584,True,OK,5,4,1,1,1,0,topology_pfaf,0.584,True,OK,5,4,1,1,1,0,topology_pfaf,0.584,True,OK,5,4,1,1,1,0,topology_pfaf,0.584,True,OK,5,4,1,1,1,0,topology_pfaf,0.584,True,OK,5,4,1,1,1,0,elevdef,0.584,True,OK,5,4,1,1,1,0,area50,0.584,True,OK,5,4,1,1,1,0,True,0,True,valid_T600,3,stable
2432220,9,156.4,low,1,1,False,topology_pfaf,0.214,True,OK,3,6,1,1,1,0,topology_pfaf,0.214,True,OK,3,6,1,1,1,0,topology_pfaf,0.214,True,OK,3,6,1,1,1,0,topology_pfaf,0.214,True,OK,3,6,1,1,1,0,topology_pfaf,0.214,True,OK,3,6,1,1,1,0,topology_pfaf,0.214,True,OK,3,6,1,1,1,0,elevdef,0.778,True,OK,7,2,1,1,1,0,area50,0.453,True,OK,5,4,1,1,1,0,True,0,True,valid_T600,3,stable
2432260,9,19.1,low,1,1,False,topology_pfaf,0.586,True,OK,5,4,1,1,1,0,topology_pfaf,0.586,True,OK,5,4,1,1,1,0,topology_pfaf,0.586,True,OK,5,4,1,1,1,0,topology_pfaf,0.586,True,OK,5,4,1,1,1,0,topology_pfaf,0.586,True,OK,5,4,1,1,1,0,topology_pfaf,0.586,True,OK,5,4,1,1,1,0,elevdef,0.586,True,OK,5,4,1,1,1,0,area50,0.586,True,OK,5,4,1,1,1,0,True,0,True,valid_T600,3,stable
2432270,9,14.5,low,1,1,False,topology_pfaf,0.518,True,OK,5,4,1,1,1,0,topology_pfaf,0.518,True,OK,5,4,1,1,1,0,topology_pfaf,0.518,True,OK,5,4,1,1,1,0,topology_pfaf,0.518,True,OK,5,4,1,1,1,0,topology_pfaf,0.518,True,OK,5,4,1,1,1,0,topology_pfaf,0.518,True,OK,5,4,1,1,1,0,elevdef,0.518,True,OK,5,4,1,1,1,0,area50,0.518,True,OK,5,4,1,1,1,0,True,0,True,valid_T600,3,stable
2432286,9,61.1,low,1,1,False,topology_pfaf,0.517,True,OK,5,4,1,1,1,0,topology_pfaf,0.517,True,OK,5,4,1,1,1,0,topology_pfaf,0.517,True,OK,5,4,1,1,1,0,topology_pfaf,0.517,True,OK,5,4,1,1,1,0,topology_pfaf,0.517,True,OK,5,4,1,1,1,0,topology_pfaf,0.517,True,OK,5,4,1,1,1,0,elevdef,1.0,False,empty_downstream; down_components=0; up_to_down_edges=0,9,0,1,0,0,0,area50,0.517,True,OK,5,4,1,1,1,0,True,0,True,valid_T600,3,stable
2432288,9,30.2,low,1,1,False,topology_pfaf,0.301,True,OK,5,4,1,1,1,0,topology_pfaf,0.301,True,OK,5,4,1,1,1,0,topology_pfaf,0.301,True,OK,5,4,1,1,1,0,topology_pfaf,0.301,True,OK,5,4,1,1,1,0,topology_pfaf,0.301,True,OK,5,4,1,1,1,0,topology_pfaf,0.301,True,OK,5,4,1,1,1,0,elevdef,0.594,True,OK,7,2,1,1,1,0,area50,0.594,True,OK,7,2,1,1,1,0,True,0,True,valid_T600,3,stable
2432296,9,45.0,low,1,1,False,topology_pfaf,0.296,True,OK,5,4,1,1,1,0,topology_pfaf,0.296,True,OK,5,4,1,1,1,0,topology_pfaf,0.296,True,OK,5,4,1,1,1,0,topology_pfaf,0.296,True,OK,5,4,1,1,1,0,topology_pfaf,0.296,True,OK,5,4,1,1,1,0,topology_pfaf,0.296,True,OK,5,4,1,1,1,0,elevdef,0.618,True,OK,7,2,1,1,1,0,area50,0.618,True,OK,7,2,1,1,1,0,True,0,True,valid_T600,3,stable
2432299,9,69.6,low,1,1,False,topology_pfaf,0.638,True,OK,5,4,1,1,1,0,topology_pfaf,0.638,True,OK,5,4,1,1,1,0,topology_pfaf,0.638,True,OK,5,4,1,1,1,0,topology_pfaf,0.638,True,OK,5,4,1,1,1,0,topology_pfaf,0.638,True,OK,5,4,1,1,1,0,topology_pfaf,0.638,True,OK,5,4,1,1,1,0,elevdef,0.638,True,OK,5,4,1,1,1,0,area50,0.477,True,OK,3,6,1,1,1,0,True,0,True,valid_T600,3,stable
2432300,9,68.5,low,1,1,False,topology_pfaf,0.436,True,OK,5,4,1,1,1,0,topology_pfaf,0.436,True,OK,5,4,1,1,1,0,topology_pfaf,0.436,True,OK,5,4,1,1,1,0,topology_pfaf,0.436,True,OK,5,4,1,1,1,0,topology_pfaf,0.436,True,OK,5,4,1,1,1,0,topology_pfaf,0.436,True,OK,5,4,1,1,1,0,elevdef,0.799,True,OK,7,2,1,1,1,0,area50,0.436,True,OK,5,4,1,1,1,0,True,0,True,valid_T600,3,stable
2432412,9,90.6,low,1,1,False,topology_pfaf,0.477,True,OK,5,4,1,1,1,0,topology_pfaf,0.477,True,OK,5,4,1,1,1,0,topology_pfaf,0.477,True,OK,5,4,1,1,1,0,topology_pfaf,0.477,True,OK,5,4,1,1,1,0,topology_pfaf,0.477,True,OK,5,4,1,1,1,0,topology_pfaf,0.477,True,OK,5,4,1,1,1,0,elevdef,1.0,False,empty_downstream; down_components=0; up_to_down_edges=0,9,0,1,0,0,0,area50,0.519,True,OK,7,2,1,1,1,0,True,0,True,valid_T600,3,stable
2432420,9,136.8,low,1,1,False,topology_pfaf,0.759,True,OK,5,4,1,1,1,0,topology_pfaf,0.759,True,OK,5,4,1,1,1,0,topology_pfaf,0.759,True,OK,5,4,1,1,1,0,topology_pfaf,0.759,True,OK,5,4,1,1,1,0,topology_pfaf,0.759,True,OK,5,4,1,1,1,0,topology_pfaf,0.759,True,OK,5,4,1,1,1,0,elevdef,0.357,True,OK,1,8,1,1,1,0,area50,0.357,True,OK,1,8,1,1,1,0,True,0,True,valid_T600,3,stable
2432440,9,118.3,low,1,1,False,topology_pfaf,0.466,True,OK,5,4,1,1,1,0,topology_pfaf,0.466,True,OK,5,4,1,1,1,0,topology_pfaf,0.466,True,OK,5,4,1,1,1,0,topology_pfaf,0.466,True,OK,5,4,1,1,1,0,topology_pfaf,0.466,True,OK,5,4,1,1,1,0,topology_pfaf,0.466,True,OK,5,4,1,1,1,0,elevdef,0.466,True,OK,5,4,1,1,1,0,area50,0.466,True,OK,5,4,1,1,1,0,True,0,True,valid_T600,3,stable
2432497,9,78.9,low,1,1,False,topology_pfaf,0.557,True,OK,5,4,1,1,1,0,topology_pfaf,0.557,True,OK,5,4,1,1,1,0,topology_pfaf,0.557,True,OK,5,4,1,1,1,0,topology_pfaf,0.557,True,OK,5,4,1,1,1,0,topology_pfaf,0.557,True,OK,5,4,1,1,1,0,topology_pfaf,0.557,True,OK,5,4,1,1,1,0,elevdef,0.557,True,OK,5,4,1,1,1,0,area50,0.557,True,OK,5,4,1,1,1,0,True,0,True,valid_T600,3,stable
2432509,9,12.9,low,1,1,False,topology_pfaf,0.342,True,OK,1,8,1,1,1,0,topology_pfaf,0.342,True,OK,1,8,1,1,1,0,topology_pfaf,0.342,True,OK,1,8,1,1,1,0,topology_pfaf,0.342,True,OK,1,8,1,1,1,0,topology_pfaf,0.342,True,OK,1,8,1,1,1,0,topology_pfaf,0.342,True,OK,1,8,1,1,1,0,elevdef,0.619,True,OK,5,4,1,1,1,0,area50,0.619,True,OK,5,4,1,1,1,0,True,0,True,valid_T600,3,stable
2432860,9,85.6,low,1,1,False,topology_pfaf,0.733,True,OK,5,4,1,1,1,0,topology_pfaf,0.733,True,OK,5,4,1,1,1,0,topology_pfaf,0.733,True,OK,5,4,1,1,1,0,topology_pfaf,0.733,True,OK,5,4,1,1,1,0,topology_pfaf,0.733,True,OK,5,4,1,1,1,0,topology_pfaf,0.733,True,OK,5,4,1,1,1,0,elevdef,0.733,True,OK,5,4,1,1,1,0,area50,0.5,True,OK,3,6,1,1,1,0,True,0,True,valid_T600,3,stable
2432890,9,63.4,low,1,1,False,topology_pfaf,0.407,True,OK,5,4,1,1,1,0,topology_pfaf,0.407,True,OK,5,4,1,1,1,0,topology_pfaf,0.407,True,OK,5,4,1,1,1,0,topology_pfaf,0.407,True,OK,5,4,1,1,1,0,topology_pfaf,0.407,True,OK,5,4,1,1,1,0,topology_pfaf,0.407,True,OK,5,4,1,1,1,0,elevdef,0.68,True,OK,7,2,1,1,1,0,area50,0.407,True,OK,5,4,1,1,1,0,True,0,True,valid_T600,3,stable
2432904,9,29.3,low,1,1,False,topology_pfaf,0.52,True,OK,5,4,1,1,1,0,topology_pfaf,0.52,True,OK,5,4,1,1,1,0,topology_pfaf,0.52,True,OK,5,4,1,1,1,0,topology_pfaf,0.52,True,OK,5,4,1,1,1,0,topology_pfaf,0.52,True,OK,5,4,1,1,1,0,topology_pfaf,0.52,True,OK,5,4,1,1,1,0,elevdef,0.686,True,OK,7,2,1,1,1,0,area50,0.52,True,OK,5,4,1,1,1,0,True,0,True,valid_T600,3,stable
2434001,9,49.3,low,1,1,False,topology_pfaf,0.332,True,OK,3,6,1,1,1,0,topology_pfaf,0.332,True,OK,3,6,1,1,1,0,topology_pfaf,0.332,True,OK,3,6,1,1,1,0,topology_pfaf,0.332,True,OK,3,6,1,1,1,0,topology_pfaf,0.332,True,OK,3,6,1,1,1,0,topology_pfaf,0.332,True,OK,3,6,1,1,1,0,elevdef,0.587,True,OK,5,4,1,1,1,0,area50,0.587,True,OK,5,4,1,1,1,0,True,0,True,valid_T600,3,stable
2434003,9,25.1,low,1,1,False,topology_pfaf,0.648,True,OK,5,4,1,1,1,0,topology_pfaf,0.648,True,OK,5,4,1,1,1,0,topology_pfaf,0.648,True,OK,5,4,1,1,1,0,topology_pfaf,0.648,True,OK,5,4,1,1,1,0,topology_pfaf,0.648,True,OK,5,4,1,1,1,0,topology_pfaf,0.648,True,OK,5,4,1,1,1,0,elevdef,0.648,True,OK,5,4,1,1,1,0,area50,0.648,True,OK,5,4,1,1,1,0,True,0,True,valid_T600,3,stable
2434004,9,31.0,low,1,1,False,topology_pfaf,0.329,True,OK,1,8,1,1,1,0,topology_pfaf,0.329,True,OK,1,8,1,1,1,0,topology_pfaf,0.329,True,OK,1,8,1,1,1,0,topology_pfaf,0.329,True,OK,1,8,1,1,1,0,topology_pfaf,0.329,True,OK,1,8,1,1,1,0,topology_pfaf,0.329,True,OK,1,8,1,1,1,0,elevdef,0.662,True,OK,7,2,1,1,1,0,area50,0.662,True,OK,7,2,1,1,1,0,True,0,True,valid_T600,3,stable
2434009,9,50.0,low,1,1,False,topology_pfaf,0.54,True,OK,5,4,1,1,1,0,topology_pfaf,0.54,True,OK,5,4,1,1,1,0,topology_pfaf,0.54,True,OK,5,4,1,1,1,0,topology_pfaf,0.54,True,OK,5,4,1,1,1,0,topology_pfaf,0.54,True,OK,5,4,1,1,1,0,topology_pfaf,0.54,True,OK,5,4,1,1,1,0,elevdef,0.54,True,OK,5,4,1,1,1,0,area50,0.476,True,OK,3,6,1,1,1,0,True,0,True,valid_T600,3,stable
2435109,9,29.5,low,9,9,False,topology_pfaf,0.202,False,outlets=9; parent_components=9; down_components=8; up_to_down_edges=0,1,8,1,8,0,0,topology_pfaf,0.202,False,outlets=9; parent_components=9; down_components=8; up_to_down_edges=0,1,8,1,8,0,0,topology_pfaf,0.202,False,outlets=9; parent_components=9; down_components=8; up_to_down_edges=0,1,8,1,8,0,0,topology_pfaf,0.202,False,outlets=9; parent_components=9; down_components=8; up_to_down_edges=0,1,8,1,8,0,0,topology_pfaf,0.202,False,outlets=9; parent_components=9; down_components=8; up_to_down_edges=0,1,8,1,8,0,0,topology_pfaf,0.202,False,outlets=9; parent_components=9; down_components=8; up_to_down_edges=0,1,8,1,8,0,0,elevdef,0.202,False,outlets=9; parent_components=9; down_components=8; up_to_down_edges=0,1,8,1,8,0,0,area50,0.202,False,outlets=9; parent_components=9; down_components=8; up_to_down_edges=0,1,8,1,8,0,0,False,0,True,invalid_multi_outlet,0,T600_invalid
2435204,9,41.6,low,1,1,False,topology_pfaf,0.709,True,OK,5,4,1,1,1,0,topology_pfaf,0.709,True,OK,5,4,1,1,1,0,topology_pfaf,0.709,True,OK,5,4,1,1,1,0,topology_pfaf,0.709,True,OK,5,4,1,1,1,0,topology_pfaf,0.709,True,OK,5,4,1,1,1,0,topology_pfaf,0.709,True,OK,5,4,1,1,1,0,elevdef,0.497,True,OK,3,6,1,1,1,0,area50,0.497,True,OK,3,6,1,1,1,0,True,0,True,valid_T600,3,stable
2435206,9,17.1,low,1,1,False,topology_pfaf,0.518,True,OK,1,8,1,1,1,0,topology_pfaf,0.518,True,OK,1,8,1,1,1,0,topology_pfaf,0.518,True,OK,1,8,1,1,1,0,topology_pfaf,0.518,True,OK,1,8,1,1,1,0,topology_pfaf,0.518,True,OK,1,8,1,1,1,0,topology_pfaf,0.518,True,OK,1,8,1,1,1,0,elevdef,0.518,True,OK,1,8,1,1,1,0,area50,0.518,True,OK,1,8,1,1,1,0,True,0,True,valid_T600,3,stable
2435209,9,48.7,low,1,1,False,topology_pfaf,0.173,True,OK,3,6,1,1,1,0,topology_pfaf,0.173,True,OK,3,6,1,1,1,0,topology_pfaf,0.173,True,OK,3,6,1,1,1,0,topology_pfaf,0.173,True,OK,3,6,1,1,1,0,topology_pfaf,0.173,True,OK,3,6,1,1,1,0,topology_pfaf,0.173,True,OK,3,6,1,1,1,0,elevdef,0.429,True,OK,5,4,1,1,1,0,area50,0.429,True,OK,5,4,1,1,1,0,True,0,True,valid_T600,3,stable
2435400,9,97.0,low,1,1,False,topology_pfaf,0.316,True,OK,3,6,1,1,1,0,topology_pfaf,0.316,True,OK,3,6,1,1,1,0,topology_pfaf,0.316,True,OK,3,6,1,1,1,0,topology_pfaf,0.316,True,OK,3,6,1,1,1,0,topology_pfaf,0.316,True,OK,3,6,1,1,1,0,topology_pfaf,0.316,True,OK,3,6,1,1,1,0,elevdef,0.789,True,OK,5,4,1,1,1,0,area50,0.316,True,OK,3,6,1,1,1,0,True,0,True,valid_T600,3,stable
2435600,9,86.2,low,1,1,False,topology_pfaf,0.687,True,OK,5,4,1,1,1,0,topology_pfaf,0.687,True,OK,5,4,1,1,1,0,topology_pfaf,0.687,True,OK,5,4,1,1,1,0,topology_pfaf,0.687,True,OK,5,4,1,1,1,0,topology_pfaf,0.687,True,OK,5,4,1,1,1,0,topology_pfaf,0.687,True,OK,5,4,1,1,1,0,elevdef,0.687,True,OK,5,4,1,1,1,0,area50,0.338,True,OK,3,6,1,1,1,0,True,0,True,valid_T600,3,stable
2435706,9,161.5,low,1,1,False,topology_pfaf,0.698,True,OK,5,4,1,1,1,0,topology_pfaf,0.698,True,OK,5,4,1,1,1,0,topology_pfaf,0.698,True,OK,5,4,1,1,1,0,topology_pfaf,0.698,True,OK,5,4,1,1,1,0,topology_pfaf,0.698,True,OK,5,4,1,1,1,0,topology_pfaf,0.698,True,OK,5,4,1,1,1,0,elevdef,0.698,True,OK,5,4,1,1,1,0,area50,0.488,True,OK,3,6,1,1,1,0,True,0,True,valid_T600,3,stable
2435800,9,93.8,low,1,1,False,topology_pfaf,0.534,True,OK,5,4,1,1,1,0,topology_pfaf,0.534,True,OK,5,4,1,1,1,0,topology_pfaf,0.534,True,OK,5,4,1,1,1,0,topology_pfaf,0.534,True,OK,5,4,1,1,1,0,topology_pfaf,0.534,True,OK,5,4,1,1,1,0,topology_pfaf,0.534,True,OK,5,4,1,1,1,0,elevdef,0.534,True,OK,5,4,1,1,1,0,area50,0.534,True,OK,5,4,1,1,1,0,True,0,True,valid_T600,3,stable
2435902,8,101.8,low,1,1,False,topology_pfaf,0.246,True,OK,2,6,1,1,1,0,topology_pfaf,0.246,True,OK,2,6,1,1,1,0,topology_pfaf,0.246,True,OK,2,6,1,1,1,0,topology_pfaf,0.246,True,OK,2,6,1,1,1,0,topology_pfaf,0.246,True,OK,2,6,1,1,1,0,topology_pfaf,0.246,True,OK,2,6,1,1,1,0,elevdef,0.727,True,OK,4,4,1,1,1,0,area50,0.727,True,OK,4,4,1,1,1,0,True,0,True,valid_T600,3,stable
2436006,9,50.7,low,1,1,False,topology_pfaf,0.514,True,OK,5,4,1,1,1,0,topology_pfaf,0.514,True,OK,5,4,1,1,1,0,topology_pfaf,0.514,True,OK,5,4,1,1,1,0,topology_pfaf,0.514,True,OK,5,4,1,1,1,0,topology_pfaf,0.514,True,OK,5,4,1,1,1,0,topology_pfaf,0.514,True,OK,5,4,1,1,1,0,elevdef,0.514,True,OK,5,4,1,1,1,0,area50,0.514,True,OK,5,4,1,1,1,0,True,0,True,valid_T600,3,stable
2436007,9,41.9,low,1,1,False,topology_pfaf,0.491,True,OK,5,4,1,1,1,0,topology_pfaf,0.491,True,OK,5,4,1,1,1,0,topology_pfaf,0.491,True,OK,5,4,1,1,1,0,topology_pfaf,0.491,True,OK,5,4,1,1,1,0,topology_pfaf,0.491,True,OK,5,4,1,1,1,0,topology_pfaf,0.491,True,OK,5,4,1,1,1,0,elevdef,0.491,True,OK,5,4,1,1,1,0,area50,0.491,True,OK,5,4,1,1,1,0,True,0,True,valid_T600,3,stable
2437004,9,167.5,low,1,1,False,topology_pfaf,0.281,True,OK,5,4,1,1,1,0,topology_pfaf,0.281,True,OK,5,4,1,1,1,0,topology_pfaf,0.281,True,OK,5,4,1,1,1,0,topology_pfaf,0.281,True,OK,5,4,1,1,1,0,topology_pfaf,0.281,True,OK,5,4,1,1,1,0,topology_pfaf,0.281,True,OK,5,4,1,1,1,0,elevdef,1.0,False,empty_downstream; down_components=0; up_to_down_edges=0,9,0,1,0,0,0,area50,0.562,True,OK,7,2,1,1,1,0,True,0,True,valid_T600,3,stable
2438030,9,68.3,low,1,1,False,topology_pfaf,0.514,True,OK,1,8,1,1,1,0,topology_pfaf,0.514,True,OK,1,8,1,1,1,0,topology_pfaf,0.514,True,OK,1,8,1,1,1,0,topology_pfaf,0.514,True,OK,1,8,1,1,1,0,topology_pfaf,0.514,True,OK,1,8,1,1,1,0,topology_pfaf,0.514,True,OK,1,8,1,1,1,0,elevdef,1.0,False,empty_downstream; down_components=0; up_to_down_edges=0,9,0,1,0,0,0,area50,0.514,True,OK,1,8,1,1,1,0,True,0,True,valid_T600,3,stable
2438060,9,56.4,low,1,1,False,topology_pfaf,0.506,True,OK,5,4,1,1,1,0,topology_pfaf,0.506,True,OK,5,4,1,1,1,0,topology_pfaf,0.506,True,OK,5,4,1,1,1,0,topology_pfaf,0.506,True,OK,5,4,1,1,1,0,topology_pfaf,0.506,True,OK,5,4,1,1,1,0,topology_pfaf,0.506,True,OK,5,4,1,1,1,0,elevdef,0.506,True,OK,5,4,1,1,1,0,area50,0.506,True,OK,5,4,1,1,1,0,True,0,True,valid_T600,3,stable
2438082,9,52.1,low,1,1,False,topology_pfaf,0.541,True,OK,5,4,1,1,1,0,topology_pfaf,0.541,True,OK,5,4,1,1,1,0,topology_pfaf,0.541,True,OK,5,4,1,1,1,0,topology_pfaf,0.541,True,OK,5,4,1,1,1,0,topology_pfaf,0.541,True,OK,5,4,1,1,1,0,topology_pfaf,0.541,True,OK,5,4,1,1,1,0,elevdef,0.541,True,OK,5,4,1,1,1,0,area50,0.541,True,OK,5,4,1,1,1,0,True,0,True,valid_T600,3,stable
2442020,9,67.6,low,1,1,False,topology_pfaf,0.476,True,OK,5,4,1,1,1,0,topology_pfaf,0.476,True,OK,5,4,1,1,1,0,topology_pfaf,0.476,True,OK,5,4,1,1,1,0,topology_pfaf,0.476,True,OK,5,4,1,1,1,0,topology_pfaf,0.476,True,OK,5,4,1,1,1,0,topology_pfaf,0.476,True,OK,5,4,1,1,1,0,elevdef,0.476,True,OK,5,4,1,1,1,0,area50,0.476,True,OK,5,4,1,1,1,0,True,0,True,valid_T600,3,stable
2442030,9,84.2,low,1,1,False,topology_pfaf,0.264,True,OK,1,8,1,1,1,0,topology_pfaf,0.264,True,OK,1,8,1,1,1,0,topology_pfaf,0.264,True,OK,1,8,1,1,1,0,topology_pfaf,0.264,True,OK,1,8,1,1,1,0,topology_pfaf,0.264,True,OK,1,8,1,1,1,0,topology_pfaf,0.264,True,OK,1,8,1,1,1,0,elevdef,0.516,True,OK,5,4,1,1,1,0,area50,0.516,True,OK,5,4,1,1,1,0,True,0,True,valid_T600,3,stable
2442049,9,323.0,mixed,1,1,False,elevation,0.48,True,OK,3,6,1,1,1,0,topology_pfaf,0.66,True,OK,5,4,1,1,1,0,topology_pfaf,0.66,True,OK,5,4,1,1,1,0,topology_pfaf,0.66,True,OK,5,4,1,1,1,0,topology_pfaf,0.66,True,OK,5,4,1,1,1,0,topology_pfaf,0.66,True,OK,5,4,1,1,1,0,elevdef,0.48,True,OK,3,6,1,1,1,0,area50,0.48,True,OK,3,6,1,1,1,0,True,2,False,valid_T600,2,label_change
2442060,9,412.5,mixed,1,1,False,elevation,0.702,True,OK,5,4,1,1,1,0,elevation,0.702,True,OK,5,4,1,1,1,0,topology_pfaf,0.352,True,OK,3,6,1,1,1,0,topology_pfaf,0.352,True,OK,3,6,1,1,1,0,topology_pfaf,0.352,True,OK,3,6,1,1,1,0,topology_pfaf,0.352,True,OK,3,6,1,1,1,0,elevdef,0.702,True,OK,5,4,1,1,1,0,area50,0.352,True,OK,3,6,1,1,1,0,True,2,False,valid_T600,2,label_change
2442070,9,402.7,mixed,1,1,False,elevation,0.599,True,OK,7,2,1,1,1,0,elevation,0.599,True,OK,7,2,1,1,1,0,topology_pfaf,0.219,True,OK,5,4,1,1,1,0,topology_pfaf,0.219,True,OK,5,4,1,1,1,0,topology_pfaf,0.219,True,OK,5,4,1,1,1,0,topology_pfaf,0.219,True,OK,5,4,1,1,1,0,elevdef,0.599,True,OK,7,2,1,1,1,0,area50,0.599,True,OK,7,2,1,1,1,0,True,2,False,valid_T600,2,label_change
2443300,9,214.1,low,9,9,False,topology_pfaf,0.669,False,outlets=9; parent_components=9; down_components=8; up_to_down_edges=0,1,8,1,8,0,0,topology_pfaf,0.669,False,outlets=9; parent_components=9; down_components=8; up_to_down_edges=0,1,8,1,8,0,0,topology_pfaf,0.669,False,outlets=9; parent_components=9; down_components=8; up_to_down_edges=0,1,8,1,8,0,0,topology_pfaf,0.669,False,outlets=9; parent_components=9; down_components=8; up_to_down_edges=0,1,8,1,8,0,0,topology_pfaf,0.669,False,outlets=9; parent_components=9; down_components=8; up_to_down_edges=0,1,8,1,8,0,0,topology_pfaf,0.669,False,outlets=9; parent_components=9; down_components=8; up_to_down_edges=0,1,8,1,8,0,0,elevdef,0.669,False,outlets=9; parent_components=9; down_components=8; up_to_down_edges=0,1,8,1,8,0,0,area50,0.669,False,outlets=9; parent_components=9; down_components=8; up_to_down_edges=0,1,8,1,8,0,0,False,0,True,invalid_multi_outlet,0,T600_invalid
2443404,9,593.4,mixed,1,1,False,elevation,0.624,True,OK,7,2,1,1,1,0,elevation,0.624,True,OK,7,2,1,1,1,0,elevation,0.624,True,OK,7,2,1,1,1,0,topology_pfaf,0.529,True,OK,5,4,1,1,1,0,topology_pfaf,0.529,True,OK,5,4,1,1,1,0,topology_pfaf,0.529,True,OK,5,4,1,1,1,0,elevdef,0.624,True,OK,7,2,1,1,1,0,area50,0.529,True,OK,5,4,1,1,1,0,True,2,False,valid_T600,2,label_change
2443502,9,483.2,mixed,1,1,False,elevation,0.614,True,OK,5,4,1,1,1,0,elevation,0.614,True,OK,5,4,1,1,1,0,topology_pfaf,0.614,True,OK,5,4,1,1,1,0,topology_pfaf,0.614,True,OK,5,4,1,1,1,0,topology_pfaf,0.614,True,OK,5,4,1,1,1,0,topology_pfaf,0.614,True,OK,5,4,1,1,1,0,elevdef,0.614,True,OK,5,4,1,1,1,0,area50,0.438,True,OK,3,6,1,1,1,0,True,0,True,valid_T600,3,stable
2443506,9,263.6,low,1,1,False,topology_pfaf,0.21,True,OK,3,6,1,1,1,0,topology_pfaf,0.21,True,OK,3,6,1,1,1,0,topology_pfaf,0.21,True,OK,3,6,1,1,1,0,topology_pfaf,0.21,True,OK,3,6,1,1,1,0,topology_pfaf,0.21,True,OK,3,6,1,1,1,0,topology_pfaf,0.21,True,OK,3,6,1,1,1,0,elevdef,0.446,True,OK,5,4,1,1,1,0,area50,0.446,True,OK,5,4,1,1,1,0,True,0,True,valid_T600,3,stable
2443605,9,76.8,low,1,1,False,topology_pfaf,0.298,True,OK,5,4,1,1,1,0,topology_pfaf,0.298,True,OK,5,4,1,1,1,0,topology_pfaf,0.298,True,OK,5,4,1,1,1,0,topology_pfaf,0.298,True,OK,5,4,1,1,1,0,topology_pfaf,0.298,True,OK,5,4,1,1,1,0,topology_pfaf,0.298,True,OK,5,4,1,1,1,0,elevdef,0.427,True,OK,7,2,1,1,1,0,area50,0.427,True,OK,7,2,1,1,1,0,True,0,True,valid_T600,3,stable
2443802,9,508.2,mixed,1,1,False,elevation,0.706,True,OK,5,4,1,1,1,0,elevation,0.706,True,OK,5,4,1,1,1,0,elevation,0.706,True,OK,5,4,1,1,1,0,topology_pfaf,0.294,True,OK,3,6,1,1,1,0,topology_pfaf,0.294,True,OK,3,6,1,1,1,0,topology_pfaf,0.294,True,OK,3,6,1,1,1,0,elevdef,0.706,True,OK,5,4,1,1,1,0,area50,0.706,True,OK,5,4,1,1,1,0,True,2,False,valid_T600,2,label_change
2443803,9,111.4,low,1,1,False,topology_pfaf,0.612,True,OK,5,4,1,1,1,0,topology_pfaf,0.612,True,OK,5,4,1,1,1,0,topology_pfaf,0.612,True,OK,5,4,1,1,1,0,topology_pfaf,0.612,True,OK,5,4,1,1,1,0,topology_pfaf,0.612,True,OK,5,4,1,1,1,0,topology_pfaf,0.612,True,OK,5,4,1,1,1,0,elevdef,0.612,True,OK,5,4,1,1,1,0,area50,0.389,True,OK,3,6,1,1,1,0,True,0,True,valid_T600,3,stable
2443906,9,213.9,low,1,1,False,topology_pfaf,0.245,True,OK,3,6,1,1,1,0,topology_pfaf,0.245,True,OK,3,6,1,1,1,0,topology_pfaf,0.245,True,OK,3,6,1,1,1,0,topology_pfaf,0.245,True,OK,3,6,1,1,1,0,topology_pfaf,0.245,True,OK,3,6,1,1,1,0,topology_pfaf,0.245,True,OK,3,6,1,1,1,0,elevdef,0.673,True,OK,7,2,1,1,1,0,area50,0.601,True,OK,5,4,1,1,1,0,True,0,True,valid_T600,3,stable
2444040,9,230.4,low,1,1,False,topology_pfaf,0.866,True,OK,5,4,1,1,1,0,topology_pfaf,0.866,True,OK,5,4,1,1,1,0,topology_pfaf,0.866,True,OK,5,4,1,1,1,0,topology_pfaf,0.866,True,OK,5,4,1,1,1,0,topology_pfaf,0.866,True,OK,5,4,1,1,1,0,topology_pfaf,0.866,True,OK,5,4,1,1,1,0,elevdef,0.866,True,OK,5,4,1,1,1,0,area50,0.481,True,OK,3,6,1,1,1,0,True,0,True,valid_T600,3,stable
2445024,9,315.1,mixed,1,1,False,elevation,0.656,True,OK,7,2,1,1,1,0,topology_pfaf,0.438,True,OK,5,4,1,1,1,0,topology_pfaf,0.438,True,OK,5,4,1,1,1,0,topology_pfaf,0.438,True,OK,5,4,1,1,1,0,topology_pfaf,0.438,True,OK,5,4,1,1,1,0,topology_pfaf,0.438,True,OK,5,4,1,1,1,0,elevdef,0.656,True,OK,7,2,1,1,1,0,area50,0.438,True,OK,5,4,1,1,1,0,True,2,False,valid_T600,2,label_change
2445025,9,85.7,low,1,1,False,topology_pfaf,0.638,True,OK,5,4,1,1,1,0,topology_pfaf,0.638,True,OK,5,4,1,1,1,0,topology_pfaf,0.638,True,OK,5,4,1,1,1,0,topology_pfaf,0.638,True,OK,5,4,1,1,1,0,topology_pfaf,0.638,True,OK,5,4,1,1,1,0,topology_pfaf,0.638,True,OK,5,4,1,1,1,0,elevdef,0.638,True,OK,5,4,1,1,1,0,area50,0.502,True,OK,3,6,1,1,1,0,True,0,True,valid_T600,3,stable
2445028,9,125.0,low,1,1,False,topology_pfaf,0.464,True,OK,5,4,1,1,1,0,topology_pfaf,0.464,True,OK,5,4,1,1,1,0,topology_pfaf,0.464,True,OK,5,4,1,1,1,0,topology_pfaf,0.464,True,OK,5,4,1,1,1,0,topology_pfaf,0.464,True,OK,5,4,1,1,1,0,topology_pfaf,0.464,True,OK,5,4,1,1,1,0,elevdef,0.464,True,OK,5,4,1,1,1,0,area50,0.464,True,OK,5,4,1,1,1,0,True,0,True,valid_T600,3,stable
2445029,9,286.3,low,1,1,False,topology_pfaf,0.599,True,OK,5,4,1,1,1,0,topology_pfaf,0.599,True,OK,5,4,1,1,1,0,topology_pfaf,0.599,True,OK,5,4,1,1,1,0,topology_pfaf,0.599,True,OK,5,4,1,1,1,0,topology_pfaf,0.599,True,OK,5,4,1,1,1,0,topology_pfaf,0.599,True,OK,5,4,1,1,1,0,elevdef,0.599,True,OK,5,4,1,1,1,0,area50,0.48,True,OK,3,6,1,1,1,0,True,0,True,valid_T600,3,stable
2445044,9,83.2,low,1,1,False,topology_pfaf,0.644,True,OK,5,4,1,1,1,0,topology_pfaf,0.644,True,OK,5,4,1,1,1,0,topology_pfaf,0.644,True,OK,5,4,1,1,1,0,topology_pfaf,0.644,True,OK,5,4,1,1,1,0,topology_pfaf,0.644,True,OK,5,4,1,1,1,0,topology_pfaf,0.644,True,OK,5,4,1,1,1,0,elevdef,0.399,True,OK,3,6,1,1,1,0,area50,0.399,True,OK,3,6,1,1,1,0,True,0,True,valid_T600,3,stable
2445089,9,256.2,low,1,1,False,topology_pfaf,0.705,True,OK,5,4,1,1,1,0,topology_pfaf,0.705,True,OK,5,4,1,1,1,0,topology_pfaf,0.705,True,OK,5,4,1,1,1,0,topology_pfaf,0.705,True,OK,5,4,1,1,1,0,topology_pfaf,0.705,True,OK,5,4,1,1,1,0,topology_pfaf,0.705,True,OK,5,4,1,1,1,0,elevdef,0.545,True,OK,3,6,1,1,1,0,area50,0.545,True,OK,3,6,1,1,1,0,True,0,True,valid_T600,3,stable
2445090,7,169.2,low,7,7,False,topology_pfaf,0.414,False,outlets=7; parent_components=7; down_components=6; up_to_down_edges=0,1,6,1,6,0,0,topology_pfaf,0.414,False,outlets=7; parent_components=7; down_components=6; up_to_down_edges=0,1,6,1,6,0,0,topology_pfaf,0.414,False,outlets=7; parent_components=7; down_components=6; up_to_down_edges=0,1,6,1,6,0,0,topology_pfaf,0.414,False,outlets=7; parent_components=7; down_components=6; up_to_down_edges=0,1,6,1,6,0,0,topology_pfaf,0.414,False,outlets=7; parent_components=7; down_components=6; up_to_down_edges=0,1,6,1,6,0,0,topology_pfaf,0.414,False,outlets=7; parent_components=7; down_components=6; up_to_down_edges=0,1,6,1,6,0,0,elevdef,0.414,False,outlets=7; parent_components=7; down_components=6; up_to_down_edges=0,1,6,1,6,0,0,area50,0.414,False,outlets=7; parent_components=7; down_components=6; up_to_down_edges=0,1,6,1,6,0,0,False,0,True,invalid_multi_outlet,0,T600_invalid
2446004,9,322.7,mixed,1,1,False,elevation,0.552,True,OK,5,4,1,1,1,0,topology_pfaf,0.345,True,OK,3,6,1,1,1,0,topology_pfaf,0.345,True,OK,3,6,1,1,1,0,topology_pfaf,0.345,True,OK,3,6,1,1,1,0,topology_pfaf,0.345,True,OK,3,6,1,1,1,0,topology_pfaf,0.345,True,OK,3,6,1,1,1,0,elevdef,0.552,True,OK,5,4,1,1,1,0,area50,0.552,True,OK,5,4,1,1,1,0,True,2,False,valid_T600,2,label_change
2446005,9,84.0,low,1,1,False,topology_pfaf,0.424,True,OK,5,4,1,1,1,0,topology_pfaf,0.424,True,OK,5,4,1,1,1,0,topology_pfaf,0.424,True,OK,5,4,1,1,1,0,topology_pfaf,0.424,True,OK,5,4,1,1,1,0,topology_pfaf,0.424,True,OK,5,4,1,1,1,0,topology_pfaf,0.424,True,OK,5,4,1,1,1,0,elevdef,0.424,True,OK,5,4,1,1,1,0,area50,0.424,True,OK,5,4,1,1,1,0,True,0,True,valid_T600,3,stable
2446009,9,215.6,low,1,1,False,topology_pfaf,0.268,True,OK,5,4,1,1,1,0,topology_pfaf,0.268,True,OK,5,4,1,1,1,0,topology_pfaf,0.268,True,OK,5,4,1,1,1,0,topology_pfaf,0.268,True,OK,5,4,1,1,1,0,topology_pfaf,0.268,True,OK,5,4,1,1,1,0,topology_pfaf,0.268,True,OK,5,4,1,1,1,0,elevdef,0.397,True,OK,7,2,1,1,1,0,area50,0.397,True,OK,7,2,1,1,1,0,True,0,True,valid_T600,3,stable
2447202,9,22.2,low,1,1,False,topology_pfaf,0.513,True,OK,5,4,1,1,1,0,topology_pfaf,0.513,True,OK,5,4,1,1,1,0,topology_pfaf,0.513,True,OK,5,4,1,1,1,0,topology_pfaf,0.513,True,OK,5,4,1,1,1,0,topology_pfaf,0.513,True,OK,5,4,1,1,1,0,topology_pfaf,0.513,True,OK,5,4,1,1,1,0,elevdef,0.513,True,OK,5,4,1,1,1,0,area50,0.513,True,OK,5,4,1,1,1,0,True,0,True,valid_T600,3,stable
2447206,9,92.7,low,1,1,False,topology_pfaf,0.261,True,OK,3,6,1,1,1,0,topology_pfaf,0.261,True,OK,3,6,1,1,1,0,topology_pfaf,0.261,True,OK,3,6,1,1,1,0,topology_pfaf,0.261,True,OK,3,6,1,1,1,0,topology_pfaf,0.261,True,OK,3,6,1,1,1,0,topology_pfaf,0.261,True,OK,3,6,1,1,1,0,elevdef,0.517,True,OK,5,4,1,1,1,0,area50,0.517,True,OK,5,4,1,1,1,0,True,0,True,valid_T600,3,stable
2447209,9,195.4,low,1,1,False,topology_pfaf,0.359,True,OK,5,4,1,1,1,0,topology_pfaf,0.359,True,OK,5,4,1,1,1,0,topology_pfaf,0.359,True,OK,5,4,1,1,1,0,topology_pfaf,0.359,True,OK,5,4,1,1,1,0,topology_pfaf,0.359,True,OK,5,4,1,1,1,0,topology_pfaf,0.359,True,OK,5,4,1,1,1,0,elevdef,0.693,True,OK,7,2,1,1,1,0,area50,0.359,True,OK,5,4,1,1,1,0,True,0,True,valid_T600,3,stable
2447300,8,40.2,low,8,8,False,topology_pfaf,0.44,False,outlets=8; parent_components=8; down_components=7; up_to_down_edges=0,1,7,1,7,0,0,topology_pfaf,0.44,False,outlets=8; parent_components=8; down_components=7; up_to_down_edges=0,1,7,1,7,0,0,topology_pfaf,0.44,False,outlets=8; parent_components=8; down_components=7; up_to_down_edges=0,1,7,1,7,0,0,topology_pfaf,0.44,False,outlets=8; parent_components=8; down_components=7; up_to_down_edges=0,1,7,1,7,0,0,topology_pfaf,0.44,False,outlets=8; parent_components=8; down_components=7; up_to_down_edges=0,1,7,1,7,0,0,topology_pfaf,0.44,False,outlets=8; parent_components=8; down_components=7; up_to_down_edges=0,1,7,1,7,0,0,elevdef,0.44,False,outlets=8; parent_components=8; down_components=7; up_to_down_edges=0,1,7,1,7,0,0,area50,0.44,False,outlets=8; parent_components=8; down_components=7; up_to_down_edges=0,1,7,1,7,0,0,False,0,True,invalid_multi_outlet,0,T600_invalid
2447502,9,127.6,low,1,1,False,topology_pfaf,0.595,True,OK,5,4,1,1,1,0,topology_pfaf,0.595,True,OK,5,4,1,1,1,0,topology_pfaf,0.595,True,OK,5,4,1,1,1,0,topology_pfaf,0.595,True,OK,5,4,1,1,1,0,topology_pfaf,0.595,True,OK,5,4,1,1,1,0,topology_pfaf,0.595,True,OK,5,4,1,1,1,0,elevdef,0.595,True,OK,5,4,1,1,1,0,area50,0.438,True,OK,3,6,1,1,1,0,True,0,True,valid_T600,3,stable
2447600,9,129.7,low,1,1,False,topology_pfaf,0.665,True,OK,5,4,1,1,1,0,topology_pfaf,0.665,True,OK,5,4,1,1,1,0,topology_pfaf,0.665,True,OK,5,4,1,1,1,0,topology_pfaf,0.665,True,OK,5,4,1,1,1,0,topology_pfaf,0.665,True,OK,5,4,1,1,1,0,topology_pfaf,0.665,True,OK,5,4,1,1,1,0,elevdef,0.665,True,OK,5,4,1,1,1,0,area50,0.469,True,OK,3,6,1,1,1,0,True,0,True,valid_T600,3,stable
2447800,9,109.3,low,1,1,False,topology_pfaf,0.345,True,OK,5,4,1,1,1,0,topology_pfaf,0.345,True,OK,5,4,1,1,1,0,topology_pfaf,0.345,True,OK,5,4,1,1,1,0,topology_pfaf,0.345,True,OK,5,4,1,1,1,0,topology_pfaf,0.345,True,OK,5,4,1,1,1,0,topology_pfaf,0.345,True,OK,5,4,1,1,1,0,elevdef,0.483,True,OK,7,2,1,1,1,0,area50,0.483,True,OK,7,2,1,1,1,0,True,0,True,valid_T600,3,stable
2448010,9,40.9,low,1,1,False,topology_pfaf,0.297,True,OK,5,4,1,1,1,0,topology_pfaf,0.297,True,OK,5,4,1,1,1,0,topology_pfaf,0.297,True,OK,5,4,1,1,1,0,topology_pfaf,0.297,True,OK,5,4,1,1,1,0,topology_pfaf,0.297,True,OK,5,4,1,1,1,0,topology_pfaf,0.297,True,OK,5,4,1,1,1,0,elevdef,0.706,True,OK,7,2,1,1,1,0,area50,0.297,True,OK,5,4,1,1,1,0,True,0,True,valid_T600,3,stable
2448060,9,244.5,low,1,1,False,topology_pfaf,0.436,True,OK,5,4,1,1,1,0,topology_pfaf,0.436,True,OK,5,4,1,1,1,0,topology_pfaf,0.436,True,OK,5,4,1,1,1,0,topology_pfaf,0.436,True,OK,5,4,1,1,1,0,topology_pfaf,0.436,True,OK,5,4,1,1,1,0,topology_pfaf,0.436,True,OK,5,4,1,1,1,0,elevdef,0.689,True,OK,7,2,1,1,1,0,area50,0.436,True,OK,5,4,1,1,1,0,True,0,True,valid_T600,3,stable
2449000,8,104.8,low,8,8,False,topology_pfaf,0.296,False,outlets=8; parent_components=8; down_components=7; up_to_down_edges=0,1,7,1,7,0,0,topology_pfaf,0.296,False,outlets=8; parent_components=8; down_components=7; up_to_down_edges=0,1,7,1,7,0,0,topology_pfaf,0.296,False,outlets=8; parent_components=8; down_components=7; up_to_down_edges=0,1,7,1,7,0,0,topology_pfaf,0.296,False,outlets=8; parent_components=8; down_components=7; up_to_down_edges=0,1,7,1,7,0,0,topology_pfaf,0.296,False,outlets=8; parent_components=8; down_components=7; up_to_down_edges=0,1,7,1,7,0,0,topology_pfaf,0.296,False,outlets=8; parent_components=8; down_components=7; up_to_down_edges=0,1,7,1,7,0,0,elevdef,0.296,False,outlets=8; parent_components=8; down_components=7; up_to_down_edges=0,1,7,1,7,0,0,area50,0.296,False,outlets=8; parent_components=8; down_components=7; up_to_down_edges=0,1,7,1,7,0,0,False,0,True,invalid_multi_outlet,0,T600_invalid
2510210,9,194.3,low,1,1,False,topology_pfaf,0.333,True,OK,1,8,1,1,1,0,topology_pfaf,0.333,True,OK,1,8,1,1,1,0,topology_pfaf,0.333,True,OK,1,8,1,1,1,0,topology_pfaf,0.333,True,OK,1,8,1,1,1,0,topology_pfaf,0.333,True,OK,1,8,1,1,1,0,topology_pfaf,0.333,True,OK,1,8,1,1,1,0,elevdef,0.641,True,OK,5,4,1,1,1,0,area50,0.641,True,OK,5,4,1,1,1,0,True,0,True,valid_T600,3,stable
2510229,9,370.4,mixed,1,1,False,elevation,0.51,True,OK,3,6,1,1,1,0,topology_pfaf,0.762,True,OK,5,4,1,1,1,0,topology_pfaf,0.762,True,OK,5,4,1,1,1,0,topology_pfaf,0.762,True,OK,5,4,1,1,1,0,topology_pfaf,0.762,True,OK,5,4,1,1,1,0,topology_pfaf,0.762,True,OK,5,4,1,1,1,0,elevdef,0.51,True,OK,3,6,1,1,1,0,area50,0.51,True,OK,3,6,1,1,1,0,True,2,False,valid_T600,2,label_change
2510230,9,185.7,low,1,1,False,topology_pfaf,0.668,True,OK,5,4,1,1,1,0,topology_pfaf,0.668,True,OK,5,4,1,1,1,0,topology_pfaf,0.668,True,OK,5,4,1,1,1,0,topology_pfaf,0.668,True,OK,5,4,1,1,1,0,topology_pfaf,0.668,True,OK,5,4,1,1,1,0,topology_pfaf,0.668,True,OK,5,4,1,1,1,0,elevdef,0.668,True,OK,5,4,1,1,1,0,area50,0.668,True,OK,5,4,1,1,1,0,True,0,True,valid_T600,3,stable
2510240,9,391.8,mixed,1,1,False,elevation,0.573,True,OK,5,4,1,1,1,0,topology_pfaf,0.573,True,OK,5,4,1,1,1,0,topology_pfaf,0.573,True,OK,5,4,1,1,1,0,topology_pfaf,0.573,True,OK,5,4,1,1,1,0,topology_pfaf,0.573,True,OK,5,4,1,1,1,0,topology_pfaf,0.573,True,OK,5,4,1,1,1,0,elevdef,0.573,True,OK,5,4,1,1,1,0,area50,0.573,True,OK,5,4,1,1,1,0,True,0,True,valid_T600,3,stable
2510290,9,131.8,low,1,1,False,topology_pfaf,0.463,True,OK,5,4,1,1,1,0,topology_pfaf,0.463,True,OK,5,4,1,1,1,0,topology_pfaf,0.463,True,OK,5,4,1,1,1,0,topology_pfaf,0.463,True,OK,5,4,1,1,1,0,topology_pfaf,0.463,True,OK,5,4,1,1,1,0,topology_pfaf,0.463,True,OK,5,4,1,1,1,0,elevdef,0.463,True,OK,5,4,1,1,1,0,area50,0.463,True,OK,5,4,1,1,1,0,True,0,True,valid_T600,3,stable
2510300,9,307.4,mixed,9,9,False,elevation,0.221,False,outlets=9; parent_components=9; down_components=8; up_to_down_edges=0,1,8,1,8,0,0,topology_pfaf,0.221,False,outlets=9; parent_components=9; down_components=8; up_to_down_edges=0,1,8,1,8,0,0,topology_pfaf,0.221,False,outlets=9; parent_components=9; down_components=8; up_to_down_edges=0,1,8,1,8,0,0,topology_pfaf,0.221,False,outlets=9; parent_components=9; down_components=8; up_to_down_edges=0,1,8,1,8,0,0,topology_pfaf,0.221,False,outlets=9; parent_components=9; down_components=8; up_to_down_edges=0,1,8,1,8,0,0,topology_pfaf,0.221,False,outlets=9; parent_components=9; down_components=8; up_to_down_edges=0,1,8,1,8,0,0,elevdef,0.221,False,outlets=9; parent_components=9; down_components=8; up_to_down_edges=0,1,8,1,8,0,0,area50,0.221,False,outlets=9; parent_components=9; down_components=8; up_to_down_edges=0,1,8,1,8,0,0,False,0,True,invalid_multi_outlet,0,T600_invalid
2510404,9,636.1,high,1,1,False,elevation,0.437,True,OK,5,4,1,1,1,0,elevation,0.437,True,OK,5,4,1,1,1,0,elevation,0.437,True,OK,5,4,1,1,1,0,elevation,0.437,True,OK,5,4,1,1,1,0,topology_pfaf,0.315,True,OK,3,6,1,1,1,0,topology_pfaf,0.315,True,OK,3,6,1,1,1,0,elevdef,0.437,True,OK,5,4,1,1,1,0,area50,0.437,True,OK,5,4,1,1,1,0,True,2,False,valid_T600,2,label_change
2510406,9,582.8,mixed,1,1,False,elevation,0.3,True,OK,3,6,1,1,1,0,elevation,0.3,True,OK,3,6,1,1,1,0,elevation,0.3,True,OK,3,6,1,1,1,0,topology_pfaf,0.708,True,OK,5,4,1,1,1,0,topology_pfaf,0.708,True,OK,5,4,1,1,1,0,topology_pfaf,0.708,True,OK,5,4,1,1,1,0,elevdef,0.3,True,OK,3,6,1,1,1,0,area50,0.3,True,OK,3,6,1,1,1,0,True,2,False,valid_T600,2,label_change
2510500,9,680.0,high,9,9,False,elevation,0.74,False,outlets=9; parent_components=9; down_components=8; up_to_down_edges=0,1,8,1,8,0,0,elevation,0.74,False,outlets=9; parent_components=9; down_components=8; up_to_down_edges=0,1,8,1,8,0,0,elevation,0.74,False,outlets=9; parent_components=9; down_components=8; up_to_down_edges=0,1,8,1,8,0,0,elevation,0.74,False,outlets=9; parent_components=9; down_components=8; up_to_down_edges=0,1,8,1,8,0,0,topology_pfaf,0.74,False,outlets=9; parent_components=9; down_components=8; up_to_down_edges=0,1,8,1,8,0,0,topology_pfaf,0.74,False,outlets=9; parent_components=9; down_components=8; up_to_down_edges=0,1,8,1,8,0,0,elevdef,0.74,False,outlets=9; parent_components=9; down_components=8; up_to_down_edges=0,1,8,1,8,0,0,area50,0.74,False,outlets=9; parent_components=9; down_components=8; up_to_down_edges=0,1,8,1,8,0,0,False,0,True,invalid_multi_outlet,0,T600_invalid
2510602,9,800.6,high,1,1,False,elevation,0.581,True,OK,5,4,1,1,1,0,elevation,0.581,True,OK,5,4,1,1,1,0,elevation,0.581,True,OK,5,4,1,1,1,0,elevation,0.581,True,OK,5,4,1,1,1,0,elevation,0.581,True,OK,5,4,1,1,1,0,elevation,0.581,True,OK,5,4,1,1,1,0,elevdef,0.581,True,OK,5,4,1,1,1,0,area50,0.581,True,OK,5,4,1,1,1,0,True,0,True,valid_T600,3,stable
2510720,9,504.3,mixed,1,1,False,elevation,0.654,True,OK,5,4,1,1,1,0,elevation,0.654,True,OK,5,4,1,1,1,0,elevation,0.654,True,OK,5,4,1,1,1,0,topology_pfaf,0.654,True,OK,5,4,1,1,1,0,topology_pfaf,0.654,True,OK,5,4,1,1,1,0,topology_pfaf,0.654,True,OK,5,4,1,1,1,0,elevdef,0.654,True,OK,5,4,1,1,1,0,area50,0.654,True,OK,5,4,1,1,1,0,True,0,True,valid_T600,3,stable
2510740,9,810.6,high,1,1,False,elevation,0.766,True,OK,7,2,1,1,1,0,elevation,0.766,True,OK,7,2,1,1,1,0,elevation,0.766,True,OK,7,2,1,1,1,0,elevation,0.766,True,OK,7,2,1,1,1,0,elevation,0.766,True,OK,7,2,1,1,1,0,elevation,0.766,True,OK,7,2,1,1,1,0,elevdef,0.766,True,OK,7,2,1,1,1,0,area50,0.25,True,OK,5,4,1,1,1,0,True,0,True,valid_T600,3,stable
2510757,9,538.9,mixed,9,9,False,elevation,0.331,False,outlets=9; parent_components=9; down_components=8; up_to_down_edges=0,1,8,1,8,0,0,elevation,0.331,False,outlets=9; parent_components=9; down_components=8; up_to_down_edges=0,1,8,1,8,0,0,elevation,0.331,False,outlets=9; parent_components=9; down_components=8; up_to_down_edges=0,1,8,1,8,0,0,topology_pfaf,0.331,False,outlets=9; parent_components=9; down_components=8; up_to_down_edges=0,1,8,1,8,0,0,topology_pfaf,0.331,False,outlets=9; parent_components=9; down_components=8; up_to_down_edges=0,1,8,1,8,0,0,topology_pfaf,0.331,False,outlets=9; parent_components=9; down_components=8; up_to_down_edges=0,1,8,1,8,0,0,elevdef,0.331,False,outlets=9; parent_components=9; down_components=8; up_to_down_edges=0,1,8,1,8,0,0,area50,0.331,False,outlets=9; parent_components=9; down_components=8; up_to_down_edges=0,1,8,1,8,0,0,False,0,True,invalid_multi_outlet,0,T600_invalid
2510759,9,580.4,mixed,9,9,False,elevation,0.316,False,outlets=9; parent_components=9; down_components=8; up_to_down_edges=0,1,8,1,8,0,0,elevation,0.316,False,outlets=9; parent_components=9; down_components=8; up_to_down_edges=0,1,8,1,8,0,0,elevation,0.316,False,outlets=9; parent_components=9; down_components=8; up_to_down_edges=0,1,8,1,8,0,0,topology_pfaf,0.316,False,outlets=9; parent_components=9; down_components=8; up_to_down_edges=0,1,8,1,8,0,0,topology_pfaf,0.316,False,outlets=9; parent_components=9; down_components=8; up_to_down_edges=0,1,8,1,8,0,0,topology_pfaf,0.316,False,outlets=9; parent_components=9; down_components=8; up_to_down_edges=0,1,8,1,8,0,0,elevdef,0.316,False,outlets=9; parent_components=9; down_components=8; up_to_down_edges=0,1,8,1,8,0,0,area50,0.316,False,outlets=9; parent_components=9; down_components=8; up_to_down_edges=0,1,8,1,8,0,0,False,0,True,invalid_multi_outlet,0,T600_invalid
2510760,9,673.0,high,1,1,False,elevation,0.693,True,OK,3,6,1,1,1,0,elevation,0.693,True,OK,3,6,1,1,1,0,elevation,0.693,True,OK,3,6,1,1,1,0,elevation,0.693,True,OK,3,6,1,1,1,0,topology_pfaf,0.693,True,OK,3,6,1,1,1,0,topology_pfaf,0.693,True,OK,3,6,1,1,1,0,elevdef,0.693,True,OK,3,6,1,1,1,0,area50,0.36,True,OK,1,8,1,1,1,0,True,0,True,valid_T600,3,stable
2510780,9,445.9,mixed,1,1,False,elevation,0.674,True,OK,5,4,1,1,1,0,elevation,0.674,True,OK,5,4,1,1,1,0,topology_pfaf,0.674,True,OK,5,4,1,1,1,0,topology_pfaf,0.674,True,OK,5,4,1,1,1,0,topology_pfaf,0.674,True,OK,5,4,1,1,1,0,topology_pfaf,0.674,True,OK,5,4,1,1,1,0,elevdef,0.674,True,OK,5,4,1,1,1,0,area50,0.496,True,OK,3,6,1,1,1,0,True,0,True,valid_T600,3,stable
2510799,9,99.4,low,9,9,False,topology_pfaf,0.368,False,outlets=9; parent_components=9; down_components=8; up_to_down_edges=0,1,8,1,8,0,0,topology_pfaf,0.368,False,outlets=9; parent_components=9; down_components=8; up_to_down_edges=0,1,8,1,8,0,0,topology_pfaf,0.368,False,outlets=9; parent_components=9; down_components=8; up_to_down_edges=0,1,8,1,8,0,0,topology_pfaf,0.368,False,outlets=9; parent_components=9; down_components=8; up_to_down_edges=0,1,8,1,8,0,0,topology_pfaf,0.368,False,outlets=9; parent_components=9; down_components=8; up_to_down_edges=0,1,8,1,8,0,0,topology_pfaf,0.368,False,outlets=9; parent_components=9; down_components=8; up_to_down_edges=0,1,8,1,8,0,0,elevdef,0.368,False,outlets=9; parent_components=9; down_components=8; up_to_down_edges=0,1,8,1,8,0,0,area50,0.368,False,outlets=9; parent_components=9; down_components=8; up_to_down_edges=0,1,8,1,8,0,0,False,0,True,invalid_multi_outlet,0,T600_invalid
2510800,9,314.0,mixed,1,1,False,elevation,0.535,True,OK,3,6,1,1,1,0,topology_pfaf,0.809,True,OK,5,4,1,1,1,0,topology_pfaf,0.809,True,OK,5,4,1,1,1,0,topology_pfaf,0.809,True,OK,5,4,1,1,1,0,topology_pfaf,0.809,True,OK,5,4,1,1,1,0,topology_pfaf,0.809,True,OK,5,4,1,1,1,0,elevdef,0.535,True,OK,3,6,1,1,1,0,area50,0.535,True,OK,3,6,1,1,1,0,True,2,False,valid_T600,2,label_change
2510920,9,306.4,mixed,1,1,False,elevation,0.582,True,OK,5,4,1,1,1,0,topology_pfaf,0.582,True,OK,5,4,1,1,1,0,topology_pfaf,0.582,True,OK,5,4,1,1,1,0,topology_pfaf,0.582,True,OK,5,4,1,1,1,0,topology_pfaf,0.582,True,OK,5,4,1,1,1,0,topology_pfaf,0.582,True,OK,5,4,1,1,1,0,elevdef,0.582,True,OK,5,4,1,1,1,0,area50,0.582,True,OK,5,4,1,1,1,0,True,0,True,valid_T600,3,stable
2510970,9,313.5,mixed,9,9,False,elevation,0.402,False,outlets=9; parent_components=9; down_components=8; up_to_down_edges=0,1,8,1,8,0,0,topology_pfaf,0.402,False,outlets=9; parent_components=9; down_components=8; up_to_down_edges=0,1,8,1,8,0,0,topology_pfaf,0.402,False,outlets=9; parent_components=9; down_components=8; up_to_down_edges=0,1,8,1,8,0,0,topology_pfaf,0.402,False,outlets=9; parent_components=9; down_components=8; up_to_down_edges=0,1,8,1,8,0,0,topology_pfaf,0.402,False,outlets=9; parent_components=9; down_components=8; up_to_down_edges=0,1,8,1,8,0,0,topology_pfaf,0.402,False,outlets=9; parent_components=9; down_components=8; up_to_down_edges=0,1,8,1,8,0,0,elevdef,0.402,False,outlets=9; parent_components=9; down_components=8; up_to_down_edges=0,1,8,1,8,0,0,area50,0.402,False,outlets=9; parent_components=9; down_components=8; up_to_down_edges=0,1,8,1,8,0,0,False,0,True,invalid_multi_outlet,0,T600_invalid
2510997,9,245.0,low,9,9,False,topology_pfaf,0.749,False,outlets=9; parent_components=9; down_components=8; up_to_down_edges=0,1,8,1,8,0,0,topology_pfaf,0.749,False,outlets=9; parent_components=9; down_components=8; up_to_down_edges=0,1,8,1,8,0,0,topology_pfaf,0.749,False,outlets=9; parent_components=9; down_components=8; up_to_down_edges=0,1,8,1,8,0,0,topology_pfaf,0.749,False,outlets=9; parent_components=9; down_components=8; up_to_down_edges=0,1,8,1,8,0,0,topology_pfaf,0.749,False,outlets=9; parent_components=9; down_components=8; up_to_down_edges=0,1,8,1,8,0,0,topology_pfaf,0.749,False,outlets=9; parent_components=9; down_components=8; up_to_down_edges=0,1,8,1,8,0,0,elevdef,0.749,False,outlets=9; parent_components=9; down_components=8; up_to_down_edges=0,1,8,1,8,0,0,area50,0.749,False,outlets=9; parent_components=9; down_components=8; up_to_down_edges=0,1,8,1,8,0,0,False,0,True,invalid_multi_outlet,0,T600_invalid
2510999,8,117.6,low,8,8,False,topology_pfaf,0.46,False,outlets=8; parent_components=8; down_components=7; up_to_down_edges=0,1,7,1,7,0,0,topology_pfaf,0.46,False,outlets=8; parent_components=8; down_components=7; up_to_down_edges=0,1,7,1,7,0,0,topology_pfaf,0.46,False,outlets=8; parent_components=8; down_components=7; up_to_down_edges=0,1,7,1,7,0,0,topology_pfaf,0.46,False,outlets=8; parent_components=8; down_components=7; up_to_down_edges=0,1,7,1,7,0,0,topology_pfaf,0.46,False,outlets=8; parent_components=8; down_components=7; up_to_down_edges=0,1,7,1,7,0,0,topology_pfaf,0.46,False,outlets=8; parent_components=8; down_components=7; up_to_down_edges=0,1,7,1,7,0,0,elevdef,0.46,False,outlets=8; parent_components=8; down_components=7; up_to_down_edges=0,1,7,1,7,0,0,area50,0.46,False,outlets=8; parent_components=8; down_components=7; up_to_down_edges=0,1,7,1,7,0,0,False,0,True,invalid_multi_outlet,0,T600_invalid
2521020,9,487.0,mixed,1,1,False,elevation,0.517,True,OK,5,4,1,1,1,0,elevation,0.517,True,OK,5,4,1,1,1,0,topology_pfaf,0.517,True,OK,5,4,1,1,1,0,topology_pfaf,0.517,True,OK,5,4,1,1,1,0,topology_pfaf,0.517,True,OK,5,4,1,1,1,0,topology_pfaf,0.517,True,OK,5,4,1,1,1,0,elevdef,0.517,True,OK,5,4,1,1,1,0,area50,0.517,True,OK,5,4,1,1,1,0,True,0,True,valid_T600,3,stable
2521051,9,284.1,low,9,9,False,topology_pfaf,0.683,False,outlets=9; parent_components=9; down_components=8; up_to_down_edges=0,1,8,1,8,0,0,topology_pfaf,0.683,False,outlets=9; parent_components=9; down_components=8; up_to_down_edges=0,1,8,1,8,0,0,topology_pfaf,0.683,False,outlets=9; parent_components=9; down_components=8; up_to_down_edges=0,1,8,1,8,0,0,topology_pfaf,0.683,False,outlets=9; parent_components=9; down_components=8; up_to_down_edges=0,1,8,1,8,0,0,topology_pfaf,0.683,False,outlets=9; parent_components=9; down_components=8; up_to_down_edges=0,1,8,1,8,0,0,topology_pfaf,0.683,False,outlets=9; parent_components=9; down_components=8; up_to_down_edges=0,1,8,1,8,0,0,elevdef,0.683,False,outlets=9; parent_components=9; down_components=8; up_to_down_edges=0,1,8,1,8,0,0,area50,0.683,False,outlets=9; parent_components=9; down_components=8; up_to_down_edges=0,1,8,1,8,0,0,False,0,True,invalid_multi_outlet,0,T600_invalid
2521064,9,114.2,low,1,1,False,topology_pfaf,0.452,True,OK,1,8,1,1,1,0,topology_pfaf,0.452,True,OK,1,8,1,1,1,0,topology_pfaf,0.452,True,OK,1,8,1,1,1,0,topology_pfaf,0.452,True,OK,1,8,1,1,1,0,topology_pfaf,0.452,True,OK,1,8,1,1,1,0,topology_pfaf,0.452,True,OK,1,8,1,1,1,0,elevdef,0.452,True,OK,1,8,1,1,1,0,area50,0.452,True,OK,1,8,1,1,1,0,True,0,True,valid_T600,3,stable
2521070,9,111.1,low,9,9,False,topology_pfaf,0.265,False,outlets=9; parent_components=9; down_components=8; up_to_down_edges=0,1,8,1,8,0,0,topology_pfaf,0.265,False,outlets=9; parent_components=9; down_components=8; up_to_down_edges=0,1,8,1,8,0,0,topology_pfaf,0.265,False,outlets=9; parent_components=9; down_components=8; up_to_down_edges=0,1,8,1,8,0,0,topology_pfaf,0.265,False,outlets=9; parent_components=9; down_components=8; up_to_down_edges=0,1,8,1,8,0,0,topology_pfaf,0.265,False,outlets=9; parent_components=9; down_components=8; up_to_down_edges=0,1,8,1,8,0,0,topology_pfaf,0.265,False,outlets=9; parent_components=9; down_components=8; up_to_down_edges=0,1,8,1,8,0,0,elevdef,0.265,False,outlets=9; parent_components=9; down_components=8; up_to_down_edges=0,1,8,1,8,0,0,area50,0.265,False,outlets=9; parent_components=9; down_components=8; up_to_down_edges=0,1,8,1,8,0,0,False,0,True,invalid_multi_outlet,0,T600_invalid
2521080,9,128.4,low,1,1,False,topology_pfaf,0.572,True,OK,5,4,1,1,1,0,topology_pfaf,0.572,True,OK,5,4,1,1,1,0,topology_pfaf,0.572,True,OK,5,4,1,1,1,0,topology_pfaf,0.572,True,OK,5,4,1,1,1,0,topology_pfaf,0.572,True,OK,5,4,1,1,1,0,topology_pfaf,0.572,True,OK,5,4,1,1,1,0,elevdef,0.572,True,OK,5,4,1,1,1,0,area50,0.572,True,OK,5,4,1,1,1,0,True,0,True,valid_T600,3,stable
2522003,9,58.8,low,1,1,False,topology_pfaf,0.423,True,OK,5,4,1,1,1,0,topology_pfaf,0.423,True,OK,5,4,1,1,1,0,topology_pfaf,0.423,True,OK,5,4,1,1,1,0,topology_pfaf,0.423,True,OK,5,4,1,1,1,0,topology_pfaf,0.423,True,OK,5,4,1,1,1,0,topology_pfaf,0.423,True,OK,5,4,1,1,1,0,elevdef,0.746,True,OK,7,2,1,1,1,0,area50,0.423,True,OK,5,4,1,1,1,0,True,0,True,valid_T600,3,stable
2522006,9,142.6,low,1,1,False,topology_pfaf,0.547,True,OK,5,4,1,1,1,0,topology_pfaf,0.547,True,OK,5,4,1,1,1,0,topology_pfaf,0.547,True,OK,5,4,1,1,1,0,topology_pfaf,0.547,True,OK,5,4,1,1,1,0,topology_pfaf,0.547,True,OK,5,4,1,1,1,0,topology_pfaf,0.547,True,OK,5,4,1,1,1,0,elevdef,0.547,True,OK,5,4,1,1,1,0,area50,0.547,True,OK,5,4,1,1,1,0,True,0,True,valid_T600,3,stable
2522007,9,173.7,low,1,1,False,topology_pfaf,0.428,True,OK,5,4,1,1,1,0,topology_pfaf,0.428,True,OK,5,4,1,1,1,0,topology_pfaf,0.428,True,OK,5,4,1,1,1,0,topology_pfaf,0.428,True,OK,5,4,1,1,1,0,topology_pfaf,0.428,True,OK,5,4,1,1,1,0,topology_pfaf,0.428,True,OK,5,4,1,1,1,0,elevdef,0.428,True,OK,5,4,1,1,1,0,area50,0.428,True,OK,5,4,1,1,1,0,True,0,True,valid_T600,3,stable
2524006,9,94.4,low,1,1,False,topology_pfaf,0.61,True,OK,5,4,1,1,1,0,topology_pfaf,0.61,True,OK,5,4,1,1,1,0,topology_pfaf,0.61,True,OK,5,4,1,1,1,0,topology_pfaf,0.61,True,OK,5,4,1,1,1,0,topology_pfaf,0.61,True,OK,5,4,1,1,1,0,topology_pfaf,0.61,True,OK,5,4,1,1,1,0,elevdef,0.61,True,OK,5,4,1,1,1,0,area50,0.61,True,OK,5,4,1,1,1,0,True,0,True,valid_T600,3,stable
2525506,9,187.0,low,1,1,False,topology_pfaf,0.697,True,OK,5,4,1,1,1,0,topology_pfaf,0.697,True,OK,5,4,1,1,1,0,topology_pfaf,0.697,True,OK,5,4,1,1,1,0,topology_pfaf,0.697,True,OK,5,4,1,1,1,0,topology_pfaf,0.697,True,OK,5,4,1,1,1,0,topology_pfaf,0.697,True,OK,5,4,1,1,1,0,elevdef,0.697,True,OK,5,4,1,1,1,0,area50,0.697,True,OK,5,4,1,1,1,0,True,0,True,valid_T600,3,stable
2525604,9,135.1,low,1,1,False,topology_pfaf,0.465,True,OK,5,4,1,1,1,0,topology_pfaf,0.465,True,OK,5,4,1,1,1,0,topology_pfaf,0.465,True,OK,5,4,1,1,1,0,topology_pfaf,0.465,True,OK,5,4,1,1,1,0,topology_pfaf,0.465,True,OK,5,4,1,1,1,0,topology_pfaf,0.465,True,OK,5,4,1,1,1,0,elevdef,0.465,True,OK,5,4,1,1,1,0,area50,0.465,True,OK,5,4,1,1,1,0,True,0,True,valid_T600,3,stable
2526045,9,45.5,low,1,1,False,topology_pfaf,0.667,True,OK,5,4,1,1,1,0,topology_pfaf,0.667,True,OK,5,4,1,1,1,0,topology_pfaf,0.667,True,OK,5,4,1,1,1,0,topology_pfaf,0.667,True,OK,5,4,1,1,1,0,topology_pfaf,0.667,True,OK,5,4,1,1,1,0,topology_pfaf,0.667,True,OK,5,4,1,1,1,0,elevdef,0.755,True,OK,7,2,1,1,1,0,area50,0.667,True,OK,5,4,1,1,1,0,True,0,True,valid_T600,3,stable
2526090,9,32.6,low,1,1,False,topology_pfaf,0.789,True,OK,5,4,1,1,1,0,topology_pfaf,0.789,True,OK,5,4,1,1,1,0,topology_pfaf,0.789,True,OK,5,4,1,1,1,0,topology_pfaf,0.789,True,OK,5,4,1,1,1,0,topology_pfaf,0.789,True,OK,5,4,1,1,1,0,topology_pfaf,0.789,True,OK,5,4,1,1,1,0,elevdef,0.484,True,OK,3,6,1,1,1,0,area50,0.484,True,OK,3,6,1,1,1,0,True,0,True,valid_T600,3,stable
2612010,9,39.7,low,1,1,False,topology_pfaf,0.76,True,OK,5,4,1,1,1,0,topology_pfaf,0.76,True,OK,5,4,1,1,1,0,topology_pfaf,0.76,True,OK,5,4,1,1,1,0,topology_pfaf,0.76,True,OK,5,4,1,1,1,0,topology_pfaf,0.76,True,OK,5,4,1,1,1,0,topology_pfaf,0.76,True,OK,5,4,1,1,1,0,elevdef,0.76,True,OK,5,4,1,1,1,0,area50,0.594,True,OK,1,8,1,1,1,0,True,0,True,valid_T600,3,stable
2612098,9,65.0,low,1,1,False,topology_pfaf,0.396,True,OK,3,6,1,1,1,0,topology_pfaf,0.396,True,OK,3,6,1,1,1,0,topology_pfaf,0.396,True,OK,3,6,1,1,1,0,topology_pfaf,0.396,True,OK,3,6,1,1,1,0,topology_pfaf,0.396,True,OK,3,6,1,1,1,0,topology_pfaf,0.396,True,OK,3,6,1,1,1,0,elevdef,0.553,True,OK,5,4,1,1,1,0,area50,0.553,True,OK,5,4,1,1,1,0,True,0,True,valid_T600,3,stable
2614660,7,51.0,low,1,1,False,topology_pfaf,0.217,True,OK,1,6,1,1,1,0,topology_pfaf,0.217,True,OK,1,6,1,1,1,0,topology_pfaf,0.217,True,OK,1,6,1,1,1,0,topology_pfaf,0.217,True,OK,1,6,1,1,1,0,topology_pfaf,0.217,True,OK,1,6,1,1,1,0,topology_pfaf,0.217,True,OK,1,6,1,1,1,0,elevdef,0.449,True,OK,3,4,1,1,1,0,area50,0.449,True,OK,3,4,1,1,1,0,True,0,True,valid_T600,3,stable
2614804,9,36.7,low,1,1,False,topology_pfaf,0.532,True,OK,5,4,1,1,1,0,topology_pfaf,0.532,True,OK,5,4,1,1,1,0,topology_pfaf,0.532,True,OK,5,4,1,1,1,0,topology_pfaf,0.532,True,OK,5,4,1,1,1,0,topology_pfaf,0.532,True,OK,5,4,1,1,1,0,topology_pfaf,0.532,True,OK,5,4,1,1,1,0,elevdef,0.532,True,OK,5,4,1,1,1,0,area50,0.532,True,OK,5,4,1,1,1,0,True,0,True,valid_T600,3,stable
2615030,9,66.7,low,9,9,False,topology_pfaf,0.277,False,outlets=9; parent_components=9; down_components=8; up_to_down_edges=0,1,8,1,8,0,0,topology_pfaf,0.277,False,outlets=9; parent_components=9; down_components=8; up_to_down_edges=0,1,8,1,8,0,0,topology_pfaf,0.277,False,outlets=9; parent_components=9; down_components=8; up_to_down_edges=0,1,8,1,8,0,0,topology_pfaf,0.277,False,outlets=9; parent_components=9; down_components=8; up_to_down_edges=0,1,8,1,8,0,0,topology_pfaf,0.277,False,outlets=9; parent_components=9; down_components=8; up_to_down_edges=0,1,8,1,8,0,0,topology_pfaf,0.277,False,outlets=9; parent_components=9; down_components=8; up_to_down_edges=0,1,8,1,8,0,0,elevdef,0.277,False,outlets=9; parent_components=9; down_components=8; up_to_down_edges=0,1,8,1,8,0,0,area50,0.277,False,outlets=9; parent_components=9; down_components=8; up_to_down_edges=0,1,8,1,8,0,0,False,0,True,invalid_multi_outlet,0,T600_invalid
2616043,9,94.4,low,1,1,False,topology_pfaf,0.568,True,OK,5,4,1,1,1,0,topology_pfaf,0.568,True,OK,5,4,1,1,1,0,topology_pfaf,0.568,True,OK,5,4,1,1,1,0,topology_pfaf,0.568,True,OK,5,4,1,1,1,0,topology_pfaf,0.568,True,OK,5,4,1,1,1,0,topology_pfaf,0.568,True,OK,5,4,1,1,1,0,elevdef,0.568,True,OK,5,4,1,1,1,0,area50,0.468,True,OK,3,6,1,1,1,0,True,0,True,valid_T600,3,stable
2618605,9,64.2,low,1,1,False,topology_pfaf,0.675,True,OK,5,4,1,1,1,0,topology_pfaf,0.675,True,OK,5,4,1,1,1,0,topology_pfaf,0.675,True,OK,5,4,1,1,1,0,topology_pfaf,0.675,True,OK,5,4,1,1,1,0,topology_pfaf,0.675,True,OK,5,4,1,1,1,0,topology_pfaf,0.675,True,OK,5,4,1,1,1,0,elevdef,0.675,True,OK,5,4,1,1,1,0,area50,0.362,True,OK,3,6,1,1,1,0,True,0,True,valid_T600,3,stable
2710200,9,520.8,mixed,1,1,False,elevation,0.534,True,OK,3,6,1,1,1,0,elevation,0.534,True,OK,3,6,1,1,1,0,elevation,0.534,True,OK,3,6,1,1,1,0,topology_pfaf,0.667,True,OK,5,4,1,1,1,0,topology_pfaf,0.667,True,OK,5,4,1,1,1,0,topology_pfaf,0.667,True,OK,5,4,1,1,1,0,elevdef,0.534,True,OK,3,6,1,1,1,0,area50,0.534,True,OK,3,6,1,1,1,0,True,2,False,valid_T600,2,label_change
2710340,9,436.1,mixed,1,1,False,elevation,0.813,True,OK,7,2,1,1,1,0,elevation,0.813,True,OK,7,2,1,1,1,0,topology_pfaf,0.628,True,OK,5,4,1,1,1,0,topology_pfaf,0.628,True,OK,5,4,1,1,1,0,topology_pfaf,0.628,True,OK,5,4,1,1,1,0,topology_pfaf,0.628,True,OK,5,4,1,1,1,0,elevdef,0.813,True,OK,7,2,1,1,1,0,area50,0.628,True,OK,5,4,1,1,1,0,True,2,False,valid_T600,2,label_change
2710350,9,319.2,mixed,9,9,False,elevation,0.276,False,outlets=9; parent_components=9; down_components=8; up_to_down_edges=0,1,8,1,8,0,0,topology_pfaf,0.276,False,outlets=9; parent_components=9; down_components=8; up_to_down_edges=0,1,8,1,8,0,0,topology_pfaf,0.276,False,outlets=9; parent_components=9; down_components=8; up_to_down_edges=0,1,8,1,8,0,0,topology_pfaf,0.276,False,outlets=9; parent_components=9; down_components=8; up_to_down_edges=0,1,8,1,8,0,0,topology_pfaf,0.276,False,outlets=9; parent_components=9; down_components=8; up_to_down_edges=0,1,8,1,8,0,0,topology_pfaf,0.276,False,outlets=9; parent_components=9; down_components=8; up_to_down_edges=0,1,8,1,8,0,0,elevdef,0.276,False,outlets=9; parent_components=9; down_components=8; up_to_down_edges=0,1,8,1,8,0,0,area50,0.276,False,outlets=9; parent_components=9; down_components=8; up_to_down_edges=0,1,8,1,8,0,0,False,0,True,invalid_multi_outlet,0,T600_invalid
2710360,9,711.7,high,1,1,False,elevation,0.665,True,OK,5,4,1,1,1,0,elevation,0.665,True,OK,5,4,1,1,1,0,elevation,0.665,True,OK,5,4,1,1,1,0,elevation,0.665,True,OK,5,4,1,1,1,0,elevation,0.665,True,OK,5,4,1,1,1,0,topology_pfaf,0.272,True,OK,3,6,1,1,1,0,elevdef,0.665,True,OK,5,4,1,1,1,0,area50,0.665,True,OK,5,4,1,1,1,0,True,2,False,valid_T600,2,label_change
2710400,9,775.8,high,1,1,False,elevation,0.641,True,OK,7,2,1,1,1,0,elevation,0.641,True,OK,7,2,1,1,1,0,elevation,0.641,True,OK,7,2,1,1,1,0,elevation,0.641,True,OK,7,2,1,1,1,0,elevation,0.641,True,OK,7,2,1,1,1,0,topology_pfaf,0.381,True,OK,5,4,1,1,1,0,elevdef,0.641,True,OK,7,2,1,1,1,0,area50,0.381,True,OK,5,4,1,1,1,0,True,2,False,valid_T600,2,label_change
2710510,9,372.4,mixed,9,9,False,elevation,0.227,False,outlets=9; parent_components=9; down_components=8; up_to_down_edges=0,1,8,1,8,0,0,topology_pfaf,0.227,False,outlets=9; parent_components=9; down_components=8; up_to_down_edges=0,1,8,1,8,0,0,topology_pfaf,0.227,False,outlets=9; parent_components=9; down_components=8; up_to_down_edges=0,1,8,1,8,0,0,topology_pfaf,0.227,False,outlets=9; parent_components=9; down_components=8; up_to_down_edges=0,1,8,1,8,0,0,topology_pfaf,0.227,False,outlets=9; parent_components=9; down_components=8; up_to_down_edges=0,1,8,1,8,0,0,topology_pfaf,0.227,False,outlets=9; parent_components=9; down_components=8; up_to_down_edges=0,1,8,1,8,0,0,elevdef,0.227,False,outlets=9; parent_components=9; down_components=8; up_to_down_edges=0,1,8,1,8,0,0,area50,0.227,False,outlets=9; parent_components=9; down_components=8; up_to_down_edges=0,1,8,1,8,0,0,False,0,True,invalid_multi_outlet,0,T600_invalid
2710540,9,569.5,mixed,1,1,False,elevation,0.514,True,OK,3,6,1,1,1,0,elevation,0.514,True,OK,3,6,1,1,1,0,elevation,0.514,True,OK,3,6,1,1,1,0,topology_pfaf,0.726,True,OK,5,4,1,1,1,0,topology_pfaf,0.726,True,OK,5,4,1,1,1,0,topology_pfaf,0.726,True,OK,5,4,1,1,1,0,elevdef,0.514,True,OK,3,6,1,1,1,0,area50,0.514,True,OK,3,6,1,1,1,0,True,2,False,valid_T600,2,label_change
2710550,9,605.5,high,9,9,False,elevation,0.251,False,outlets=9; parent_components=9; down_components=8; up_to_down_edges=0,1,8,1,8,0,0,elevation,0.251,False,outlets=9; parent_components=9; down_components=8; up_to_down_edges=0,1,8,1,8,0,0,elevation,0.251,False,outlets=9; parent_components=9; down_components=8; up_to_down_edges=0,1,8,1,8,0,0,elevation,0.251,False,outlets=9; parent_components=9; down_components=8; up_to_down_edges=0,1,8,1,8,0,0,topology_pfaf,0.251,False,outlets=9; parent_components=9; down_components=8; up_to_down_edges=0,1,8,1,8,0,0,topology_pfaf,0.251,False,outlets=9; parent_components=9; down_components=8; up_to_down_edges=0,1,8,1,8,0,0,elevdef,0.251,False,outlets=9; parent_components=9; down_components=8; up_to_down_edges=0,1,8,1,8,0,0,area50,0.251,False,outlets=9; parent_components=9; down_components=8; up_to_down_edges=0,1,8,1,8,0,0,False,0,True,invalid_multi_outlet,0,T600_invalid
2710570,9,686.6,high,9,9,False,elevation,0.237,False,outlets=9; parent_components=9; down_components=8; up_to_down_edges=0,1,8,1,8,0,0,elevation,0.237,False,outlets=9; parent_components=9; down_components=8; up_to_down_edges=0,1,8,1,8,0,0,elevation,0.237,False,outlets=9; parent_components=9; down_components=8; up_to_down_edges=0,1,8,1,8,0,0,elevation,0.237,False,outlets=9; parent_components=9; down_components=8; up_to_down_edges=0,1,8,1,8,0,0,topology_pfaf,0.237,False,outlets=9; parent_components=9; down_components=8; up_to_down_edges=0,1,8,1,8,0,0,topology_pfaf,0.237,False,outlets=9; parent_components=9; down_components=8; up_to_down_edges=0,1,8,1,8,0,0,elevdef,0.237,False,outlets=9; parent_components=9; down_components=8; up_to_down_edges=0,1,8,1,8,0,0,area50,0.237,False,outlets=9; parent_components=9; down_components=8; up_to_down_edges=0,1,8,1,8,0,0,False,0,True,invalid_multi_outlet,0,T600_invalid
2710590,9,623.0,high,9,9,False,elevation,0.272,False,outlets=9; parent_components=9; down_components=8; up_to_down_edges=0,1,8,1,8,0,0,elevation,0.272,False,outlets=9; parent_components=9; down_components=8; up_to_down_edges=0,1,8,1,8,0,0,elevation,0.272,False,outlets=9; parent_components=9; down_components=8; up_to_down_edges=0,1,8,1,8,0,0,elevation,0.272,False,outlets=9; parent_components=9; down_components=8; up_to_down_edges=0,1,8,1,8,0,0,topology_pfaf,0.272,False,outlets=9; parent_components=9; down_components=8; up_to_down_edges=0,1,8,1,8,0,0,topology_pfaf,0.272,False,outlets=9; parent_components=9; down_components=8; up_to_down_edges=0,1,8,1,8,0,0,elevdef,0.272,False,outlets=9; parent_components=9; down_components=8; up_to_down_edges=0,1,8,1,8,0,0,area50,0.272,False,outlets=9; parent_components=9; down_components=8; up_to_down_edges=0,1,8,1,8,0,0,False,0,True,invalid_multi_outlet,0,T600_invalid
2710800,9,612.8,high,1,1,False,elevation,0.63,True,OK,5,4,1,1,1,0,elevation,0.63,True,OK,5,4,1,1,1,0,elevation,0.63,True,OK,5,4,1,1,1,0,elevation,0.63,True,OK,5,4,1,1,1,0,topology_pfaf,0.63,True,OK,5,4,1,1,1,0,topology_pfaf,0.63,True,OK,5,4,1,1,1,0,elevdef,0.63,True,OK,5,4,1,1,1,0,area50,0.459,True,OK,3,6,1,1,1,0,True,0,True,valid_T600,3,stable
2828160,9,75.0,low,1,1,False,topology_pfaf,0.634,True,OK,5,4,1,1,1,0,topology_pfaf,0.634,True,OK,5,4,1,1,1,0,topology_pfaf,0.634,True,OK,5,4,1,1,1,0,topology_pfaf,0.634,True,OK,5,4,1,1,1,0,topology_pfaf,0.634,True,OK,5,4,1,1,1,0,topology_pfaf,0.634,True,OK,5,4,1,1,1,0,elevdef,0.686,True,OK,7,2,1,1,1,0,area50,0.634,True,OK,5,4,1,1,1,0,True,0,True,valid_T600,3,stable
2828430,9,66.9,low,1,1,False,topology_pfaf,0.536,True,OK,5,4,1,1,1,0,topology_pfaf,0.536,True,OK,5,4,1,1,1,0,topology_pfaf,0.536,True,OK,5,4,1,1,1,0,topology_pfaf,0.536,True,OK,5,4,1,1,1,0,topology_pfaf,0.536,True,OK,5,4,1,1,1,0,topology_pfaf,0.536,True,OK,5,4,1,1,1,0,elevdef,0.536,True,OK,5,4,1,1,1,0,area50,0.536,True,OK,5,4,1,1,1,0,True,0,True,valid_T600,3,stable
2828990,9,198.5,low,1,1,False,topology_pfaf,0.548,True,OK,5,4,1,1,1,0,topology_pfaf,0.548,True,OK,5,4,1,1,1,0,topology_pfaf,0.548,True,OK,5,4,1,1,1,0,topology_pfaf,0.548,True,OK,5,4,1,1,1,0,topology_pfaf,0.548,True,OK,5,4,1,1,1,0,topology_pfaf,0.548,True,OK,5,4,1,1,1,0,elevdef,0.548,True,OK,5,4,1,1,1,0,area50,0.548,True,OK,5,4,1,1,1,0,True,0,True,valid_T600,3,stable
2831629,9,64.4,low,1,1,False,topology_pfaf,0.389,True,OK,3,6,1,1,1,0,topology_pfaf,0.389,True,OK,3,6,1,1,1,0,topology_pfaf,0.389,True,OK,3,6,1,1,1,0,topology_pfaf,0.389,True,OK,3,6,1,1,1,0,topology_pfaf,0.389,True,OK,3,6,1,1,1,0,topology_pfaf,0.389,True,OK,3,6,1,1,1,0,elevdef,0.561,True,OK,5,4,1,1,1,0,area50,0.561,True,OK,5,4,1,1,1,0,True,0,True,valid_T600,3,stable
2831702,9,82.4,low,1,1,False,topology_pfaf,0.486,True,OK,5,4,1,1,1,0,topology_pfaf,0.486,True,OK,5,4,1,1,1,0,topology_pfaf,0.486,True,OK,5,4,1,1,1,0,topology_pfaf,0.486,True,OK,5,4,1,1,1,0,topology_pfaf,0.486,True,OK,5,4,1,1,1,0,topology_pfaf,0.486,True,OK,5,4,1,1,1,0,elevdef,0.593,True,OK,7,2,1,1,1,0,area50,0.486,True,OK,5,4,1,1,1,0,True,0,True,valid_T600,3,stable
2831806,9,37.0,low,1,1,False,topology_pfaf,0.412,True,OK,5,4,1,1,1,0,topology_pfaf,0.412,True,OK,5,4,1,1,1,0,topology_pfaf,0.412,True,OK,5,4,1,1,1,0,topology_pfaf,0.412,True,OK,5,4,1,1,1,0,topology_pfaf,0.412,True,OK,5,4,1,1,1,0,topology_pfaf,0.412,True,OK,5,4,1,1,1,0,elevdef,0.412,True,OK,5,4,1,1,1,0,area50,0.412,True,OK,5,4,1,1,1,0,True,0,True,valid_T600,3,stable
2832418,9,68.0,low,1,1,False,topology_pfaf,0.414,True,OK,3,6,1,1,1,0,topology_pfaf,0.414,True,OK,3,6,1,1,1,0,topology_pfaf,0.414,True,OK,3,6,1,1,1,0,topology_pfaf,0.414,True,OK,3,6,1,1,1,0,topology_pfaf,0.414,True,OK,3,6,1,1,1,0,topology_pfaf,0.414,True,OK,3,6,1,1,1,0,elevdef,0.414,True,OK,3,6,1,1,1,0,area50,0.414,True,OK,3,6,1,1,1,0,True,0,True,valid_T600,3,stable
2832444,9,433.7,mixed,1,1,False,elevation,1.0,False,empty_downstream; down_components=0; up_to_down_edges=0; visual_inverted,9,0,1,0,0,0,elevation,1.0,False,empty_downstream; down_components=0; up_to_down_edges=0; visual_inverted,9,0,1,0,0,0,topology_pfaf,0.536,False,visual_inverted,1,8,1,1,1,0,topology_pfaf,0.536,False,visual_inverted,1,8,1,1,1,0,topology_pfaf,0.536,False,visual_inverted,1,8,1,1,1,0,topology_pfaf,0.536,False,visual_inverted,1,8,1,1,1,0,elevdef,1.0,False,empty_downstream; down_components=0; up_to_down_edges=0; visual_inverted,9,0,1,0,0,0,area50,0.536,False,visual_inverted,1,8,1,1,1,0,False,8,False,invalid_other,0,T600_invalid
2832448,9,330.5,mixed,1,1,False,elevation,0.498,True,OK,5,4,1,1,1,0,topology_pfaf,0.498,True,OK,5,4,1,1,1,0,topology_pfaf,0.498,True,OK,5,4,1,1,1,0,topology_pfaf,0.498,True,OK,5,4,1,1,1,0,topology_pfaf,0.498,True,OK,5,4,1,1,1,0,topology_pfaf,0.498,True,OK,5,4,1,1,1,0,elevdef,0.498,True,OK,5,4,1,1,1,0,area50,0.498,True,OK,5,4,1,1,1,0,True,0,True,valid_T600,3,stable
2832999,9,20.4,low,1,1,False,topology_pfaf,0.514,True,OK,5,4,1,1,1,0,topology_pfaf,0.514,True,OK,5,4,1,1,1,0,topology_pfaf,0.514,True,OK,5,4,1,1,1,0,topology_pfaf,0.514,True,OK,5,4,1,1,1,0,topology_pfaf,0.514,True,OK,5,4,1,1,1,0,topology_pfaf,0.514,True,OK,5,4,1,1,1,0,elevdef,0.514,True,OK,5,4,1,1,1,0,area50,0.514,True,OK,5,4,1,1,1,0,True,0,True,valid_T600,3,stable
2833010,7,55.4,low,1,1,False,topology_pfaf,0.775,True,OK,3,4,1,1,1,0,topology_pfaf,0.775,True,OK,3,4,1,1,1,0,topology_pfaf,0.775,True,OK,3,4,1,1,1,0,topology_pfaf,0.775,True,OK,3,4,1,1,1,0,topology_pfaf,0.775,True,OK,3,4,1,1,1,0,topology_pfaf,0.775,True,OK,3,4,1,1,1,0,elevdef,0.775,True,OK,3,4,1,1,1,0,area50,0.698,True,OK,1,6,1,1,1,0,True,0,True,valid_T600,3,stable
2833086,9,34.9,low,1,1,False,topology_pfaf,0.334,True,OK,5,4,1,1,1,0,topology_pfaf,0.334,True,OK,5,4,1,1,1,0,topology_pfaf,0.334,True,OK,5,4,1,1,1,0,topology_pfaf,0.334,True,OK,5,4,1,1,1,0,topology_pfaf,0.334,True,OK,5,4,1,1,1,0,topology_pfaf,0.334,True,OK,5,4,1,1,1,0,elevdef,0.665,True,OK,7,2,1,1,1,0,area50,0.665,True,OK,7,2,1,1,1,0,True,0,True,valid_T600,3,stable
2833089,9,33.1,low,1,1,False,topology_pfaf,0.576,True,OK,5,4,1,1,1,0,topology_pfaf,0.576,True,OK,5,4,1,1,1,0,topology_pfaf,0.576,True,OK,5,4,1,1,1,0,topology_pfaf,0.576,True,OK,5,4,1,1,1,0,topology_pfaf,0.576,True,OK,5,4,1,1,1,0,topology_pfaf,0.576,True,OK,5,4,1,1,1,0,elevdef,0.576,True,OK,5,4,1,1,1,0,area50,0.576,True,OK,5,4,1,1,1,0,True,0,True,valid_T600,3,stable
2834044,9,49.3,low,1,1,False,topology_pfaf,0.345,True,OK,3,6,1,1,1,0,topology_pfaf,0.345,True,OK,3,6,1,1,1,0,topology_pfaf,0.345,True,OK,3,6,1,1,1,0,topology_pfaf,0.345,True,OK,3,6,1,1,1,0,topology_pfaf,0.345,True,OK,3,6,1,1,1,0,topology_pfaf,0.345,True,OK,3,6,1,1,1,0,elevdef,0.599,True,OK,5,4,1,1,1,0,area50,0.599,True,OK,5,4,1,1,1,0,True,0,True,valid_T600,3,stable
2835004,9,52.4,low,1,1,False,topology_pfaf,0.289,True,OK,5,4,1,1,1,0,topology_pfaf,0.289,True,OK,5,4,1,1,1,0,topology_pfaf,0.289,True,OK,5,4,1,1,1,0,topology_pfaf,0.289,True,OK,5,4,1,1,1,0,topology_pfaf,0.289,True,OK,5,4,1,1,1,0,topology_pfaf,0.289,True,OK,5,4,1,1,1,0,elevdef,0.863,True,OK,7,2,1,1,1,0,area50,0.289,True,OK,5,4,1,1,1,0,True,0,True,valid_T600,3,stable
2836100,9,38.3,low,1,1,False,topology_pfaf,0.244,True,OK,3,6,1,1,1,0,topology_pfaf,0.244,True,OK,3,6,1,1,1,0,topology_pfaf,0.244,True,OK,3,6,1,1,1,0,topology_pfaf,0.244,True,OK,3,6,1,1,1,0,topology_pfaf,0.244,True,OK,3,6,1,1,1,0,topology_pfaf,0.244,True,OK,3,6,1,1,1,0,elevdef,0.527,True,OK,5,4,1,1,1,0,area50,0.527,True,OK,5,4,1,1,1,0,True,0,True,valid_T600,3,stable
2836202,9,57.6,low,1,1,False,topology_pfaf,0.714,True,OK,5,4,1,1,1,0,topology_pfaf,0.714,True,OK,5,4,1,1,1,0,topology_pfaf,0.714,True,OK,5,4,1,1,1,0,topology_pfaf,0.714,True,OK,5,4,1,1,1,0,topology_pfaf,0.714,True,OK,5,4,1,1,1,0,topology_pfaf,0.714,True,OK,5,4,1,1,1,0,elevdef,0.714,True,OK,5,4,1,1,1,0,area50,0.389,True,OK,3,6,1,1,1,0,True,0,True,valid_T600,3,stable
2836648,9,25.9,low,1,1,False,topology_pfaf,0.454,True,OK,5,4,1,1,1,0,topology_pfaf,0.454,True,OK,5,4,1,1,1,0,topology_pfaf,0.454,True,OK,5,4,1,1,1,0,topology_pfaf,0.454,True,OK,5,4,1,1,1,0,topology_pfaf,0.454,True,OK,5,4,1,1,1,0,topology_pfaf,0.454,True,OK,5,4,1,1,1,0,elevdef,0.602,True,OK,7,2,1,1,1,0,area50,0.454,True,OK,5,4,1,1,1,0,True,0,True,valid_T600,3,stable
2837029,9,48.5,low,1,1,False,topology_pfaf,0.394,True,OK,3,6,1,1,1,0,topology_pfaf,0.394,True,OK,3,6,1,1,1,0,topology_pfaf,0.394,True,OK,3,6,1,1,1,0,topology_pfaf,0.394,True,OK,3,6,1,1,1,0,topology_pfaf,0.394,True,OK,3,6,1,1,1,0,topology_pfaf,0.394,True,OK,3,6,1,1,1,0,elevdef,0.394,True,OK,3,6,1,1,1,0,area50,0.394,True,OK,3,6,1,1,1,0,True,0,True,valid_T600,3,stable
2837040,5,45.3,low,1,1,False,topology_dist,1.0,False,empty_downstream; down_components=0; up_to_down_edges=0,5,0,1,0,0,0,topology_dist,1.0,False,empty_downstream; down_components=0; up_to_down_edges=0,5,0,1,0,0,0,topology_dist,1.0,False,empty_downstream; down_components=0; up_to_down_edges=0,5,0,1,0,0,0,topology_dist,1.0,False,empty_downstream; down_components=0; up_to_down_edges=0,5,0,1,0,0,0,topology_dist,1.0,False,empty_downstream; down_components=0; up_to_down_edges=0,5,0,1,0,0,0,topology_dist,1.0,False,empty_downstream; down_components=0; up_to_down_edges=0,5,0,1,0,0,0,elevdef,1.0,False,empty_downstream; down_components=0; up_to_down_edges=0,5,0,1,0,0,0,area50,0.474,True,OK,1,4,1,1,1,0,False,0,True,invalid_one_sided,0,T600_invalid
2837060,9,59.3,low,1,1,False,topology_pfaf,0.251,True,OK,3,6,1,1,1,0,topology_pfaf,0.251,True,OK,3,6,1,1,1,0,topology_pfaf,0.251,True,OK,3,6,1,1,1,0,topology_pfaf,0.251,True,OK,3,6,1,1,1,0,topology_pfaf,0.251,True,OK,3,6,1,1,1,0,topology_pfaf,0.251,True,OK,3,6,1,1,1,0,elevdef,0.608,True,OK,7,2,1,1,1,0,area50,0.404,True,OK,5,4,1,1,1,0,True,0,True,valid_T600,3,stable
2839500,9,29.1,low,1,1,False,topology_pfaf,0.434,True,OK,5,4,1,1,1,0,topology_pfaf,0.434,True,OK,5,4,1,1,1,0,topology_pfaf,0.434,True,OK,5,4,1,1,1,0,topology_pfaf,0.434,True,OK,5,4,1,1,1,0,topology_pfaf,0.434,True,OK,5,4,1,1,1,0,topology_pfaf,0.434,True,OK,5,4,1,1,1,0,elevdef,0.879,True,OK,7,2,1,1,1,0,area50,0.434,True,OK,5,4,1,1,1,0,True,0,True,valid_T600,3,stable
2839702,9,43.3,low,1,1,False,topology_pfaf,0.377,True,OK,5,4,1,1,1,0,topology_pfaf,0.377,True,OK,5,4,1,1,1,0,topology_pfaf,0.377,True,OK,5,4,1,1,1,0,topology_pfaf,0.377,True,OK,5,4,1,1,1,0,topology_pfaf,0.377,True,OK,5,4,1,1,1,0,topology_pfaf,0.377,True,OK,5,4,1,1,1,0,elevdef,0.47,True,OK,7,2,1,1,1,0,area50,0.47,True,OK,7,2,1,1,1,0,True,0,True,valid_T600,3,stable
2847007,9,1039.9,high,9,9,False,elevation,0.28,False,outlets=9; parent_components=9; down_components=8; up_to_down_edges=0,1,8,1,8,0,0,elevation,0.28,False,outlets=9; parent_components=9; down_components=8; up_to_down_edges=0,1,8,1,8,0,0,elevation,0.28,False,outlets=9; parent_components=9; down_components=8; up_to_down_edges=0,1,8,1,8,0,0,elevation,0.28,False,outlets=9; parent_components=9; down_components=8; up_to_down_edges=0,1,8,1,8,0,0,elevation,0.28,False,outlets=9; parent_components=9; down_components=8; up_to_down_edges=0,1,8,1,8,0,0,elevation,0.28,False,outlets=9; parent_components=9; down_components=8; up_to_down_edges=0,1,8,1,8,0,0,elevdef,0.28,False,outlets=9; parent_components=9; down_components=8; up_to_down_edges=0,1,8,1,8,0,0,area50,0.28,False,outlets=9; parent_components=9; down_components=8; up_to_down_edges=0,1,8,1,8,0,0,False,0,True,invalid_multi_outlet,0,T600_invalid
2921099,9,447.2,mixed,1,1,False,elevation,0.496,True,OK,3,6,1,1,1,0,elevation,0.496,True,OK,3,6,1,1,1,0,topology_pfaf,0.741,True,OK,5,4,1,1,1,0,topology_pfaf,0.741,True,OK,5,4,1,1,1,0,topology_pfaf,0.741,True,OK,5,4,1,1,1,0,topology_pfaf,0.741,True,OK,5,4,1,1,1,0,elevdef,0.496,True,OK,3,6,1,1,1,0,area50,0.496,True,OK,3,6,1,1,1,0,True,2,False,valid_T600,2,label_change
3120149,9,29.7,low,1,1,False,topology_pfaf,0.488,True,OK,5,4,1,1,1,0,topology_pfaf,0.488,True,OK,5,4,1,1,1,0,topology_pfaf,0.488,True,OK,5,4,1,1,1,0,topology_pfaf,0.488,True,OK,5,4,1,1,1,0,topology_pfaf,0.488,True,OK,5,4,1,1,1,0,topology_pfaf,0.488,True,OK,5,4,1,1,1,0,elevdef,0.488,True,OK,5,4,1,1,1,0,area50,0.488,True,OK,5,4,1,1,1,0,True,0,True,valid_T600,3,stable
3120455,7,42.5,low,1,1,False,topology_pfaf,0.284,True,OK,3,4,1,1,1,0,topology_pfaf,0.284,True,OK,3,4,1,1,1,0,topology_pfaf,0.284,True,OK,3,4,1,1,1,0,topology_pfaf,0.284,True,OK,3,4,1,1,1,0,topology_pfaf,0.284,True,OK,3,4,1,1,1,0,topology_pfaf,0.284,True,OK,3,4,1,1,1,0,elevdef,0.454,True,OK,5,2,1,1,1,0,area50,0.454,True,OK,5,2,1,1,1,0,True,0,True,valid_T600,3,stable
3121080,9,321.0,mixed,1,1,False,elevation,0.494,True,OK,5,4,1,1,1,0,topology_pfaf,0.494,True,OK,5,4,1,1,1,0,topology_pfaf,0.494,True,OK,5,4,1,1,1,0,topology_pfaf,0.494,True,OK,5,4,1,1,1,0,topology_pfaf,0.494,True,OK,5,4,1,1,1,0,topology_pfaf,0.494,True,OK,5,4,1,1,1,0,elevdef,0.494,True,OK,5,4,1,1,1,0,area50,0.494,True,OK,5,4,1,1,1,0,True,0,True,valid_T600,3,stable
3124383,9,26.9,low,1,1,False,topology_pfaf,0.449,True,OK,5,4,1,1,1,0,topology_pfaf,0.449,True,OK,5,4,1,1,1,0,topology_pfaf,0.449,True,OK,5,4,1,1,1,0,topology_pfaf,0.449,True,OK,5,4,1,1,1,0,topology_pfaf,0.449,True,OK,5,4,1,1,1,0,topology_pfaf,0.449,True,OK,5,4,1,1,1,0,elevdef,0.449,True,OK,5,4,1,1,1,0,area50,0.449,True,OK,5,4,1,1,1,0,True,0,True,valid_T600,3,stable
3124451,9,24.0,low,1,1,False,topology_pfaf,0.62,True,OK,5,4,1,1,1,0,topology_pfaf,0.62,True,OK,5,4,1,1,1,0,topology_pfaf,0.62,True,OK,5,4,1,1,1,0,topology_pfaf,0.62,True,OK,5,4,1,1,1,0,topology_pfaf,0.62,True,OK,5,4,1,1,1,0,topology_pfaf,0.62,True,OK,5,4,1,1,1,0,elevdef,0.62,True,OK,5,4,1,1,1,0,area50,0.62,True,OK,5,4,1,1,1,0,True,0,True,valid_T600,3,stable
3124620,9,57.4,low,1,1,False,topology_pfaf,0.513,True,OK,5,4,1,1,1,0,topology_pfaf,0.513,True,OK,5,4,1,1,1,0,topology_pfaf,0.513,True,OK,5,4,1,1,1,0,topology_pfaf,0.513,True,OK,5,4,1,1,1,0,topology_pfaf,0.513,True,OK,5,4,1,1,1,0,topology_pfaf,0.513,True,OK,5,4,1,1,1,0,elevdef,0.513,True,OK,5,4,1,1,1,0,area50,0.513,True,OK,5,4,1,1,1,0,True,0,True,valid_T600,3,stable
3124821,9,81.9,low,1,1,False,topology_pfaf,0.358,True,OK,3,6,1,1,1,0,topology_pfaf,0.358,True,OK,3,6,1,1,1,0,topology_pfaf,0.358,True,OK,3,6,1,1,1,0,topology_pfaf,0.358,True,OK,3,6,1,1,1,0,topology_pfaf,0.358,True,OK,3,6,1,1,1,0,topology_pfaf,0.358,True,OK,3,6,1,1,1,0,elevdef,0.529,True,OK,5,4,1,1,1,0,area50,0.529,True,OK,5,4,1,1,1,0,True,0,True,valid_T600,3,stable
3124826,9,254.5,low,1,1,False,topology_pfaf,0.523,True,OK,5,4,1,1,1,0,topology_pfaf,0.523,True,OK,5,4,1,1,1,0,topology_pfaf,0.523,True,OK,5,4,1,1,1,0,topology_pfaf,0.523,True,OK,5,4,1,1,1,0,topology_pfaf,0.523,True,OK,5,4,1,1,1,0,topology_pfaf,0.523,True,OK,5,4,1,1,1,0,elevdef,0.523,True,OK,5,4,1,1,1,0,area50,0.523,True,OK,5,4,1,1,1,0,True,0,True,valid_T600,3,stable
3124828,9,417.6,mixed,1,1,False,elevation,1.0,False,empty_downstream; down_components=0; up_to_down_edges=0,9,0,1,0,0,0,elevation,1.0,False,empty_downstream; down_components=0; up_to_down_edges=0,9,0,1,0,0,0,topology_pfaf,0.461,True,OK,5,4,1,1,1,0,topology_pfaf,0.461,True,OK,5,4,1,1,1,0,topology_pfaf,0.461,True,OK,5,4,1,1,1,0,topology_pfaf,0.461,True,OK,5,4,1,1,1,0,elevdef,1.0,False,empty_downstream; down_components=0; up_to_down_edges=0,9,0,1,0,0,0,area50,0.461,True,OK,5,4,1,1,1,0,False,4,False,valid_T600,1,threshold_validity_change
3124834,9,87.0,low,1,1,False,topology_pfaf,0.317,True,OK,3,6,1,1,1,0,topology_pfaf,0.317,True,OK,3,6,1,1,1,0,topology_pfaf,0.317,True,OK,3,6,1,1,1,0,topology_pfaf,0.317,True,OK,3,6,1,1,1,0,topology_pfaf,0.317,True,OK,3,6,1,1,1,0,topology_pfaf,0.317,True,OK,3,6,1,1,1,0,elevdef,0.767,True,OK,7,2,1,1,1,0,area50,0.5,True,OK,5,4,1,1,1,0,True,0,True,valid_T600,3,stable
3124843,9,81.3,low,1,1,False,topology_pfaf,0.355,True,OK,5,4,1,1,1,0,topology_pfaf,0.355,True,OK,5,4,1,1,1,0,topology_pfaf,0.355,True,OK,5,4,1,1,1,0,topology_pfaf,0.355,True,OK,5,4,1,1,1,0,topology_pfaf,0.355,True,OK,5,4,1,1,1,0,topology_pfaf,0.355,True,OK,5,4,1,1,1,0,elevdef,0.657,True,OK,7,2,1,1,1,0,area50,0.355,True,OK,5,4,1,1,1,0,True,0,True,valid_T600,3,stable
3124869,9,948.8,high,1,1,False,elevation,0.483,True,OK,5,4,1,1,1,0,elevation,0.483,True,OK,5,4,1,1,1,0,elevation,0.483,True,OK,5,4,1,1,1,0,elevation,0.483,True,OK,5,4,1,1,1,0,elevation,0.483,True,OK,5,4,1,1,1,0,elevation,0.483,True,OK,5,4,1,1,1,0,elevdef,0.483,True,OK,5,4,1,1,1,0,area50,0.483,True,OK,5,4,1,1,1,0,True,0,True,valid_T600,3,stable
3124876,9,905.8,high,1,1,False,elevation,0.624,True,OK,3,6,1,1,1,0,elevation,0.624,True,OK,3,6,1,1,1,0,elevation,0.624,True,OK,3,6,1,1,1,0,elevation,0.624,True,OK,3,6,1,1,1,0,elevation,0.624,True,OK,3,6,1,1,1,0,elevation,0.624,True,OK,3,6,1,1,1,0,elevdef,0.624,True,OK,3,6,1,1,1,0,area50,0.385,True,OK,1,8,1,1,1,0,True,0,True,valid_T600,3,stable
3124885,9,885.3,high,1,1,False,elevation,0.744,True,OK,7,2,1,1,1,0,elevation,0.744,True,OK,7,2,1,1,1,0,elevation,0.744,True,OK,7,2,1,1,1,0,elevation,0.744,True,OK,7,2,1,1,1,0,elevation,0.744,True,OK,7,2,1,1,1,0,elevation,0.744,True,OK,7,2,1,1,1,0,elevdef,0.744,True,OK,7,2,1,1,1,0,area50,0.339,True,OK,5,4,1,1,1,0,True,0,True,valid_T600,3,stable
3124946,7,51.5,low,1,1,False,topology_pfaf,0.38,True,OK,3,4,1,1,1,0,topology_pfaf,0.38,True,OK,3,4,1,1,1,0,topology_pfaf,0.38,True,OK,3,4,1,1,1,0,topology_pfaf,0.38,True,OK,3,4,1,1,1,0,topology_pfaf,0.38,True,OK,3,4,1,1,1,0,topology_pfaf,0.38,True,OK,3,4,1,1,1,0,elevdef,0.712,True,OK,5,2,1,1,1,0,area50,0.38,True,OK,3,4,1,1,1,0,True,0,True,valid_T600,3,stable
3124965,9,98.9,low,1,1,False,topology_pfaf,0.652,True,OK,5,4,1,1,1,0,topology_pfaf,0.652,True,OK,5,4,1,1,1,0,topology_pfaf,0.652,True,OK,5,4,1,1,1,0,topology_pfaf,0.652,True,OK,5,4,1,1,1,0,topology_pfaf,0.652,True,OK,5,4,1,1,1,0,topology_pfaf,0.652,True,OK,5,4,1,1,1,0,elevdef,0.73,True,OK,7,2,1,1,1,0,area50,0.368,True,OK,1,8,1,1,1,0,True,0,True,valid_T600,3,stable
3124997,9,137.5,low,1,1,False,topology_pfaf,0.42,True,OK,5,4,1,1,1,0,topology_pfaf,0.42,True,OK,5,4,1,1,1,0,topology_pfaf,0.42,True,OK,5,4,1,1,1,0,topology_pfaf,0.42,True,OK,5,4,1,1,1,0,topology_pfaf,0.42,True,OK,5,4,1,1,1,0,topology_pfaf,0.42,True,OK,5,4,1,1,1,0,elevdef,0.892,True,OK,7,2,1,1,1,0,area50,0.42,True,OK,5,4,1,1,1,0,True,0,True,valid_T600,3,stable
3126280,9,271.4,low,1,1,False,topology_pfaf,0.324,True,OK,5,4,1,1,1,0,topology_pfaf,0.324,True,OK,5,4,1,1,1,0,topology_pfaf,0.324,True,OK,5,4,1,1,1,0,topology_pfaf,0.324,True,OK,5,4,1,1,1,0,topology_pfaf,0.324,True,OK,5,4,1,1,1,0,topology_pfaf,0.324,True,OK,5,4,1,1,1,0,elevdef,0.434,True,OK,7,2,1,1,1,0,area50,0.434,True,OK,7,2,1,1,1,0,True,0,True,valid_T600,3,stable
3129031,9,68.7,low,1,1,False,topology_pfaf,0.608,True,OK,5,4,1,1,1,0,topology_pfaf,0.608,True,OK,5,4,1,1,1,0,topology_pfaf,0.608,True,OK,5,4,1,1,1,0,topology_pfaf,0.608,True,OK,5,4,1,1,1,0,topology_pfaf,0.608,True,OK,5,4,1,1,1,0,topology_pfaf,0.608,True,OK,5,4,1,1,1,0,elevdef,0.608,True,OK,5,4,1,1,1,0,area50,0.463,True,OK,3,6,1,1,1,0,True,0,True,valid_T600,3,stable
3129341,9,35.5,low,1,1,False,topology_pfaf,0.796,True,OK,5,4,1,1,1,0,topology_pfaf,0.796,True,OK,5,4,1,1,1,0,topology_pfaf,0.796,True,OK,5,4,1,1,1,0,topology_pfaf,0.796,True,OK,5,4,1,1,1,0,topology_pfaf,0.796,True,OK,5,4,1,1,1,0,topology_pfaf,0.796,True,OK,5,4,1,1,1,0,elevdef,0.796,True,OK,5,4,1,1,1,0,area50,0.583,True,OK,3,6,1,1,1,0,True,0,True,valid_T600,3,stable
3129413,9,4.5,low,1,1,False,topology_pfaf,0.516,True,OK,5,4,1,1,1,0,topology_pfaf,0.516,True,OK,5,4,1,1,1,0,topology_pfaf,0.516,True,OK,5,4,1,1,1,0,topology_pfaf,0.516,True,OK,5,4,1,1,1,0,topology_pfaf,0.516,True,OK,5,4,1,1,1,0,topology_pfaf,0.516,True,OK,5,4,1,1,1,0,elevdef,0.516,True,OK,5,4,1,1,1,0,area50,0.516,True,OK,5,4,1,1,1,0,True,0,True,valid_T600,3,stable
3129974,9,1674.5,high,1,1,False,elevation,0.703,True,OK,5,4,1,1,1,0,elevation,0.703,True,OK,5,4,1,1,1,0,elevation,0.703,True,OK,5,4,1,1,1,0,elevation,0.703,True,OK,5,4,1,1,1,0,elevation,0.703,True,OK,5,4,1,1,1,0,elevation,0.703,True,OK,5,4,1,1,1,0,elevdef,0.703,True,OK,5,4,1,1,1,0,area50,0.361,True,OK,3,6,1,1,1,0,True,0,True,valid_T600,3,stable
3132010,9,15.2,low,1,1,False,topology_pfaf,0.7,True,OK,1,8,1,1,1,0,topology_pfaf,0.7,True,OK,1,8,1,1,1,0,topology_pfaf,0.7,True,OK,1,8,1,1,1,0,topology_pfaf,0.7,True,OK,1,8,1,1,1,0,topology_pfaf,0.7,True,OK,1,8,1,1,1,0,topology_pfaf,0.7,True,OK,1,8,1,1,1,0,elevdef,0.7,True,OK,1,8,1,1,1,0,area50,0.7,True,OK,1,8,1,1,1,0,True,0,True,valid_T600,3,stable
3222120,9,124.2,low,1,1,False,topology_pfaf,0.715,True,OK,5,4,1,1,1,0,topology_pfaf,0.715,True,OK,5,4,1,1,1,0,topology_pfaf,0.715,True,OK,5,4,1,1,1,0,topology_pfaf,0.715,True,OK,5,4,1,1,1,0,topology_pfaf,0.715,True,OK,5,4,1,1,1,0,topology_pfaf,0.715,True,OK,5,4,1,1,1,0,elevdef,0.635,True,OK,3,6,1,1,1,0,area50,0.635,True,OK,3,6,1,1,1,0,True,0,True,valid_T600,3,stable
3222708,9,96.9,low,1,1,False,topology_pfaf,0.477,True,OK,5,4,1,1,1,0,topology_pfaf,0.477,True,OK,5,4,1,1,1,0,topology_pfaf,0.477,True,OK,5,4,1,1,1,0,topology_pfaf,0.477,True,OK,5,4,1,1,1,0,topology_pfaf,0.477,True,OK,5,4,1,1,1,0,topology_pfaf,0.477,True,OK,5,4,1,1,1,0,elevdef,0.714,True,OK,7,2,1,1,1,0,area50,0.477,True,OK,5,4,1,1,1,0,True,0,True,valid_T600,3,stable
3222821,9,160.8,low,1,1,False,topology_pfaf,0.305,True,OK,5,4,1,1,1,0,topology_pfaf,0.305,True,OK,5,4,1,1,1,0,topology_pfaf,0.305,True,OK,5,4,1,1,1,0,topology_pfaf,0.305,True,OK,5,4,1,1,1,0,topology_pfaf,0.305,True,OK,5,4,1,1,1,0,topology_pfaf,0.305,True,OK,5,4,1,1,1,0,elevdef,0.617,True,OK,7,2,1,1,1,0,area50,0.617,True,OK,7,2,1,1,1,0,True,0,True,valid_T600,3,stable
3222987,9,71.0,low,1,1,False,topology_pfaf,0.418,True,OK,3,6,1,1,1,0,topology_pfaf,0.418,True,OK,3,6,1,1,1,0,topology_pfaf,0.418,True,OK,3,6,1,1,1,0,topology_pfaf,0.418,True,OK,3,6,1,1,1,0,topology_pfaf,0.418,True,OK,3,6,1,1,1,0,topology_pfaf,0.418,True,OK,3,6,1,1,1,0,elevdef,0.64,True,OK,5,4,1,1,1,0,area50,0.418,True,OK,3,6,1,1,1,0,True,0,True,valid_T600,3,stable
3225803,9,112.5,low,1,1,False,topology_pfaf,0.663,True,OK,5,4,1,1,1,0,topology_pfaf,0.663,True,OK,5,4,1,1,1,0,topology_pfaf,0.663,True,OK,5,4,1,1,1,0,topology_pfaf,0.663,True,OK,5,4,1,1,1,0,topology_pfaf,0.663,True,OK,5,4,1,1,1,0,topology_pfaf,0.663,True,OK,5,4,1,1,1,0,elevdef,0.663,True,OK,5,4,1,1,1,0,area50,0.663,True,OK,5,4,1,1,1,0,True,0,True,valid_T600,3,stable
3226650,7,294.8,low,1,1,False,topology_pfaf,0.818,True,OK,3,4,1,1,1,0,topology_pfaf,0.818,True,OK,3,4,1,1,1,0,topology_pfaf,0.818,True,OK,3,4,1,1,1,0,topology_pfaf,0.818,True,OK,3,4,1,1,1,0,topology_pfaf,0.818,True,OK,3,4,1,1,1,0,topology_pfaf,0.818,True,OK,3,4,1,1,1,0,elevdef,0.655,True,OK,1,6,1,1,1,0,area50,0.655,True,OK,1,6,1,1,1,0,True,0,True,valid_T600,3,stable
3226740,9,325.3,mixed,1,1,False,elevation,0.478,True,OK,3,6,1,1,1,0,topology_pfaf,0.478,True,OK,3,6,1,1,1,0,topology_pfaf,0.478,True,OK,3,6,1,1,1,0,topology_pfaf,0.478,True,OK,3,6,1,1,1,0,topology_pfaf,0.478,True,OK,3,6,1,1,1,0,topology_pfaf,0.478,True,OK,3,6,1,1,1,0,elevdef,0.478,True,OK,3,6,1,1,1,0,area50,0.478,True,OK,3,6,1,1,1,0,True,0,True,valid_T600,3,stable
3226848,9,454.5,mixed,1,1,False,elevation,0.451,True,OK,5,4,1,1,1,0,elevation,0.451,True,OK,5,4,1,1,1,0,topology_pfaf,0.451,True,OK,5,4,1,1,1,0,topology_pfaf,0.451,True,OK,5,4,1,1,1,0,topology_pfaf,0.451,True,OK,5,4,1,1,1,0,topology_pfaf,0.451,True,OK,5,4,1,1,1,0,elevdef,0.451,True,OK,5,4,1,1,1,0,area50,0.451,True,OK,5,4,1,1,1,0,True,0,True,valid_T600,3,stable
3227100,9,164.4,low,1,1,False,topology_pfaf,0.464,True,OK,1,8,1,1,1,0,topology_pfaf,0.464,True,OK,1,8,1,1,1,0,topology_pfaf,0.464,True,OK,1,8,1,1,1,0,topology_pfaf,0.464,True,OK,1,8,1,1,1,0,topology_pfaf,0.464,True,OK,1,8,1,1,1,0,topology_pfaf,0.464,True,OK,1,8,1,1,1,0,elevdef,0.464,True,OK,1,8,1,1,1,0,area50,0.464,True,OK,1,8,1,1,1,0,True,0,True,valid_T600,3,stable
3227245,9,100.2,low,1,1,False,topology_pfaf,0.453,True,OK,5,4,1,1,1,0,topology_pfaf,0.453,True,OK,5,4,1,1,1,0,topology_pfaf,0.453,True,OK,5,4,1,1,1,0,topology_pfaf,0.453,True,OK,5,4,1,1,1,0,topology_pfaf,0.453,True,OK,5,4,1,1,1,0,topology_pfaf,0.453,True,OK,5,4,1,1,1,0,elevdef,0.534,True,OK,7,2,1,1,1,0,area50,0.534,True,OK,7,2,1,1,1,0,True,0,True,valid_T600,3,stable
3227425,9,58.5,low,1,1,False,topology_pfaf,0.329,True,OK,5,4,1,1,1,0,topology_pfaf,0.329,True,OK,5,4,1,1,1,0,topology_pfaf,0.329,True,OK,5,4,1,1,1,0,topology_pfaf,0.329,True,OK,5,4,1,1,1,0,topology_pfaf,0.329,True,OK,5,4,1,1,1,0,topology_pfaf,0.329,True,OK,5,4,1,1,1,0,elevdef,0.616,True,OK,7,2,1,1,1,0,area50,0.616,True,OK,7,2,1,1,1,0,True,0,True,valid_T600,3,stable
3227517,9,111.0,low,1,1,False,topology_pfaf,0.716,True,OK,5,4,1,1,1,0,topology_pfaf,0.716,True,OK,5,4,1,1,1,0,topology_pfaf,0.716,True,OK,5,4,1,1,1,0,topology_pfaf,0.716,True,OK,5,4,1,1,1,0,topology_pfaf,0.716,True,OK,5,4,1,1,1,0,topology_pfaf,0.716,True,OK,5,4,1,1,1,0,elevdef,0.527,True,OK,1,8,1,1,1,0,area50,0.527,True,OK,1,8,1,1,1,0,True,0,True,valid_T600,3,stable
3227584,9,781.1,high,1,1,False,elevation,0.664,True,OK,5,4,1,1,1,0,elevation,0.664,True,OK,5,4,1,1,1,0,elevation,0.664,True,OK,5,4,1,1,1,0,elevation,0.664,True,OK,5,4,1,1,1,0,elevation,0.664,True,OK,5,4,1,1,1,0,topology_pfaf,0.664,True,OK,5,4,1,1,1,0,elevdef,0.664,True,OK,5,4,1,1,1,0,area50,0.572,True,OK,3,6,1,1,1,0,True,0,True,valid_T600,3,stable
3227640,9,707.2,high,1,1,False,elevation,0.714,True,OK,5,4,1,1,1,0,elevation,0.714,True,OK,5,4,1,1,1,0,elevation,0.714,True,OK,5,4,1,1,1,0,elevation,0.714,True,OK,5,4,1,1,1,0,elevation,0.714,True,OK,5,4,1,1,1,0,topology_pfaf,0.416,True,OK,3,6,1,1,1,0,elevdef,0.714,True,OK,5,4,1,1,1,0,area50,0.416,True,OK,3,6,1,1,1,0,True,2,False,valid_T600,2,label_change
3227661,9,414.7,mixed,1,1,False,elevation,0.545,True,OK,3,6,1,1,1,0,elevation,0.545,True,OK,3,6,1,1,1,0,topology_pfaf,0.646,True,OK,5,4,1,1,1,0,topology_pfaf,0.646,True,OK,5,4,1,1,1,0,topology_pfaf,0.646,True,OK,5,4,1,1,1,0,topology_pfaf,0.646,True,OK,5,4,1,1,1,0,elevdef,0.545,True,OK,3,6,1,1,1,0,area50,0.545,True,OK,3,6,1,1,1,0,True,2,False,valid_T600,2,label_change
3227680,9,857.4,high,1,1,False,elevation,0.503,True,OK,5,4,1,1,1,0,elevation,0.503,True,OK,5,4,1,1,1,0,elevation,0.503,True,OK,5,4,1,1,1,0,elevation,0.503,True,OK,5,4,1,1,1,0,elevation,0.503,True,OK,5,4,1,1,1,0,elevation,0.503,True,OK,5,4,1,1,1,0,elevdef,0.503,True,OK,5,4,1,1,1,0,area50,0.503,True,OK,5,4,1,1,1,0,True,0,True,valid_T600,3,stable
3227690,9,770.9,high,1,1,False,elevation,0.538,True,OK,5,4,1,1,1,0,elevation,0.538,True,OK,5,4,1,1,1,0,elevation,0.538,True,OK,5,4,1,1,1,0,elevation,0.538,True,OK,5,4,1,1,1,0,elevation,0.538,True,OK,5,4,1,1,1,0,topology_pfaf,0.538,True,OK,5,4,1,1,1,0,elevdef,0.538,True,OK,5,4,1,1,1,0,area50,0.538,True,OK,5,4,1,1,1,0,True,0,True,valid_T600,3,stable
3227850,9,151.1,low,1,1,False,topology_pfaf,0.687,True,OK,5,4,1,1,1,0,topology_pfaf,0.687,True,OK,5,4,1,1,1,0,topology_pfaf,0.687,True,OK,5,4,1,1,1,0,topology_pfaf,0.687,True,OK,5,4,1,1,1,0,topology_pfaf,0.687,True,OK,5,4,1,1,1,0,topology_pfaf,0.687,True,OK,5,4,1,1,1,0,elevdef,0.687,True,OK,5,4,1,1,1,0,area50,0.46,True,OK,3,6,1,1,1,0,True,0,True,valid_T600,3,stable
3424510,9,93.1,low,1,1,False,topology_pfaf,0.71,True,OK,5,4,1,1,1,0,topology_pfaf,0.71,True,OK,5,4,1,1,1,0,topology_pfaf,0.71,True,OK,5,4,1,1,1,0,topology_pfaf,0.71,True,OK,5,4,1,1,1,0,topology_pfaf,0.71,True,OK,5,4,1,1,1,0,topology_pfaf,0.71,True,OK,5,4,1,1,1,0,elevdef,0.71,True,OK,5,4,1,1,1,0,area50,0.328,True,OK,3,6,1,1,1,0,True,0,True,valid_T600,3,stable
3424890,9,163.2,low,1,1,False,topology_pfaf,0.594,True,OK,5,4,1,1,1,0,topology_pfaf,0.594,True,OK,5,4,1,1,1,0,topology_pfaf,0.594,True,OK,5,4,1,1,1,0,topology_pfaf,0.594,True,OK,5,4,1,1,1,0,topology_pfaf,0.594,True,OK,5,4,1,1,1,0,topology_pfaf,0.594,True,OK,5,4,1,1,1,0,elevdef,0.594,True,OK,5,4,1,1,1,0,area50,0.594,True,OK,5,4,1,1,1,0,True,0,True,valid_T600,3,stable
3424911,9,160.2,low,1,1,False,topology_pfaf,0.374,True,OK,5,4,1,1,1,0,topology_pfaf,0.374,True,OK,5,4,1,1,1,0,topology_pfaf,0.374,True,OK,5,4,1,1,1,0,topology_pfaf,0.374,True,OK,5,4,1,1,1,0,topology_pfaf,0.374,True,OK,5,4,1,1,1,0,topology_pfaf,0.374,True,OK,5,4,1,1,1,0,elevdef,0.668,True,OK,7,2,1,1,1,0,area50,0.374,True,OK,5,4,1,1,1,0,True,0,True,valid_T600,3,stable
3425603,9,136.2,low,1,1,False,topology_pfaf,0.325,True,OK,3,6,1,1,1,0,topology_pfaf,0.325,True,OK,3,6,1,1,1,0,topology_pfaf,0.325,True,OK,3,6,1,1,1,0,topology_pfaf,0.325,True,OK,3,6,1,1,1,0,topology_pfaf,0.325,True,OK,3,6,1,1,1,0,topology_pfaf,0.325,True,OK,3,6,1,1,1,0,elevdef,0.629,True,OK,5,4,1,1,1,0,area50,0.629,True,OK,5,4,1,1,1,0,True,0,True,valid_T600,3,stable
3427100,9,128.0,low,1,1,False,topology_pfaf,0.409,True,OK,5,4,1,1,1,0,topology_pfaf,0.409,True,OK,5,4,1,1,1,0,topology_pfaf,0.409,True,OK,5,4,1,1,1,0,topology_pfaf,0.409,True,OK,5,4,1,1,1,0,topology_pfaf,0.409,True,OK,5,4,1,1,1,0,topology_pfaf,0.409,True,OK,5,4,1,1,1,0,elevdef,0.409,True,OK,5,4,1,1,1,0,area50,0.409,True,OK,5,4,1,1,1,0,True,0,True,valid_T600,3,stable
3427401,9,171.7,low,1,1,False,topology_pfaf,0.483,True,OK,3,6,1,1,1,0,topology_pfaf,0.483,True,OK,3,6,1,1,1,0,topology_pfaf,0.483,True,OK,3,6,1,1,1,0,topology_pfaf,0.483,True,OK,3,6,1,1,1,0,topology_pfaf,0.483,True,OK,3,6,1,1,1,0,topology_pfaf,0.483,True,OK,3,6,1,1,1,0,elevdef,0.711,True,OK,5,4,1,1,1,0,area50,0.483,True,OK,3,6,1,1,1,0,True,0,True,valid_T600,3,stable
3428610,9,141.6,low,1,1,False,topology_pfaf,0.756,True,OK,5,4,1,1,1,0,topology_pfaf,0.756,True,OK,5,4,1,1,1,0,topology_pfaf,0.756,True,OK,5,4,1,1,1,0,topology_pfaf,0.756,True,OK,5,4,1,1,1,0,topology_pfaf,0.756,True,OK,5,4,1,1,1,0,topology_pfaf,0.756,True,OK,5,4,1,1,1,0,elevdef,0.756,True,OK,5,4,1,1,1,0,area50,0.386,True,OK,1,8,1,1,1,0,True,0,True,valid_T600,3,stable
3428920,9,296.9,low,1,1,False,topology_pfaf,0.613,True,OK,5,4,1,1,1,0,topology_pfaf,0.613,True,OK,5,4,1,1,1,0,topology_pfaf,0.613,True,OK,5,4,1,1,1,0,topology_pfaf,0.613,True,OK,5,4,1,1,1,0,topology_pfaf,0.613,True,OK,5,4,1,1,1,0,topology_pfaf,0.613,True,OK,5,4,1,1,1,0,elevdef,0.613,True,OK,5,4,1,1,1,0,area50,0.432,True,OK,3,6,1,1,1,0,True,0,True,valid_T600,3,stable
3428970,9,155.8,low,1,1,False,topology_pfaf,0.409,True,OK,5,4,1,1,1,0,topology_pfaf,0.409,True,OK,5,4,1,1,1,0,topology_pfaf,0.409,True,OK,5,4,1,1,1,0,topology_pfaf,0.409,True,OK,5,4,1,1,1,0,topology_pfaf,0.409,True,OK,5,4,1,1,1,0,topology_pfaf,0.409,True,OK,5,4,1,1,1,0,elevdef,0.785,True,OK,7,2,1,1,1,0,area50,0.409,True,OK,5,4,1,1,1,0,True,0,True,valid_T600,3,stable
3429350,9,353.9,mixed,1,1,False,elevation,0.594,True,OK,3,6,1,1,1,0,topology_pfaf,0.691,True,OK,5,4,1,1,1,0,topology_pfaf,0.691,True,OK,5,4,1,1,1,0,topology_pfaf,0.691,True,OK,5,4,1,1,1,0,topology_pfaf,0.691,True,OK,5,4,1,1,1,0,topology_pfaf,0.691,True,OK,5,4,1,1,1,0,elevdef,0.594,True,OK,3,6,1,1,1,0,area50,0.594,True,OK,3,6,1,1,1,0,True,2,False,valid_T600,2,label_change
3429506,9,847.1,high,1,1,False,elevation,0.553,True,OK,5,4,1,1,1,0,elevation,0.553,True,OK,5,4,1,1,1,0,elevation,0.553,True,OK,5,4,1,1,1,0,elevation,0.553,True,OK,5,4,1,1,1,0,elevation,0.553,True,OK,5,4,1,1,1,0,elevation,0.553,True,OK,5,4,1,1,1,0,elevdef,0.553,True,OK,5,4,1,1,1,0,area50,0.553,True,OK,5,4,1,1,1,0,True,0,True,valid_T600,3,stable
3512441,9,77.5,low,1,1,False,topology_pfaf,0.579,True,OK,5,4,1,1,1,0,topology_pfaf,0.579,True,OK,5,4,1,1,1,0,topology_pfaf,0.579,True,OK,5,4,1,1,1,0,topology_pfaf,0.579,True,OK,5,4,1,1,1,0,topology_pfaf,0.579,True,OK,5,4,1,1,1,0,topology_pfaf,0.579,True,OK,5,4,1,1,1,0,elevdef,0.579,True,OK,5,4,1,1,1,0,area50,0.579,True,OK,5,4,1,1,1,0,True,0,True,valid_T600,3,stable
3514923,9,363.6,mixed,1,1,False,elevation,0.627,True,OK,5,4,1,1,1,0,topology_pfaf,0.627,True,OK,5,4,1,1,1,0,topology_pfaf,0.627,True,OK,5,4,1,1,1,0,topology_pfaf,0.627,True,OK,5,4,1,1,1,0,topology_pfaf,0.627,True,OK,5,4,1,1,1,0,topology_pfaf,0.627,True,OK,5,4,1,1,1,0,elevdef,0.627,True,OK,5,4,1,1,1,0,area50,0.627,True,OK,5,4,1,1,1,0,True,0,True,valid_T600,3,stable
3518229,9,354.0,mixed,1,1,False,elevation,0.475,True,OK,3,6,1,1,1,0,topology_pfaf,0.674,True,OK,5,4,1,1,1,0,topology_pfaf,0.674,True,OK,5,4,1,1,1,0,topology_pfaf,0.674,True,OK,5,4,1,1,1,0,topology_pfaf,0.674,True,OK,5,4,1,1,1,0,topology_pfaf,0.674,True,OK,5,4,1,1,1,0,elevdef,0.475,True,OK,3,6,1,1,1,0,area50,0.475,True,OK,3,6,1,1,1,0,True,2,False,valid_T600,2,label_change
3518291,9,293.8,low,1,1,False,topology_pfaf,0.365,True,OK,5,4,1,1,1,0,topology_pfaf,0.365,True,OK,5,4,1,1,1,0,topology_pfaf,0.365,True,OK,5,4,1,1,1,0,topology_pfaf,0.365,True,OK,5,4,1,1,1,0,topology_pfaf,0.365,True,OK,5,4,1,1,1,0,topology_pfaf,0.365,True,OK,5,4,1,1,1,0,elevdef,0.727,True,OK,7,2,1,1,1,0,area50,0.365,True,OK,5,4,1,1,1,0,True,0,True,valid_T600,3,stable
3518971,9,304.9,mixed,1,1,False,elevation,0.457,True,OK,5,4,1,1,1,0,topology_pfaf,0.457,True,OK,5,4,1,1,1,0,topology_pfaf,0.457,True,OK,5,4,1,1,1,0,topology_pfaf,0.457,True,OK,5,4,1,1,1,0,topology_pfaf,0.457,True,OK,5,4,1,1,1,0,topology_pfaf,0.457,True,OK,5,4,1,1,1,0,elevdef,0.457,True,OK,5,4,1,1,1,0,area50,0.457,True,OK,5,4,1,1,1,0,True,0,True,valid_T600,3,stable
3518976,9,168.0,low,1,1,False,topology_pfaf,0.358,True,OK,5,4,1,1,1,0,topology_pfaf,0.358,True,OK,5,4,1,1,1,0,topology_pfaf,0.358,True,OK,5,4,1,1,1,0,topology_pfaf,0.358,True,OK,5,4,1,1,1,0,topology_pfaf,0.358,True,OK,5,4,1,1,1,0,topology_pfaf,0.358,True,OK,5,4,1,1,1,0,elevdef,0.721,True,OK,7,2,1,1,1,0,area50,0.358,True,OK,5,4,1,1,1,0,True,0,True,valid_T600,3,stable
3518978,9,163.7,low,1,1,False,topology_pfaf,0.507,True,OK,5,4,1,1,1,0,topology_pfaf,0.507,True,OK,5,4,1,1,1,0,topology_pfaf,0.507,True,OK,5,4,1,1,1,0,topology_pfaf,0.507,True,OK,5,4,1,1,1,0,topology_pfaf,0.507,True,OK,5,4,1,1,1,0,topology_pfaf,0.507,True,OK,5,4,1,1,1,0,elevdef,0.689,True,OK,7,2,1,1,1,0,area50,0.507,True,OK,5,4,1,1,1,0,True,0,True,valid_T600,3,stable
3541477,9,339.0,mixed,1,1,False,elevation,0.751,True,OK,7,2,1,1,1,0,topology_pfaf,0.485,True,OK,5,4,1,1,1,0,topology_pfaf,0.485,True,OK,5,4,1,1,1,0,topology_pfaf,0.485,True,OK,5,4,1,1,1,0,topology_pfaf,0.485,True,OK,5,4,1,1,1,0,topology_pfaf,0.485,True,OK,5,4,1,1,1,0,elevdef,0.751,True,OK,7,2,1,1,1,0,area50,0.485,True,OK,5,4,1,1,1,0,True,2,False,valid_T600,2,label_change
3542460,9,663.3,high,1,1,False,elevation,0.532,True,OK,7,2,1,1,1,0,elevation,0.532,True,OK,7,2,1,1,1,0,elevation,0.532,True,OK,7,2,1,1,1,0,elevation,0.532,True,OK,7,2,1,1,1,0,topology_pfaf,0.36,True,OK,5,4,1,1,1,0,topology_pfaf,0.36,True,OK,5,4,1,1,1,0,elevdef,0.532,True,OK,7,2,1,1,1,0,area50,0.532,True,OK,7,2,1,1,1,0,True,2,False,valid_T600,2,label_change
4120011,9,158.3,low,9,9,False,topology_pfaf,0.206,False,outlets=9; parent_components=9; down_components=8; up_to_down_edges=0,1,8,1,8,0,0,topology_pfaf,0.206,False,outlets=9; parent_components=9; down_components=8; up_to_down_edges=0,1,8,1,8,0,0,topology_pfaf,0.206,False,outlets=9; parent_components=9; down_components=8; up_to_down_edges=0,1,8,1,8,0,0,topology_pfaf,0.206,False,outlets=9; parent_components=9; down_components=8; up_to_down_edges=0,1,8,1,8,0,0,topology_pfaf,0.206,False,outlets=9; parent_components=9; down_components=8; up_to_down_edges=0,1,8,1,8,0,0,topology_pfaf,0.206,False,outlets=9; parent_components=9; down_components=8; up_to_down_edges=0,1,8,1,8,0,0,elevdef,0.206,False,outlets=9; parent_components=9; down_components=8; up_to_down_edges=0,1,8,1,8,0,0,area50,0.206,False,outlets=9; parent_components=9; down_components=8; up_to_down_edges=0,1,8,1,8,0,0,False,0,True,invalid_multi_outlet,0,T600_invalid
4120012,9,408.9,mixed,1,1,False,elevation,0.416,True,OK,3,6,1,1,1,0,elevation,0.416,True,OK,3,6,1,1,1,0,topology_pfaf,0.72,True,OK,5,4,1,1,1,0,topology_pfaf,0.72,True,OK,5,4,1,1,1,0,topology_pfaf,0.72,True,OK,5,4,1,1,1,0,topology_pfaf,0.72,True,OK,5,4,1,1,1,0,elevdef,0.416,True,OK,3,6,1,1,1,0,area50,0.416,True,OK,3,6,1,1,1,0,True,2,False,valid_T600,2,label_change
4120013,9,208.2,low,9,9,False,topology_pfaf,0.27,False,outlets=9; parent_components=9; down_components=8; up_to_down_edges=0,1,8,1,8,0,0,topology_pfaf,0.27,False,outlets=9; parent_components=9; down_components=8; up_to_down_edges=0,1,8,1,8,0,0,topology_pfaf,0.27,False,outlets=9; parent_components=9; down_components=8; up_to_down_edges=0,1,8,1,8,0,0,topology_pfaf,0.27,False,outlets=9; parent_components=9; down_components=8; up_to_down_edges=0,1,8,1,8,0,0,topology_pfaf,0.27,False,outlets=9; parent_components=9; down_components=8; up_to_down_edges=0,1,8,1,8,0,0,topology_pfaf,0.27,False,outlets=9; parent_components=9; down_components=8; up_to_down_edges=0,1,8,1,8,0,0,elevdef,0.27,False,outlets=9; parent_components=9; down_components=8; up_to_down_edges=0,1,8,1,8,0,0,area50,0.27,False,outlets=9; parent_components=9; down_components=8; up_to_down_edges=0,1,8,1,8,0,0,False,0,True,invalid_multi_outlet,0,T600_invalid
4120014,9,375.2,mixed,1,1,False,elevation,0.66,True,OK,5,4,1,1,1,0,topology_pfaf,0.66,True,OK,5,4,1,1,1,0,topology_pfaf,0.66,True,OK,5,4,1,1,1,0,topology_pfaf,0.66,True,OK,5,4,1,1,1,0,topology_pfaf,0.66,True,OK,5,4,1,1,1,0,topology_pfaf,0.66,True,OK,5,4,1,1,1,0,elevdef,0.66,True,OK,5,4,1,1,1,0,area50,0.66,True,OK,5,4,1,1,1,0,True,0,True,valid_T600,3,stable
4120015,9,248.1,low,9,9,False,topology_pfaf,0.359,False,outlets=9; parent_components=9; down_components=8; up_to_down_edges=0,1,8,1,8,0,0,topology_pfaf,0.359,False,outlets=9; parent_components=9; down_components=8; up_to_down_edges=0,1,8,1,8,0,0,topology_pfaf,0.359,False,outlets=9; parent_components=9; down_components=8; up_to_down_edges=0,1,8,1,8,0,0,topology_pfaf,0.359,False,outlets=9; parent_components=9; down_components=8; up_to_down_edges=0,1,8,1,8,0,0,topology_pfaf,0.359,False,outlets=9; parent_components=9; down_components=8; up_to_down_edges=0,1,8,1,8,0,0,topology_pfaf,0.359,False,outlets=9; parent_components=9; down_components=8; up_to_down_edges=0,1,8,1,8,0,0,elevdef,0.359,False,outlets=9; parent_components=9; down_components=8; up_to_down_edges=0,1,8,1,8,0,0,area50,0.359,False,outlets=9; parent_components=9; down_components=8; up_to_down_edges=0,1,8,1,8,0,0,False,0,True,invalid_multi_outlet,0,T600_invalid
4120018,9,489.3,mixed,1,1,False,elevation,1.0,False,empty_downstream; down_components=0; up_to_down_edges=0,9,0,1,0,0,0,elevation,1.0,False,empty_downstream; down_components=0; up_to_down_edges=0,9,0,1,0,0,0,topology_pfaf,0.424,True,OK,5,4,1,1,1,0,topology_pfaf,0.424,True,OK,5,4,1,1,1,0,topology_pfaf,0.424,True,OK,5,4,1,1,1,0,topology_pfaf,0.424,True,OK,5,4,1,1,1,0,elevdef,1.0,False,empty_downstream; down_components=0; up_to_down_edges=0,9,0,1,0,0,0,area50,0.424,True,OK,5,4,1,1,1,0,False,4,False,valid_T600,1,threshold_validity_change
4120019,9,430.8,mixed,9,9,False,elevation,0.449,False,outlets=9; parent_components=9; down_components=8; up_to_down_edges=0,1,8,1,8,0,0,elevation,0.449,False,outlets=9; parent_components=9; down_components=8; up_to_down_edges=0,1,8,1,8,0,0,topology_pfaf,0.449,False,outlets=9; parent_components=9; down_components=8; up_to_down_edges=0,1,8,1,8,0,0,topology_pfaf,0.449,False,outlets=9; parent_components=9; down_components=8; up_to_down_edges=0,1,8,1,8,0,0,topology_pfaf,0.449,False,outlets=9; parent_components=9; down_components=8; up_to_down_edges=0,1,8,1,8,0,0,topology_pfaf,0.449,False,outlets=9; parent_components=9; down_components=8; up_to_down_edges=0,1,8,1,8,0,0,elevdef,0.449,False,outlets=9; parent_components=9; down_components=8; up_to_down_edges=0,1,8,1,8,0,0,area50,0.449,False,outlets=9; parent_components=9; down_components=8; up_to_down_edges=0,1,8,1,8,0,0,False,0,True,invalid_multi_outlet,0,T600_invalid
4130139,9,321.0,mixed,9,9,False,elevation,0.238,False,outlets=9; parent_components=9; down_components=8; up_to_down_edges=0,1,8,1,8,0,0,topology_pfaf,0.238,False,outlets=9; parent_components=9; down_components=8; up_to_down_edges=0,1,8,1,8,0,0,topology_pfaf,0.238,False,outlets=9; parent_components=9; down_components=8; up_to_down_edges=0,1,8,1,8,0,0,topology_pfaf,0.238,False,outlets=9; parent_components=9; down_components=8; up_to_down_edges=0,1,8,1,8,0,0,topology_pfaf,0.238,False,outlets=9; parent_components=9; down_components=8; up_to_down_edges=0,1,8,1,8,0,0,topology_pfaf,0.238,False,outlets=9; parent_components=9; down_components=8; up_to_down_edges=0,1,8,1,8,0,0,elevdef,0.238,False,outlets=9; parent_components=9; down_components=8; up_to_down_edges=0,1,8,1,8,0,0,area50,0.238,False,outlets=9; parent_components=9; down_components=8; up_to_down_edges=0,1,8,1,8,0,0,False,0,True,invalid_multi_outlet,0,T600_invalid
4224964,9,250.6,low,1,1,False,topology_pfaf,0.688,True,OK,5,4,1,1,1,0,topology_pfaf,0.688,True,OK,5,4,1,1,1,0,topology_pfaf,0.688,True,OK,5,4,1,1,1,0,topology_pfaf,0.688,True,OK,5,4,1,1,1,0,topology_pfaf,0.688,True,OK,5,4,1,1,1,0,topology_pfaf,0.688,True,OK,5,4,1,1,1,0,elevdef,0.688,True,OK,5,4,1,1,1,0,area50,0.334,True,OK,3,6,1,1,1,0,True,0,True,valid_T600,3,stable
4228706,9,181.7,low,1,1,False,topology_pfaf,0.722,True,OK,5,4,1,1,1,0,topology_pfaf,0.722,True,OK,5,4,1,1,1,0,topology_pfaf,0.722,True,OK,5,4,1,1,1,0,topology_pfaf,0.722,True,OK,5,4,1,1,1,0,topology_pfaf,0.722,True,OK,5,4,1,1,1,0,topology_pfaf,0.722,True,OK,5,4,1,1,1,0,elevdef,0.454,True,OK,3,6,1,1,1,0,area50,0.454,True,OK,3,6,1,1,1,0,True,0,True,valid_T600,3,stable
4618070,9,1288.2,high,1,1,False,elevation,0.658,True,OK,5,4,1,1,1,0,elevation,0.658,True,OK,5,4,1,1,1,0,elevation,0.658,True,OK,5,4,1,1,1,0,elevation,0.658,True,OK,5,4,1,1,1,0,elevation,0.658,True,OK,5,4,1,1,1,0,elevation,0.658,True,OK,5,4,1,1,1,0,elevdef,0.658,True,OK,5,4,1,1,1,0,area50,0.658,True,OK,5,4,1,1,1,0,True,0,True,valid_T600,3,stable
4618080,9,1303.5,high,1,1,False,elevation,0.47,True,OK,5,4,1,1,1,0,elevation,0.47,True,OK,5,4,1,1,1,0,elevation,0.47,True,OK,5,4,1,1,1,0,elevation,0.47,True,OK,5,4,1,1,1,0,elevation,0.47,True,OK,5,4,1,1,1,0,elevation,0.47,True,OK,5,4,1,1,1,0,elevdef,0.47,True,OK,5,4,1,1,1,0,area50,0.47,True,OK,5,4,1,1,1,0,True,0,True,valid_T600,3,stable
7114010,9,138.7,low,1,1,False,topology_pfaf,0.513,True,OK,5,4,1,1,1,0,topology_pfaf,0.513,True,OK,5,4,1,1,1,0,topology_pfaf,0.513,True,OK,5,4,1,1,1,0,topology_pfaf,0.513,True,OK,5,4,1,1,1,0,topology_pfaf,0.513,True,OK,5,4,1,1,1,0,topology_pfaf,0.513,True,OK,5,4,1,1,1,0,elevdef,0.513,True,OK,5,4,1,1,1,0,area50,0.513,True,OK,5,4,1,1,1,0,True,0,True,valid_T600,3,stable
7118118,9,47.9,low,1,1,False,topology_pfaf,0.269,True,OK,3,6,1,1,1,0,topology_pfaf,0.269,True,OK,3,6,1,1,1,0,topology_pfaf,0.269,True,OK,3,6,1,1,1,0,topology_pfaf,0.269,True,OK,3,6,1,1,1,0,topology_pfaf,0.269,True,OK,3,6,1,1,1,0,topology_pfaf,0.269,True,OK,3,6,1,1,1,0,elevdef,0.482,True,OK,5,4,1,1,1,0,area50,0.482,True,OK,5,4,1,1,1,0,True,0,True,valid_T600,3,stable
7118220,9,59.0,low,1,1,False,topology_pfaf,0.422,True,OK,5,4,1,1,1,0,topology_pfaf,0.422,True,OK,5,4,1,1,1,0,topology_pfaf,0.422,True,OK,5,4,1,1,1,0,topology_pfaf,0.422,True,OK,5,4,1,1,1,0,topology_pfaf,0.422,True,OK,5,4,1,1,1,0,topology_pfaf,0.422,True,OK,5,4,1,1,1,0,elevdef,0.531,True,OK,7,2,1,1,1,0,area50,0.531,True,OK,7,2,1,1,1,0,True,0,True,valid_T600,3,stable
7118263,7,47.1,low,1,1,False,topology_pfaf,0.57,True,OK,1,6,1,1,1,0,topology_pfaf,0.57,True,OK,1,6,1,1,1,0,topology_pfaf,0.57,True,OK,1,6,1,1,1,0,topology_pfaf,0.57,True,OK,1,6,1,1,1,0,topology_pfaf,0.57,True,OK,1,6,1,1,1,0,topology_pfaf,0.57,True,OK,1,6,1,1,1,0,elevdef,0.57,True,OK,1,6,1,1,1,0,area50,0.57,True,OK,1,6,1,1,1,0,True,0,True,valid_T600,3,stable
7118269,9,74.2,low,1,1,False,topology_pfaf,0.587,True,OK,5,4,1,1,1,0,topology_pfaf,0.587,True,OK,5,4,1,1,1,0,topology_pfaf,0.587,True,OK,5,4,1,1,1,0,topology_pfaf,0.587,True,OK,5,4,1,1,1,0,topology_pfaf,0.587,True,OK,5,4,1,1,1,0,topology_pfaf,0.587,True,OK,5,4,1,1,1,0,elevdef,0.587,True,OK,5,4,1,1,1,0,area50,0.514,True,OK,3,6,1,1,1,0,True,0,True,valid_T600,3,stable
7118290,9,78.9,low,1,1,False,topology_pfaf,0.395,True,OK,5,4,1,1,1,0,topology_pfaf,0.395,True,OK,5,4,1,1,1,0,topology_pfaf,0.395,True,OK,5,4,1,1,1,0,topology_pfaf,0.395,True,OK,5,4,1,1,1,0,topology_pfaf,0.395,True,OK,5,4,1,1,1,0,topology_pfaf,0.395,True,OK,5,4,1,1,1,0,elevdef,0.395,True,OK,5,4,1,1,1,0,area50,0.395,True,OK,5,4,1,1,1,0,True,0,True,valid_T600,3,stable
7118520,9,100.1,low,1,1,False,topology_pfaf,0.558,True,OK,5,4,1,1,1,0,topology_pfaf,0.558,True,OK,5,4,1,1,1,0,topology_pfaf,0.558,True,OK,5,4,1,1,1,0,topology_pfaf,0.558,True,OK,5,4,1,1,1,0,topology_pfaf,0.558,True,OK,5,4,1,1,1,0,topology_pfaf,0.558,True,OK,5,4,1,1,1,0,elevdef,0.558,True,OK,5,4,1,1,1,0,area50,0.558,True,OK,5,4,1,1,1,0,True,0,True,valid_T600,3,stable
7118560,9,92.9,low,1,1,False,topology_pfaf,0.592,True,OK,5,4,1,1,1,0,topology_pfaf,0.592,True,OK,5,4,1,1,1,0,topology_pfaf,0.592,True,OK,5,4,1,1,1,0,topology_pfaf,0.592,True,OK,5,4,1,1,1,0,topology_pfaf,0.592,True,OK,5,4,1,1,1,0,topology_pfaf,0.592,True,OK,5,4,1,1,1,0,elevdef,0.592,True,OK,5,4,1,1,1,0,area50,0.451,True,OK,3,6,1,1,1,0,True,0,True,valid_T600,3,stable
7118602,9,89.1,low,1,1,False,topology_pfaf,0.738,True,OK,5,4,1,1,1,0,topology_pfaf,0.738,True,OK,5,4,1,1,1,0,topology_pfaf,0.738,True,OK,5,4,1,1,1,0,topology_pfaf,0.738,True,OK,5,4,1,1,1,0,topology_pfaf,0.738,True,OK,5,4,1,1,1,0,topology_pfaf,0.738,True,OK,5,4,1,1,1,0,elevdef,0.344,True,OK,3,6,1,1,1,0,area50,0.344,True,OK,3,6,1,1,1,0,True,0,True,valid_T600,3,stable
7118608,9,72.6,low,1,1,False,topology_pfaf,0.378,True,OK,5,4,1,1,1,0,topology_pfaf,0.378,True,OK,5,4,1,1,1,0,topology_pfaf,0.378,True,OK,5,4,1,1,1,0,topology_pfaf,0.378,True,OK,5,4,1,1,1,0,topology_pfaf,0.378,True,OK,5,4,1,1,1,0,topology_pfaf,0.378,True,OK,5,4,1,1,1,0,elevdef,0.878,True,OK,7,2,1,1,1,0,area50,0.378,True,OK,5,4,1,1,1,0,True,0,True,valid_T600,3,stable
7118609,9,138.2,low,1,1,False,topology_pfaf,0.352,True,OK,3,6,1,1,1,0,topology_pfaf,0.352,True,OK,3,6,1,1,1,0,topology_pfaf,0.352,True,OK,3,6,1,1,1,0,topology_pfaf,0.352,True,OK,3,6,1,1,1,0,topology_pfaf,0.352,True,OK,3,6,1,1,1,0,topology_pfaf,0.352,True,OK,3,6,1,1,1,0,elevdef,0.535,True,OK,5,4,1,1,1,0,area50,0.535,True,OK,5,4,1,1,1,0,True,0,True,valid_T600,3,stable
7118700,9,21.2,low,1,1,False,topology_pfaf,0.549,True,OK,1,8,1,1,1,0,topology_pfaf,0.549,True,OK,1,8,1,1,1,0,topology_pfaf,0.549,True,OK,1,8,1,1,1,0,topology_pfaf,0.549,True,OK,1,8,1,1,1,0,topology_pfaf,0.549,True,OK,1,8,1,1,1,0,topology_pfaf,0.549,True,OK,1,8,1,1,1,0,elevdef,0.549,True,OK,1,8,1,1,1,0,area50,0.549,True,OK,1,8,1,1,1,0,True,0,True,valid_T600,3,stable
7118970,9,64.8,low,1,1,False,topology_pfaf,0.36,True,OK,5,4,1,1,1,0,topology_pfaf,0.36,True,OK,5,4,1,1,1,0,topology_pfaf,0.36,True,OK,5,4,1,1,1,0,topology_pfaf,0.36,True,OK,5,4,1,1,1,0,topology_pfaf,0.36,True,OK,5,4,1,1,1,0,topology_pfaf,0.36,True,OK,5,4,1,1,1,0,elevdef,0.614,True,OK,7,2,1,1,1,0,area50,0.614,True,OK,7,2,1,1,1,0,True,0,True,valid_T600,3,stable
7119008,9,87.4,low,1,1,False,topology_pfaf,0.663,True,OK,5,4,1,1,1,0,topology_pfaf,0.663,True,OK,5,4,1,1,1,0,topology_pfaf,0.663,True,OK,5,4,1,1,1,0,topology_pfaf,0.663,True,OK,5,4,1,1,1,0,topology_pfaf,0.663,True,OK,5,4,1,1,1,0,topology_pfaf,0.663,True,OK,5,4,1,1,1,0,elevdef,0.663,True,OK,5,4,1,1,1,0,area50,0.663,True,OK,5,4,1,1,1,0,True,0,True,valid_T600,3,stable
7121106,9,83.7,low,1,1,False,topology_pfaf,0.785,True,OK,5,4,1,1,1,0,topology_pfaf,0.785,True,OK,5,4,1,1,1,0,topology_pfaf,0.785,True,OK,5,4,1,1,1,0,topology_pfaf,0.785,True,OK,5,4,1,1,1,0,topology_pfaf,0.785,True,OK,5,4,1,1,1,0,topology_pfaf,0.785,True,OK,5,4,1,1,1,0,elevdef,0.645,True,OK,3,6,1,1,1,0,area50,0.645,True,OK,3,6,1,1,1,0,True,0,True,valid_T600,3,stable
7121107,9,43.2,low,1,1,False,topology_pfaf,0.57,True,OK,5,4,1,1,1,0,topology_pfaf,0.57,True,OK,5,4,1,1,1,0,topology_pfaf,0.57,True,OK,5,4,1,1,1,0,topology_pfaf,0.57,True,OK,5,4,1,1,1,0,topology_pfaf,0.57,True,OK,5,4,1,1,1,0,topology_pfaf,0.57,True,OK,5,4,1,1,1,0,elevdef,0.57,True,OK,5,4,1,1,1,0,area50,0.57,True,OK,5,4,1,1,1,0,True,0,True,valid_T600,3,stable
7121202,9,74.7,low,1,1,False,topology_pfaf,0.304,True,OK,5,4,1,1,1,0,topology_pfaf,0.304,True,OK,5,4,1,1,1,0,topology_pfaf,0.304,True,OK,5,4,1,1,1,0,topology_pfaf,0.304,True,OK,5,4,1,1,1,0,topology_pfaf,0.304,True,OK,5,4,1,1,1,0,topology_pfaf,0.304,True,OK,5,4,1,1,1,0,elevdef,0.545,True,OK,7,2,1,1,1,0,area50,0.545,True,OK,7,2,1,1,1,0,True,0,True,valid_T600,3,stable
7121704,9,54.2,low,1,1,False,topology_pfaf,0.505,True,OK,3,6,1,1,1,0,topology_pfaf,0.505,True,OK,3,6,1,1,1,0,topology_pfaf,0.505,True,OK,3,6,1,1,1,0,topology_pfaf,0.505,True,OK,3,6,1,1,1,0,topology_pfaf,0.505,True,OK,3,6,1,1,1,0,topology_pfaf,0.505,True,OK,3,6,1,1,1,0,elevdef,0.505,True,OK,3,6,1,1,1,0,area50,0.505,True,OK,3,6,1,1,1,0,True,0,True,valid_T600,3,stable
7122001,9,51.2,low,1,1,False,topology_pfaf,0.446,True,OK,5,4,1,1,1,0,topology_pfaf,0.446,True,OK,5,4,1,1,1,0,topology_pfaf,0.446,True,OK,5,4,1,1,1,0,topology_pfaf,0.446,True,OK,5,4,1,1,1,0,topology_pfaf,0.446,True,OK,5,4,1,1,1,0,topology_pfaf,0.446,True,OK,5,4,1,1,1,0,elevdef,0.609,True,OK,6,3,1,1,1,0,area50,0.446,True,OK,5,4,1,1,1,0,True,0,True,valid_T600,3,stable
7122230,9,13.0,low,1,1,False,topology_pfaf,0.395,True,OK,5,4,1,1,1,0,topology_pfaf,0.395,True,OK,5,4,1,1,1,0,topology_pfaf,0.395,True,OK,5,4,1,1,1,0,topology_pfaf,0.395,True,OK,5,4,1,1,1,0,topology_pfaf,0.395,True,OK,5,4,1,1,1,0,topology_pfaf,0.395,True,OK,5,4,1,1,1,0,elevdef,0.395,True,OK,5,4,1,1,1,0,area50,0.395,True,OK,5,4,1,1,1,0,True,0,True,valid_T600,3,stable
7122260,9,121.8,low,1,1,False,topology_pfaf,0.552,True,OK,5,4,1,1,1,0,topology_pfaf,0.552,True,OK,5,4,1,1,1,0,topology_pfaf,0.552,True,OK,5,4,1,1,1,0,topology_pfaf,0.552,True,OK,5,4,1,1,1,0,topology_pfaf,0.552,True,OK,5,4,1,1,1,0,topology_pfaf,0.552,True,OK,5,4,1,1,1,0,elevdef,0.552,True,OK,5,4,1,1,1,0,area50,0.453,True,OK,3,6,1,1,1,0,True,0,True,valid_T600,3,stable
7122289,9,142.4,low,1,1,False,topology_pfaf,0.67,True,OK,5,4,1,1,1,0,topology_pfaf,0.67,True,OK,5,4,1,1,1,0,topology_pfaf,0.67,True,OK,5,4,1,1,1,0,topology_pfaf,0.67,True,OK,5,4,1,1,1,0,topology_pfaf,0.67,True,OK,5,4,1,1,1,0,topology_pfaf,0.67,True,OK,5,4,1,1,1,0,elevdef,0.67,True,OK,5,4,1,1,1,0,area50,0.67,True,OK,5,4,1,1,1,0,True,0,True,valid_T600,3,stable
7122296,9,174.9,low,1,1,False,topology_pfaf,0.648,True,OK,5,4,1,1,1,0,topology_pfaf,0.648,True,OK,5,4,1,1,1,0,topology_pfaf,0.648,True,OK,5,4,1,1,1,0,topology_pfaf,0.648,True,OK,5,4,1,1,1,0,topology_pfaf,0.648,True,OK,5,4,1,1,1,0,topology_pfaf,0.648,True,OK,5,4,1,1,1,0,elevdef,0.648,True,OK,5,4,1,1,1,0,area50,0.648,True,OK,5,4,1,1,1,0,True,0,True,valid_T600,3,stable
7122360,9,37.6,low,1,1,False,topology_pfaf,0.364,True,OK,5,4,1,1,1,0,topology_pfaf,0.364,True,OK,5,4,1,1,1,0,topology_pfaf,0.364,True,OK,5,4,1,1,1,0,topology_pfaf,0.364,True,OK,5,4,1,1,1,0,topology_pfaf,0.364,True,OK,5,4,1,1,1,0,topology_pfaf,0.364,True,OK,5,4,1,1,1,0,elevdef,0.701,True,OK,7,2,1,1,1,0,area50,0.364,True,OK,5,4,1,1,1,0,True,0,True,valid_T600,3,stable
7122390,9,73.4,low,1,1,False,topology_pfaf,0.388,True,OK,1,8,1,1,1,0,topology_pfaf,0.388,True,OK,1,8,1,1,1,0,topology_pfaf,0.388,True,OK,1,8,1,1,1,0,topology_pfaf,0.388,True,OK,1,8,1,1,1,0,topology_pfaf,0.388,True,OK,1,8,1,1,1,0,topology_pfaf,0.388,True,OK,1,8,1,1,1,0,elevdef,0.777,True,OK,7,2,1,1,1,0,area50,0.388,True,OK,1,8,1,1,1,0,True,0,True,valid_T600,3,stable
7122416,9,61.6,low,1,1,False,topology_pfaf,0.464,True,OK,5,4,1,1,1,0,topology_pfaf,0.464,True,OK,5,4,1,1,1,0,topology_pfaf,0.464,True,OK,5,4,1,1,1,0,topology_pfaf,0.464,True,OK,5,4,1,1,1,0,topology_pfaf,0.464,True,OK,5,4,1,1,1,0,topology_pfaf,0.464,True,OK,5,4,1,1,1,0,elevdef,0.908,True,OK,7,2,1,1,1,0,area50,0.464,True,OK,5,4,1,1,1,0,True,0,True,valid_T600,3,stable
7122421,9,35.4,low,1,1,False,topology_pfaf,0.382,True,OK,1,8,1,1,1,0,topology_pfaf,0.382,True,OK,1,8,1,1,1,0,topology_pfaf,0.382,True,OK,1,8,1,1,1,0,topology_pfaf,0.382,True,OK,1,8,1,1,1,0,topology_pfaf,0.382,True,OK,1,8,1,1,1,0,topology_pfaf,0.382,True,OK,1,8,1,1,1,0,elevdef,0.382,True,OK,1,8,1,1,1,0,area50,0.382,True,OK,1,8,1,1,1,0,True,0,True,valid_T600,3,stable
7122422,9,43.1,low,1,1,False,topology_pfaf,0.422,True,OK,5,4,1,1,1,0,topology_pfaf,0.422,True,OK,5,4,1,1,1,0,topology_pfaf,0.422,True,OK,5,4,1,1,1,0,topology_pfaf,0.422,True,OK,5,4,1,1,1,0,topology_pfaf,0.422,True,OK,5,4,1,1,1,0,topology_pfaf,0.422,True,OK,5,4,1,1,1,0,elevdef,0.809,True,OK,7,2,1,1,1,0,area50,0.422,True,OK,5,4,1,1,1,0,True,0,True,valid_T600,3,stable
7122423,9,39.3,low,1,1,False,topology_pfaf,0.81,True,OK,5,4,1,1,1,0,topology_pfaf,0.81,True,OK,5,4,1,1,1,0,topology_pfaf,0.81,True,OK,5,4,1,1,1,0,topology_pfaf,0.81,True,OK,5,4,1,1,1,0,topology_pfaf,0.81,True,OK,5,4,1,1,1,0,topology_pfaf,0.81,True,OK,5,4,1,1,1,0,elevdef,0.81,True,OK,5,4,1,1,1,0,area50,0.514,True,OK,3,6,1,1,1,0,True,0,True,valid_T600,3,stable
7122424,9,22.5,low,1,1,False,topology_pfaf,0.527,True,OK,5,4,1,1,1,0,topology_pfaf,0.527,True,OK,5,4,1,1,1,0,topology_pfaf,0.527,True,OK,5,4,1,1,1,0,topology_pfaf,0.527,True,OK,5,4,1,1,1,0,topology_pfaf,0.527,True,OK,5,4,1,1,1,0,topology_pfaf,0.527,True,OK,5,4,1,1,1,0,elevdef,0.574,True,OK,7,2,1,1,1,0,area50,0.527,True,OK,5,4,1,1,1,0,True,0,True,valid_T600,3,stable
7122428,9,44.7,low,1,1,False,topology_pfaf,0.634,True,OK,5,4,1,1,1,0,topology_pfaf,0.634,True,OK,5,4,1,1,1,0,topology_pfaf,0.634,True,OK,5,4,1,1,1,0,topology_pfaf,0.634,True,OK,5,4,1,1,1,0,topology_pfaf,0.634,True,OK,5,4,1,1,1,0,topology_pfaf,0.634,True,OK,5,4,1,1,1,0,elevdef,0.468,True,OK,3,6,1,1,1,0,area50,0.468,True,OK,3,6,1,1,1,0,True,0,True,valid_T600,3,stable
7122429,9,65.1,low,1,1,False,topology_pfaf,0.695,True,OK,5,4,1,1,1,0,topology_pfaf,0.695,True,OK,5,4,1,1,1,0,topology_pfaf,0.695,True,OK,5,4,1,1,1,0,topology_pfaf,0.695,True,OK,5,4,1,1,1,0,topology_pfaf,0.695,True,OK,5,4,1,1,1,0,topology_pfaf,0.695,True,OK,5,4,1,1,1,0,elevdef,0.514,True,OK,3,6,1,1,1,0,area50,0.514,True,OK,3,6,1,1,1,0,True,0,True,valid_T600,3,stable
7122440,9,59.9,low,1,1,False,topology_pfaf,0.521,True,OK,5,4,1,1,1,0,topology_pfaf,0.521,True,OK,5,4,1,1,1,0,topology_pfaf,0.521,True,OK,5,4,1,1,1,0,topology_pfaf,0.521,True,OK,5,4,1,1,1,0,topology_pfaf,0.521,True,OK,5,4,1,1,1,0,topology_pfaf,0.521,True,OK,5,4,1,1,1,0,elevdef,0.521,True,OK,5,4,1,1,1,0,area50,0.521,True,OK,5,4,1,1,1,0,True,0,True,valid_T600,3,stable
7122460,9,60.4,low,1,1,False,topology_pfaf,0.711,True,OK,5,4,1,1,1,0,topology_pfaf,0.711,True,OK,5,4,1,1,1,0,topology_pfaf,0.711,True,OK,5,4,1,1,1,0,topology_pfaf,0.711,True,OK,5,4,1,1,1,0,topology_pfaf,0.711,True,OK,5,4,1,1,1,0,topology_pfaf,0.711,True,OK,5,4,1,1,1,0,elevdef,0.492,True,OK,3,6,1,1,1,0,area50,0.492,True,OK,3,6,1,1,1,0,True,0,True,valid_T600,3,stable
7122470,5,29.5,low,1,1,False,topology_dist,1.0,False,empty_downstream; down_components=0; up_to_down_edges=0,5,0,1,0,0,0,topology_dist,1.0,False,empty_downstream; down_components=0; up_to_down_edges=0,5,0,1,0,0,0,topology_dist,1.0,False,empty_downstream; down_components=0; up_to_down_edges=0,5,0,1,0,0,0,topology_dist,1.0,False,empty_downstream; down_components=0; up_to_down_edges=0,5,0,1,0,0,0,topology_dist,1.0,False,empty_downstream; down_components=0; up_to_down_edges=0,5,0,1,0,0,0,topology_dist,1.0,False,empty_downstream; down_components=0; up_to_down_edges=0,5,0,1,0,0,0,elevdef,0.75,True,OK,1,4,1,1,1,0,area50,0.75,True,OK,1,4,1,1,1,0,False,0,True,invalid_one_sided,0,T600_invalid
7122482,9,84.5,low,1,1,False,topology_pfaf,0.526,True,OK,5,4,1,1,1,0,topology_pfaf,0.526,True,OK,5,4,1,1,1,0,topology_pfaf,0.526,True,OK,5,4,1,1,1,0,topology_pfaf,0.526,True,OK,5,4,1,1,1,0,topology_pfaf,0.526,True,OK,5,4,1,1,1,0,topology_pfaf,0.526,True,OK,5,4,1,1,1,0,elevdef,0.526,True,OK,5,4,1,1,1,0,area50,0.526,True,OK,5,4,1,1,1,0,True,0,True,valid_T600,3,stable
7122498,9,81.6,low,1,1,False,topology_pfaf,0.753,True,OK,5,4,1,1,1,0,topology_pfaf,0.753,True,OK,5,4,1,1,1,0,topology_pfaf,0.753,True,OK,5,4,1,1,1,0,topology_pfaf,0.753,True,OK,5,4,1,1,1,0,topology_pfaf,0.753,True,OK,5,4,1,1,1,0,topology_pfaf,0.753,True,OK,5,4,1,1,1,0,elevdef,0.753,True,OK,5,4,1,1,1,0,area50,0.438,True,OK,3,6,1,1,1,0,True,0,True,valid_T600,3,stable
7122499,9,89.6,low,1,1,False,topology_pfaf,0.494,True,OK,5,4,1,1,1,0,topology_pfaf,0.494,True,OK,5,4,1,1,1,0,topology_pfaf,0.494,True,OK,5,4,1,1,1,0,topology_pfaf,0.494,True,OK,5,4,1,1,1,0,topology_pfaf,0.494,True,OK,5,4,1,1,1,0,topology_pfaf,0.494,True,OK,5,4,1,1,1,0,elevdef,0.71,True,OK,7,2,1,1,1,0,area50,0.494,True,OK,5,4,1,1,1,0,True,0,True,valid_T600,3,stable
7122616,9,115.1,low,1,1,False,topology_pfaf,0.582,True,OK,5,4,1,1,1,0,topology_pfaf,0.582,True,OK,5,4,1,1,1,0,topology_pfaf,0.582,True,OK,5,4,1,1,1,0,topology_pfaf,0.582,True,OK,5,4,1,1,1,0,topology_pfaf,0.582,True,OK,5,4,1,1,1,0,topology_pfaf,0.582,True,OK,5,4,1,1,1,0,elevdef,0.582,True,OK,5,4,1,1,1,0,area50,0.582,True,OK,5,4,1,1,1,0,True,0,True,valid_T600,3,stable
7122620,9,95.8,low,1,1,False,topology_pfaf,0.349,True,OK,5,4,1,1,1,0,topology_pfaf,0.349,True,OK,5,4,1,1,1,0,topology_pfaf,0.349,True,OK,5,4,1,1,1,0,topology_pfaf,0.349,True,OK,5,4,1,1,1,0,topology_pfaf,0.349,True,OK,5,4,1,1,1,0,topology_pfaf,0.349,True,OK,5,4,1,1,1,0,elevdef,0.785,True,OK,7,2,1,1,1,0,area50,0.349,True,OK,5,4,1,1,1,0,True,0,True,valid_T600,3,stable
7122654,7,144.4,low,1,1,False,topology_pfaf,0.627,True,OK,3,4,1,1,1,0,topology_pfaf,0.627,True,OK,3,4,1,1,1,0,topology_pfaf,0.627,True,OK,3,4,1,1,1,0,topology_pfaf,0.627,True,OK,3,4,1,1,1,0,topology_pfaf,0.627,True,OK,3,4,1,1,1,0,topology_pfaf,0.627,True,OK,3,4,1,1,1,0,elevdef,0.627,True,OK,3,4,1,1,1,0,area50,0.378,True,OK,1,6,1,1,1,0,True,0,True,valid_T600,3,stable
7122659,9,67.7,low,1,1,False,topology_pfaf,0.513,True,OK,1,8,1,1,1,0,topology_pfaf,0.513,True,OK,1,8,1,1,1,0,topology_pfaf,0.513,True,OK,1,8,1,1,1,0,topology_pfaf,0.513,True,OK,1,8,1,1,1,0,topology_pfaf,0.513,True,OK,1,8,1,1,1,0,topology_pfaf,0.513,True,OK,1,8,1,1,1,0,elevdef,0.513,True,OK,1,8,1,1,1,0,area50,0.513,True,OK,1,8,1,1,1,0,True,0,True,valid_T600,3,stable
7122664,9,72.1,low,1,1,False,topology_pfaf,0.903,True,OK,5,4,1,1,1,0,topology_pfaf,0.903,True,OK,5,4,1,1,1,0,topology_pfaf,0.903,True,OK,5,4,1,1,1,0,topology_pfaf,0.903,True,OK,5,4,1,1,1,0,topology_pfaf,0.903,True,OK,5,4,1,1,1,0,topology_pfaf,0.903,True,OK,5,4,1,1,1,0,elevdef,0.467,True,OK,1,8,1,1,1,0,area50,0.467,True,OK,1,8,1,1,1,0,True,0,True,valid_T600,3,stable
7122674,7,127.6,low,1,1,False,topology_pfaf,0.405,True,OK,3,4,1,1,1,0,topology_pfaf,0.405,True,OK,3,4,1,1,1,0,topology_pfaf,0.405,True,OK,3,4,1,1,1,0,topology_pfaf,0.405,True,OK,3,4,1,1,1,0,topology_pfaf,0.405,True,OK,3,4,1,1,1,0,topology_pfaf,0.405,True,OK,3,4,1,1,1,0,elevdef,0.775,True,OK,5,2,1,1,1,0,area50,0.405,True,OK,3,4,1,1,1,0,True,0,True,valid_T600,3,stable
7122676,9,165.9,low,1,1,False,topology_pfaf,0.393,True,OK,3,6,1,1,1,0,topology_pfaf,0.393,True,OK,3,6,1,1,1,0,topology_pfaf,0.393,True,OK,3,6,1,1,1,0,topology_pfaf,0.393,True,OK,3,6,1,1,1,0,topology_pfaf,0.393,True,OK,3,6,1,1,1,0,topology_pfaf,0.393,True,OK,3,6,1,1,1,0,elevdef,0.677,True,OK,5,4,1,1,1,0,area50,0.393,True,OK,3,6,1,1,1,0,True,0,True,valid_T600,3,stable
7122682,9,113.8,low,1,1,False,topology_pfaf,0.437,True,OK,5,4,1,1,1,0,topology_pfaf,0.437,True,OK,5,4,1,1,1,0,topology_pfaf,0.437,True,OK,5,4,1,1,1,0,topology_pfaf,0.437,True,OK,5,4,1,1,1,0,topology_pfaf,0.437,True,OK,5,4,1,1,1,0,topology_pfaf,0.437,True,OK,5,4,1,1,1,0,elevdef,0.437,True,OK,5,4,1,1,1,0,area50,0.437,True,OK,5,4,1,1,1,0,True,0,True,valid_T600,3,stable
7122684,9,33.5,low,1,1,False,topology_pfaf,0.502,True,OK,5,4,1,1,1,0,topology_pfaf,0.502,True,OK,5,4,1,1,1,0,topology_pfaf,0.502,True,OK,5,4,1,1,1,0,topology_pfaf,0.502,True,OK,5,4,1,1,1,0,topology_pfaf,0.502,True,OK,5,4,1,1,1,0,topology_pfaf,0.502,True,OK,5,4,1,1,1,0,elevdef,0.502,True,OK,5,4,1,1,1,0,area50,0.502,True,OK,5,4,1,1,1,0,True,0,True,valid_T600,3,stable
7122692,9,98.7,low,1,1,False,topology_pfaf,0.814,True,OK,5,4,1,1,1,0,topology_pfaf,0.814,True,OK,5,4,1,1,1,0,topology_pfaf,0.814,True,OK,5,4,1,1,1,0,topology_pfaf,0.814,True,OK,5,4,1,1,1,0,topology_pfaf,0.814,True,OK,5,4,1,1,1,0,topology_pfaf,0.814,True,OK,5,4,1,1,1,0,elevdef,0.675,True,OK,3,6,1,1,1,0,area50,0.675,True,OK,3,6,1,1,1,0,True,0,True,valid_T600,3,stable
7122697,9,39.4,low,1,1,False,topology_pfaf,0.692,True,OK,5,4,1,1,1,0,topology_pfaf,0.692,True,OK,5,4,1,1,1,0,topology_pfaf,0.692,True,OK,5,4,1,1,1,0,topology_pfaf,0.692,True,OK,5,4,1,1,1,0,topology_pfaf,0.692,True,OK,5,4,1,1,1,0,topology_pfaf,0.692,True,OK,5,4,1,1,1,0,elevdef,0.614,True,OK,3,6,1,1,1,0,area50,0.614,True,OK,3,6,1,1,1,0,True,0,True,valid_T600,3,stable
7122820,9,113.9,low,1,1,False,topology_pfaf,0.416,True,OK,5,4,1,1,1,0,topology_pfaf,0.416,True,OK,5,4,1,1,1,0,topology_pfaf,0.416,True,OK,5,4,1,1,1,0,topology_pfaf,0.416,True,OK,5,4,1,1,1,0,topology_pfaf,0.416,True,OK,5,4,1,1,1,0,topology_pfaf,0.416,True,OK,5,4,1,1,1,0,elevdef,0.416,True,OK,5,4,1,1,1,0,area50,0.416,True,OK,5,4,1,1,1,0,True,0,True,valid_T600,3,stable
7122843,9,107.5,low,1,1,False,topology_pfaf,0.35,True,OK,5,4,1,1,1,0,topology_pfaf,0.35,True,OK,5,4,1,1,1,0,topology_pfaf,0.35,True,OK,5,4,1,1,1,0,topology_pfaf,0.35,True,OK,5,4,1,1,1,0,topology_pfaf,0.35,True,OK,5,4,1,1,1,0,topology_pfaf,0.35,True,OK,5,4,1,1,1,0,elevdef,0.603,True,OK,7,2,1,1,1,0,area50,0.603,True,OK,7,2,1,1,1,0,True,0,True,valid_T600,3,stable
7122848,9,69.6,low,1,1,False,topology_pfaf,0.8,True,OK,5,4,1,1,1,0,topology_pfaf,0.8,True,OK,5,4,1,1,1,0,topology_pfaf,0.8,True,OK,5,4,1,1,1,0,topology_pfaf,0.8,True,OK,5,4,1,1,1,0,topology_pfaf,0.8,True,OK,5,4,1,1,1,0,topology_pfaf,0.8,True,OK,5,4,1,1,1,0,elevdef,0.643,True,OK,3,6,1,1,1,0,area50,0.643,True,OK,3,6,1,1,1,0,True,0,True,valid_T600,3,stable
7122849,9,80.0,low,1,1,False,topology_pfaf,0.657,True,OK,5,4,1,1,1,0,topology_pfaf,0.657,True,OK,5,4,1,1,1,0,topology_pfaf,0.657,True,OK,5,4,1,1,1,0,topology_pfaf,0.657,True,OK,5,4,1,1,1,0,topology_pfaf,0.657,True,OK,5,4,1,1,1,0,topology_pfaf,0.657,True,OK,5,4,1,1,1,0,elevdef,0.657,True,OK,5,4,1,1,1,0,area50,0.475,True,OK,3,6,1,1,1,0,True,0,True,valid_T600,3,stable
7122853,9,63.0,low,1,1,False,topology_pfaf,0.524,True,OK,5,4,1,1,1,0,topology_pfaf,0.524,True,OK,5,4,1,1,1,0,topology_pfaf,0.524,True,OK,5,4,1,1,1,0,topology_pfaf,0.524,True,OK,5,4,1,1,1,0,topology_pfaf,0.524,True,OK,5,4,1,1,1,0,topology_pfaf,0.524,True,OK,5,4,1,1,1,0,elevdef,0.524,True,OK,5,4,1,1,1,0,area50,0.524,True,OK,5,4,1,1,1,0,True,0,True,valid_T600,3,stable
7122880,9,66.7,low,1,1,False,topology_pfaf,0.364,True,OK,5,4,1,1,1,0,topology_pfaf,0.364,True,OK,5,4,1,1,1,0,topology_pfaf,0.364,True,OK,5,4,1,1,1,0,topology_pfaf,0.364,True,OK,5,4,1,1,1,0,topology_pfaf,0.364,True,OK,5,4,1,1,1,0,topology_pfaf,0.364,True,OK,5,4,1,1,1,0,elevdef,0.72,True,OK,7,2,1,1,1,0,area50,0.364,True,OK,5,4,1,1,1,0,True,0,True,valid_T600,3,stable
7122894,9,71.6,low,1,1,False,topology_pfaf,0.574,True,OK,5,4,1,1,1,0,topology_pfaf,0.574,True,OK,5,4,1,1,1,0,topology_pfaf,0.574,True,OK,5,4,1,1,1,0,topology_pfaf,0.574,True,OK,5,4,1,1,1,0,topology_pfaf,0.574,True,OK,5,4,1,1,1,0,topology_pfaf,0.574,True,OK,5,4,1,1,1,0,elevdef,0.574,True,OK,5,4,1,1,1,0,area50,0.574,True,OK,5,4,1,1,1,0,True,0,True,valid_T600,3,stable
7122920,9,223.1,low,1,1,False,topology_pfaf,0.459,True,OK,5,4,1,1,1,0,topology_pfaf,0.459,True,OK,5,4,1,1,1,0,topology_pfaf,0.459,True,OK,5,4,1,1,1,0,topology_pfaf,0.459,True,OK,5,4,1,1,1,0,topology_pfaf,0.459,True,OK,5,4,1,1,1,0,topology_pfaf,0.459,True,OK,5,4,1,1,1,0,elevdef,0.634,True,OK,7,2,1,1,1,0,area50,0.459,True,OK,5,4,1,1,1,0,True,0,True,valid_T600,3,stable
7122960,9,123.7,low,1,1,False,topology_pfaf,0.52,True,OK,5,4,1,1,1,0,topology_pfaf,0.52,True,OK,5,4,1,1,1,0,topology_pfaf,0.52,True,OK,5,4,1,1,1,0,topology_pfaf,0.52,True,OK,5,4,1,1,1,0,topology_pfaf,0.52,True,OK,5,4,1,1,1,0,topology_pfaf,0.52,True,OK,5,4,1,1,1,0,elevdef,0.52,True,OK,5,4,1,1,1,0,area50,0.52,True,OK,5,4,1,1,1,0,True,0,True,valid_T600,3,stable
7122996,9,78.9,low,1,1,False,topology_pfaf,0.541,True,OK,3,6,1,1,1,0,topology_pfaf,0.541,True,OK,3,6,1,1,1,0,topology_pfaf,0.541,True,OK,3,6,1,1,1,0,topology_pfaf,0.541,True,OK,3,6,1,1,1,0,topology_pfaf,0.541,True,OK,3,6,1,1,1,0,topology_pfaf,0.541,True,OK,3,6,1,1,1,0,elevdef,0.541,True,OK,3,6,1,1,1,0,area50,0.541,True,OK,3,6,1,1,1,0,True,0,True,valid_T600,3,stable
7122999,9,36.0,low,1,1,False,topology_pfaf,0.477,True,OK,5,4,1,1,1,0,topology_pfaf,0.477,True,OK,5,4,1,1,1,0,topology_pfaf,0.477,True,OK,5,4,1,1,1,0,topology_pfaf,0.477,True,OK,5,4,1,1,1,0,topology_pfaf,0.477,True,OK,5,4,1,1,1,0,topology_pfaf,0.477,True,OK,5,4,1,1,1,0,elevdef,0.695,True,OK,7,2,1,1,1,0,area50,0.477,True,OK,5,4,1,1,1,0,True,0,True,valid_T600,3,stable
7124001,10,136.3,low,2,2,False,topology_pfaf,0.173,False,outlets=2; parent_components=2; down_components=2,3,7,1,2,1,0,topology_pfaf,0.173,False,outlets=2; parent_components=2; down_components=2,3,7,1,2,1,0,topology_pfaf,0.173,False,outlets=2; parent_components=2; down_components=2,3,7,1,2,1,0,topology_pfaf,0.173,False,outlets=2; parent_components=2; down_components=2,3,7,1,2,1,0,topology_pfaf,0.173,False,outlets=2; parent_components=2; down_components=2,3,7,1,2,1,0,topology_pfaf,0.173,False,outlets=2; parent_components=2; down_components=2,3,7,1,2,1,0,elevdef,0.796,False,outlets=2; parent_components=2; down_components=2,7,3,1,2,1,0,area50,0.529,False,outlets=2; parent_components=2; down_components=2,5,5,1,2,1,0,False,0,True,invalid_multi_outlet,0,T600_invalid
7124007,8,56.1,low,8,8,False,topology_pfaf,0.276,False,outlets=8; parent_components=8; down_components=7; up_to_down_edges=0,1,7,1,7,0,0,topology_pfaf,0.276,False,outlets=8; parent_components=8; down_components=7; up_to_down_edges=0,1,7,1,7,0,0,topology_pfaf,0.276,False,outlets=8; parent_components=8; down_components=7; up_to_down_edges=0,1,7,1,7,0,0,topology_pfaf,0.276,False,outlets=8; parent_components=8; down_components=7; up_to_down_edges=0,1,7,1,7,0,0,topology_pfaf,0.276,False,outlets=8; parent_components=8; down_components=7; up_to_down_edges=0,1,7,1,7,0,0,topology_pfaf,0.276,False,outlets=8; parent_components=8; down_components=7; up_to_down_edges=0,1,7,1,7,0,0,elevdef,0.276,False,outlets=8; parent_components=8; down_components=7; up_to_down_edges=0,1,7,1,7,0,0,area50,0.276,False,outlets=8; parent_components=8; down_components=7; up_to_down_edges=0,1,7,1,7,0,0,False,0,True,invalid_multi_outlet,0,T600_invalid
7124200,6,16.9,low,6,6,False,topology_pfaf,0.448,False,outlets=6; parent_components=6; down_components=5; up_to_down_edges=0,1,5,1,5,0,0,topology_pfaf,0.448,False,outlets=6; parent_components=6; down_components=5; up_to_down_edges=0,1,5,1,5,0,0,topology_pfaf,0.448,False,outlets=6; parent_components=6; down_components=5; up_to_down_edges=0,1,5,1,5,0,0,topology_pfaf,0.448,False,outlets=6; parent_components=6; down_components=5; up_to_down_edges=0,1,5,1,5,0,0,topology_pfaf,0.448,False,outlets=6; parent_components=6; down_components=5; up_to_down_edges=0,1,5,1,5,0,0,topology_pfaf,0.448,False,outlets=6; parent_components=6; down_components=5; up_to_down_edges=0,1,5,1,5,0,0,elevdef,0.448,False,outlets=6; parent_components=6; down_components=5; up_to_down_edges=0,1,5,1,5,0,0,area50,0.448,False,outlets=6; parent_components=6; down_components=5; up_to_down_edges=0,1,5,1,5,0,0,False,0,True,invalid_multi_outlet,0,T600_invalid
7124404,9,23.3,low,1,1,False,topology_pfaf,0.615,True,OK,5,4,1,1,1,0,topology_pfaf,0.615,True,OK,5,4,1,1,1,0,topology_pfaf,0.615,True,OK,5,4,1,1,1,0,topology_pfaf,0.615,True,OK,5,4,1,1,1,0,topology_pfaf,0.615,True,OK,5,4,1,1,1,0,topology_pfaf,0.615,True,OK,5,4,1,1,1,0,elevdef,0.705,True,OK,7,2,1,1,1,0,area50,0.615,True,OK,5,4,1,1,1,0,True,0,True,valid_T600,3,stable
7124706,9,63.7,low,1,1,False,topology_pfaf,0.606,True,OK,5,4,1,1,1,0,topology_pfaf,0.606,True,OK,5,4,1,1,1,0,topology_pfaf,0.606,True,OK,5,4,1,1,1,0,topology_pfaf,0.606,True,OK,5,4,1,1,1,0,topology_pfaf,0.606,True,OK,5,4,1,1,1,0,topology_pfaf,0.606,True,OK,5,4,1,1,1,0,elevdef,0.606,True,OK,5,4,1,1,1,0,area50,0.413,True,OK,3,6,1,1,1,0,True,0,True,valid_T600,3,stable
7124800,9,1007.7,high,1,1,False,elevation,0.693,True,OK,5,4,1,1,1,0,elevation,0.693,True,OK,5,4,1,1,1,0,elevation,0.693,True,OK,5,4,1,1,1,0,elevation,0.693,True,OK,5,4,1,1,1,0,elevation,0.693,True,OK,5,4,1,1,1,0,elevation,0.693,True,OK,5,4,1,1,1,0,elevdef,0.693,True,OK,5,4,1,1,1,0,area50,0.417,True,OK,3,6,1,1,1,0,True,0,True,valid_T600,3,stable
7124904,9,1161.4,high,1,1,False,elevation,0.538,True,OK,5,4,1,1,1,0,elevation,0.538,True,OK,5,4,1,1,1,0,elevation,0.538,True,OK,5,4,1,1,1,0,elevation,0.538,True,OK,5,4,1,1,1,0,elevation,0.538,True,OK,5,4,1,1,1,0,elevation,0.538,True,OK,5,4,1,1,1,0,elevdef,0.538,True,OK,5,4,1,1,1,0,area50,0.538,True,OK,5,4,1,1,1,0,True,0,True,valid_T600,3,stable
7124909,9,384.3,mixed,1,1,False,elevation,0.457,True,OK,5,4,1,1,1,0,topology_pfaf,0.457,True,OK,5,4,1,1,1,0,topology_pfaf,0.457,True,OK,5,4,1,1,1,0,topology_pfaf,0.457,True,OK,5,4,1,1,1,0,topology_pfaf,0.457,True,OK,5,4,1,1,1,0,topology_pfaf,0.457,True,OK,5,4,1,1,1,0,elevdef,0.457,True,OK,5,4,1,1,1,0,area50,0.457,True,OK,5,4,1,1,1,0,True,0,True,valid_T600,3,stable
7125060,9,218.1,low,1,1,False,topology_pfaf,0.436,True,OK,5,4,1,1,1,0,topology_pfaf,0.436,True,OK,5,4,1,1,1,0,topology_pfaf,0.436,True,OK,5,4,1,1,1,0,topology_pfaf,0.436,True,OK,5,4,1,1,1,0,topology_pfaf,0.436,True,OK,5,4,1,1,1,0,topology_pfaf,0.436,True,OK,5,4,1,1,1,0,elevdef,0.436,True,OK,5,4,1,1,1,0,area50,0.436,True,OK,5,4,1,1,1,0,True,0,True,valid_T600,3,stable
7126060,9,62.7,low,1,1,False,topology_pfaf,0.733,True,OK,5,4,1,1,1,0,topology_pfaf,0.733,True,OK,5,4,1,1,1,0,topology_pfaf,0.733,True,OK,5,4,1,1,1,0,topology_pfaf,0.733,True,OK,5,4,1,1,1,0,topology_pfaf,0.733,True,OK,5,4,1,1,1,0,topology_pfaf,0.733,True,OK,5,4,1,1,1,0,elevdef,0.733,True,OK,5,4,1,1,1,0,area50,0.365,True,OK,3,6,1,1,1,0,True,0,True,valid_T600,3,stable
7126090,9,1075.5,high,1,1,False,elevation,0.648,True,OK,5,4,1,1,1,0,elevation,0.648,True,OK,5,4,1,1,1,0,elevation,0.648,True,OK,5,4,1,1,1,0,elevation,0.648,True,OK,5,4,1,1,1,0,elevation,0.648,True,OK,5,4,1,1,1,0,elevation,0.648,True,OK,5,4,1,1,1,0,elevdef,0.648,True,OK,5,4,1,1,1,0,area50,0.476,True,OK,3,6,1,1,1,0,True,0,True,valid_T600,3,stable
7128004,9,584.3,mixed,1,1,False,elevation,0.447,True,OK,3,6,1,1,1,0,elevation,0.447,True,OK,3,6,1,1,1,0,elevation,0.447,True,OK,3,6,1,1,1,0,topology_pfaf,0.447,True,OK,3,6,1,1,1,0,topology_pfaf,0.447,True,OK,3,6,1,1,1,0,topology_pfaf,0.447,True,OK,3,6,1,1,1,0,elevdef,0.447,True,OK,3,6,1,1,1,0,area50,0.447,True,OK,3,6,1,1,1,0,True,0,True,valid_T600,3,stable
7128006,9,734.8,high,1,1,False,elevation,0.479,True,OK,7,2,1,1,1,0,elevation,0.479,True,OK,7,2,1,1,1,0,elevation,0.479,True,OK,7,2,1,1,1,0,elevation,0.479,True,OK,7,2,1,1,1,0,elevation,0.479,True,OK,7,2,1,1,1,0,topology_pfaf,0.356,True,OK,5,4,1,1,1,0,elevdef,0.479,True,OK,7,2,1,1,1,0,area50,0.479,True,OK,7,2,1,1,1,0,True,2,False,valid_T600,2,label_change
7128009,9,561.1,mixed,1,1,False,elevation,0.519,True,OK,5,4,1,1,1,0,elevation,0.519,True,OK,5,4,1,1,1,0,elevation,0.519,True,OK,5,4,1,1,1,0,topology_pfaf,0.519,True,OK,5,4,1,1,1,0,topology_pfaf,0.519,True,OK,5,4,1,1,1,0,topology_pfaf,0.519,True,OK,5,4,1,1,1,0,elevdef,0.519,True,OK,5,4,1,1,1,0,area50,0.519,True,OK,5,4,1,1,1,0,True,0,True,valid_T600,3,stable
7129006,9,861.4,high,1,1,False,elevation,0.58,True,OK,7,2,1,1,1,0,elevation,0.58,True,OK,7,2,1,1,1,0,elevation,0.58,True,OK,7,2,1,1,1,0,elevation,0.58,True,OK,7,2,1,1,1,0,elevation,0.58,True,OK,7,2,1,1,1,0,elevation,0.58,True,OK,7,2,1,1,1,0,elevdef,0.58,True,OK,7,2,1,1,1,0,area50,0.499,True,OK,5,4,1,1,1,0,True,0,True,valid_T600,3,stable
7129009,9,788.9,high,1,1,False,elevation,0.556,True,OK,5,4,1,1,1,0,elevation,0.556,True,OK,5,4,1,1,1,0,elevation,0.556,True,OK,5,4,1,1,1,0,elevation,0.556,True,OK,5,4,1,1,1,0,elevation,0.556,True,OK,5,4,1,1,1,0,topology_pfaf,0.556,True,OK,5,4,1,1,1,0,elevdef,0.556,True,OK,5,4,1,1,1,0,area50,0.556,True,OK,5,4,1,1,1,0,True,0,True,valid_T600,3,stable
7132604,9,70.6,low,1,1,False,topology_pfaf,0.704,True,OK,5,4,1,1,1,0,topology_pfaf,0.704,True,OK,5,4,1,1,1,0,topology_pfaf,0.704,True,OK,5,4,1,1,1,0,topology_pfaf,0.704,True,OK,5,4,1,1,1,0,topology_pfaf,0.704,True,OK,5,4,1,1,1,0,topology_pfaf,0.704,True,OK,5,4,1,1,1,0,elevdef,0.533,True,OK,3,6,1,1,1,0,area50,0.533,True,OK,3,6,1,1,1,0,True,0,True,valid_T600,3,stable
7132700,9,37.8,low,1,1,False,topology_pfaf,0.568,True,OK,5,4,1,1,1,0,topology_pfaf,0.568,True,OK,5,4,1,1,1,0,topology_pfaf,0.568,True,OK,5,4,1,1,1,0,topology_pfaf,0.568,True,OK,5,4,1,1,1,0,topology_pfaf,0.568,True,OK,5,4,1,1,1,0,topology_pfaf,0.568,True,OK,5,4,1,1,1,0,elevdef,0.568,True,OK,5,4,1,1,1,0,area50,0.568,True,OK,5,4,1,1,1,0,True,0,True,valid_T600,3,stable
7134904,9,44.4,low,1,1,False,topology_pfaf,0.49,True,OK,5,4,1,1,1,0,topology_pfaf,0.49,True,OK,5,4,1,1,1,0,topology_pfaf,0.49,True,OK,5,4,1,1,1,0,topology_pfaf,0.49,True,OK,5,4,1,1,1,0,topology_pfaf,0.49,True,OK,5,4,1,1,1,0,topology_pfaf,0.49,True,OK,5,4,1,1,1,0,elevdef,0.643,True,OK,7,2,1,1,1,0,area50,0.49,True,OK,5,4,1,1,1,0,True,0,True,valid_T600,3,stable
7135240,9,29.3,low,1,1,False,topology_pfaf,0.497,True,OK,5,4,1,1,1,0,topology_pfaf,0.497,True,OK,5,4,1,1,1,0,topology_pfaf,0.497,True,OK,5,4,1,1,1,0,topology_pfaf,0.497,True,OK,5,4,1,1,1,0,topology_pfaf,0.497,True,OK,5,4,1,1,1,0,topology_pfaf,0.497,True,OK,5,4,1,1,1,0,elevdef,0.724,True,OK,7,2,1,1,1,0,area50,0.497,True,OK,5,4,1,1,1,0,True,0,True,valid_T600,3,stable
7135250,9,29.2,low,1,1,False,topology_pfaf,0.589,True,OK,5,4,1,1,1,0,topology_pfaf,0.589,True,OK,5,4,1,1,1,0,topology_pfaf,0.589,True,OK,5,4,1,1,1,0,topology_pfaf,0.589,True,OK,5,4,1,1,1,0,topology_pfaf,0.589,True,OK,5,4,1,1,1,0,topology_pfaf,0.589,True,OK,5,4,1,1,1,0,elevdef,0.842,True,OK,7,2,1,1,1,0,area50,0.431,True,OK,3,6,1,1,1,0,True,0,True,valid_T600,3,stable
7135267,9,57.8,low,1,1,False,topology_pfaf,0.237,True,OK,3,6,1,1,1,0,topology_pfaf,0.237,True,OK,3,6,1,1,1,0,topology_pfaf,0.237,True,OK,3,6,1,1,1,0,topology_pfaf,0.237,True,OK,3,6,1,1,1,0,topology_pfaf,0.237,True,OK,3,6,1,1,1,0,topology_pfaf,0.237,True,OK,3,6,1,1,1,0,elevdef,0.666,True,OK,7,2,1,1,1,0,area50,0.566,True,OK,5,4,1,1,1,0,True,0,True,valid_T600,3,stable
7135297,9,104.9,low,1,1,False,topology_pfaf,0.21,True,OK,3,6,1,1,1,0,topology_pfaf,0.21,True,OK,3,6,1,1,1,0,topology_pfaf,0.21,True,OK,3,6,1,1,1,0,topology_pfaf,0.21,True,OK,3,6,1,1,1,0,topology_pfaf,0.21,True,OK,3,6,1,1,1,0,topology_pfaf,0.21,True,OK,3,6,1,1,1,0,elevdef,0.441,True,OK,5,4,1,1,1,0,area50,0.441,True,OK,5,4,1,1,1,0,True,0,True,valid_T600,3,stable
7135655,9,50.5,low,1,1,False,topology_pfaf,0.414,True,OK,5,4,1,1,1,0,topology_pfaf,0.414,True,OK,5,4,1,1,1,0,topology_pfaf,0.414,True,OK,5,4,1,1,1,0,topology_pfaf,0.414,True,OK,5,4,1,1,1,0,topology_pfaf,0.414,True,OK,5,4,1,1,1,0,topology_pfaf,0.414,True,OK,5,4,1,1,1,0,elevdef,0.664,True,OK,6,3,1,1,1,0,area50,0.414,True,OK,5,4,1,1,1,0,True,0,True,valid_T600,3,stable
7135660,9,61.8,low,1,1,False,topology_pfaf,0.519,True,OK,3,6,1,1,1,0,topology_pfaf,0.519,True,OK,3,6,1,1,1,0,topology_pfaf,0.519,True,OK,3,6,1,1,1,0,topology_pfaf,0.519,True,OK,3,6,1,1,1,0,topology_pfaf,0.519,True,OK,3,6,1,1,1,0,topology_pfaf,0.519,True,OK,3,6,1,1,1,0,elevdef,0.519,True,OK,3,6,1,1,1,0,area50,0.519,True,OK,3,6,1,1,1,0,True,0,True,valid_T600,3,stable
7135670,9,48.9,low,1,1,False,topology_pfaf,0.278,True,OK,5,4,1,1,1,0,topology_pfaf,0.278,True,OK,5,4,1,1,1,0,topology_pfaf,0.278,True,OK,5,4,1,1,1,0,topology_pfaf,0.278,True,OK,5,4,1,1,1,0,topology_pfaf,0.278,True,OK,5,4,1,1,1,0,topology_pfaf,0.278,True,OK,5,4,1,1,1,0,elevdef,0.374,True,OK,7,2,1,1,1,0,area50,0.374,True,OK,7,2,1,1,1,0,True,0,True,valid_T600,3,stable
7136650,9,52.8,low,1,1,False,topology_pfaf,0.491,True,OK,5,4,1,1,1,0,topology_pfaf,0.491,True,OK,5,4,1,1,1,0,topology_pfaf,0.491,True,OK,5,4,1,1,1,0,topology_pfaf,0.491,True,OK,5,4,1,1,1,0,topology_pfaf,0.491,True,OK,5,4,1,1,1,0,topology_pfaf,0.491,True,OK,5,4,1,1,1,0,elevdef,0.709,True,OK,7,2,1,1,1,0,area50,0.491,True,OK,5,4,1,1,1,0,True,0,True,valid_T600,3,stable
7136660,9,174.4,low,1,1,False,topology_pfaf,0.534,True,OK,5,4,1,1,1,0,topology_pfaf,0.534,True,OK,5,4,1,1,1,0,topology_pfaf,0.534,True,OK,5,4,1,1,1,0,topology_pfaf,0.534,True,OK,5,4,1,1,1,0,topology_pfaf,0.534,True,OK,5,4,1,1,1,0,topology_pfaf,0.534,True,OK,5,4,1,1,1,0,elevdef,0.534,True,OK,5,4,1,1,1,0,area50,0.534,True,OK,5,4,1,1,1,0,True,0,True,valid_T600,3,stable
7136680,9,183.8,low,1,1,False,topology_pfaf,0.657,True,OK,5,4,1,1,1,0,topology_pfaf,0.657,True,OK,5,4,1,1,1,0,topology_pfaf,0.657,True,OK,5,4,1,1,1,0,topology_pfaf,0.657,True,OK,5,4,1,1,1,0,topology_pfaf,0.657,True,OK,5,4,1,1,1,0,topology_pfaf,0.657,True,OK,5,4,1,1,1,0,elevdef,0.657,True,OK,5,4,1,1,1,0,area50,0.383,True,OK,3,6,1,1,1,0,True,0,True,valid_T600,3,stable
7136692,9,151.4,low,1,1,False,topology_pfaf,0.327,True,OK,3,6,1,1,1,0,topology_pfaf,0.327,True,OK,3,6,1,1,1,0,topology_pfaf,0.327,True,OK,3,6,1,1,1,0,topology_pfaf,0.327,True,OK,3,6,1,1,1,0,topology_pfaf,0.327,True,OK,3,6,1,1,1,0,topology_pfaf,0.327,True,OK,3,6,1,1,1,0,elevdef,0.66,True,OK,5,4,1,1,1,0,area50,0.66,True,OK,5,4,1,1,1,0,True,0,True,valid_T600,3,stable
7136805,9,76.1,low,1,1,False,topology_pfaf,0.453,True,OK,5,4,1,1,1,0,topology_pfaf,0.453,True,OK,5,4,1,1,1,0,topology_pfaf,0.453,True,OK,5,4,1,1,1,0,topology_pfaf,0.453,True,OK,5,4,1,1,1,0,topology_pfaf,0.453,True,OK,5,4,1,1,1,0,topology_pfaf,0.453,True,OK,5,4,1,1,1,0,elevdef,0.556,True,OK,7,2,1,1,1,0,area50,0.453,True,OK,5,4,1,1,1,0,True,0,True,valid_T600,3,stable
7136806,9,52.1,low,1,1,False,topology_pfaf,0.486,True,OK,5,4,1,1,1,0,topology_pfaf,0.486,True,OK,5,4,1,1,1,0,topology_pfaf,0.486,True,OK,5,4,1,1,1,0,topology_pfaf,0.486,True,OK,5,4,1,1,1,0,topology_pfaf,0.486,True,OK,5,4,1,1,1,0,topology_pfaf,0.486,True,OK,5,4,1,1,1,0,elevdef,0.574,True,OK,7,2,1,1,1,0,area50,0.486,True,OK,5,4,1,1,1,0,True,0,True,valid_T600,3,stable
7136910,9,110.9,low,1,1,False,topology_pfaf,0.505,True,OK,5,4,1,1,1,0,topology_pfaf,0.505,True,OK,5,4,1,1,1,0,topology_pfaf,0.505,True,OK,5,4,1,1,1,0,topology_pfaf,0.505,True,OK,5,4,1,1,1,0,topology_pfaf,0.505,True,OK,5,4,1,1,1,0,topology_pfaf,0.505,True,OK,5,4,1,1,1,0,elevdef,0.668,True,OK,7,2,1,1,1,0,area50,0.505,True,OK,5,4,1,1,1,0,True,0,True,valid_T600,3,stable
7136980,9,19.0,low,1,1,False,topology_pfaf,0.593,True,OK,5,4,1,1,1,0,topology_pfaf,0.593,True,OK,5,4,1,1,1,0,topology_pfaf,0.593,True,OK,5,4,1,1,1,0,topology_pfaf,0.593,True,OK,5,4,1,1,1,0,topology_pfaf,0.593,True,OK,5,4,1,1,1,0,topology_pfaf,0.593,True,OK,5,4,1,1,1,0,elevdef,0.593,True,OK,5,4,1,1,1,0,area50,0.447,True,OK,3,6,1,1,1,0,True,0,True,valid_T600,3,stable
7138106,9,203.7,low,1,1,False,topology_pfaf,0.646,True,OK,5,4,1,1,1,0,topology_pfaf,0.646,True,OK,5,4,1,1,1,0,topology_pfaf,0.646,True,OK,5,4,1,1,1,0,topology_pfaf,0.646,True,OK,5,4,1,1,1,0,topology_pfaf,0.646,True,OK,5,4,1,1,1,0,topology_pfaf,0.646,True,OK,5,4,1,1,1,0,elevdef,0.646,True,OK,5,4,1,1,1,0,area50,0.646,True,OK,5,4,1,1,1,0,True,0,True,valid_T600,3,stable
7138108,9,78.8,low,1,1,False,topology_pfaf,0.372,True,OK,3,6,1,1,1,0,topology_pfaf,0.372,True,OK,3,6,1,1,1,0,topology_pfaf,0.372,True,OK,3,6,1,1,1,0,topology_pfaf,0.372,True,OK,3,6,1,1,1,0,topology_pfaf,0.372,True,OK,3,6,1,1,1,0,topology_pfaf,0.372,True,OK,3,6,1,1,1,0,elevdef,0.713,True,OK,5,4,1,1,1,0,area50,0.372,True,OK,3,6,1,1,1,0,True,0,True,valid_T600,3,stable
7138207,9,28.3,low,1,1,False,topology_pfaf,0.53,True,OK,5,4,1,1,1,0,topology_pfaf,0.53,True,OK,5,4,1,1,1,0,topology_pfaf,0.53,True,OK,5,4,1,1,1,0,topology_pfaf,0.53,True,OK,5,4,1,1,1,0,topology_pfaf,0.53,True,OK,5,4,1,1,1,0,topology_pfaf,0.53,True,OK,5,4,1,1,1,0,elevdef,0.53,True,OK,5,4,1,1,1,0,area50,0.53,True,OK,5,4,1,1,1,0,True,0,True,valid_T600,3,stable
7138300,5,29.4,low,1,1,False,topology_dist,1.0,False,empty_downstream; down_components=0; up_to_down_edges=0,5,0,1,0,0,0,topology_dist,1.0,False,empty_downstream; down_components=0; up_to_down_edges=0,5,0,1,0,0,0,topology_dist,1.0,False,empty_downstream; down_components=0; up_to_down_edges=0,5,0,1,0,0,0,topology_dist,1.0,False,empty_downstream; down_components=0; up_to_down_edges=0,5,0,1,0,0,0,topology_dist,1.0,False,empty_downstream; down_components=0; up_to_down_edges=0,5,0,1,0,0,0,topology_dist,1.0,False,empty_downstream; down_components=0; up_to_down_edges=0,5,0,1,0,0,0,elevdef,0.721,True,OK,1,4,1,1,1,0,area50,0.721,True,OK,1,4,1,1,1,0,False,0,True,invalid_one_sided,0,T600_invalid
7138401,9,45.3,low,1,1,False,topology_pfaf,0.344,True,OK,5,4,1,1,1,0,topology_pfaf,0.344,True,OK,5,4,1,1,1,0,topology_pfaf,0.344,True,OK,5,4,1,1,1,0,topology_pfaf,0.344,True,OK,5,4,1,1,1,0,topology_pfaf,0.344,True,OK,5,4,1,1,1,0,topology_pfaf,0.344,True,OK,5,4,1,1,1,0,elevdef,0.344,True,OK,5,4,1,1,1,0,area50,0.344,True,OK,5,4,1,1,1,0,True,0,True,valid_T600,3,stable
7138409,9,105.5,low,1,1,False,topology_pfaf,0.579,True,OK,5,4,1,1,1,0,topology_pfaf,0.579,True,OK,5,4,1,1,1,0,topology_pfaf,0.579,True,OK,5,4,1,1,1,0,topology_pfaf,0.579,True,OK,5,4,1,1,1,0,topology_pfaf,0.579,True,OK,5,4,1,1,1,0,topology_pfaf,0.579,True,OK,5,4,1,1,1,0,elevdef,0.579,True,OK,5,4,1,1,1,0,area50,0.579,True,OK,5,4,1,1,1,0,True,0,True,valid_T600,3,stable
7138600,9,176.5,low,1,1,False,topology_pfaf,0.386,True,OK,3,6,1,1,1,0,topology_pfaf,0.386,True,OK,3,6,1,1,1,0,topology_pfaf,0.386,True,OK,3,6,1,1,1,0,topology_pfaf,0.386,True,OK,3,6,1,1,1,0,topology_pfaf,0.386,True,OK,3,6,1,1,1,0,topology_pfaf,0.386,True,OK,3,6,1,1,1,0,elevdef,0.653,True,OK,5,4,1,1,1,0,area50,0.386,True,OK,3,6,1,1,1,0,True,0,True,valid_T600,3,stable
7138801,9,49.2,low,1,1,False,topology_pfaf,0.586,True,OK,5,4,1,1,1,0,topology_pfaf,0.586,True,OK,5,4,1,1,1,0,topology_pfaf,0.586,True,OK,5,4,1,1,1,0,topology_pfaf,0.586,True,OK,5,4,1,1,1,0,topology_pfaf,0.586,True,OK,5,4,1,1,1,0,topology_pfaf,0.586,True,OK,5,4,1,1,1,0,elevdef,0.812,True,OK,7,2,1,1,1,0,area50,0.586,True,OK,5,4,1,1,1,0,True,0,True,valid_T600,3,stable
7211066,9,35.1,low,1,1,False,topology_pfaf,0.56,True,OK,5,4,1,1,1,0,topology_pfaf,0.56,True,OK,5,4,1,1,1,0,topology_pfaf,0.56,True,OK,5,4,1,1,1,0,topology_pfaf,0.56,True,OK,5,4,1,1,1,0,topology_pfaf,0.56,True,OK,5,4,1,1,1,0,topology_pfaf,0.56,True,OK,5,4,1,1,1,0,elevdef,0.729,True,OK,7,2,1,1,1,0,area50,0.56,True,OK,5,4,1,1,1,0,True,0,True,valid_T600,3,stable
7211069,9,25.1,low,1,1,False,topology_pfaf,0.458,True,OK,3,6,1,1,1,0,topology_pfaf,0.458,True,OK,3,6,1,1,1,0,topology_pfaf,0.458,True,OK,3,6,1,1,1,0,topology_pfaf,0.458,True,OK,3,6,1,1,1,0,topology_pfaf,0.458,True,OK,3,6,1,1,1,0,topology_pfaf,0.458,True,OK,3,6,1,1,1,0,elevdef,0.458,True,OK,3,6,1,1,1,0,area50,0.458,True,OK,3,6,1,1,1,0,True,0,True,valid_T600,3,stable
7212050,9,31.6,low,1,1,False,topology_pfaf,0.176,True,OK,3,6,1,1,1,0,topology_pfaf,0.176,True,OK,3,6,1,1,1,0,topology_pfaf,0.176,True,OK,3,6,1,1,1,0,topology_pfaf,0.176,True,OK,3,6,1,1,1,0,topology_pfaf,0.176,True,OK,3,6,1,1,1,0,topology_pfaf,0.176,True,OK,3,6,1,1,1,0,elevdef,0.466,True,OK,5,4,1,1,1,0,area50,0.466,True,OK,5,4,1,1,1,0,True,0,True,valid_T600,3,stable
7212070,9,78.9,low,1,1,False,topology_pfaf,0.481,True,OK,5,4,1,1,1,0,topology_pfaf,0.481,True,OK,5,4,1,1,1,0,topology_pfaf,0.481,True,OK,5,4,1,1,1,0,topology_pfaf,0.481,True,OK,5,4,1,1,1,0,topology_pfaf,0.481,True,OK,5,4,1,1,1,0,topology_pfaf,0.481,True,OK,5,4,1,1,1,0,elevdef,0.481,True,OK,5,4,1,1,1,0,area50,0.481,True,OK,5,4,1,1,1,0,True,0,True,valid_T600,3,stable
7214050,9,53.4,low,1,1,False,topology_pfaf,0.51,True,OK,5,4,1,1,1,0,topology_pfaf,0.51,True,OK,5,4,1,1,1,0,topology_pfaf,0.51,True,OK,5,4,1,1,1,0,topology_pfaf,0.51,True,OK,5,4,1,1,1,0,topology_pfaf,0.51,True,OK,5,4,1,1,1,0,topology_pfaf,0.51,True,OK,5,4,1,1,1,0,elevdef,0.51,True,OK,5,4,1,1,1,0,area50,0.51,True,OK,5,4,1,1,1,0,True,0,True,valid_T600,3,stable
7215002,9,147.0,low,1,1,False,topology_pfaf,0.773,True,OK,5,4,1,1,1,0,topology_pfaf,0.773,True,OK,5,4,1,1,1,0,topology_pfaf,0.773,True,OK,5,4,1,1,1,0,topology_pfaf,0.773,True,OK,5,4,1,1,1,0,topology_pfaf,0.773,True,OK,5,4,1,1,1,0,topology_pfaf,0.773,True,OK,5,4,1,1,1,0,elevdef,0.621,True,OK,3,6,1,1,1,0,area50,0.621,True,OK,3,6,1,1,1,0,True,0,True,valid_T600,3,stable
7218066,9,84.1,low,1,1,False,topology_pfaf,0.244,True,OK,3,6,1,1,1,0,topology_pfaf,0.244,True,OK,3,6,1,1,1,0,topology_pfaf,0.244,True,OK,3,6,1,1,1,0,topology_pfaf,0.244,True,OK,3,6,1,1,1,0,topology_pfaf,0.244,True,OK,3,6,1,1,1,0,topology_pfaf,0.244,True,OK,3,6,1,1,1,0,elevdef,0.501,True,OK,7,2,1,1,1,0,area50,0.501,True,OK,7,2,1,1,1,0,True,0,True,valid_T600,3,stable
7219220,9,143.4,low,1,1,False,topology_pfaf,0.623,True,OK,5,4,1,1,1,0,topology_pfaf,0.623,True,OK,5,4,1,1,1,0,topology_pfaf,0.623,True,OK,5,4,1,1,1,0,topology_pfaf,0.623,True,OK,5,4,1,1,1,0,topology_pfaf,0.623,True,OK,5,4,1,1,1,0,topology_pfaf,0.623,True,OK,5,4,1,1,1,0,elevdef,0.623,True,OK,5,4,1,1,1,0,area50,0.623,True,OK,5,4,1,1,1,0,True,0,True,valid_T600,3,stable
7219403,9,143.8,low,1,1,False,topology_pfaf,0.586,True,OK,5,4,1,1,1,0,topology_pfaf,0.586,True,OK,5,4,1,1,1,0,topology_pfaf,0.586,True,OK,5,4,1,1,1,0,topology_pfaf,0.586,True,OK,5,4,1,1,1,0,topology_pfaf,0.586,True,OK,5,4,1,1,1,0,topology_pfaf,0.586,True,OK,5,4,1,1,1,0,elevdef,0.586,True,OK,5,4,1,1,1,0,area50,0.586,True,OK,5,4,1,1,1,0,True,0,True,valid_T600,3,stable
7224080,9,34.4,low,1,1,False,topology_pfaf,0.604,True,OK,5,4,1,1,1,0,topology_pfaf,0.604,True,OK,5,4,1,1,1,0,topology_pfaf,0.604,True,OK,5,4,1,1,1,0,topology_pfaf,0.604,True,OK,5,4,1,1,1,0,topology_pfaf,0.604,True,OK,5,4,1,1,1,0,topology_pfaf,0.604,True,OK,5,4,1,1,1,0,elevdef,0.827,True,OK,7,2,1,1,1,0,area50,0.46,True,OK,3,6,1,1,1,0,True,0,True,valid_T600,3,stable
7230100,9,80.6,low,9,9,False,topology_pfaf,0.282,False,outlets=9; parent_components=9; down_components=8; up_to_down_edges=0,1,8,1,8,0,0,topology_pfaf,0.282,False,outlets=9; parent_components=9; down_components=8; up_to_down_edges=0,1,8,1,8,0,0,topology_pfaf,0.282,False,outlets=9; parent_components=9; down_components=8; up_to_down_edges=0,1,8,1,8,0,0,topology_pfaf,0.282,False,outlets=9; parent_components=9; down_components=8; up_to_down_edges=0,1,8,1,8,0,0,topology_pfaf,0.282,False,outlets=9; parent_components=9; down_components=8; up_to_down_edges=0,1,8,1,8,0,0,topology_pfaf,0.282,False,outlets=9; parent_components=9; down_components=8; up_to_down_edges=0,1,8,1,8,0,0,elevdef,0.282,False,outlets=9; parent_components=9; down_components=8; up_to_down_edges=0,1,8,1,8,0,0,area50,0.282,False,outlets=9; parent_components=9; down_components=8; up_to_down_edges=0,1,8,1,8,0,0,False,0,True,invalid_multi_outlet,0,T600_invalid
7230200,9,200.8,low,1,1,False,topology_pfaf,0.363,True,OK,5,4,1,1,1,0,topology_pfaf,0.363,True,OK,5,4,1,1,1,0,topology_pfaf,0.363,True,OK,5,4,1,1,1,0,topology_pfaf,0.363,True,OK,5,4,1,1,1,0,topology_pfaf,0.363,True,OK,5,4,1,1,1,0,topology_pfaf,0.363,True,OK,5,4,1,1,1,0,elevdef,0.599,True,OK,7,2,1,1,1,0,area50,0.599,True,OK,7,2,1,1,1,0,True,0,True,valid_T600,3,stable
7230303,9,209.3,low,9,9,False,topology_pfaf,0.389,False,outlets=9; parent_components=9; down_components=8; up_to_down_edges=0,1,8,1,8,0,0,topology_pfaf,0.389,False,outlets=9; parent_components=9; down_components=8; up_to_down_edges=0,1,8,1,8,0,0,topology_pfaf,0.389,False,outlets=9; parent_components=9; down_components=8; up_to_down_edges=0,1,8,1,8,0,0,topology_pfaf,0.389,False,outlets=9; parent_components=9; down_components=8; up_to_down_edges=0,1,8,1,8,0,0,topology_pfaf,0.389,False,outlets=9; parent_components=9; down_components=8; up_to_down_edges=0,1,8,1,8,0,0,topology_pfaf,0.389,False,outlets=9; parent_components=9; down_components=8; up_to_down_edges=0,1,8,1,8,0,0,elevdef,0.389,False,outlets=9; parent_components=9; down_components=8; up_to_down_edges=0,1,8,1,8,0,0,area50,0.389,False,outlets=9; parent_components=9; down_components=8; up_to_down_edges=0,1,8,1,8,0,0,False,0,True,invalid_multi_outlet,0,T600_invalid
7230309,9,175.2,low,9,9,False,topology_pfaf,0.287,False,outlets=9; parent_components=9; down_components=8; up_to_down_edges=0,1,8,1,8,0,0,topology_pfaf,0.287,False,outlets=9; parent_components=9; down_components=8; up_to_down_edges=0,1,8,1,8,0,0,topology_pfaf,0.287,False,outlets=9; parent_components=9; down_components=8; up_to_down_edges=0,1,8,1,8,0,0,topology_pfaf,0.287,False,outlets=9; parent_components=9; down_components=8; up_to_down_edges=0,1,8,1,8,0,0,topology_pfaf,0.287,False,outlets=9; parent_components=9; down_components=8; up_to_down_edges=0,1,8,1,8,0,0,topology_pfaf,0.287,False,outlets=9; parent_components=9; down_components=8; up_to_down_edges=0,1,8,1,8,0,0,elevdef,0.287,False,outlets=9; parent_components=9; down_components=8; up_to_down_edges=0,1,8,1,8,0,0,area50,0.287,False,outlets=9; parent_components=9; down_components=8; up_to_down_edges=0,1,8,1,8,0,0,False,0,True,invalid_multi_outlet,0,T600_invalid
7230409,9,204.7,low,1,1,False,topology_pfaf,0.543,True,OK,5,4,1,1,1,0,topology_pfaf,0.543,True,OK,5,4,1,1,1,0,topology_pfaf,0.543,True,OK,5,4,1,1,1,0,topology_pfaf,0.543,True,OK,5,4,1,1,1,0,topology_pfaf,0.543,True,OK,5,4,1,1,1,0,topology_pfaf,0.543,True,OK,5,4,1,1,1,0,elevdef,0.543,True,OK,5,4,1,1,1,0,area50,0.543,True,OK,5,4,1,1,1,0,True,0,True,valid_T600,3,stable
7230500,7,115.7,low,7,7,False,topology_pfaf,0.31,False,outlets=7; parent_components=7; down_components=6; up_to_down_edges=0,1,6,1,6,0,0,topology_pfaf,0.31,False,outlets=7; parent_components=7; down_components=6; up_to_down_edges=0,1,6,1,6,0,0,topology_pfaf,0.31,False,outlets=7; parent_components=7; down_components=6; up_to_down_edges=0,1,6,1,6,0,0,topology_pfaf,0.31,False,outlets=7; parent_components=7; down_components=6; up_to_down_edges=0,1,6,1,6,0,0,topology_pfaf,0.31,False,outlets=7; parent_components=7; down_components=6; up_to_down_edges=0,1,6,1,6,0,0,topology_pfaf,0.31,False,outlets=7; parent_components=7; down_components=6; up_to_down_edges=0,1,6,1,6,0,0,elevdef,0.31,False,outlets=7; parent_components=7; down_components=6; up_to_down_edges=0,1,6,1,6,0,0,area50,0.31,False,outlets=7; parent_components=7; down_components=6; up_to_down_edges=0,1,6,1,6,0,0,False,0,True,invalid_multi_outlet,0,T600_invalid
7230600,9,153.5,low,1,1,False,topology_pfaf,0.481,True,OK,5,4,1,1,1,0,topology_pfaf,0.481,True,OK,5,4,1,1,1,0,topology_pfaf,0.481,True,OK,5,4,1,1,1,0,topology_pfaf,0.481,True,OK,5,4,1,1,1,0,topology_pfaf,0.481,True,OK,5,4,1,1,1,0,topology_pfaf,0.481,True,OK,5,4,1,1,1,0,elevdef,0.481,True,OK,5,4,1,1,1,0,area50,0.481,True,OK,5,4,1,1,1,0,True,0,True,valid_T600,3,stable
7230710,9,42.4,low,9,9,False,topology_pfaf,0.192,False,outlets=9; parent_components=9; down_components=8; up_to_down_edges=0,1,8,1,8,0,0,topology_pfaf,0.192,False,outlets=9; parent_components=9; down_components=8; up_to_down_edges=0,1,8,1,8,0,0,topology_pfaf,0.192,False,outlets=9; parent_components=9; down_components=8; up_to_down_edges=0,1,8,1,8,0,0,topology_pfaf,0.192,False,outlets=9; parent_components=9; down_components=8; up_to_down_edges=0,1,8,1,8,0,0,topology_pfaf,0.192,False,outlets=9; parent_components=9; down_components=8; up_to_down_edges=0,1,8,1,8,0,0,topology_pfaf,0.192,False,outlets=9; parent_components=9; down_components=8; up_to_down_edges=0,1,8,1,8,0,0,elevdef,0.192,False,outlets=9; parent_components=9; down_components=8; up_to_down_edges=0,1,8,1,8,0,0,area50,0.192,False,outlets=9; parent_components=9; down_components=8; up_to_down_edges=0,1,8,1,8,0,0,False,0,True,invalid_multi_outlet,0,T600_invalid
7230755,9,23.2,low,9,9,False,topology_pfaf,0.623,False,outlets=9; parent_components=9; down_components=8; up_to_down_edges=0,1,8,1,8,0,0,topology_pfaf,0.623,False,outlets=9; parent_components=9; down_components=8; up_to_down_edges=0,1,8,1,8,0,0,topology_pfaf,0.623,False,outlets=9; parent_components=9; down_components=8; up_to_down_edges=0,1,8,1,8,0,0,topology_pfaf,0.623,False,outlets=9; parent_components=9; down_components=8; up_to_down_edges=0,1,8,1,8,0,0,topology_pfaf,0.623,False,outlets=9; parent_components=9; down_components=8; up_to_down_edges=0,1,8,1,8,0,0,topology_pfaf,0.623,False,outlets=9; parent_components=9; down_components=8; up_to_down_edges=0,1,8,1,8,0,0,elevdef,0.623,False,outlets=9; parent_components=9; down_components=8; up_to_down_edges=0,1,8,1,8,0,0,area50,0.623,False,outlets=9; parent_components=9; down_components=8; up_to_down_edges=0,1,8,1,8,0,0,False,0,True,invalid_multi_outlet,0,T600_invalid
7230909,9,253.7,low,9,9,False,topology_pfaf,0.187,False,outlets=9; parent_components=9; down_components=8; up_to_down_edges=0,1,8,1,8,0,0,topology_pfaf,0.187,False,outlets=9; parent_components=9; down_components=8; up_to_down_edges=0,1,8,1,8,0,0,topology_pfaf,0.187,False,outlets=9; parent_components=9; down_components=8; up_to_down_edges=0,1,8,1,8,0,0,topology_pfaf,0.187,False,outlets=9; parent_components=9; down_components=8; up_to_down_edges=0,1,8,1,8,0,0,topology_pfaf,0.187,False,outlets=9; parent_components=9; down_components=8; up_to_down_edges=0,1,8,1,8,0,0,topology_pfaf,0.187,False,outlets=9; parent_components=9; down_components=8; up_to_down_edges=0,1,8,1,8,0,0,elevdef,0.187,False,outlets=9; parent_components=9; down_components=8; up_to_down_edges=0,1,8,1,8,0,0,area50,0.187,False,outlets=9; parent_components=9; down_components=8; up_to_down_edges=0,1,8,1,8,0,0,False,0,True,invalid_multi_outlet,0,T600_invalid
7231609,9,209.3,low,1,1,False,topology_pfaf,0.642,True,OK,5,4,1,1,1,0,topology_pfaf,0.642,True,OK,5,4,1,1,1,0,topology_pfaf,0.642,True,OK,5,4,1,1,1,0,topology_pfaf,0.642,True,OK,5,4,1,1,1,0,topology_pfaf,0.642,True,OK,5,4,1,1,1,0,topology_pfaf,0.642,True,OK,5,4,1,1,1,0,elevdef,0.642,True,OK,5,4,1,1,1,0,area50,0.642,True,OK,5,4,1,1,1,0,True,0,True,valid_T600,3,stable
7234016,9,64.8,low,1,1,False,topology_pfaf,0.463,True,OK,5,4,1,1,1,0,topology_pfaf,0.463,True,OK,5,4,1,1,1,0,topology_pfaf,0.463,True,OK,5,4,1,1,1,0,topology_pfaf,0.463,True,OK,5,4,1,1,1,0,topology_pfaf,0.463,True,OK,5,4,1,1,1,0,topology_pfaf,0.463,True,OK,5,4,1,1,1,0,elevdef,0.463,True,OK,5,4,1,1,1,0,area50,0.463,True,OK,5,4,1,1,1,0,True,0,True,valid_T600,3,stable
7234044,9,62.2,low,1,1,False,topology_pfaf,0.536,True,OK,5,4,1,1,1,0,topology_pfaf,0.536,True,OK,5,4,1,1,1,0,topology_pfaf,0.536,True,OK,5,4,1,1,1,0,topology_pfaf,0.536,True,OK,5,4,1,1,1,0,topology_pfaf,0.536,True,OK,5,4,1,1,1,0,topology_pfaf,0.536,True,OK,5,4,1,1,1,0,elevdef,0.536,True,OK,5,4,1,1,1,0,area50,0.536,True,OK,5,4,1,1,1,0,True,0,True,valid_T600,3,stable
7235054,9,202.7,low,1,1,False,topology_pfaf,0.452,True,OK,5,4,1,1,1,0,topology_pfaf,0.452,True,OK,5,4,1,1,1,0,topology_pfaf,0.452,True,OK,5,4,1,1,1,0,topology_pfaf,0.452,True,OK,5,4,1,1,1,0,topology_pfaf,0.452,True,OK,5,4,1,1,1,0,topology_pfaf,0.452,True,OK,5,4,1,1,1,0,elevdef,0.709,True,OK,7,2,1,1,1,0,area50,0.452,True,OK,5,4,1,1,1,0,True,0,True,valid_T600,3,stable
7235060,9,52.9,low,1,1,False,topology_pfaf,0.399,True,OK,5,4,1,1,1,0,topology_pfaf,0.399,True,OK,5,4,1,1,1,0,topology_pfaf,0.399,True,OK,5,4,1,1,1,0,topology_pfaf,0.399,True,OK,5,4,1,1,1,0,topology_pfaf,0.399,True,OK,5,4,1,1,1,0,topology_pfaf,0.399,True,OK,5,4,1,1,1,0,elevdef,0.77,True,OK,7,2,1,1,1,0,area50,0.399,True,OK,5,4,1,1,1,0,True,0,True,valid_T600,3,stable
7236009,9,112.2,low,1,1,False,topology_pfaf,0.575,True,OK,5,4,1,1,1,0,topology_pfaf,0.575,True,OK,5,4,1,1,1,0,topology_pfaf,0.575,True,OK,5,4,1,1,1,0,topology_pfaf,0.575,True,OK,5,4,1,1,1,0,topology_pfaf,0.575,True,OK,5,4,1,1,1,0,topology_pfaf,0.575,True,OK,5,4,1,1,1,0,elevdef,0.575,True,OK,5,4,1,1,1,0,area50,0.575,True,OK,5,4,1,1,1,0,True,0,True,valid_T600,3,stable
7239080,9,231.7,low,1,1,False,topology_pfaf,0.3,True,OK,5,4,1,1,1,0,topology_pfaf,0.3,True,OK,5,4,1,1,1,0,topology_pfaf,0.3,True,OK,5,4,1,1,1,0,topology_pfaf,0.3,True,OK,5,4,1,1,1,0,topology_pfaf,0.3,True,OK,5,4,1,1,1,0,topology_pfaf,0.3,True,OK,5,4,1,1,1,0,elevdef,0.52,True,OK,7,2,1,1,1,0,area50,0.52,True,OK,7,2,1,1,1,0,True,0,True,valid_T600,3,stable
7240810,9,309.1,mixed,1,1,False,elevation,0.596,True,OK,5,4,1,1,1,0,topology_pfaf,0.596,True,OK,5,4,1,1,1,0,topology_pfaf,0.596,True,OK,5,4,1,1,1,0,topology_pfaf,0.596,True,OK,5,4,1,1,1,0,topology_pfaf,0.596,True,OK,5,4,1,1,1,0,topology_pfaf,0.596,True,OK,5,4,1,1,1,0,elevdef,0.596,True,OK,5,4,1,1,1,0,area50,0.49,True,OK,3,6,1,1,1,0,True,0,True,valid_T600,3,stable
7240820,9,489.6,mixed,1,1,False,elevation,0.368,True,OK,5,4,1,1,1,0,elevation,0.368,True,OK,5,4,1,1,1,0,topology_pfaf,0.205,True,OK,3,6,1,1,1,0,topology_pfaf,0.205,True,OK,3,6,1,1,1,0,topology_pfaf,0.205,True,OK,3,6,1,1,1,0,topology_pfaf,0.205,True,OK,3,6,1,1,1,0,elevdef,0.368,True,OK,5,4,1,1,1,0,area50,0.368,True,OK,5,4,1,1,1,0,True,2,False,valid_T600,2,label_change
7240830,9,326.4,mixed,1,1,False,elevation,0.457,True,OK,5,4,1,1,1,0,topology_pfaf,0.457,True,OK,5,4,1,1,1,0,topology_pfaf,0.457,True,OK,5,4,1,1,1,0,topology_pfaf,0.457,True,OK,5,4,1,1,1,0,topology_pfaf,0.457,True,OK,5,4,1,1,1,0,topology_pfaf,0.457,True,OK,5,4,1,1,1,0,elevdef,0.457,True,OK,5,4,1,1,1,0,area50,0.457,True,OK,5,4,1,1,1,0,True,0,True,valid_T600,3,stable
7240841,9,232.9,low,1,1,False,topology_pfaf,0.398,True,OK,5,4,1,1,1,0,topology_pfaf,0.398,True,OK,5,4,1,1,1,0,topology_pfaf,0.398,True,OK,5,4,1,1,1,0,topology_pfaf,0.398,True,OK,5,4,1,1,1,0,topology_pfaf,0.398,True,OK,5,4,1,1,1,0,topology_pfaf,0.398,True,OK,5,4,1,1,1,0,elevdef,0.844,True,OK,7,2,1,1,1,0,area50,0.398,True,OK,5,4,1,1,1,0,True,0,True,valid_T600,3,stable
7240864,9,222.6,low,1,1,False,topology_pfaf,0.497,True,OK,5,4,1,1,1,0,topology_pfaf,0.497,True,OK,5,4,1,1,1,0,topology_pfaf,0.497,True,OK,5,4,1,1,1,0,topology_pfaf,0.497,True,OK,5,4,1,1,1,0,topology_pfaf,0.497,True,OK,5,4,1,1,1,0,topology_pfaf,0.497,True,OK,5,4,1,1,1,0,elevdef,0.797,True,OK,7,2,1,1,1,0,area50,0.497,True,OK,5,4,1,1,1,0,True,0,True,valid_T600,3,stable
7240869,9,101.5,low,1,1,False,topology_pfaf,0.479,True,OK,5,4,1,1,1,0,topology_pfaf,0.479,True,OK,5,4,1,1,1,0,topology_pfaf,0.479,True,OK,5,4,1,1,1,0,topology_pfaf,0.479,True,OK,5,4,1,1,1,0,topology_pfaf,0.479,True,OK,5,4,1,1,1,0,topology_pfaf,0.479,True,OK,5,4,1,1,1,0,elevdef,0.675,True,OK,7,2,1,1,1,0,area50,0.479,True,OK,5,4,1,1,1,0,True,0,True,valid_T600,3,stable
7240870,9,235.5,low,1,1,False,topology_pfaf,0.278,True,OK,3,6,1,1,1,0,topology_pfaf,0.278,True,OK,3,6,1,1,1,0,topology_pfaf,0.278,True,OK,3,6,1,1,1,0,topology_pfaf,0.278,True,OK,3,6,1,1,1,0,topology_pfaf,0.278,True,OK,3,6,1,1,1,0,topology_pfaf,0.278,True,OK,3,6,1,1,1,0,elevdef,0.415,True,OK,5,4,1,1,1,0,area50,0.415,True,OK,5,4,1,1,1,0,True,0,True,valid_T600,3,stable
7240893,9,141.2,low,1,1,False,topology_pfaf,0.331,True,OK,5,4,1,1,1,0,topology_pfaf,0.331,True,OK,5,4,1,1,1,0,topology_pfaf,0.331,True,OK,5,4,1,1,1,0,topology_pfaf,0.331,True,OK,5,4,1,1,1,0,topology_pfaf,0.331,True,OK,5,4,1,1,1,0,topology_pfaf,0.331,True,OK,5,4,1,1,1,0,elevdef,0.52,True,OK,7,2,1,1,1,0,area50,0.52,True,OK,7,2,1,1,1,0,True,0,True,valid_T600,3,stable
7240900,9,488.4,mixed,9,9,False,elevation,0.241,False,outlets=9; parent_components=9; down_components=8; up_to_down_edges=0,1,8,1,8,0,0,elevation,0.241,False,outlets=9; parent_components=9; down_components=8; up_to_down_edges=0,1,8,1,8,0,0,topology_pfaf,0.241,False,outlets=9; parent_components=9; down_components=8; up_to_down_edges=0,1,8,1,8,0,0,topology_pfaf,0.241,False,outlets=9; parent_components=9; down_components=8; up_to_down_edges=0,1,8,1,8,0,0,topology_pfaf,0.241,False,outlets=9; parent_components=9; down_components=8; up_to_down_edges=0,1,8,1,8,0,0,topology_pfaf,0.241,False,outlets=9; parent_components=9; down_components=8; up_to_down_edges=0,1,8,1,8,0,0,elevdef,0.241,False,outlets=9; parent_components=9; down_components=8; up_to_down_edges=0,1,8,1,8,0,0,area50,0.241,False,outlets=9; parent_components=9; down_components=8; up_to_down_edges=0,1,8,1,8,0,0,False,0,True,invalid_multi_outlet,0,T600_invalid
7251002,9,272.0,low,1,1,False,topology_pfaf,0.626,True,OK,5,4,1,1,1,0,topology_pfaf,0.626,True,OK,5,4,1,1,1,0,topology_pfaf,0.626,True,OK,5,4,1,1,1,0,topology_pfaf,0.626,True,OK,5,4,1,1,1,0,topology_pfaf,0.626,True,OK,5,4,1,1,1,0,topology_pfaf,0.626,True,OK,5,4,1,1,1,0,elevdef,0.626,True,OK,5,4,1,1,1,0,area50,0.46,True,OK,3,6,1,1,1,0,True,0,True,valid_T600,3,stable
7251003,9,466.6,mixed,1,1,False,elevation,0.453,True,OK,1,8,1,1,1,0,elevation,0.453,True,OK,1,8,1,1,1,0,topology_pfaf,0.453,True,OK,1,8,1,1,1,0,topology_pfaf,0.453,True,OK,1,8,1,1,1,0,topology_pfaf,0.453,True,OK,1,8,1,1,1,0,topology_pfaf,0.453,True,OK,1,8,1,1,1,0,elevdef,0.453,True,OK,1,8,1,1,1,0,area50,0.453,True,OK,1,8,1,1,1,0,True,0,True,valid_T600,3,stable
7251004,9,500.4,mixed,1,1,False,elevation,0.663,True,OK,5,4,1,1,1,0,elevation,0.663,True,OK,5,4,1,1,1,0,elevation,0.663,True,OK,5,4,1,1,1,0,topology_pfaf,0.663,True,OK,5,4,1,1,1,0,topology_pfaf,0.663,True,OK,5,4,1,1,1,0,topology_pfaf,0.663,True,OK,5,4,1,1,1,0,elevdef,0.663,True,OK,5,4,1,1,1,0,area50,0.663,True,OK,5,4,1,1,1,0,True,0,True,valid_T600,3,stable
7251006,9,329.2,mixed,1,1,False,elevation,0.615,True,OK,5,4,1,1,1,0,topology_pfaf,0.615,True,OK,5,4,1,1,1,0,topology_pfaf,0.615,True,OK,5,4,1,1,1,0,topology_pfaf,0.615,True,OK,5,4,1,1,1,0,topology_pfaf,0.615,True,OK,5,4,1,1,1,0,topology_pfaf,0.615,True,OK,5,4,1,1,1,0,elevdef,0.615,True,OK,5,4,1,1,1,0,area50,0.495,True,OK,3,6,1,1,1,0,True,0,True,valid_T600,3,stable
7252020,9,87.2,low,1,1,False,topology_pfaf,0.795,True,OK,5,4,1,1,1,0,topology_pfaf,0.795,True,OK,5,4,1,1,1,0,topology_pfaf,0.795,True,OK,5,4,1,1,1,0,topology_pfaf,0.795,True,OK,5,4,1,1,1,0,topology_pfaf,0.795,True,OK,5,4,1,1,1,0,topology_pfaf,0.795,True,OK,5,4,1,1,1,0,elevdef,0.478,True,OK,1,8,1,1,1,0,area50,0.478,True,OK,1,8,1,1,1,0,True,0,True,valid_T600,3,stable
7252030,9,86.9,low,1,1,False,topology_pfaf,0.688,True,OK,5,4,1,1,1,0,topology_pfaf,0.688,True,OK,5,4,1,1,1,0,topology_pfaf,0.688,True,OK,5,4,1,1,1,0,topology_pfaf,0.688,True,OK,5,4,1,1,1,0,topology_pfaf,0.688,True,OK,5,4,1,1,1,0,topology_pfaf,0.688,True,OK,5,4,1,1,1,0,elevdef,0.688,True,OK,5,4,1,1,1,0,area50,0.329,True,OK,3,6,1,1,1,0,True,0,True,valid_T600,3,stable
7252070,9,139.0,low,1,1,False,topology_pfaf,0.422,True,OK,5,4,1,1,1,0,topology_pfaf,0.422,True,OK,5,4,1,1,1,0,topology_pfaf,0.422,True,OK,5,4,1,1,1,0,topology_pfaf,0.422,True,OK,5,4,1,1,1,0,topology_pfaf,0.422,True,OK,5,4,1,1,1,0,topology_pfaf,0.422,True,OK,5,4,1,1,1,0,elevdef,0.687,True,OK,7,2,1,1,1,0,area50,0.422,True,OK,5,4,1,1,1,0,True,0,True,valid_T600,3,stable
7253020,9,193.4,low,1,1,False,topology_pfaf,0.497,True,OK,1,8,1,1,1,0,topology_pfaf,0.497,True,OK,1,8,1,1,1,0,topology_pfaf,0.497,True,OK,1,8,1,1,1,0,topology_pfaf,0.497,True,OK,1,8,1,1,1,0,topology_pfaf,0.497,True,OK,1,8,1,1,1,0,topology_pfaf,0.497,True,OK,1,8,1,1,1,0,elevdef,0.497,True,OK,1,8,1,1,1,0,area50,0.497,True,OK,1,8,1,1,1,0,True,0,True,valid_T600,3,stable
7253030,9,261.3,low,1,1,False,topology_pfaf,0.808,True,OK,5,4,1,1,1,0,topology_pfaf,0.808,True,OK,5,4,1,1,1,0,topology_pfaf,0.808,True,OK,5,4,1,1,1,0,topology_pfaf,0.808,True,OK,5,4,1,1,1,0,topology_pfaf,0.808,True,OK,5,4,1,1,1,0,topology_pfaf,0.808,True,OK,5,4,1,1,1,0,elevdef,0.808,True,OK,5,4,1,1,1,0,area50,0.44,True,OK,3,6,1,1,1,0,True,0,True,valid_T600,3,stable
7253042,9,143.2,low,1,1,False,topology_pfaf,0.878,True,OK,5,4,1,1,1,0,topology_pfaf,0.878,True,OK,5,4,1,1,1,0,topology_pfaf,0.878,True,OK,5,4,1,1,1,0,topology_pfaf,0.878,True,OK,5,4,1,1,1,0,topology_pfaf,0.878,True,OK,5,4,1,1,1,0,topology_pfaf,0.878,True,OK,5,4,1,1,1,0,elevdef,0.357,True,OK,3,6,1,1,1,0,area50,0.357,True,OK,3,6,1,1,1,0,True,0,True,valid_T600,3,stable
7253061,9,163.8,low,1,1,False,topology_pfaf,0.313,True,OK,3,6,1,1,1,0,topology_pfaf,0.313,True,OK,3,6,1,1,1,0,topology_pfaf,0.313,True,OK,3,6,1,1,1,0,topology_pfaf,0.313,True,OK,3,6,1,1,1,0,topology_pfaf,0.313,True,OK,3,6,1,1,1,0,topology_pfaf,0.313,True,OK,3,6,1,1,1,0,elevdef,0.606,True,OK,7,2,1,1,1,0,area50,0.509,True,OK,5,4,1,1,1,0,True,0,True,valid_T600,3,stable
7253062,9,327.2,mixed,1,1,False,elevation,0.505,True,OK,5,4,1,1,1,0,topology_pfaf,0.505,True,OK,5,4,1,1,1,0,topology_pfaf,0.505,True,OK,5,4,1,1,1,0,topology_pfaf,0.505,True,OK,5,4,1,1,1,0,topology_pfaf,0.505,True,OK,5,4,1,1,1,0,topology_pfaf,0.505,True,OK,5,4,1,1,1,0,elevdef,0.505,True,OK,5,4,1,1,1,0,area50,0.505,True,OK,5,4,1,1,1,0,True,0,True,valid_T600,3,stable
7253063,9,461.8,mixed,1,1,False,elevation,0.879,True,OK,7,2,1,1,1,0,elevation,0.879,True,OK,7,2,1,1,1,0,topology_pfaf,0.47,True,OK,1,8,1,1,1,0,topology_pfaf,0.47,True,OK,1,8,1,1,1,0,topology_pfaf,0.47,True,OK,1,8,1,1,1,0,topology_pfaf,0.47,True,OK,1,8,1,1,1,0,elevdef,0.879,True,OK,7,2,1,1,1,0,area50,0.47,True,OK,1,8,1,1,1,0,True,6,False,valid_T600,2,label_change
7253066,9,159.6,low,1,1,False,topology_pfaf,0.484,True,OK,5,4,1,1,1,0,topology_pfaf,0.484,True,OK,5,4,1,1,1,0,topology_pfaf,0.484,True,OK,5,4,1,1,1,0,topology_pfaf,0.484,True,OK,5,4,1,1,1,0,topology_pfaf,0.484,True,OK,5,4,1,1,1,0,topology_pfaf,0.484,True,OK,5,4,1,1,1,0,elevdef,0.484,True,OK,5,4,1,1,1,0,area50,0.484,True,OK,5,4,1,1,1,0,True,0,True,valid_T600,3,stable
7253069,9,165.7,low,1,1,False,topology_pfaf,0.573,True,OK,5,4,1,1,1,0,topology_pfaf,0.573,True,OK,5,4,1,1,1,0,topology_pfaf,0.573,True,OK,5,4,1,1,1,0,topology_pfaf,0.573,True,OK,5,4,1,1,1,0,topology_pfaf,0.573,True,OK,5,4,1,1,1,0,topology_pfaf,0.573,True,OK,5,4,1,1,1,0,elevdef,0.573,True,OK,5,4,1,1,1,0,area50,0.573,True,OK,5,4,1,1,1,0,True,0,True,valid_T600,3,stable
7253080,9,387.1,mixed,1,1,False,elevation,0.607,True,OK,5,4,1,1,1,0,topology_pfaf,0.607,True,OK,5,4,1,1,1,0,topology_pfaf,0.607,True,OK,5,4,1,1,1,0,topology_pfaf,0.607,True,OK,5,4,1,1,1,0,topology_pfaf,0.607,True,OK,5,4,1,1,1,0,topology_pfaf,0.607,True,OK,5,4,1,1,1,0,elevdef,0.607,True,OK,5,4,1,1,1,0,area50,0.607,True,OK,5,4,1,1,1,0,True,0,True,valid_T600,3,stable
7253090,9,140.3,low,1,1,False,topology_pfaf,0.814,True,OK,5,4,1,1,1,0,topology_pfaf,0.814,True,OK,5,4,1,1,1,0,topology_pfaf,0.814,True,OK,5,4,1,1,1,0,topology_pfaf,0.814,True,OK,5,4,1,1,1,0,topology_pfaf,0.814,True,OK,5,4,1,1,1,0,topology_pfaf,0.814,True,OK,5,4,1,1,1,0,elevdef,0.703,True,OK,1,8,1,1,1,0,area50,0.703,True,OK,1,8,1,1,1,0,True,0,True,valid_T600,3,stable
7254104,9,159.8,low,1,1,False,topology_pfaf,0.76,True,OK,5,4,1,1,1,0,topology_pfaf,0.76,True,OK,5,4,1,1,1,0,topology_pfaf,0.76,True,OK,5,4,1,1,1,0,topology_pfaf,0.76,True,OK,5,4,1,1,1,0,topology_pfaf,0.76,True,OK,5,4,1,1,1,0,topology_pfaf,0.76,True,OK,5,4,1,1,1,0,elevdef,0.523,True,OK,3,6,1,1,1,0,area50,0.523,True,OK,3,6,1,1,1,0,True,0,True,valid_T600,3,stable
7254108,9,19.2,low,1,1,False,topology_pfaf,0.697,True,OK,5,4,1,1,1,0,topology_pfaf,0.697,True,OK,5,4,1,1,1,0,topology_pfaf,0.697,True,OK,5,4,1,1,1,0,topology_pfaf,0.697,True,OK,5,4,1,1,1,0,topology_pfaf,0.697,True,OK,5,4,1,1,1,0,topology_pfaf,0.697,True,OK,5,4,1,1,1,0,elevdef,0.697,True,OK,5,4,1,1,1,0,area50,0.349,True,OK,3,6,1,1,1,0,True,0,True,valid_T600,3,stable
7254500,9,63.4,low,1,1,False,topology_pfaf,0.709,True,OK,1,8,1,1,1,0,topology_pfaf,0.709,True,OK,1,8,1,1,1,0,topology_pfaf,0.709,True,OK,1,8,1,1,1,0,topology_pfaf,0.709,True,OK,1,8,1,1,1,0,topology_pfaf,0.709,True,OK,1,8,1,1,1,0,topology_pfaf,0.709,True,OK,1,8,1,1,1,0,elevdef,0.709,True,OK,1,8,1,1,1,0,area50,0.709,True,OK,1,8,1,1,1,0,True,0,True,valid_T600,3,stable
7254600,9,201.7,low,1,1,False,topology_pfaf,0.378,True,OK,5,4,1,1,1,0,topology_pfaf,0.378,True,OK,5,4,1,1,1,0,topology_pfaf,0.378,True,OK,5,4,1,1,1,0,topology_pfaf,0.378,True,OK,5,4,1,1,1,0,topology_pfaf,0.378,True,OK,5,4,1,1,1,0,topology_pfaf,0.378,True,OK,5,4,1,1,1,0,elevdef,0.378,True,OK,5,4,1,1,1,0,area50,0.378,True,OK,5,4,1,1,1,0,True,0,True,valid_T600,3,stable
7254710,5,115.0,low,1,1,False,topology_dist,1.0,False,empty_downstream; down_components=0; up_to_down_edges=0,5,0,1,0,0,0,topology_dist,1.0,False,empty_downstream; down_components=0; up_to_down_edges=0,5,0,1,0,0,0,topology_dist,1.0,False,empty_downstream; down_components=0; up_to_down_edges=0,5,0,1,0,0,0,topology_dist,1.0,False,empty_downstream; down_components=0; up_to_down_edges=0,5,0,1,0,0,0,topology_dist,1.0,False,empty_downstream; down_components=0; up_to_down_edges=0,5,0,1,0,0,0,topology_dist,1.0,False,empty_downstream; down_components=0; up_to_down_edges=0,5,0,1,0,0,0,elevdef,0.648,True,OK,1,4,1,1,1,0,area50,0.648,True,OK,1,4,1,1,1,0,False,0,True,invalid_one_sided,0,T600_invalid
7254720,9,117.0,low,1,1,False,topology_pfaf,0.491,True,OK,5,4,1,1,1,0,topology_pfaf,0.491,True,OK,5,4,1,1,1,0,topology_pfaf,0.491,True,OK,5,4,1,1,1,0,topology_pfaf,0.491,True,OK,5,4,1,1,1,0,topology_pfaf,0.491,True,OK,5,4,1,1,1,0,topology_pfaf,0.491,True,OK,5,4,1,1,1,0,elevdef,0.491,True,OK,5,4,1,1,1,0,area50,0.491,True,OK,5,4,1,1,1,0,True,0,True,valid_T600,3,stable
7254740,9,135.5,low,1,1,False,topology_pfaf,0.753,True,OK,5,4,1,1,1,0,topology_pfaf,0.753,True,OK,5,4,1,1,1,0,topology_pfaf,0.753,True,OK,5,4,1,1,1,0,topology_pfaf,0.753,True,OK,5,4,1,1,1,0,topology_pfaf,0.753,True,OK,5,4,1,1,1,0,topology_pfaf,0.753,True,OK,5,4,1,1,1,0,elevdef,0.485,True,OK,3,6,1,1,1,0,area50,0.485,True,OK,3,6,1,1,1,0,True,0,True,valid_T600,3,stable
7254760,9,232.7,low,1,1,False,topology_pfaf,0.512,True,OK,5,4,1,1,1,0,topology_pfaf,0.512,True,OK,5,4,1,1,1,0,topology_pfaf,0.512,True,OK,5,4,1,1,1,0,topology_pfaf,0.512,True,OK,5,4,1,1,1,0,topology_pfaf,0.512,True,OK,5,4,1,1,1,0,topology_pfaf,0.512,True,OK,5,4,1,1,1,0,elevdef,0.512,True,OK,5,4,1,1,1,0,area50,0.512,True,OK,5,4,1,1,1,0,True,0,True,valid_T600,3,stable
7254780,9,60.1,low,1,1,False,topology_pfaf,0.526,True,OK,3,6,1,1,1,0,topology_pfaf,0.526,True,OK,3,6,1,1,1,0,topology_pfaf,0.526,True,OK,3,6,1,1,1,0,topology_pfaf,0.526,True,OK,3,6,1,1,1,0,topology_pfaf,0.526,True,OK,3,6,1,1,1,0,topology_pfaf,0.526,True,OK,3,6,1,1,1,0,elevdef,0.526,True,OK,3,6,1,1,1,0,area50,0.526,True,OK,3,6,1,1,1,0,True,0,True,valid_T600,3,stable
7254800,9,58.9,low,1,1,False,topology_pfaf,0.523,True,OK,5,4,1,1,1,0,topology_pfaf,0.523,True,OK,5,4,1,1,1,0,topology_pfaf,0.523,True,OK,5,4,1,1,1,0,topology_pfaf,0.523,True,OK,5,4,1,1,1,0,topology_pfaf,0.523,True,OK,5,4,1,1,1,0,topology_pfaf,0.523,True,OK,5,4,1,1,1,0,elevdef,0.523,True,OK,5,4,1,1,1,0,area50,0.523,True,OK,5,4,1,1,1,0,True,0,True,valid_T600,3,stable
7254920,9,72.4,low,1,1,False,topology_pfaf,0.687,True,OK,5,4,1,1,1,0,topology_pfaf,0.687,True,OK,5,4,1,1,1,0,topology_pfaf,0.687,True,OK,5,4,1,1,1,0,topology_pfaf,0.687,True,OK,5,4,1,1,1,0,topology_pfaf,0.687,True,OK,5,4,1,1,1,0,topology_pfaf,0.687,True,OK,5,4,1,1,1,0,elevdef,0.687,True,OK,5,4,1,1,1,0,area50,0.366,True,OK,1,8,1,1,1,0,True,0,True,valid_T600,3,stable
7254950,9,37.4,low,1,1,False,topology_pfaf,0.589,True,OK,5,4,1,1,1,0,topology_pfaf,0.589,True,OK,5,4,1,1,1,0,topology_pfaf,0.589,True,OK,5,4,1,1,1,0,topology_pfaf,0.589,True,OK,5,4,1,1,1,0,topology_pfaf,0.589,True,OK,5,4,1,1,1,0,topology_pfaf,0.589,True,OK,5,4,1,1,1,0,elevdef,0.468,True,OK,3,6,1,1,1,0,area50,0.468,True,OK,3,6,1,1,1,0,True,0,True,valid_T600,3,stable
7254960,9,17.0,low,1,1,False,topology_pfaf,0.515,True,OK,3,6,1,1,1,0,topology_pfaf,0.515,True,OK,3,6,1,1,1,0,topology_pfaf,0.515,True,OK,3,6,1,1,1,0,topology_pfaf,0.515,True,OK,3,6,1,1,1,0,topology_pfaf,0.515,True,OK,3,6,1,1,1,0,topology_pfaf,0.515,True,OK,3,6,1,1,1,0,elevdef,0.515,True,OK,3,6,1,1,1,0,area50,0.515,True,OK,3,6,1,1,1,0,True,0,True,valid_T600,3,stable
7255101,9,188.2,low,1,1,False,topology_pfaf,0.53,True,OK,5,4,1,1,1,0,topology_pfaf,0.53,True,OK,5,4,1,1,1,0,topology_pfaf,0.53,True,OK,5,4,1,1,1,0,topology_pfaf,0.53,True,OK,5,4,1,1,1,0,topology_pfaf,0.53,True,OK,5,4,1,1,1,0,topology_pfaf,0.53,True,OK,5,4,1,1,1,0,elevdef,0.53,True,OK,5,4,1,1,1,0,area50,0.53,True,OK,5,4,1,1,1,0,True,0,True,valid_T600,3,stable
7255104,9,483.7,mixed,1,1,False,elevation,0.577,True,OK,5,4,1,1,1,0,elevation,0.577,True,OK,5,4,1,1,1,0,topology_pfaf,0.577,True,OK,5,4,1,1,1,0,topology_pfaf,0.577,True,OK,5,4,1,1,1,0,topology_pfaf,0.577,True,OK,5,4,1,1,1,0,topology_pfaf,0.577,True,OK,5,4,1,1,1,0,elevdef,0.577,True,OK,5,4,1,1,1,0,area50,0.577,True,OK,5,4,1,1,1,0,True,0,True,valid_T600,3,stable
7255106,9,368.8,mixed,1,1,False,elevation,0.629,True,OK,7,2,1,1,1,0,topology_pfaf,0.405,True,OK,5,4,1,1,1,0,topology_pfaf,0.405,True,OK,5,4,1,1,1,0,topology_pfaf,0.405,True,OK,5,4,1,1,1,0,topology_pfaf,0.405,True,OK,5,4,1,1,1,0,topology_pfaf,0.405,True,OK,5,4,1,1,1,0,elevdef,0.629,True,OK,7,2,1,1,1,0,area50,0.405,True,OK,5,4,1,1,1,0,True,2,False,valid_T600,2,label_change
7255201,9,64.9,low,1,1,False,topology_pfaf,0.385,True,OK,3,6,1,1,1,0,topology_pfaf,0.385,True,OK,3,6,1,1,1,0,topology_pfaf,0.385,True,OK,3,6,1,1,1,0,topology_pfaf,0.385,True,OK,3,6,1,1,1,0,topology_pfaf,0.385,True,OK,3,6,1,1,1,0,topology_pfaf,0.385,True,OK,3,6,1,1,1,0,elevdef,0.637,True,OK,5,4,1,1,1,0,area50,0.385,True,OK,3,6,1,1,1,0,True,0,True,valid_T600,3,stable
7255207,9,72.1,low,1,1,False,topology_pfaf,0.471,True,OK,5,4,1,1,1,0,topology_pfaf,0.471,True,OK,5,4,1,1,1,0,topology_pfaf,0.471,True,OK,5,4,1,1,1,0,topology_pfaf,0.471,True,OK,5,4,1,1,1,0,topology_pfaf,0.471,True,OK,5,4,1,1,1,0,topology_pfaf,0.471,True,OK,5,4,1,1,1,0,elevdef,0.556,True,OK,7,2,1,1,1,0,area50,0.471,True,OK,5,4,1,1,1,0,True,0,True,valid_T600,3,stable
7255302,9,479.3,mixed,1,1,False,elevation,0.531,True,OK,5,4,1,1,1,0,elevation,0.531,True,OK,5,4,1,1,1,0,topology_pfaf,0.531,True,OK,5,4,1,1,1,0,topology_pfaf,0.531,True,OK,5,4,1,1,1,0,topology_pfaf,0.531,True,OK,5,4,1,1,1,0,topology_pfaf,0.531,True,OK,5,4,1,1,1,0,elevdef,0.531,True,OK,5,4,1,1,1,0,area50,0.531,True,OK,5,4,1,1,1,0,True,0,True,valid_T600,3,stable
7255304,9,221.7,low,1,1,False,topology_pfaf,0.588,True,OK,5,4,1,1,1,0,topology_pfaf,0.588,True,OK,5,4,1,1,1,0,topology_pfaf,0.588,True,OK,5,4,1,1,1,0,topology_pfaf,0.588,True,OK,5,4,1,1,1,0,topology_pfaf,0.588,True,OK,5,4,1,1,1,0,topology_pfaf,0.588,True,OK,5,4,1,1,1,0,elevdef,0.588,True,OK,5,4,1,1,1,0,area50,0.484,True,OK,3,6,1,1,1,0,True,0,True,valid_T600,3,stable
7255402,9,193.6,low,1,1,False,topology_pfaf,0.35,True,OK,5,4,1,1,1,0,topology_pfaf,0.35,True,OK,5,4,1,1,1,0,topology_pfaf,0.35,True,OK,5,4,1,1,1,0,topology_pfaf,0.35,True,OK,5,4,1,1,1,0,topology_pfaf,0.35,True,OK,5,4,1,1,1,0,topology_pfaf,0.35,True,OK,5,4,1,1,1,0,elevdef,0.519,True,OK,7,2,1,1,1,0,area50,0.519,True,OK,7,2,1,1,1,0,True,0,True,valid_T600,3,stable
7255406,9,179.3,low,1,1,False,topology_pfaf,0.498,True,OK,1,8,1,1,1,0,topology_pfaf,0.498,True,OK,1,8,1,1,1,0,topology_pfaf,0.498,True,OK,1,8,1,1,1,0,topology_pfaf,0.498,True,OK,1,8,1,1,1,0,topology_pfaf,0.498,True,OK,1,8,1,1,1,0,topology_pfaf,0.498,True,OK,1,8,1,1,1,0,elevdef,1.0,False,empty_downstream; down_components=0; up_to_down_edges=0,9,0,1,0,0,0,area50,0.498,True,OK,1,8,1,1,1,0,True,0,True,valid_T600,3,stable
7255510,9,14.5,low,1,1,False,topology_pfaf,0.712,True,OK,5,4,1,1,1,0,topology_pfaf,0.712,True,OK,5,4,1,1,1,0,topology_pfaf,0.712,True,OK,5,4,1,1,1,0,topology_pfaf,0.712,True,OK,5,4,1,1,1,0,topology_pfaf,0.712,True,OK,5,4,1,1,1,0,topology_pfaf,0.712,True,OK,5,4,1,1,1,0,elevdef,0.559,True,OK,3,6,1,1,1,0,area50,0.559,True,OK,3,6,1,1,1,0,True,0,True,valid_T600,3,stable
7255520,9,343.7,mixed,1,1,False,elevation,0.64,True,OK,3,6,1,1,1,0,topology_pfaf,0.745,True,OK,5,4,1,1,1,0,topology_pfaf,0.745,True,OK,5,4,1,1,1,0,topology_pfaf,0.745,True,OK,5,4,1,1,1,0,topology_pfaf,0.745,True,OK,5,4,1,1,1,0,topology_pfaf,0.745,True,OK,5,4,1,1,1,0,elevdef,0.64,True,OK,3,6,1,1,1,0,area50,0.409,True,OK,1,8,1,1,1,0,True,2,False,valid_T600,2,label_change
7255540,9,60.4,low,1,1,False,topology_pfaf,0.803,True,OK,1,8,1,1,1,0,topology_pfaf,0.803,True,OK,1,8,1,1,1,0,topology_pfaf,0.803,True,OK,1,8,1,1,1,0,topology_pfaf,0.803,True,OK,1,8,1,1,1,0,topology_pfaf,0.803,True,OK,1,8,1,1,1,0,topology_pfaf,0.803,True,OK,1,8,1,1,1,0,elevdef,0.803,True,OK,1,8,1,1,1,0,area50,0.803,True,OK,1,8,1,1,1,0,True,0,True,valid_T600,3,stable
7255550,9,208.0,low,1,1,False,topology_pfaf,0.453,True,OK,3,6,1,1,1,0,topology_pfaf,0.453,True,OK,3,6,1,1,1,0,topology_pfaf,0.453,True,OK,3,6,1,1,1,0,topology_pfaf,0.453,True,OK,3,6,1,1,1,0,topology_pfaf,0.453,True,OK,3,6,1,1,1,0,topology_pfaf,0.453,True,OK,3,6,1,1,1,0,elevdef,0.535,True,OK,5,4,1,1,1,0,area50,0.535,True,OK,5,4,1,1,1,0,True,0,True,valid_T600,3,stable
7255560,9,235.1,low,1,1,False,topology_pfaf,0.526,True,OK,5,4,1,1,1,0,topology_pfaf,0.526,True,OK,5,4,1,1,1,0,topology_pfaf,0.526,True,OK,5,4,1,1,1,0,topology_pfaf,0.526,True,OK,5,4,1,1,1,0,topology_pfaf,0.526,True,OK,5,4,1,1,1,0,topology_pfaf,0.526,True,OK,5,4,1,1,1,0,elevdef,0.526,True,OK,5,4,1,1,1,0,area50,0.526,True,OK,5,4,1,1,1,0,True,0,True,valid_T600,3,stable
7255573,9,38.0,low,1,1,False,topology_pfaf,0.541,True,OK,5,4,1,1,1,0,topology_pfaf,0.541,True,OK,5,4,1,1,1,0,topology_pfaf,0.541,True,OK,5,4,1,1,1,0,topology_pfaf,0.541,True,OK,5,4,1,1,1,0,topology_pfaf,0.541,True,OK,5,4,1,1,1,0,topology_pfaf,0.541,True,OK,5,4,1,1,1,0,elevdef,0.657,True,OK,7,2,1,1,1,0,area50,0.541,True,OK,5,4,1,1,1,0,True,0,True,valid_T600,3,stable
7255575,9,64.7,low,1,1,False,topology_pfaf,0.508,True,OK,5,4,1,1,1,0,topology_pfaf,0.508,True,OK,5,4,1,1,1,0,topology_pfaf,0.508,True,OK,5,4,1,1,1,0,topology_pfaf,0.508,True,OK,5,4,1,1,1,0,topology_pfaf,0.508,True,OK,5,4,1,1,1,0,topology_pfaf,0.508,True,OK,5,4,1,1,1,0,elevdef,0.508,True,OK,5,4,1,1,1,0,area50,0.508,True,OK,5,4,1,1,1,0,True,0,True,valid_T600,3,stable
7255580,9,100.4,low,1,1,False,topology_pfaf,0.314,True,OK,3,6,1,1,1,0,topology_pfaf,0.314,True,OK,3,6,1,1,1,0,topology_pfaf,0.314,True,OK,3,6,1,1,1,0,topology_pfaf,0.314,True,OK,3,6,1,1,1,0,topology_pfaf,0.314,True,OK,3,6,1,1,1,0,topology_pfaf,0.314,True,OK,3,6,1,1,1,0,elevdef,0.501,True,OK,5,4,1,1,1,0,area50,0.501,True,OK,5,4,1,1,1,0,True,0,True,valid_T600,3,stable
7255590,9,26.0,low,1,1,False,topology_pfaf,0.433,True,OK,5,4,1,1,1,0,topology_pfaf,0.433,True,OK,5,4,1,1,1,0,topology_pfaf,0.433,True,OK,5,4,1,1,1,0,topology_pfaf,0.433,True,OK,5,4,1,1,1,0,topology_pfaf,0.433,True,OK,5,4,1,1,1,0,topology_pfaf,0.433,True,OK,5,4,1,1,1,0,elevdef,0.433,True,OK,5,4,1,1,1,0,area50,0.433,True,OK,5,4,1,1,1,0,True,0,True,valid_T600,3,stable
7255602,5,83.0,low,1,1,False,topology_dist,1.0,False,empty_downstream; down_components=0; up_to_down_edges=0,5,0,1,0,0,0,topology_dist,1.0,False,empty_downstream; down_components=0; up_to_down_edges=0,5,0,1,0,0,0,topology_dist,1.0,False,empty_downstream; down_components=0; up_to_down_edges=0,5,0,1,0,0,0,topology_dist,1.0,False,empty_downstream; down_components=0; up_to_down_edges=0,5,0,1,0,0,0,topology_dist,1.0,False,empty_downstream; down_components=0; up_to_down_edges=0,5,0,1,0,0,0,topology_dist,1.0,False,empty_downstream; down_components=0; up_to_down_edges=0,5,0,1,0,0,0,elevdef,1.0,False,empty_downstream; down_components=0; up_to_down_edges=0,5,0,1,0,0,0,area50,0.572,True,OK,1,4,1,1,1,0,False,0,True,invalid_one_sided,0,T600_invalid
7255604,9,37.3,low,1,1,False,topology_pfaf,0.85,True,OK,5,4,1,1,1,0,topology_pfaf,0.85,True,OK,5,4,1,1,1,0,topology_pfaf,0.85,True,OK,5,4,1,1,1,0,topology_pfaf,0.85,True,OK,5,4,1,1,1,0,topology_pfaf,0.85,True,OK,5,4,1,1,1,0,topology_pfaf,0.85,True,OK,5,4,1,1,1,0,elevdef,0.603,True,OK,3,6,1,1,1,0,area50,0.603,True,OK,3,6,1,1,1,0,True,0,True,valid_T600,3,stable
7255608,9,53.4,low,1,1,False,topology_pfaf,0.308,True,OK,3,6,1,1,1,0,topology_pfaf,0.308,True,OK,3,6,1,1,1,0,topology_pfaf,0.308,True,OK,3,6,1,1,1,0,topology_pfaf,0.308,True,OK,3,6,1,1,1,0,topology_pfaf,0.308,True,OK,3,6,1,1,1,0,topology_pfaf,0.308,True,OK,3,6,1,1,1,0,elevdef,0.713,True,OK,7,2,1,1,1,0,area50,0.428,True,OK,5,4,1,1,1,0,True,0,True,valid_T600,3,stable
7255740,9,171.0,low,1,1,False,topology_pfaf,0.254,True,OK,5,4,1,1,1,0,topology_pfaf,0.254,True,OK,5,4,1,1,1,0,topology_pfaf,0.254,True,OK,5,4,1,1,1,0,topology_pfaf,0.254,True,OK,5,4,1,1,1,0,topology_pfaf,0.254,True,OK,5,4,1,1,1,0,topology_pfaf,0.254,True,OK,5,4,1,1,1,0,elevdef,0.703,True,OK,7,2,1,1,1,0,area50,0.703,True,OK,7,2,1,1,1,0,True,0,True,valid_T600,3,stable
7255760,9,48.0,low,1,1,False,topology_pfaf,0.8,True,OK,5,4,1,1,1,0,topology_pfaf,0.8,True,OK,5,4,1,1,1,0,topology_pfaf,0.8,True,OK,5,4,1,1,1,0,topology_pfaf,0.8,True,OK,5,4,1,1,1,0,topology_pfaf,0.8,True,OK,5,4,1,1,1,0,topology_pfaf,0.8,True,OK,5,4,1,1,1,0,elevdef,0.491,True,OK,3,6,1,1,1,0,area50,0.491,True,OK,3,6,1,1,1,0,True,0,True,valid_T600,3,stable
7255777,8,19.0,low,1,1,False,topology_pfaf,0.476,True,OK,4,4,1,1,1,0,topology_pfaf,0.476,True,OK,4,4,1,1,1,0,topology_pfaf,0.476,True,OK,4,4,1,1,1,0,topology_pfaf,0.476,True,OK,4,4,1,1,1,0,topology_pfaf,0.476,True,OK,4,4,1,1,1,0,topology_pfaf,0.476,True,OK,4,4,1,1,1,0,elevdef,0.476,True,OK,4,4,1,1,1,0,area50,0.476,True,OK,4,4,1,1,1,0,True,0,True,valid_T600,3,stable
7255780,5,178.4,low,1,1,False,topology_dist,0.611,True,OK,3,2,1,1,1,0,topology_dist,0.611,True,OK,3,2,1,1,1,0,topology_dist,0.611,True,OK,3,2,1,1,1,0,topology_dist,0.611,True,OK,3,2,1,1,1,0,topology_dist,0.611,True,OK,3,2,1,1,1,0,topology_dist,0.611,True,OK,3,2,1,1,1,0,elevdef,0.611,True,OK,3,2,1,1,1,0,area50,0.611,True,OK,3,2,1,1,1,0,True,0,True,valid_T600,3,stable
7255820,9,194.6,low,1,1,False,topology_pfaf,0.51,True,OK,5,4,1,1,1,0,topology_pfaf,0.51,True,OK,5,4,1,1,1,0,topology_pfaf,0.51,True,OK,5,4,1,1,1,0,topology_pfaf,0.51,True,OK,5,4,1,1,1,0,topology_pfaf,0.51,True,OK,5,4,1,1,1,0,topology_pfaf,0.51,True,OK,5,4,1,1,1,0,elevdef,0.51,True,OK,5,4,1,1,1,0,area50,0.51,True,OK,5,4,1,1,1,0,True,0,True,valid_T600,3,stable
7255830,9,52.0,low,1,1,False,topology_pfaf,0.574,True,OK,5,4,1,1,1,0,topology_pfaf,0.574,True,OK,5,4,1,1,1,0,topology_pfaf,0.574,True,OK,5,4,1,1,1,0,topology_pfaf,0.574,True,OK,5,4,1,1,1,0,topology_pfaf,0.574,True,OK,5,4,1,1,1,0,topology_pfaf,0.574,True,OK,5,4,1,1,1,0,elevdef,0.574,True,OK,5,4,1,1,1,0,area50,0.574,True,OK,5,4,1,1,1,0,True,0,True,valid_T600,3,stable
7255860,9,60.4,low,1,1,False,topology_pfaf,0.469,True,OK,5,4,1,1,1,0,topology_pfaf,0.469,True,OK,5,4,1,1,1,0,topology_pfaf,0.469,True,OK,5,4,1,1,1,0,topology_pfaf,0.469,True,OK,5,4,1,1,1,0,topology_pfaf,0.469,True,OK,5,4,1,1,1,0,topology_pfaf,0.469,True,OK,5,4,1,1,1,0,elevdef,1.0,False,empty_downstream; down_components=0; up_to_down_edges=0,9,0,1,0,0,0,area50,0.469,True,OK,5,4,1,1,1,0,True,0,True,valid_T600,3,stable
7255880,9,85.8,low,1,1,False,topology_pfaf,0.374,True,OK,1,8,1,1,1,0,topology_pfaf,0.374,True,OK,1,8,1,1,1,0,topology_pfaf,0.374,True,OK,1,8,1,1,1,0,topology_pfaf,0.374,True,OK,1,8,1,1,1,0,topology_pfaf,0.374,True,OK,1,8,1,1,1,0,topology_pfaf,0.374,True,OK,1,8,1,1,1,0,elevdef,0.763,True,OK,7,2,1,1,1,0,area50,0.374,True,OK,1,8,1,1,1,0,True,0,True,valid_T600,3,stable
7255900,8,114.7,low,1,1,False,topology_pfaf,0.863,True,OK,4,4,1,1,1,0,topology_pfaf,0.863,True,OK,4,4,1,1,1,0,topology_pfaf,0.863,True,OK,4,4,1,1,1,0,topology_pfaf,0.863,True,OK,4,4,1,1,1,0,topology_pfaf,0.863,True,OK,4,4,1,1,1,0,topology_pfaf,0.863,True,OK,4,4,1,1,1,0,elevdef,0.682,True,OK,1,7,1,1,1,0,area50,0.682,True,OK,1,7,1,1,1,0,True,0,True,valid_T600,3,stable
7256042,9,204.4,low,1,1,False,topology_pfaf,0.667,True,OK,5,4,1,1,1,0,topology_pfaf,0.667,True,OK,5,4,1,1,1,0,topology_pfaf,0.667,True,OK,5,4,1,1,1,0,topology_pfaf,0.667,True,OK,5,4,1,1,1,0,topology_pfaf,0.667,True,OK,5,4,1,1,1,0,topology_pfaf,0.667,True,OK,5,4,1,1,1,0,elevdef,0.667,True,OK,5,4,1,1,1,0,area50,0.667,True,OK,5,4,1,1,1,0,True,0,True,valid_T600,3,stable
7256043,9,35.2,low,1,1,False,topology_pfaf,0.456,True,OK,5,4,1,1,1,0,topology_pfaf,0.456,True,OK,5,4,1,1,1,0,topology_pfaf,0.456,True,OK,5,4,1,1,1,0,topology_pfaf,0.456,True,OK,5,4,1,1,1,0,topology_pfaf,0.456,True,OK,5,4,1,1,1,0,topology_pfaf,0.456,True,OK,5,4,1,1,1,0,elevdef,0.456,True,OK,5,4,1,1,1,0,area50,0.456,True,OK,5,4,1,1,1,0,True,0,True,valid_T600,3,stable
7256044,9,168.4,low,1,1,False,topology_pfaf,0.28,True,OK,3,6,1,1,1,0,topology_pfaf,0.28,True,OK,3,6,1,1,1,0,topology_pfaf,0.28,True,OK,3,6,1,1,1,0,topology_pfaf,0.28,True,OK,3,6,1,1,1,0,topology_pfaf,0.28,True,OK,3,6,1,1,1,0,topology_pfaf,0.28,True,OK,3,6,1,1,1,0,elevdef,0.686,True,OK,5,4,1,1,1,0,area50,0.686,True,OK,5,4,1,1,1,0,True,0,True,valid_T600,3,stable
7256048,9,166.7,low,1,1,False,topology_pfaf,0.714,True,OK,5,4,1,1,1,0,topology_pfaf,0.714,True,OK,5,4,1,1,1,0,topology_pfaf,0.714,True,OK,5,4,1,1,1,0,topology_pfaf,0.714,True,OK,5,4,1,1,1,0,topology_pfaf,0.714,True,OK,5,4,1,1,1,0,topology_pfaf,0.714,True,OK,5,4,1,1,1,0,elevdef,0.714,True,OK,5,4,1,1,1,0,area50,0.346,True,OK,1,8,1,1,1,0,True,0,True,valid_T600,3,stable
7256049,9,61.0,low,1,1,False,topology_pfaf,0.491,True,OK,5,4,1,1,1,0,topology_pfaf,0.491,True,OK,5,4,1,1,1,0,topology_pfaf,0.491,True,OK,5,4,1,1,1,0,topology_pfaf,0.491,True,OK,5,4,1,1,1,0,topology_pfaf,0.491,True,OK,5,4,1,1,1,0,topology_pfaf,0.491,True,OK,5,4,1,1,1,0,elevdef,0.491,True,OK,5,4,1,1,1,0,area50,0.491,True,OK,5,4,1,1,1,0,True,0,True,valid_T600,3,stable
7256060,9,185.2,low,1,1,False,topology_pfaf,0.567,True,OK,5,4,1,1,1,0,topology_pfaf,0.567,True,OK,5,4,1,1,1,0,topology_pfaf,0.567,True,OK,5,4,1,1,1,0,topology_pfaf,0.567,True,OK,5,4,1,1,1,0,topology_pfaf,0.567,True,OK,5,4,1,1,1,0,topology_pfaf,0.567,True,OK,5,4,1,1,1,0,elevdef,0.503,True,OK,3,6,1,1,1,0,area50,0.503,True,OK,3,6,1,1,1,0,True,0,True,valid_T600,3,stable
7256070,9,51.0,low,1,1,False,topology_pfaf,0.43,True,OK,5,4,1,1,1,0,topology_pfaf,0.43,True,OK,5,4,1,1,1,0,topology_pfaf,0.43,True,OK,5,4,1,1,1,0,topology_pfaf,0.43,True,OK,5,4,1,1,1,0,topology_pfaf,0.43,True,OK,5,4,1,1,1,0,topology_pfaf,0.43,True,OK,5,4,1,1,1,0,elevdef,0.557,True,OK,7,2,1,1,1,0,area50,0.557,True,OK,7,2,1,1,1,0,True,0,True,valid_T600,3,stable
7256090,9,155.8,low,1,1,False,topology_pfaf,0.701,True,OK,5,4,1,1,1,0,topology_pfaf,0.701,True,OK,5,4,1,1,1,0,topology_pfaf,0.701,True,OK,5,4,1,1,1,0,topology_pfaf,0.701,True,OK,5,4,1,1,1,0,topology_pfaf,0.701,True,OK,5,4,1,1,1,0,topology_pfaf,0.701,True,OK,5,4,1,1,1,0,elevdef,0.379,True,OK,3,6,1,1,1,0,area50,0.379,True,OK,3,6,1,1,1,0,True,0,True,valid_T600,3,stable
7257040,9,106.1,low,1,1,False,topology_pfaf,0.438,True,OK,5,4,1,1,1,0,topology_pfaf,0.438,True,OK,5,4,1,1,1,0,topology_pfaf,0.438,True,OK,5,4,1,1,1,0,topology_pfaf,0.438,True,OK,5,4,1,1,1,0,topology_pfaf,0.438,True,OK,5,4,1,1,1,0,topology_pfaf,0.438,True,OK,5,4,1,1,1,0,elevdef,0.438,True,OK,5,4,1,1,1,0,area50,0.438,True,OK,5,4,1,1,1,0,True,0,True,valid_T600,3,stable
7257062,9,217.2,low,1,1,False,topology_pfaf,0.565,True,OK,5,4,1,1,1,0,topology_pfaf,0.565,True,OK,5,4,1,1,1,0,topology_pfaf,0.565,True,OK,5,4,1,1,1,0,topology_pfaf,0.565,True,OK,5,4,1,1,1,0,topology_pfaf,0.565,True,OK,5,4,1,1,1,0,topology_pfaf,0.565,True,OK,5,4,1,1,1,0,elevdef,0.565,True,OK,5,4,1,1,1,0,area50,0.565,True,OK,5,4,1,1,1,0,True,0,True,valid_T600,3,stable
7257068,9,161.2,low,1,1,False,topology_pfaf,0.415,True,OK,5,4,1,1,1,0,topology_pfaf,0.415,True,OK,5,4,1,1,1,0,topology_pfaf,0.415,True,OK,5,4,1,1,1,0,topology_pfaf,0.415,True,OK,5,4,1,1,1,0,topology_pfaf,0.415,True,OK,5,4,1,1,1,0,topology_pfaf,0.415,True,OK,5,4,1,1,1,0,elevdef,0.766,True,OK,7,2,1,1,1,0,area50,0.415,True,OK,5,4,1,1,1,0,True,0,True,valid_T600,3,stable
7258102,9,85.0,low,1,1,False,topology_pfaf,0.538,True,OK,1,8,1,1,1,0,topology_pfaf,0.538,True,OK,1,8,1,1,1,0,topology_pfaf,0.538,True,OK,1,8,1,1,1,0,topology_pfaf,0.538,True,OK,1,8,1,1,1,0,topology_pfaf,0.538,True,OK,1,8,1,1,1,0,topology_pfaf,0.538,True,OK,1,8,1,1,1,0,elevdef,0.538,True,OK,1,8,1,1,1,0,area50,0.538,True,OK,1,8,1,1,1,0,True,0,True,valid_T600,3,stable
7258106,9,77.7,low,1,1,False,topology_pfaf,0.604,True,OK,5,4,1,1,1,0,topology_pfaf,0.604,True,OK,5,4,1,1,1,0,topology_pfaf,0.604,True,OK,5,4,1,1,1,0,topology_pfaf,0.604,True,OK,5,4,1,1,1,0,topology_pfaf,0.604,True,OK,5,4,1,1,1,0,topology_pfaf,0.604,True,OK,5,4,1,1,1,0,elevdef,0.604,True,OK,5,4,1,1,1,0,area50,0.542,True,OK,3,6,1,1,1,0,True,0,True,valid_T600,3,stable
7258107,9,22.9,low,1,1,False,topology_pfaf,0.67,True,OK,5,4,1,1,1,0,topology_pfaf,0.67,True,OK,5,4,1,1,1,0,topology_pfaf,0.67,True,OK,5,4,1,1,1,0,topology_pfaf,0.67,True,OK,5,4,1,1,1,0,topology_pfaf,0.67,True,OK,5,4,1,1,1,0,topology_pfaf,0.67,True,OK,5,4,1,1,1,0,elevdef,0.67,True,OK,5,4,1,1,1,0,area50,0.67,True,OK,5,4,1,1,1,0,True,0,True,valid_T600,3,stable
7258108,9,70.1,low,1,1,False,topology_pfaf,0.44,True,OK,5,4,1,1,1,0,topology_pfaf,0.44,True,OK,5,4,1,1,1,0,topology_pfaf,0.44,True,OK,5,4,1,1,1,0,topology_pfaf,0.44,True,OK,5,4,1,1,1,0,topology_pfaf,0.44,True,OK,5,4,1,1,1,0,topology_pfaf,0.44,True,OK,5,4,1,1,1,0,elevdef,0.662,True,OK,7,2,1,1,1,0,area50,0.44,True,OK,5,4,1,1,1,0,True,0,True,valid_T600,3,stable
7258220,9,209.8,low,1,1,False,topology_pfaf,0.531,True,OK,5,4,1,1,1,0,topology_pfaf,0.531,True,OK,5,4,1,1,1,0,topology_pfaf,0.531,True,OK,5,4,1,1,1,0,topology_pfaf,0.531,True,OK,5,4,1,1,1,0,topology_pfaf,0.531,True,OK,5,4,1,1,1,0,topology_pfaf,0.531,True,OK,5,4,1,1,1,0,elevdef,0.764,True,OK,7,2,1,1,1,0,area50,0.531,True,OK,5,4,1,1,1,0,True,0,True,valid_T600,3,stable
7258260,9,264.5,low,1,1,False,topology_pfaf,0.6,True,OK,5,4,1,1,1,0,topology_pfaf,0.6,True,OK,5,4,1,1,1,0,topology_pfaf,0.6,True,OK,5,4,1,1,1,0,topology_pfaf,0.6,True,OK,5,4,1,1,1,0,topology_pfaf,0.6,True,OK,5,4,1,1,1,0,topology_pfaf,0.6,True,OK,5,4,1,1,1,0,elevdef,0.6,True,OK,5,4,1,1,1,0,area50,0.488,True,OK,3,6,1,1,1,0,True,0,True,valid_T600,3,stable
7258270,9,86.5,low,1,1,False,topology_pfaf,0.355,True,OK,3,6,1,1,1,0,topology_pfaf,0.355,True,OK,3,6,1,1,1,0,topology_pfaf,0.355,True,OK,3,6,1,1,1,0,topology_pfaf,0.355,True,OK,3,6,1,1,1,0,topology_pfaf,0.355,True,OK,3,6,1,1,1,0,topology_pfaf,0.355,True,OK,3,6,1,1,1,0,elevdef,0.648,True,OK,7,2,1,1,1,0,area50,0.572,True,OK,5,4,1,1,1,0,True,0,True,valid_T600,3,stable
7258280,9,31.8,low,1,1,False,topology_pfaf,0.526,True,OK,5,4,1,1,1,0,topology_pfaf,0.526,True,OK,5,4,1,1,1,0,topology_pfaf,0.526,True,OK,5,4,1,1,1,0,topology_pfaf,0.526,True,OK,5,4,1,1,1,0,topology_pfaf,0.526,True,OK,5,4,1,1,1,0,topology_pfaf,0.526,True,OK,5,4,1,1,1,0,elevdef,0.749,True,OK,7,2,1,1,1,0,area50,0.526,True,OK,5,4,1,1,1,0,True,0,True,valid_T600,3,stable
7258299,9,212.8,low,1,1,False,topology_pfaf,0.547,True,OK,5,4,1,1,1,0,topology_pfaf,0.547,True,OK,5,4,1,1,1,0,topology_pfaf,0.547,True,OK,5,4,1,1,1,0,topology_pfaf,0.547,True,OK,5,4,1,1,1,0,topology_pfaf,0.547,True,OK,5,4,1,1,1,0,topology_pfaf,0.547,True,OK,5,4,1,1,1,0,elevdef,0.547,True,OK,5,4,1,1,1,0,area50,0.547,True,OK,5,4,1,1,1,0,True,0,True,valid_T600,3,stable
7258320,9,194.4,low,1,1,False,topology_pfaf,0.672,True,OK,5,4,1,1,1,0,topology_pfaf,0.672,True,OK,5,4,1,1,1,0,topology_pfaf,0.672,True,OK,5,4,1,1,1,0,topology_pfaf,0.672,True,OK,5,4,1,1,1,0,topology_pfaf,0.672,True,OK,5,4,1,1,1,0,topology_pfaf,0.672,True,OK,5,4,1,1,1,0,elevdef,0.672,True,OK,5,4,1,1,1,0,area50,0.508,True,OK,3,6,1,1,1,0,True,0,True,valid_T600,3,stable
7258330,9,16.3,low,1,1,False,topology_pfaf,0.549,True,OK,5,4,1,1,1,0,topology_pfaf,0.549,True,OK,5,4,1,1,1,0,topology_pfaf,0.549,True,OK,5,4,1,1,1,0,topology_pfaf,0.549,True,OK,5,4,1,1,1,0,topology_pfaf,0.549,True,OK,5,4,1,1,1,0,topology_pfaf,0.549,True,OK,5,4,1,1,1,0,elevdef,0.549,True,OK,5,4,1,1,1,0,area50,0.549,True,OK,5,4,1,1,1,0,True,0,True,valid_T600,3,stable
7258340,9,99.2,low,1,1,False,topology_pfaf,0.328,True,OK,5,4,1,1,1,0,topology_pfaf,0.328,True,OK,5,4,1,1,1,0,topology_pfaf,0.328,True,OK,5,4,1,1,1,0,topology_pfaf,0.328,True,OK,5,4,1,1,1,0,topology_pfaf,0.328,True,OK,5,4,1,1,1,0,topology_pfaf,0.328,True,OK,5,4,1,1,1,0,elevdef,0.489,True,OK,7,2,1,1,1,0,area50,0.489,True,OK,7,2,1,1,1,0,True,0,True,valid_T600,3,stable
7258360,9,120.6,low,1,1,False,topology_pfaf,0.546,True,OK,5,4,1,1,1,0,topology_pfaf,0.546,True,OK,5,4,1,1,1,0,topology_pfaf,0.546,True,OK,5,4,1,1,1,0,topology_pfaf,0.546,True,OK,5,4,1,1,1,0,topology_pfaf,0.546,True,OK,5,4,1,1,1,0,topology_pfaf,0.546,True,OK,5,4,1,1,1,0,elevdef,0.814,True,OK,7,2,1,1,1,0,area50,0.546,True,OK,5,4,1,1,1,0,True,0,True,valid_T600,3,stable
7258370,9,47.1,low,1,1,False,topology_pfaf,0.493,True,OK,5,4,1,1,1,0,topology_pfaf,0.493,True,OK,5,4,1,1,1,0,topology_pfaf,0.493,True,OK,5,4,1,1,1,0,topology_pfaf,0.493,True,OK,5,4,1,1,1,0,topology_pfaf,0.493,True,OK,5,4,1,1,1,0,topology_pfaf,0.493,True,OK,5,4,1,1,1,0,elevdef,0.493,True,OK,5,4,1,1,1,0,area50,0.493,True,OK,5,4,1,1,1,0,True,0,True,valid_T600,3,stable
7258400,9,175.3,low,1,1,False,topology_pfaf,0.49,True,OK,5,4,1,1,1,0,topology_pfaf,0.49,True,OK,5,4,1,1,1,0,topology_pfaf,0.49,True,OK,5,4,1,1,1,0,topology_pfaf,0.49,True,OK,5,4,1,1,1,0,topology_pfaf,0.49,True,OK,5,4,1,1,1,0,topology_pfaf,0.49,True,OK,5,4,1,1,1,0,elevdef,0.49,True,OK,5,4,1,1,1,0,area50,0.49,True,OK,5,4,1,1,1,0,True,0,True,valid_T600,3,stable
7258601,9,74.3,low,1,1,False,topology_pfaf,0.428,True,OK,3,6,1,1,1,0,topology_pfaf,0.428,True,OK,3,6,1,1,1,0,topology_pfaf,0.428,True,OK,3,6,1,1,1,0,topology_pfaf,0.428,True,OK,3,6,1,1,1,0,topology_pfaf,0.428,True,OK,3,6,1,1,1,0,topology_pfaf,0.428,True,OK,3,6,1,1,1,0,elevdef,0.543,True,OK,5,4,1,1,1,0,area50,0.543,True,OK,5,4,1,1,1,0,True,0,True,valid_T600,3,stable
7258606,9,32.2,low,1,1,False,topology_pfaf,0.703,True,OK,5,4,1,1,1,0,topology_pfaf,0.703,True,OK,5,4,1,1,1,0,topology_pfaf,0.703,True,OK,5,4,1,1,1,0,topology_pfaf,0.703,True,OK,5,4,1,1,1,0,topology_pfaf,0.703,True,OK,5,4,1,1,1,0,topology_pfaf,0.703,True,OK,5,4,1,1,1,0,elevdef,0.617,True,OK,3,6,1,1,1,0,area50,0.617,True,OK,3,6,1,1,1,0,True,0,True,valid_T600,3,stable
7258702,9,124.6,low,1,1,False,topology_pfaf,0.363,True,OK,5,4,1,1,1,0,topology_pfaf,0.363,True,OK,5,4,1,1,1,0,topology_pfaf,0.363,True,OK,5,4,1,1,1,0,topology_pfaf,0.363,True,OK,5,4,1,1,1,0,topology_pfaf,0.363,True,OK,5,4,1,1,1,0,topology_pfaf,0.363,True,OK,5,4,1,1,1,0,elevdef,0.542,True,OK,7,2,1,1,1,0,area50,0.542,True,OK,7,2,1,1,1,0,True,0,True,valid_T600,3,stable
7258704,9,125.9,low,1,1,False,topology_pfaf,0.559,True,OK,5,4,1,1,1,0,topology_pfaf,0.559,True,OK,5,4,1,1,1,0,topology_pfaf,0.559,True,OK,5,4,1,1,1,0,topology_pfaf,0.559,True,OK,5,4,1,1,1,0,topology_pfaf,0.559,True,OK,5,4,1,1,1,0,topology_pfaf,0.559,True,OK,5,4,1,1,1,0,elevdef,0.559,True,OK,5,4,1,1,1,0,area50,0.559,True,OK,5,4,1,1,1,0,True,0,True,valid_T600,3,stable
7259116,9,54.7,low,1,1,False,topology_pfaf,0.486,True,OK,5,4,1,1,1,0,topology_pfaf,0.486,True,OK,5,4,1,1,1,0,topology_pfaf,0.486,True,OK,5,4,1,1,1,0,topology_pfaf,0.486,True,OK,5,4,1,1,1,0,topology_pfaf,0.486,True,OK,5,4,1,1,1,0,topology_pfaf,0.486,True,OK,5,4,1,1,1,0,elevdef,0.486,True,OK,5,4,1,1,1,0,area50,0.486,True,OK,5,4,1,1,1,0,True,0,True,valid_T600,3,stable
7259118,9,264.5,low,1,1,False,topology_pfaf,0.255,True,OK,3,6,1,1,1,0,topology_pfaf,0.255,True,OK,3,6,1,1,1,0,topology_pfaf,0.255,True,OK,3,6,1,1,1,0,topology_pfaf,0.255,True,OK,3,6,1,1,1,0,topology_pfaf,0.255,True,OK,3,6,1,1,1,0,topology_pfaf,0.255,True,OK,3,6,1,1,1,0,elevdef,0.824,True,OK,7,2,1,1,1,0,area50,0.443,True,OK,5,4,1,1,1,0,True,0,True,valid_T600,3,stable
7259202,9,122.7,low,1,1,False,topology_pfaf,0.775,True,OK,5,4,1,1,1,0,topology_pfaf,0.775,True,OK,5,4,1,1,1,0,topology_pfaf,0.775,True,OK,5,4,1,1,1,0,topology_pfaf,0.775,True,OK,5,4,1,1,1,0,topology_pfaf,0.775,True,OK,5,4,1,1,1,0,topology_pfaf,0.775,True,OK,5,4,1,1,1,0,elevdef,0.775,True,OK,5,4,1,1,1,0,area50,0.373,True,OK,3,6,1,1,1,0,True,0,True,valid_T600,3,stable
7259630,9,187.8,low,1,1,False,topology_pfaf,0.596,True,OK,5,4,1,1,1,0,topology_pfaf,0.596,True,OK,5,4,1,1,1,0,topology_pfaf,0.596,True,OK,5,4,1,1,1,0,topology_pfaf,0.596,True,OK,5,4,1,1,1,0,topology_pfaf,0.596,True,OK,5,4,1,1,1,0,topology_pfaf,0.596,True,OK,5,4,1,1,1,0,elevdef,0.596,True,OK,5,4,1,1,1,0,area50,0.442,True,OK,3,6,1,1,1,0,True,0,True,valid_T600,3,stable
7259801,9,13.0,low,1,1,False,topology_pfaf,0.494,True,OK,5,4,1,1,1,0,topology_pfaf,0.494,True,OK,5,4,1,1,1,0,topology_pfaf,0.494,True,OK,5,4,1,1,1,0,topology_pfaf,0.494,True,OK,5,4,1,1,1,0,topology_pfaf,0.494,True,OK,5,4,1,1,1,0,topology_pfaf,0.494,True,OK,5,4,1,1,1,0,elevdef,0.494,True,OK,5,4,1,1,1,0,area50,0.494,True,OK,5,4,1,1,1,0,True,0,True,valid_T600,3,stable
7259802,9,198.3,low,1,1,False,topology_pfaf,0.292,True,OK,5,4,1,1,1,0,topology_pfaf,0.292,True,OK,5,4,1,1,1,0,topology_pfaf,0.292,True,OK,5,4,1,1,1,0,topology_pfaf,0.292,True,OK,5,4,1,1,1,0,topology_pfaf,0.292,True,OK,5,4,1,1,1,0,topology_pfaf,0.292,True,OK,5,4,1,1,1,0,elevdef,0.617,True,OK,7,2,1,1,1,0,area50,0.617,True,OK,7,2,1,1,1,0,True,0,True,valid_T600,3,stable
7259804,9,289.9,low,1,1,False,topology_pfaf,0.412,True,OK,3,6,1,1,1,0,topology_pfaf,0.412,True,OK,3,6,1,1,1,0,topology_pfaf,0.412,True,OK,3,6,1,1,1,0,topology_pfaf,0.412,True,OK,3,6,1,1,1,0,topology_pfaf,0.412,True,OK,3,6,1,1,1,0,topology_pfaf,0.412,True,OK,3,6,1,1,1,0,elevdef,0.412,True,OK,3,6,1,1,1,0,area50,0.412,True,OK,3,6,1,1,1,0,True,0,True,valid_T600,3,stable
7259808,9,61.8,low,1,1,False,topology_pfaf,0.42,True,OK,5,4,1,1,1,0,topology_pfaf,0.42,True,OK,5,4,1,1,1,0,topology_pfaf,0.42,True,OK,5,4,1,1,1,0,topology_pfaf,0.42,True,OK,5,4,1,1,1,0,topology_pfaf,0.42,True,OK,5,4,1,1,1,0,topology_pfaf,0.42,True,OK,5,4,1,1,1,0,elevdef,0.544,True,OK,7,2,1,1,1,0,area50,0.544,True,OK,7,2,1,1,1,0,True,0,True,valid_T600,3,stable
7259920,9,254.7,low,1,1,False,topology_pfaf,0.424,True,OK,1,8,1,1,1,0,topology_pfaf,0.424,True,OK,1,8,1,1,1,0,topology_pfaf,0.424,True,OK,1,8,1,1,1,0,topology_pfaf,0.424,True,OK,1,8,1,1,1,0,topology_pfaf,0.424,True,OK,1,8,1,1,1,0,topology_pfaf,0.424,True,OK,1,8,1,1,1,0,elevdef,0.424,True,OK,1,8,1,1,1,0,area50,0.424,True,OK,1,8,1,1,1,0,True,0,True,valid_T600,3,stable
7259969,9,249.3,low,1,1,False,topology_pfaf,0.411,True,OK,5,4,1,1,1,0,topology_pfaf,0.411,True,OK,5,4,1,1,1,0,topology_pfaf,0.411,True,OK,5,4,1,1,1,0,topology_pfaf,0.411,True,OK,5,4,1,1,1,0,topology_pfaf,0.411,True,OK,5,4,1,1,1,0,topology_pfaf,0.411,True,OK,5,4,1,1,1,0,elevdef,0.575,True,OK,7,2,1,1,1,0,area50,0.575,True,OK,7,2,1,1,1,0,True,0,True,valid_T600,3,stable
7259977,9,121.5,low,1,1,False,topology_pfaf,0.282,True,OK,3,6,1,1,1,0,topology_pfaf,0.282,True,OK,3,6,1,1,1,0,topology_pfaf,0.282,True,OK,3,6,1,1,1,0,topology_pfaf,0.282,True,OK,3,6,1,1,1,0,topology_pfaf,0.282,True,OK,3,6,1,1,1,0,topology_pfaf,0.282,True,OK,3,6,1,1,1,0,elevdef,0.804,True,OK,7,2,1,1,1,0,area50,0.667,True,OK,5,4,1,1,1,0,True,0,True,valid_T600,3,stable
7259990,9,66.7,low,1,1,False,topology_pfaf,0.543,True,OK,5,4,1,1,1,0,topology_pfaf,0.543,True,OK,5,4,1,1,1,0,topology_pfaf,0.543,True,OK,5,4,1,1,1,0,topology_pfaf,0.543,True,OK,5,4,1,1,1,0,topology_pfaf,0.543,True,OK,5,4,1,1,1,0,topology_pfaf,0.543,True,OK,5,4,1,1,1,0,elevdef,0.543,True,OK,5,4,1,1,1,0,area50,0.543,True,OK,5,4,1,1,1,0,True,0,True,valid_T600,3,stable
7260003,8,239.1,low,8,8,False,topology_pfaf,0.289,False,outlets=8; parent_components=8; down_components=7; up_to_down_edges=0,1,7,1,7,0,0,topology_pfaf,0.289,False,outlets=8; parent_components=8; down_components=7; up_to_down_edges=0,1,7,1,7,0,0,topology_pfaf,0.289,False,outlets=8; parent_components=8; down_components=7; up_to_down_edges=0,1,7,1,7,0,0,topology_pfaf,0.289,False,outlets=8; parent_components=8; down_components=7; up_to_down_edges=0,1,7,1,7,0,0,topology_pfaf,0.289,False,outlets=8; parent_components=8; down_components=7; up_to_down_edges=0,1,7,1,7,0,0,topology_pfaf,0.289,False,outlets=8; parent_components=8; down_components=7; up_to_down_edges=0,1,7,1,7,0,0,elevdef,0.289,False,outlets=8; parent_components=8; down_components=7; up_to_down_edges=0,1,7,1,7,0,0,area50,0.289,False,outlets=8; parent_components=8; down_components=7; up_to_down_edges=0,1,7,1,7,0,0,False,0,True,invalid_multi_outlet,0,T600_invalid
7260130,9,194.0,low,9,9,False,topology_pfaf,0.222,False,outlets=9; parent_components=9; down_components=8; up_to_down_edges=0,1,8,1,8,0,0,topology_pfaf,0.222,False,outlets=9; parent_components=9; down_components=8; up_to_down_edges=0,1,8,1,8,0,0,topology_pfaf,0.222,False,outlets=9; parent_components=9; down_components=8; up_to_down_edges=0,1,8,1,8,0,0,topology_pfaf,0.222,False,outlets=9; parent_components=9; down_components=8; up_to_down_edges=0,1,8,1,8,0,0,topology_pfaf,0.222,False,outlets=9; parent_components=9; down_components=8; up_to_down_edges=0,1,8,1,8,0,0,topology_pfaf,0.222,False,outlets=9; parent_components=9; down_components=8; up_to_down_edges=0,1,8,1,8,0,0,elevdef,0.222,False,outlets=9; parent_components=9; down_components=8; up_to_down_edges=0,1,8,1,8,0,0,area50,0.222,False,outlets=9; parent_components=9; down_components=8; up_to_down_edges=0,1,8,1,8,0,0,False,0,True,invalid_multi_outlet,0,T600_invalid
7260171,9,333.3,mixed,9,9,False,elevation,0.23,False,outlets=9; parent_components=9; down_components=8; up_to_down_edges=0,1,8,1,8,0,0,topology_pfaf,0.23,False,outlets=9; parent_components=9; down_components=8; up_to_down_edges=0,1,8,1,8,0,0,topology_pfaf,0.23,False,outlets=9; parent_components=9; down_components=8; up_to_down_edges=0,1,8,1,8,0,0,topology_pfaf,0.23,False,outlets=9; parent_components=9; down_components=8; up_to_down_edges=0,1,8,1,8,0,0,topology_pfaf,0.23,False,outlets=9; parent_components=9; down_components=8; up_to_down_edges=0,1,8,1,8,0,0,topology_pfaf,0.23,False,outlets=9; parent_components=9; down_components=8; up_to_down_edges=0,1,8,1,8,0,0,elevdef,0.23,False,outlets=9; parent_components=9; down_components=8; up_to_down_edges=0,1,8,1,8,0,0,area50,0.23,False,outlets=9; parent_components=9; down_components=8; up_to_down_edges=0,1,8,1,8,0,0,False,0,True,invalid_multi_outlet,0,T600_invalid
7260200,9,251.5,low,1,1,False,topology_pfaf,0.544,True,OK,5,4,1,1,1,0,topology_pfaf,0.544,True,OK,5,4,1,1,1,0,topology_pfaf,0.544,True,OK,5,4,1,1,1,0,topology_pfaf,0.544,True,OK,5,4,1,1,1,0,topology_pfaf,0.544,True,OK,5,4,1,1,1,0,topology_pfaf,0.544,True,OK,5,4,1,1,1,0,elevdef,0.544,True,OK,5,4,1,1,1,0,area50,0.544,True,OK,5,4,1,1,1,0,True,0,True,valid_T600,3,stable
7260402,9,122.0,low,1,1,False,topology_pfaf,0.723,True,OK,5,4,1,1,1,0,topology_pfaf,0.723,True,OK,5,4,1,1,1,0,topology_pfaf,0.723,True,OK,5,4,1,1,1,0,topology_pfaf,0.723,True,OK,5,4,1,1,1,0,topology_pfaf,0.723,True,OK,5,4,1,1,1,0,topology_pfaf,0.723,True,OK,5,4,1,1,1,0,elevdef,0.598,True,OK,3,6,1,1,1,0,area50,0.598,True,OK,3,6,1,1,1,0,True,0,True,valid_T600,3,stable
7260501,9,164.0,low,9,9,False,topology_pfaf,0.219,False,outlets=9; parent_components=9; down_components=8; up_to_down_edges=0,1,8,1,8,0,0,topology_pfaf,0.219,False,outlets=9; parent_components=9; down_components=8; up_to_down_edges=0,1,8,1,8,0,0,topology_pfaf,0.219,False,outlets=9; parent_components=9; down_components=8; up_to_down_edges=0,1,8,1,8,0,0,topology_pfaf,0.219,False,outlets=9; parent_components=9; down_components=8; up_to_down_edges=0,1,8,1,8,0,0,topology_pfaf,0.219,False,outlets=9; parent_components=9; down_components=8; up_to_down_edges=0,1,8,1,8,0,0,topology_pfaf,0.219,False,outlets=9; parent_components=9; down_components=8; up_to_down_edges=0,1,8,1,8,0,0,elevdef,0.219,False,outlets=9; parent_components=9; down_components=8; up_to_down_edges=0,1,8,1,8,0,0,area50,0.219,False,outlets=9; parent_components=9; down_components=8; up_to_down_edges=0,1,8,1,8,0,0,False,0,True,invalid_multi_outlet,0,T600_invalid
7260602,9,273.2,low,1,1,False,topology_pfaf,0.548,True,OK,5,4,1,1,1,0,topology_pfaf,0.548,True,OK,5,4,1,1,1,0,topology_pfaf,0.548,True,OK,5,4,1,1,1,0,topology_pfaf,0.548,True,OK,5,4,1,1,1,0,topology_pfaf,0.548,True,OK,5,4,1,1,1,0,topology_pfaf,0.548,True,OK,5,4,1,1,1,0,elevdef,0.548,True,OK,5,4,1,1,1,0,area50,0.467,True,OK,3,6,1,1,1,0,True,0,True,valid_T600,3,stable
7260713,9,87.5,low,9,9,False,topology_pfaf,0.284,False,outlets=9; parent_components=9; down_components=8; up_to_down_edges=0,1,8,1,8,0,0,topology_pfaf,0.284,False,outlets=9; parent_components=9; down_components=8; up_to_down_edges=0,1,8,1,8,0,0,topology_pfaf,0.284,False,outlets=9; parent_components=9; down_components=8; up_to_down_edges=0,1,8,1,8,0,0,topology_pfaf,0.284,False,outlets=9; parent_components=9; down_components=8; up_to_down_edges=0,1,8,1,8,0,0,topology_pfaf,0.284,False,outlets=9; parent_components=9; down_components=8; up_to_down_edges=0,1,8,1,8,0,0,topology_pfaf,0.284,False,outlets=9; parent_components=9; down_components=8; up_to_down_edges=0,1,8,1,8,0,0,elevdef,0.284,False,outlets=9; parent_components=9; down_components=8; up_to_down_edges=0,1,8,1,8,0,0,area50,0.284,False,outlets=9; parent_components=9; down_components=8; up_to_down_edges=0,1,8,1,8,0,0,False,0,True,invalid_multi_outlet,0,T600_invalid
7260730,9,86.9,low,9,9,False,topology_pfaf,0.204,False,outlets=9; parent_components=9; down_components=8; up_to_down_edges=0,1,8,1,8,0,0,topology_pfaf,0.204,False,outlets=9; parent_components=9; down_components=8; up_to_down_edges=0,1,8,1,8,0,0,topology_pfaf,0.204,False,outlets=9; parent_components=9; down_components=8; up_to_down_edges=0,1,8,1,8,0,0,topology_pfaf,0.204,False,outlets=9; parent_components=9; down_components=8; up_to_down_edges=0,1,8,1,8,0,0,topology_pfaf,0.204,False,outlets=9; parent_components=9; down_components=8; up_to_down_edges=0,1,8,1,8,0,0,topology_pfaf,0.204,False,outlets=9; parent_components=9; down_components=8; up_to_down_edges=0,1,8,1,8,0,0,elevdef,0.204,False,outlets=9; parent_components=9; down_components=8; up_to_down_edges=0,1,8,1,8,0,0,area50,0.204,False,outlets=9; parent_components=9; down_components=8; up_to_down_edges=0,1,8,1,8,0,0,False,0,True,invalid_multi_outlet,0,T600_invalid
7260810,9,68.6,low,1,1,False,topology_pfaf,0.531,True,OK,5,4,1,1,1,0,topology_pfaf,0.531,True,OK,5,4,1,1,1,0,topology_pfaf,0.531,True,OK,5,4,1,1,1,0,topology_pfaf,0.531,True,OK,5,4,1,1,1,0,topology_pfaf,0.531,True,OK,5,4,1,1,1,0,topology_pfaf,0.531,True,OK,5,4,1,1,1,0,elevdef,0.531,True,OK,5,4,1,1,1,0,area50,0.531,True,OK,5,4,1,1,1,0,True,0,True,valid_T600,3,stable
7260820,9,79.0,low,1,1,False,topology_pfaf,0.567,True,OK,5,4,1,1,1,0,topology_pfaf,0.567,True,OK,5,4,1,1,1,0,topology_pfaf,0.567,True,OK,5,4,1,1,1,0,topology_pfaf,0.567,True,OK,5,4,1,1,1,0,topology_pfaf,0.567,True,OK,5,4,1,1,1,0,topology_pfaf,0.567,True,OK,5,4,1,1,1,0,elevdef,0.76,True,OK,7,2,1,1,1,0,area50,0.49,True,OK,3,6,1,1,1,0,True,0,True,valid_T600,3,stable
7260840,9,207.2,low,1,1,False,topology_pfaf,0.605,True,OK,5,4,1,1,1,0,topology_pfaf,0.605,True,OK,5,4,1,1,1,0,topology_pfaf,0.605,True,OK,5,4,1,1,1,0,topology_pfaf,0.605,True,OK,5,4,1,1,1,0,topology_pfaf,0.605,True,OK,5,4,1,1,1,0,topology_pfaf,0.605,True,OK,5,4,1,1,1,0,elevdef,0.605,True,OK,5,4,1,1,1,0,area50,0.605,True,OK,5,4,1,1,1,0,True,0,True,valid_T600,3,stable
7260860,9,114.2,low,1,1,False,topology_pfaf,0.41,True,OK,3,6,1,1,1,0,topology_pfaf,0.41,True,OK,3,6,1,1,1,0,topology_pfaf,0.41,True,OK,3,6,1,1,1,0,topology_pfaf,0.41,True,OK,3,6,1,1,1,0,topology_pfaf,0.41,True,OK,3,6,1,1,1,0,topology_pfaf,0.41,True,OK,3,6,1,1,1,0,elevdef,0.694,True,OK,5,4,1,1,1,0,area50,0.41,True,OK,3,6,1,1,1,0,True,0,True,valid_T600,3,stable
7260874,9,74.2,low,1,1,False,topology_pfaf,0.504,True,OK,5,4,1,1,1,0,topology_pfaf,0.504,True,OK,5,4,1,1,1,0,topology_pfaf,0.504,True,OK,5,4,1,1,1,0,topology_pfaf,0.504,True,OK,5,4,1,1,1,0,topology_pfaf,0.504,True,OK,5,4,1,1,1,0,topology_pfaf,0.504,True,OK,5,4,1,1,1,0,elevdef,0.504,True,OK,5,4,1,1,1,0,area50,0.504,True,OK,5,4,1,1,1,0,True,0,True,valid_T600,3,stable
7260880,9,56.9,low,1,1,False,topology_pfaf,0.618,True,OK,5,4,1,1,1,0,topology_pfaf,0.618,True,OK,5,4,1,1,1,0,topology_pfaf,0.618,True,OK,5,4,1,1,1,0,topology_pfaf,0.618,True,OK,5,4,1,1,1,0,topology_pfaf,0.618,True,OK,5,4,1,1,1,0,topology_pfaf,0.618,True,OK,5,4,1,1,1,0,elevdef,0.618,True,OK,5,4,1,1,1,0,area50,0.618,True,OK,5,4,1,1,1,0,True,0,True,valid_T600,3,stable
7260890,9,91.1,low,1,1,False,topology_pfaf,0.546,True,OK,5,4,1,1,1,0,topology_pfaf,0.546,True,OK,5,4,1,1,1,0,topology_pfaf,0.546,True,OK,5,4,1,1,1,0,topology_pfaf,0.546,True,OK,5,4,1,1,1,0,topology_pfaf,0.546,True,OK,5,4,1,1,1,0,topology_pfaf,0.546,True,OK,5,4,1,1,1,0,elevdef,0.546,True,OK,5,4,1,1,1,0,area50,0.546,True,OK,5,4,1,1,1,0,True,0,True,valid_T600,3,stable
7311104,9,88.9,low,1,1,False,topology_pfaf,0.45,True,OK,1,8,1,1,1,0,topology_pfaf,0.45,True,OK,1,8,1,1,1,0,topology_pfaf,0.45,True,OK,1,8,1,1,1,0,topology_pfaf,0.45,True,OK,1,8,1,1,1,0,topology_pfaf,0.45,True,OK,1,8,1,1,1,0,topology_pfaf,0.45,True,OK,1,8,1,1,1,0,elevdef,0.963,True,OK,7,2,1,1,1,0,area50,0.45,True,OK,1,8,1,1,1,0,True,0,True,valid_T600,3,stable
7311107,9,66.9,low,9,9,False,topology_pfaf,0.2,False,outlets=9; parent_components=9; down_components=8; up_to_down_edges=0,1,8,1,8,0,0,topology_pfaf,0.2,False,outlets=9; parent_components=9; down_components=8; up_to_down_edges=0,1,8,1,8,0,0,topology_pfaf,0.2,False,outlets=9; parent_components=9; down_components=8; up_to_down_edges=0,1,8,1,8,0,0,topology_pfaf,0.2,False,outlets=9; parent_components=9; down_components=8; up_to_down_edges=0,1,8,1,8,0,0,topology_pfaf,0.2,False,outlets=9; parent_components=9; down_components=8; up_to_down_edges=0,1,8,1,8,0,0,topology_pfaf,0.2,False,outlets=9; parent_components=9; down_components=8; up_to_down_edges=0,1,8,1,8,0,0,elevdef,0.2,False,outlets=9; parent_components=9; down_components=8; up_to_down_edges=0,1,8,1,8,0,0,area50,0.2,False,outlets=9; parent_components=9; down_components=8; up_to_down_edges=0,1,8,1,8,0,0,False,0,True,invalid_multi_outlet,0,T600_invalid
7311204,9,216.7,low,1,1,False,topology_pfaf,0.548,True,OK,5,4,1,1,1,0,topology_pfaf,0.548,True,OK,5,4,1,1,1,0,topology_pfaf,0.548,True,OK,5,4,1,1,1,0,topology_pfaf,0.548,True,OK,5,4,1,1,1,0,topology_pfaf,0.548,True,OK,5,4,1,1,1,0,topology_pfaf,0.548,True,OK,5,4,1,1,1,0,elevdef,0.548,True,OK,5,4,1,1,1,0,area50,0.548,True,OK,5,4,1,1,1,0,True,0,True,valid_T600,3,stable
7311206,9,83.7,low,1,1,False,topology_pfaf,0.422,True,OK,5,4,1,1,1,0,topology_pfaf,0.422,True,OK,5,4,1,1,1,0,topology_pfaf,0.422,True,OK,5,4,1,1,1,0,topology_pfaf,0.422,True,OK,5,4,1,1,1,0,topology_pfaf,0.422,True,OK,5,4,1,1,1,0,topology_pfaf,0.422,True,OK,5,4,1,1,1,0,elevdef,0.422,True,OK,5,4,1,1,1,0,area50,0.422,True,OK,5,4,1,1,1,0,True,0,True,valid_T600,3,stable
7311208,9,249.3,low,1,1,False,topology_pfaf,0.767,True,OK,5,4,1,1,1,0,topology_pfaf,0.767,True,OK,5,4,1,1,1,0,topology_pfaf,0.767,True,OK,5,4,1,1,1,0,topology_pfaf,0.767,True,OK,5,4,1,1,1,0,topology_pfaf,0.767,True,OK,5,4,1,1,1,0,topology_pfaf,0.767,True,OK,5,4,1,1,1,0,elevdef,0.527,True,OK,3,6,1,1,1,0,area50,0.527,True,OK,3,6,1,1,1,0,True,0,True,valid_T600,3,stable
7311209,9,272.1,low,1,1,False,topology_pfaf,0.776,True,OK,5,4,1,1,1,0,topology_pfaf,0.776,True,OK,5,4,1,1,1,0,topology_pfaf,0.776,True,OK,5,4,1,1,1,0,topology_pfaf,0.776,True,OK,5,4,1,1,1,0,topology_pfaf,0.776,True,OK,5,4,1,1,1,0,topology_pfaf,0.776,True,OK,5,4,1,1,1,0,elevdef,0.4,True,OK,3,6,1,1,1,0,area50,0.4,True,OK,3,6,1,1,1,0,True,0,True,valid_T600,3,stable
7311300,9,63.7,low,9,9,False,topology_pfaf,0.279,False,outlets=9; parent_components=9; down_components=8; up_to_down_edges=0,1,8,1,8,0,0,topology_pfaf,0.279,False,outlets=9; parent_components=9; down_components=8; up_to_down_edges=0,1,8,1,8,0,0,topology_pfaf,0.279,False,outlets=9; parent_components=9; down_components=8; up_to_down_edges=0,1,8,1,8,0,0,topology_pfaf,0.279,False,outlets=9; parent_components=9; down_components=8; up_to_down_edges=0,1,8,1,8,0,0,topology_pfaf,0.279,False,outlets=9; parent_components=9; down_components=8; up_to_down_edges=0,1,8,1,8,0,0,topology_pfaf,0.279,False,outlets=9; parent_components=9; down_components=8; up_to_down_edges=0,1,8,1,8,0,0,elevdef,0.279,False,outlets=9; parent_components=9; down_components=8; up_to_down_edges=0,1,8,1,8,0,0,area50,0.279,False,outlets=9; parent_components=9; down_components=8; up_to_down_edges=0,1,8,1,8,0,0,False,0,True,invalid_multi_outlet,0,T600_invalid
7311402,9,481.2,mixed,1,1,False,elevation,0.517,True,OK,3,6,1,1,1,0,elevation,0.517,True,OK,3,6,1,1,1,0,topology_pfaf,0.517,True,OK,3,6,1,1,1,0,topology_pfaf,0.517,True,OK,3,6,1,1,1,0,topology_pfaf,0.517,True,OK,3,6,1,1,1,0,topology_pfaf,0.517,True,OK,3,6,1,1,1,0,elevdef,0.517,True,OK,3,6,1,1,1,0,area50,0.517,True,OK,3,6,1,1,1,0,True,0,True,valid_T600,3,stable
7311409,9,115.0,low,1,1,False,topology_pfaf,0.737,True,OK,5,4,1,1,1,0,topology_pfaf,0.737,True,OK,5,4,1,1,1,0,topology_pfaf,0.737,True,OK,5,4,1,1,1,0,topology_pfaf,0.737,True,OK,5,4,1,1,1,0,topology_pfaf,0.737,True,OK,5,4,1,1,1,0,topology_pfaf,0.737,True,OK,5,4,1,1,1,0,elevdef,0.595,True,OK,3,6,1,1,1,0,area50,0.454,True,OK,1,8,1,1,1,0,True,0,True,valid_T600,3,stable
7311500,5,106.7,low,5,5,False,topology_dist,0.579,False,outlets=5; parent_components=5; down_components=4; up_to_down_edges=0,1,4,1,4,0,0,topology_dist,0.579,False,outlets=5; parent_components=5; down_components=4; up_to_down_edges=0,1,4,1,4,0,0,topology_dist,0.579,False,outlets=5; parent_components=5; down_components=4; up_to_down_edges=0,1,4,1,4,0,0,topology_dist,0.579,False,outlets=5; parent_components=5; down_components=4; up_to_down_edges=0,1,4,1,4,0,0,topology_dist,0.579,False,outlets=5; parent_components=5; down_components=4; up_to_down_edges=0,1,4,1,4,0,0,topology_dist,0.579,False,outlets=5; parent_components=5; down_components=4; up_to_down_edges=0,1,4,1,4,0,0,elevdef,0.579,False,outlets=5; parent_components=5; down_components=4; up_to_down_edges=0,1,4,1,4,0,0,area50,0.579,False,outlets=5; parent_components=5; down_components=4; up_to_down_edges=0,1,4,1,4,0,0,False,0,True,invalid_multi_outlet,0,T600_invalid
7311600,9,457.0,mixed,1,1,False,elevation,0.486,True,OK,5,4,1,1,1,0,elevation,0.486,True,OK,5,4,1,1,1,0,topology_pfaf,0.486,True,OK,5,4,1,1,1,0,topology_pfaf,0.486,True,OK,5,4,1,1,1,0,topology_pfaf,0.486,True,OK,5,4,1,1,1,0,topology_pfaf,0.486,True,OK,5,4,1,1,1,0,elevdef,0.486,True,OK,5,4,1,1,1,0,area50,0.486,True,OK,5,4,1,1,1,0,True,0,True,valid_T600,3,stable
7311700,7,81.0,low,7,7,False,topology_pfaf,0.694,False,outlets=7; parent_components=7; down_components=6; up_to_down_edges=0,1,6,1,6,0,0,topology_pfaf,0.694,False,outlets=7; parent_components=7; down_components=6; up_to_down_edges=0,1,6,1,6,0,0,topology_pfaf,0.694,False,outlets=7; parent_components=7; down_components=6; up_to_down_edges=0,1,6,1,6,0,0,topology_pfaf,0.694,False,outlets=7; parent_components=7; down_components=6; up_to_down_edges=0,1,6,1,6,0,0,topology_pfaf,0.694,False,outlets=7; parent_components=7; down_components=6; up_to_down_edges=0,1,6,1,6,0,0,topology_pfaf,0.694,False,outlets=7; parent_components=7; down_components=6; up_to_down_edges=0,1,6,1,6,0,0,elevdef,0.694,False,outlets=7; parent_components=7; down_components=6; up_to_down_edges=0,1,6,1,6,0,0,area50,0.694,False,outlets=7; parent_components=7; down_components=6; up_to_down_edges=0,1,6,1,6,0,0,False,0,True,invalid_multi_outlet,0,T600_invalid
7311805,9,139.2,low,1,1,False,topology_pfaf,0.472,True,OK,5,4,1,1,1,0,topology_pfaf,0.472,True,OK,5,4,1,1,1,0,topology_pfaf,0.472,True,OK,5,4,1,1,1,0,topology_pfaf,0.472,True,OK,5,4,1,1,1,0,topology_pfaf,0.472,True,OK,5,4,1,1,1,0,topology_pfaf,0.472,True,OK,5,4,1,1,1,0,elevdef,0.472,True,OK,5,4,1,1,1,0,area50,0.472,True,OK,5,4,1,1,1,0,True,0,True,valid_T600,3,stable
7311908,9,129.7,low,1,1,False,topology_pfaf,0.335,True,OK,3,6,1,1,1,0,topology_pfaf,0.335,True,OK,3,6,1,1,1,0,topology_pfaf,0.335,True,OK,3,6,1,1,1,0,topology_pfaf,0.335,True,OK,3,6,1,1,1,0,topology_pfaf,0.335,True,OK,3,6,1,1,1,0,topology_pfaf,0.335,True,OK,3,6,1,1,1,0,elevdef,0.521,True,OK,5,4,1,1,1,0,area50,0.521,True,OK,5,4,1,1,1,0,True,0,True,valid_T600,3,stable
7312007,9,147.7,low,1,1,False,topology_pfaf,0.701,True,OK,5,4,1,1,1,0,topology_pfaf,0.701,True,OK,5,4,1,1,1,0,topology_pfaf,0.701,True,OK,5,4,1,1,1,0,topology_pfaf,0.701,True,OK,5,4,1,1,1,0,topology_pfaf,0.701,True,OK,5,4,1,1,1,0,topology_pfaf,0.701,True,OK,5,4,1,1,1,0,elevdef,0.701,True,OK,5,4,1,1,1,0,area50,0.538,True,OK,3,6,1,1,1,0,True,0,True,valid_T600,3,stable
7312009,9,202.9,low,1,1,False,topology_pfaf,0.693,True,OK,5,4,1,1,1,0,topology_pfaf,0.693,True,OK,5,4,1,1,1,0,topology_pfaf,0.693,True,OK,5,4,1,1,1,0,topology_pfaf,0.693,True,OK,5,4,1,1,1,0,topology_pfaf,0.693,True,OK,5,4,1,1,1,0,topology_pfaf,0.693,True,OK,5,4,1,1,1,0,elevdef,0.693,True,OK,5,4,1,1,1,0,area50,0.485,True,OK,3,6,1,1,1,0,True,0,True,valid_T600,3,stable
7313000,9,198.9,low,9,9,False,topology_pfaf,0.624,False,outlets=9; parent_components=9; down_components=8; up_to_down_edges=0,1,8,1,8,0,0,topology_pfaf,0.624,False,outlets=9; parent_components=9; down_components=8; up_to_down_edges=0,1,8,1,8,0,0,topology_pfaf,0.624,False,outlets=9; parent_components=9; down_components=8; up_to_down_edges=0,1,8,1,8,0,0,topology_pfaf,0.624,False,outlets=9; parent_components=9; down_components=8; up_to_down_edges=0,1,8,1,8,0,0,topology_pfaf,0.624,False,outlets=9; parent_components=9; down_components=8; up_to_down_edges=0,1,8,1,8,0,0,topology_pfaf,0.624,False,outlets=9; parent_components=9; down_components=8; up_to_down_edges=0,1,8,1,8,0,0,elevdef,0.624,False,outlets=9; parent_components=9; down_components=8; up_to_down_edges=0,1,8,1,8,0,0,area50,0.624,False,outlets=9; parent_components=9; down_components=8; up_to_down_edges=0,1,8,1,8,0,0,False,0,True,invalid_multi_outlet,0,T600_invalid
7314010,9,114.4,low,1,1,False,topology_pfaf,0.409,True,OK,5,4,1,1,1,0,topology_pfaf,0.409,True,OK,5,4,1,1,1,0,topology_pfaf,0.409,True,OK,5,4,1,1,1,0,topology_pfaf,0.409,True,OK,5,4,1,1,1,0,topology_pfaf,0.409,True,OK,5,4,1,1,1,0,topology_pfaf,0.409,True,OK,5,4,1,1,1,0,elevdef,0.671,True,OK,7,2,1,1,1,0,area50,0.409,True,OK,5,4,1,1,1,0,True,0,True,valid_T600,3,stable
7314020,8,197.4,low,1,1,False,topology_pfaf,0.139,True,OK,1,7,1,1,1,0,topology_pfaf,0.139,True,OK,1,7,1,1,1,0,topology_pfaf,0.139,True,OK,1,7,1,1,1,0,topology_pfaf,0.139,True,OK,1,7,1,1,1,0,topology_pfaf,0.139,True,OK,1,7,1,1,1,0,topology_pfaf,0.139,True,OK,1,7,1,1,1,0,elevdef,0.479,True,OK,4,4,1,1,1,0,area50,0.479,True,OK,4,4,1,1,1,0,True,0,True,valid_T600,3,stable
7314030,9,283.2,low,1,1,False,topology_pfaf,0.677,True,OK,5,4,1,1,1,0,topology_pfaf,0.677,True,OK,5,4,1,1,1,0,topology_pfaf,0.677,True,OK,5,4,1,1,1,0,topology_pfaf,0.677,True,OK,5,4,1,1,1,0,topology_pfaf,0.677,True,OK,5,4,1,1,1,0,topology_pfaf,0.677,True,OK,5,4,1,1,1,0,elevdef,0.51,True,OK,3,6,1,1,1,0,area50,0.51,True,OK,3,6,1,1,1,0,True,0,True,valid_T600,3,stable
7314070,9,236.9,low,1,1,False,topology_pfaf,0.403,True,OK,1,8,1,1,1,0,topology_pfaf,0.403,True,OK,1,8,1,1,1,0,topology_pfaf,0.403,True,OK,1,8,1,1,1,0,topology_pfaf,0.403,True,OK,1,8,1,1,1,0,topology_pfaf,0.403,True,OK,1,8,1,1,1,0,topology_pfaf,0.403,True,OK,1,8,1,1,1,0,elevdef,0.403,True,OK,1,8,1,1,1,0,area50,0.403,True,OK,1,8,1,1,1,0,True,0,True,valid_T600,3,stable
7314080,9,239.1,low,1,1,False,topology_pfaf,0.378,True,OK,5,4,1,1,1,0,topology_pfaf,0.378,True,OK,5,4,1,1,1,0,topology_pfaf,0.378,True,OK,5,4,1,1,1,0,topology_pfaf,0.378,True,OK,5,4,1,1,1,0,topology_pfaf,0.378,True,OK,5,4,1,1,1,0,topology_pfaf,0.378,True,OK,5,4,1,1,1,0,elevdef,0.577,True,OK,7,2,1,1,1,0,area50,0.577,True,OK,7,2,1,1,1,0,True,0,True,valid_T600,3,stable
7314090,9,260.7,low,1,1,False,topology_pfaf,0.593,True,OK,5,4,1,1,1,0,topology_pfaf,0.593,True,OK,5,4,1,1,1,0,topology_pfaf,0.593,True,OK,5,4,1,1,1,0,topology_pfaf,0.593,True,OK,5,4,1,1,1,0,topology_pfaf,0.593,True,OK,5,4,1,1,1,0,topology_pfaf,0.593,True,OK,5,4,1,1,1,0,elevdef,0.593,True,OK,5,4,1,1,1,0,area50,0.513,True,OK,3,6,1,1,1,0,True,0,True,valid_T600,3,stable
7315040,9,115.1,low,1,1,False,topology_pfaf,0.734,True,OK,5,4,1,1,1,0,topology_pfaf,0.734,True,OK,5,4,1,1,1,0,topology_pfaf,0.734,True,OK,5,4,1,1,1,0,topology_pfaf,0.734,True,OK,5,4,1,1,1,0,topology_pfaf,0.734,True,OK,5,4,1,1,1,0,topology_pfaf,0.734,True,OK,5,4,1,1,1,0,elevdef,0.734,True,OK,5,4,1,1,1,0,area50,0.45,True,OK,3,6,1,1,1,0,True,0,True,valid_T600,3,stable
7315062,9,186.8,low,1,1,False,topology_pfaf,0.338,True,OK,5,4,1,1,1,0,topology_pfaf,0.338,True,OK,5,4,1,1,1,0,topology_pfaf,0.338,True,OK,5,4,1,1,1,0,topology_pfaf,0.338,True,OK,5,4,1,1,1,0,topology_pfaf,0.338,True,OK,5,4,1,1,1,0,topology_pfaf,0.338,True,OK,5,4,1,1,1,0,elevdef,0.673,True,OK,7,2,1,1,1,0,area50,0.338,True,OK,5,4,1,1,1,0,True,0,True,valid_T600,3,stable
7315063,9,115.2,low,1,1,False,topology_pfaf,0.55,True,OK,5,4,1,1,1,0,topology_pfaf,0.55,True,OK,5,4,1,1,1,0,topology_pfaf,0.55,True,OK,5,4,1,1,1,0,topology_pfaf,0.55,True,OK,5,4,1,1,1,0,topology_pfaf,0.55,True,OK,5,4,1,1,1,0,topology_pfaf,0.55,True,OK,5,4,1,1,1,0,elevdef,0.55,True,OK,5,4,1,1,1,0,area50,0.55,True,OK,5,4,1,1,1,0,True,0,True,valid_T600,3,stable
7315064,9,371.7,mixed,1,1,False,elevation,0.432,True,OK,3,6,1,1,1,0,topology_pfaf,0.432,True,OK,3,6,1,1,1,0,topology_pfaf,0.432,True,OK,3,6,1,1,1,0,topology_pfaf,0.432,True,OK,3,6,1,1,1,0,topology_pfaf,0.432,True,OK,3,6,1,1,1,0,topology_pfaf,0.432,True,OK,3,6,1,1,1,0,elevdef,0.432,True,OK,3,6,1,1,1,0,area50,0.432,True,OK,3,6,1,1,1,0,True,0,True,valid_T600,3,stable
7315065,9,246.4,low,1,1,False,topology_pfaf,0.596,True,OK,5,4,1,1,1,0,topology_pfaf,0.596,True,OK,5,4,1,1,1,0,topology_pfaf,0.596,True,OK,5,4,1,1,1,0,topology_pfaf,0.596,True,OK,5,4,1,1,1,0,topology_pfaf,0.596,True,OK,5,4,1,1,1,0,topology_pfaf,0.596,True,OK,5,4,1,1,1,0,elevdef,0.596,True,OK,5,4,1,1,1,0,area50,0.596,True,OK,5,4,1,1,1,0,True,0,True,valid_T600,3,stable
7316020,9,186.8,low,1,1,False,topology_pfaf,0.74,True,OK,5,4,1,1,1,0,topology_pfaf,0.74,True,OK,5,4,1,1,1,0,topology_pfaf,0.74,True,OK,5,4,1,1,1,0,topology_pfaf,0.74,True,OK,5,4,1,1,1,0,topology_pfaf,0.74,True,OK,5,4,1,1,1,0,topology_pfaf,0.74,True,OK,5,4,1,1,1,0,elevdef,0.606,True,OK,3,6,1,1,1,0,area50,0.606,True,OK,3,6,1,1,1,0,True,0,True,valid_T600,3,stable
7316030,9,147.3,low,1,1,False,topology_pfaf,0.497,True,OK,5,4,1,1,1,0,topology_pfaf,0.497,True,OK,5,4,1,1,1,0,topology_pfaf,0.497,True,OK,5,4,1,1,1,0,topology_pfaf,0.497,True,OK,5,4,1,1,1,0,topology_pfaf,0.497,True,OK,5,4,1,1,1,0,topology_pfaf,0.497,True,OK,5,4,1,1,1,0,elevdef,0.497,True,OK,5,4,1,1,1,0,area50,0.497,True,OK,5,4,1,1,1,0,True,0,True,valid_T600,3,stable
7316049,9,47.1,low,1,1,False,topology_pfaf,0.315,True,OK,5,4,1,1,1,0,topology_pfaf,0.315,True,OK,5,4,1,1,1,0,topology_pfaf,0.315,True,OK,5,4,1,1,1,0,topology_pfaf,0.315,True,OK,5,4,1,1,1,0,topology_pfaf,0.315,True,OK,5,4,1,1,1,0,topology_pfaf,0.315,True,OK,5,4,1,1,1,0,elevdef,0.697,True,OK,7,2,1,1,1,0,area50,0.315,True,OK,5,4,1,1,1,0,True,0,True,valid_T600,3,stable
7316060,9,121.2,low,1,1,False,topology_pfaf,0.538,True,OK,5,4,1,1,1,0,topology_pfaf,0.538,True,OK,5,4,1,1,1,0,topology_pfaf,0.538,True,OK,5,4,1,1,1,0,topology_pfaf,0.538,True,OK,5,4,1,1,1,0,topology_pfaf,0.538,True,OK,5,4,1,1,1,0,topology_pfaf,0.538,True,OK,5,4,1,1,1,0,elevdef,0.538,True,OK,5,4,1,1,1,0,area50,0.538,True,OK,5,4,1,1,1,0,True,0,True,valid_T600,3,stable
7316080,9,56.4,low,1,1,False,topology_pfaf,0.467,True,OK,1,8,1,1,1,0,topology_pfaf,0.467,True,OK,1,8,1,1,1,0,topology_pfaf,0.467,True,OK,1,8,1,1,1,0,topology_pfaf,0.467,True,OK,1,8,1,1,1,0,topology_pfaf,0.467,True,OK,1,8,1,1,1,0,topology_pfaf,0.467,True,OK,1,8,1,1,1,0,elevdef,0.467,True,OK,1,8,1,1,1,0,area50,0.467,True,OK,1,8,1,1,1,0,True,0,True,valid_T600,3,stable
7316090,9,99.1,low,1,1,False,topology_pfaf,0.212,True,OK,3,6,1,1,1,0,topology_pfaf,0.212,True,OK,3,6,1,1,1,0,topology_pfaf,0.212,True,OK,3,6,1,1,1,0,topology_pfaf,0.212,True,OK,3,6,1,1,1,0,topology_pfaf,0.212,True,OK,3,6,1,1,1,0,topology_pfaf,0.212,True,OK,3,6,1,1,1,0,elevdef,0.452,True,OK,7,2,1,1,1,0,area50,0.452,True,OK,7,2,1,1,1,0,True,0,True,valid_T600,3,stable
7318040,9,342.4,mixed,1,1,False,elevation,0.539,True,OK,7,2,1,1,1,0,topology_pfaf,0.262,True,OK,5,4,1,1,1,0,topology_pfaf,0.262,True,OK,5,4,1,1,1,0,topology_pfaf,0.262,True,OK,5,4,1,1,1,0,topology_pfaf,0.262,True,OK,5,4,1,1,1,0,topology_pfaf,0.262,True,OK,5,4,1,1,1,0,elevdef,0.539,True,OK,7,2,1,1,1,0,area50,0.539,True,OK,7,2,1,1,1,0,True,2,False,valid_T600,2,label_change
7318050,9,104.6,low,1,1,False,topology_pfaf,0.665,True,OK,5,4,1,1,1,0,topology_pfaf,0.665,True,OK,5,4,1,1,1,0,topology_pfaf,0.665,True,OK,5,4,1,1,1,0,topology_pfaf,0.665,True,OK,5,4,1,1,1,0,topology_pfaf,0.665,True,OK,5,4,1,1,1,0,topology_pfaf,0.665,True,OK,5,4,1,1,1,0,elevdef,0.665,True,OK,5,4,1,1,1,0,area50,0.402,True,OK,3,6,1,1,1,0,True,0,True,valid_T600,3,stable
7318080,9,471.2,mixed,1,1,False,elevation,0.656,True,OK,5,4,1,1,1,0,elevation,0.656,True,OK,5,4,1,1,1,0,topology_pfaf,0.656,True,OK,5,4,1,1,1,0,topology_pfaf,0.656,True,OK,5,4,1,1,1,0,topology_pfaf,0.656,True,OK,5,4,1,1,1,0,topology_pfaf,0.656,True,OK,5,4,1,1,1,0,elevdef,0.656,True,OK,5,4,1,1,1,0,area50,0.463,True,OK,3,6,1,1,1,0,True,0,True,valid_T600,3,stable
7318090,9,523.2,mixed,1,1,False,elevation,0.603,True,OK,7,2,1,1,1,0,elevation,0.603,True,OK,7,2,1,1,1,0,elevation,0.603,True,OK,7,2,1,1,1,0,topology_pfaf,0.506,True,OK,5,4,1,1,1,0,topology_pfaf,0.506,True,OK,5,4,1,1,1,0,topology_pfaf,0.506,True,OK,5,4,1,1,1,0,elevdef,0.603,True,OK,7,2,1,1,1,0,area50,0.506,True,OK,5,4,1,1,1,0,True,2,False,valid_T600,2,label_change
7424250,9,181.3,low,1,1,False,topology_pfaf,0.444,True,OK,3,6,1,1,1,0,topology_pfaf,0.444,True,OK,3,6,1,1,1,0,topology_pfaf,0.444,True,OK,3,6,1,1,1,0,topology_pfaf,0.444,True,OK,3,6,1,1,1,0,topology_pfaf,0.444,True,OK,3,6,1,1,1,0,topology_pfaf,0.444,True,OK,3,6,1,1,1,0,elevdef,0.543,True,OK,5,4,1,1,1,0,area50,0.543,True,OK,5,4,1,1,1,0,True,0,True,valid_T600,3,stable
7424260,10,569.5,mixed,1,1,False,elevation,0.535,True,OK,7,3,1,1,1,0,elevation,0.535,True,OK,7,3,1,1,1,0,elevation,0.535,True,OK,7,3,1,1,1,0,topology_pfaf,0.226,True,OK,3,7,1,1,1,0,topology_pfaf,0.226,True,OK,3,7,1,1,1,0,topology_pfaf,0.226,True,OK,3,7,1,1,1,0,elevdef,0.535,True,OK,7,3,1,1,1,0,area50,0.535,True,OK,7,3,1,1,1,0,True,4,False,valid_T600,2,label_change
7424280,10,727.5,high,1,1,False,elevation,0.619,True,OK,5,5,1,1,1,0,elevation,0.619,True,OK,5,5,1,1,1,0,elevation,0.619,True,OK,5,5,1,1,1,0,elevation,0.619,True,OK,5,5,1,1,1,0,elevation,0.619,True,OK,5,5,1,1,1,0,topology_pfaf,0.619,True,OK,5,5,1,1,1,0,elevdef,0.619,True,OK,5,5,1,1,1,0,area50,0.392,True,OK,3,7,1,1,1,0,True,0,True,valid_T600,3,stable
7424890,9,699.6,high,1,1,False,elevation,0.551,True,OK,7,2,1,1,1,0,elevation,0.551,True,OK,7,2,1,1,1,0,elevation,0.551,True,OK,7,2,1,1,1,0,elevation,0.551,True,OK,7,2,1,1,1,0,topology_pfaf,0.363,True,OK,5,4,1,1,1,0,topology_pfaf,0.363,True,OK,5,4,1,1,1,0,elevdef,0.551,True,OK,7,2,1,1,1,0,area50,0.551,True,OK,7,2,1,1,1,0,True,2,False,valid_T600,2,label_change
7424987,9,448.5,mixed,1,1,False,elevation,0.563,True,OK,3,6,1,1,1,0,elevation,0.563,True,OK,3,6,1,1,1,0,topology_pfaf,0.728,True,OK,5,4,1,1,1,0,topology_pfaf,0.728,True,OK,5,4,1,1,1,0,topology_pfaf,0.728,True,OK,5,4,1,1,1,0,topology_pfaf,0.728,True,OK,5,4,1,1,1,0,elevdef,0.563,True,OK,3,6,1,1,1,0,area50,0.563,True,OK,3,6,1,1,1,0,True,2,False,valid_T600,2,label_change
7424993,9,179.5,low,1,1,False,topology_pfaf,0.392,True,OK,5,4,1,1,1,0,topology_pfaf,0.392,True,OK,5,4,1,1,1,0,topology_pfaf,0.392,True,OK,5,4,1,1,1,0,topology_pfaf,0.392,True,OK,5,4,1,1,1,0,topology_pfaf,0.392,True,OK,5,4,1,1,1,0,topology_pfaf,0.392,True,OK,5,4,1,1,1,0,elevdef,0.392,True,OK,5,4,1,1,1,0,area50,0.392,True,OK,5,4,1,1,1,0,True,0,True,valid_T600,3,stable
7424994,9,645.4,high,1,1,False,elevation,0.436,True,OK,3,6,1,1,1,0,elevation,0.436,True,OK,3,6,1,1,1,0,elevation,0.436,True,OK,3,6,1,1,1,0,elevation,0.436,True,OK,3,6,1,1,1,0,topology_pfaf,0.436,True,OK,3,6,1,1,1,0,topology_pfaf,0.436,True,OK,3,6,1,1,1,0,elevdef,0.436,True,OK,3,6,1,1,1,0,area50,0.436,True,OK,3,6,1,1,1,0,True,0,True,valid_T600,3,stable
7424996,9,1014.3,high,1,1,False,elevation,0.467,True,OK,5,4,1,1,1,0,elevation,0.467,True,OK,5,4,1,1,1,0,elevation,0.467,True,OK,5,4,1,1,1,0,elevation,0.467,True,OK,5,4,1,1,1,0,elevation,0.467,True,OK,5,4,1,1,1,0,elevation,0.467,True,OK,5,4,1,1,1,0,elevdef,0.467,True,OK,5,4,1,1,1,0,area50,0.467,True,OK,5,4,1,1,1,0,True,0,True,valid_T600,3,stable
7424999,9,1246.2,high,1,1,False,elevation,0.657,True,OK,7,2,1,1,1,0,elevation,0.657,True,OK,7,2,1,1,1,0,elevation,0.657,True,OK,7,2,1,1,1,0,elevation,0.657,True,OK,7,2,1,1,1,0,elevation,0.657,True,OK,7,2,1,1,1,0,elevation,0.657,True,OK,7,2,1,1,1,0,elevdef,0.657,True,OK,7,2,1,1,1,0,area50,0.534,True,OK,5,4,1,1,1,0,True,0,True,valid_T600,3,stable
7426649,9,53.3,low,1,1,False,topology_pfaf,0.53,True,OK,5,4,1,1,1,0,topology_pfaf,0.53,True,OK,5,4,1,1,1,0,topology_pfaf,0.53,True,OK,5,4,1,1,1,0,topology_pfaf,0.53,True,OK,5,4,1,1,1,0,topology_pfaf,0.53,True,OK,5,4,1,1,1,0,topology_pfaf,0.53,True,OK,5,4,1,1,1,0,elevdef,0.53,True,OK,5,4,1,1,1,0,area50,0.53,True,OK,5,4,1,1,1,0,True,0,True,valid_T600,3,stable
7426677,9,33.1,low,1,1,False,topology_pfaf,0.153,True,OK,1,8,1,1,1,0,topology_pfaf,0.153,True,OK,1,8,1,1,1,0,topology_pfaf,0.153,True,OK,1,8,1,1,1,0,topology_pfaf,0.153,True,OK,1,8,1,1,1,0,topology_pfaf,0.153,True,OK,1,8,1,1,1,0,topology_pfaf,0.153,True,OK,1,8,1,1,1,0,elevdef,0.44,True,OK,5,4,1,1,1,0,area50,0.44,True,OK,5,4,1,1,1,0,True,0,True,valid_T600,3,stable
7426699,9,31.9,low,1,1,False,topology_pfaf,0.357,True,OK,3,6,1,1,1,0,topology_pfaf,0.357,True,OK,3,6,1,1,1,0,topology_pfaf,0.357,True,OK,3,6,1,1,1,0,topology_pfaf,0.357,True,OK,3,6,1,1,1,0,topology_pfaf,0.357,True,OK,3,6,1,1,1,0,topology_pfaf,0.357,True,OK,3,6,1,1,1,0,elevdef,0.717,True,OK,7,2,1,1,1,0,area50,0.583,True,OK,5,4,1,1,1,0,True,0,True,valid_T600,3,stable
7426769,9,48.8,low,1,1,False,topology_pfaf,0.446,True,OK,5,4,1,1,1,0,topology_pfaf,0.446,True,OK,5,4,1,1,1,0,topology_pfaf,0.446,True,OK,5,4,1,1,1,0,topology_pfaf,0.446,True,OK,5,4,1,1,1,0,topology_pfaf,0.446,True,OK,5,4,1,1,1,0,topology_pfaf,0.446,True,OK,5,4,1,1,1,0,elevdef,0.446,True,OK,5,4,1,1,1,0,area50,0.446,True,OK,5,4,1,1,1,0,True,0,True,valid_T600,3,stable
7426789,9,45.3,low,1,1,False,topology_pfaf,0.405,True,OK,3,6,1,1,1,0,topology_pfaf,0.405,True,OK,3,6,1,1,1,0,topology_pfaf,0.405,True,OK,3,6,1,1,1,0,topology_pfaf,0.405,True,OK,3,6,1,1,1,0,topology_pfaf,0.405,True,OK,3,6,1,1,1,0,topology_pfaf,0.405,True,OK,3,6,1,1,1,0,elevdef,0.618,True,OK,5,4,1,1,1,0,area50,0.405,True,OK,3,6,1,1,1,0,True,0,True,valid_T600,3,stable
7426840,9,434.8,mixed,1,1,False,elevation,0.576,True,OK,5,4,1,1,1,0,elevation,0.576,True,OK,5,4,1,1,1,0,topology_pfaf,0.576,True,OK,5,4,1,1,1,0,topology_pfaf,0.576,True,OK,5,4,1,1,1,0,topology_pfaf,0.576,True,OK,5,4,1,1,1,0,topology_pfaf,0.576,True,OK,5,4,1,1,1,0,elevdef,0.576,True,OK,5,4,1,1,1,0,area50,0.576,True,OK,5,4,1,1,1,0,True,0,True,valid_T600,3,stable
7426860,9,521.6,mixed,1,1,False,elevation,0.583,True,OK,7,2,1,1,1,0,elevation,0.583,True,OK,7,2,1,1,1,0,elevation,0.583,True,OK,7,2,1,1,1,0,topology_pfaf,0.48,True,OK,5,4,1,1,1,0,topology_pfaf,0.48,True,OK,5,4,1,1,1,0,topology_pfaf,0.48,True,OK,5,4,1,1,1,0,elevdef,0.583,True,OK,7,2,1,1,1,0,area50,0.48,True,OK,5,4,1,1,1,0,True,2,False,valid_T600,2,label_change
7426880,9,301.8,mixed,1,1,False,elevation,0.529,True,OK,5,4,1,1,1,0,topology_pfaf,0.529,True,OK,5,4,1,1,1,0,topology_pfaf,0.529,True,OK,5,4,1,1,1,0,topology_pfaf,0.529,True,OK,5,4,1,1,1,0,topology_pfaf,0.529,True,OK,5,4,1,1,1,0,topology_pfaf,0.529,True,OK,5,4,1,1,1,0,elevdef,0.529,True,OK,5,4,1,1,1,0,area50,0.529,True,OK,5,4,1,1,1,0,True,0,True,valid_T600,3,stable
7426946,9,50.9,low,1,1,False,topology_pfaf,0.44,True,OK,5,4,1,1,1,0,topology_pfaf,0.44,True,OK,5,4,1,1,1,0,topology_pfaf,0.44,True,OK,5,4,1,1,1,0,topology_pfaf,0.44,True,OK,5,4,1,1,1,0,topology_pfaf,0.44,True,OK,5,4,1,1,1,0,topology_pfaf,0.44,True,OK,5,4,1,1,1,0,elevdef,0.693,True,OK,7,2,1,1,1,0,area50,0.44,True,OK,5,4,1,1,1,0,True,0,True,valid_T600,3,stable
7426949,9,28.7,low,1,1,False,topology_pfaf,0.584,True,OK,5,4,1,1,1,0,topology_pfaf,0.584,True,OK,5,4,1,1,1,0,topology_pfaf,0.584,True,OK,5,4,1,1,1,0,topology_pfaf,0.584,True,OK,5,4,1,1,1,0,topology_pfaf,0.584,True,OK,5,4,1,1,1,0,topology_pfaf,0.584,True,OK,5,4,1,1,1,0,elevdef,0.584,True,OK,5,4,1,1,1,0,area50,0.584,True,OK,5,4,1,1,1,0,True,0,True,valid_T600,3,stable
7426957,9,22.9,low,1,1,False,topology_pfaf,0.594,True,OK,5,4,1,1,1,0,topology_pfaf,0.594,True,OK,5,4,1,1,1,0,topology_pfaf,0.594,True,OK,5,4,1,1,1,0,topology_pfaf,0.594,True,OK,5,4,1,1,1,0,topology_pfaf,0.594,True,OK,5,4,1,1,1,0,topology_pfaf,0.594,True,OK,5,4,1,1,1,0,elevdef,0.594,True,OK,5,4,1,1,1,0,area50,0.483,True,OK,3,6,1,1,1,0,True,0,True,valid_T600,3,stable
7426960,9,62.2,low,1,1,False,topology_pfaf,0.349,True,OK,5,4,1,1,1,0,topology_pfaf,0.349,True,OK,5,4,1,1,1,0,topology_pfaf,0.349,True,OK,5,4,1,1,1,0,topology_pfaf,0.349,True,OK,5,4,1,1,1,0,topology_pfaf,0.349,True,OK,5,4,1,1,1,0,topology_pfaf,0.349,True,OK,5,4,1,1,1,0,elevdef,0.712,True,OK,7,2,1,1,1,0,area50,0.349,True,OK,5,4,1,1,1,0,True,0,True,valid_T600,3,stable
7426982,8,398.5,mixed,1,1,False,elevation,0.648,True,OK,4,4,1,1,1,0,topology_pfaf,0.648,True,OK,4,4,1,1,1,0,topology_pfaf,0.648,True,OK,4,4,1,1,1,0,topology_pfaf,0.648,True,OK,4,4,1,1,1,0,topology_pfaf,0.648,True,OK,4,4,1,1,1,0,topology_pfaf,0.648,True,OK,4,4,1,1,1,0,elevdef,0.648,True,OK,4,4,1,1,1,0,area50,0.648,True,OK,4,4,1,1,1,0,True,0,True,valid_T600,3,stable
7426986,9,423.8,mixed,1,1,False,elevation,0.496,True,OK,3,6,1,1,1,0,elevation,0.496,True,OK,3,6,1,1,1,0,topology_pfaf,0.496,True,OK,3,6,1,1,1,0,topology_pfaf,0.496,True,OK,3,6,1,1,1,0,topology_pfaf,0.496,True,OK,3,6,1,1,1,0,topology_pfaf,0.496,True,OK,3,6,1,1,1,0,elevdef,0.496,True,OK,3,6,1,1,1,0,area50,0.496,True,OK,3,6,1,1,1,0,True,0,True,valid_T600,3,stable
7426989,9,342.6,mixed,1,1,False,elevation,0.775,True,OK,5,4,1,1,1,0,topology_pfaf,0.775,True,OK,5,4,1,1,1,0,topology_pfaf,0.775,True,OK,5,4,1,1,1,0,topology_pfaf,0.775,True,OK,5,4,1,1,1,0,topology_pfaf,0.775,True,OK,5,4,1,1,1,0,topology_pfaf,0.775,True,OK,5,4,1,1,1,0,elevdef,0.775,True,OK,5,4,1,1,1,0,area50,0.446,True,OK,3,6,1,1,1,0,True,0,True,valid_T600,3,stable
7426992,9,288.6,low,1,1,False,topology_pfaf,0.246,True,OK,3,6,1,1,1,0,topology_pfaf,0.246,True,OK,3,6,1,1,1,0,topology_pfaf,0.246,True,OK,3,6,1,1,1,0,topology_pfaf,0.246,True,OK,3,6,1,1,1,0,topology_pfaf,0.246,True,OK,3,6,1,1,1,0,topology_pfaf,0.246,True,OK,3,6,1,1,1,0,elevdef,0.469,True,OK,5,4,1,1,1,0,area50,0.469,True,OK,5,4,1,1,1,0,True,0,True,valid_T600,3,stable
7426993,9,90.3,low,1,1,False,topology_pfaf,0.738,True,OK,5,4,1,1,1,0,topology_pfaf,0.738,True,OK,5,4,1,1,1,0,topology_pfaf,0.738,True,OK,5,4,1,1,1,0,topology_pfaf,0.738,True,OK,5,4,1,1,1,0,topology_pfaf,0.738,True,OK,5,4,1,1,1,0,topology_pfaf,0.738,True,OK,5,4,1,1,1,0,elevdef,0.738,True,OK,5,4,1,1,1,0,area50,0.439,True,OK,3,6,1,1,1,0,True,0,True,valid_T600,3,stable
7426994,9,175.2,low,1,1,False,topology_pfaf,0.44,True,OK,5,4,1,1,1,0,topology_pfaf,0.44,True,OK,5,4,1,1,1,0,topology_pfaf,0.44,True,OK,5,4,1,1,1,0,topology_pfaf,0.44,True,OK,5,4,1,1,1,0,topology_pfaf,0.44,True,OK,5,4,1,1,1,0,topology_pfaf,0.44,True,OK,5,4,1,1,1,0,elevdef,0.44,True,OK,5,4,1,1,1,0,area50,0.44,True,OK,5,4,1,1,1,0,True,0,True,valid_T600,3,stable
7426996,9,69.7,low,1,1,False,topology_pfaf,0.672,True,OK,5,4,1,1,1,0,topology_pfaf,0.672,True,OK,5,4,1,1,1,0,topology_pfaf,0.672,True,OK,5,4,1,1,1,0,topology_pfaf,0.672,True,OK,5,4,1,1,1,0,topology_pfaf,0.672,True,OK,5,4,1,1,1,0,topology_pfaf,0.672,True,OK,5,4,1,1,1,0,elevdef,0.566,True,OK,3,6,1,1,1,0,area50,0.566,True,OK,3,6,1,1,1,0,True,0,True,valid_T600,3,stable
7426997,9,68.0,low,1,1,False,topology_pfaf,0.366,True,OK,5,4,1,1,1,0,topology_pfaf,0.366,True,OK,5,4,1,1,1,0,topology_pfaf,0.366,True,OK,5,4,1,1,1,0,topology_pfaf,0.366,True,OK,5,4,1,1,1,0,topology_pfaf,0.366,True,OK,5,4,1,1,1,0,topology_pfaf,0.366,True,OK,5,4,1,1,1,0,elevdef,0.366,True,OK,5,4,1,1,1,0,area50,0.366,True,OK,5,4,1,1,1,0,True,0,True,valid_T600,3,stable
7426999,9,48.9,low,1,1,False,topology_pfaf,0.433,True,OK,5,4,1,1,1,0,topology_pfaf,0.433,True,OK,5,4,1,1,1,0,topology_pfaf,0.433,True,OK,5,4,1,1,1,0,topology_pfaf,0.433,True,OK,5,4,1,1,1,0,topology_pfaf,0.433,True,OK,5,4,1,1,1,0,topology_pfaf,0.433,True,OK,5,4,1,1,1,0,elevdef,0.891,True,OK,7,2,1,1,1,0,area50,0.433,True,OK,5,4,1,1,1,0,True,0,True,valid_T600,3,stable
7428260,9,66.4,low,1,1,False,topology_pfaf,0.716,True,OK,5,4,1,1,1,0,topology_pfaf,0.716,True,OK,5,4,1,1,1,0,topology_pfaf,0.716,True,OK,5,4,1,1,1,0,topology_pfaf,0.716,True,OK,5,4,1,1,1,0,topology_pfaf,0.716,True,OK,5,4,1,1,1,0,topology_pfaf,0.716,True,OK,5,4,1,1,1,0,elevdef,0.716,True,OK,5,4,1,1,1,0,area50,0.382,True,OK,3,6,1,1,1,0,True,0,True,valid_T600,3,stable
7428410,9,74.5,low,1,1,False,topology_pfaf,0.293,True,OK,3,6,1,1,1,0,topology_pfaf,0.293,True,OK,3,6,1,1,1,0,topology_pfaf,0.293,True,OK,3,6,1,1,1,0,topology_pfaf,0.293,True,OK,3,6,1,1,1,0,topology_pfaf,0.293,True,OK,3,6,1,1,1,0,topology_pfaf,0.293,True,OK,3,6,1,1,1,0,elevdef,0.641,True,OK,5,4,1,1,1,0,area50,0.641,True,OK,5,4,1,1,1,0,True,0,True,valid_T600,3,stable
7428430,7,69.4,low,1,1,False,topology_pfaf,0.345,True,OK,1,6,1,1,1,0,topology_pfaf,0.345,True,OK,1,6,1,1,1,0,topology_pfaf,0.345,True,OK,1,6,1,1,1,0,topology_pfaf,0.345,True,OK,1,6,1,1,1,0,topology_pfaf,0.345,True,OK,1,6,1,1,1,0,topology_pfaf,0.345,True,OK,1,6,1,1,1,0,elevdef,1.0,False,empty_downstream; down_components=0; up_to_down_edges=0,7,0,1,0,0,0,area50,0.48,True,OK,5,2,1,1,1,0,True,0,True,valid_T600,3,stable
7428442,9,72.5,low,1,1,False,topology_pfaf,0.526,True,OK,5,4,1,1,1,0,topology_pfaf,0.526,True,OK,5,4,1,1,1,0,topology_pfaf,0.526,True,OK,5,4,1,1,1,0,topology_pfaf,0.526,True,OK,5,4,1,1,1,0,topology_pfaf,0.526,True,OK,5,4,1,1,1,0,topology_pfaf,0.526,True,OK,5,4,1,1,1,0,elevdef,0.526,True,OK,5,4,1,1,1,0,area50,0.526,True,OK,5,4,1,1,1,0,True,0,True,valid_T600,3,stable
7428480,9,32.1,low,1,1,False,topology_pfaf,0.599,True,OK,5,4,1,1,1,0,topology_pfaf,0.599,True,OK,5,4,1,1,1,0,topology_pfaf,0.599,True,OK,5,4,1,1,1,0,topology_pfaf,0.599,True,OK,5,4,1,1,1,0,topology_pfaf,0.599,True,OK,5,4,1,1,1,0,topology_pfaf,0.599,True,OK,5,4,1,1,1,0,elevdef,0.599,True,OK,5,4,1,1,1,0,area50,0.599,True,OK,5,4,1,1,1,0,True,0,True,valid_T600,3,stable
7428490,9,113.0,low,1,1,False,topology_pfaf,0.24,True,OK,5,4,1,1,1,0,topology_pfaf,0.24,True,OK,5,4,1,1,1,0,topology_pfaf,0.24,True,OK,5,4,1,1,1,0,topology_pfaf,0.24,True,OK,5,4,1,1,1,0,topology_pfaf,0.24,True,OK,5,4,1,1,1,0,topology_pfaf,0.24,True,OK,5,4,1,1,1,0,elevdef,0.668,True,OK,7,2,1,1,1,0,area50,0.668,True,OK,7,2,1,1,1,0,True,0,True,valid_T600,3,stable
7428504,9,95.3,low,1,1,False,topology_pfaf,0.67,True,OK,5,4,1,1,1,0,topology_pfaf,0.67,True,OK,5,4,1,1,1,0,topology_pfaf,0.67,True,OK,5,4,1,1,1,0,topology_pfaf,0.67,True,OK,5,4,1,1,1,0,topology_pfaf,0.67,True,OK,5,4,1,1,1,0,topology_pfaf,0.67,True,OK,5,4,1,1,1,0,elevdef,0.67,True,OK,5,4,1,1,1,0,area50,0.426,True,OK,3,6,1,1,1,0,True,0,True,valid_T600,3,stable
7428627,9,61.1,low,1,1,False,topology_pfaf,0.134,True,OK,3,6,1,1,1,0,topology_pfaf,0.134,True,OK,3,6,1,1,1,0,topology_pfaf,0.134,True,OK,3,6,1,1,1,0,topology_pfaf,0.134,True,OK,3,6,1,1,1,0,topology_pfaf,0.134,True,OK,3,6,1,1,1,0,topology_pfaf,0.134,True,OK,3,6,1,1,1,0,elevdef,0.713,True,OK,7,2,1,1,1,0,area50,0.38,True,OK,5,4,1,1,1,0,True,0,True,valid_T600,3,stable
7428633,9,29.8,low,1,1,False,topology_pfaf,0.667,True,OK,5,4,1,1,1,0,topology_pfaf,0.667,True,OK,5,4,1,1,1,0,topology_pfaf,0.667,True,OK,5,4,1,1,1,0,topology_pfaf,0.667,True,OK,5,4,1,1,1,0,topology_pfaf,0.667,True,OK,5,4,1,1,1,0,topology_pfaf,0.667,True,OK,5,4,1,1,1,0,elevdef,0.667,True,OK,5,4,1,1,1,0,area50,0.527,True,OK,3,6,1,1,1,0,True,0,True,valid_T600,3,stable
7428640,9,73.1,low,1,1,False,topology_pfaf,0.398,True,OK,3,6,1,1,1,0,topology_pfaf,0.398,True,OK,3,6,1,1,1,0,topology_pfaf,0.398,True,OK,3,6,1,1,1,0,topology_pfaf,0.398,True,OK,3,6,1,1,1,0,topology_pfaf,0.398,True,OK,3,6,1,1,1,0,topology_pfaf,0.398,True,OK,3,6,1,1,1,0,elevdef,0.666,True,OK,5,4,1,1,1,0,area50,0.398,True,OK,3,6,1,1,1,0,True,0,True,valid_T600,3,stable
7428723,9,60.3,low,1,1,False,topology_pfaf,0.662,True,OK,5,4,1,1,1,0,topology_pfaf,0.662,True,OK,5,4,1,1,1,0,topology_pfaf,0.662,True,OK,5,4,1,1,1,0,topology_pfaf,0.662,True,OK,5,4,1,1,1,0,topology_pfaf,0.662,True,OK,5,4,1,1,1,0,topology_pfaf,0.662,True,OK,5,4,1,1,1,0,elevdef,0.662,True,OK,5,4,1,1,1,0,area50,0.484,True,OK,3,6,1,1,1,0,True,0,True,valid_T600,3,stable
7428724,9,26.2,low,1,1,False,topology_pfaf,0.528,True,OK,1,8,1,1,1,0,topology_pfaf,0.528,True,OK,1,8,1,1,1,0,topology_pfaf,0.528,True,OK,1,8,1,1,1,0,topology_pfaf,0.528,True,OK,1,8,1,1,1,0,topology_pfaf,0.528,True,OK,1,8,1,1,1,0,topology_pfaf,0.528,True,OK,1,8,1,1,1,0,elevdef,0.528,True,OK,1,8,1,1,1,0,area50,0.528,True,OK,1,8,1,1,1,0,True,0,True,valid_T600,3,stable
7428726,9,55.0,low,1,1,False,topology_pfaf,0.51,True,OK,5,4,1,1,1,0,topology_pfaf,0.51,True,OK,5,4,1,1,1,0,topology_pfaf,0.51,True,OK,5,4,1,1,1,0,topology_pfaf,0.51,True,OK,5,4,1,1,1,0,topology_pfaf,0.51,True,OK,5,4,1,1,1,0,topology_pfaf,0.51,True,OK,5,4,1,1,1,0,elevdef,0.681,True,OK,7,2,1,1,1,0,area50,0.51,True,OK,5,4,1,1,1,0,True,0,True,valid_T600,3,stable
7428727,9,21.9,low,1,1,False,topology_pfaf,0.443,True,OK,5,4,1,1,1,0,topology_pfaf,0.443,True,OK,5,4,1,1,1,0,topology_pfaf,0.443,True,OK,5,4,1,1,1,0,topology_pfaf,0.443,True,OK,5,4,1,1,1,0,topology_pfaf,0.443,True,OK,5,4,1,1,1,0,topology_pfaf,0.443,True,OK,5,4,1,1,1,0,elevdef,0.443,True,OK,5,4,1,1,1,0,area50,0.443,True,OK,5,4,1,1,1,0,True,0,True,valid_T600,3,stable
7428732,9,138.2,low,1,1,False,topology_pfaf,0.519,True,OK,5,4,1,1,1,0,topology_pfaf,0.519,True,OK,5,4,1,1,1,0,topology_pfaf,0.519,True,OK,5,4,1,1,1,0,topology_pfaf,0.519,True,OK,5,4,1,1,1,0,topology_pfaf,0.519,True,OK,5,4,1,1,1,0,topology_pfaf,0.519,True,OK,5,4,1,1,1,0,elevdef,0.519,True,OK,5,4,1,1,1,0,area50,0.519,True,OK,5,4,1,1,1,0,True,0,True,valid_T600,3,stable
7428733,9,62.3,low,1,1,False,topology_pfaf,0.655,True,OK,5,4,1,1,1,0,topology_pfaf,0.655,True,OK,5,4,1,1,1,0,topology_pfaf,0.655,True,OK,5,4,1,1,1,0,topology_pfaf,0.655,True,OK,5,4,1,1,1,0,topology_pfaf,0.655,True,OK,5,4,1,1,1,0,topology_pfaf,0.655,True,OK,5,4,1,1,1,0,elevdef,0.655,True,OK,5,4,1,1,1,0,area50,0.655,True,OK,5,4,1,1,1,0,True,0,True,valid_T600,3,stable
7428734,9,82.1,low,1,1,False,topology_pfaf,0.513,True,OK,5,4,1,1,1,0,topology_pfaf,0.513,True,OK,5,4,1,1,1,0,topology_pfaf,0.513,True,OK,5,4,1,1,1,0,topology_pfaf,0.513,True,OK,5,4,1,1,1,0,topology_pfaf,0.513,True,OK,5,4,1,1,1,0,topology_pfaf,0.513,True,OK,5,4,1,1,1,0,elevdef,0.513,True,OK,5,4,1,1,1,0,area50,0.513,True,OK,5,4,1,1,1,0,True,0,True,valid_T600,3,stable
7428738,9,71.3,low,1,1,False,topology_pfaf,0.538,True,OK,5,4,1,1,1,0,topology_pfaf,0.538,True,OK,5,4,1,1,1,0,topology_pfaf,0.538,True,OK,5,4,1,1,1,0,topology_pfaf,0.538,True,OK,5,4,1,1,1,0,topology_pfaf,0.538,True,OK,5,4,1,1,1,0,topology_pfaf,0.538,True,OK,5,4,1,1,1,0,elevdef,0.641,True,OK,7,2,1,1,1,0,area50,0.538,True,OK,5,4,1,1,1,0,True,0,True,valid_T600,3,stable
7428747,9,143.0,low,1,1,False,topology_pfaf,0.409,True,OK,5,4,1,1,1,0,topology_pfaf,0.409,True,OK,5,4,1,1,1,0,topology_pfaf,0.409,True,OK,5,4,1,1,1,0,topology_pfaf,0.409,True,OK,5,4,1,1,1,0,topology_pfaf,0.409,True,OK,5,4,1,1,1,0,topology_pfaf,0.409,True,OK,5,4,1,1,1,0,elevdef,0.845,True,OK,7,2,1,1,1,0,area50,0.409,True,OK,5,4,1,1,1,0,True,0,True,valid_T600,3,stable
7428749,9,36.0,low,1,1,False,topology_pfaf,0.491,True,OK,5,4,1,1,1,0,topology_pfaf,0.491,True,OK,5,4,1,1,1,0,topology_pfaf,0.491,True,OK,5,4,1,1,1,0,topology_pfaf,0.491,True,OK,5,4,1,1,1,0,topology_pfaf,0.491,True,OK,5,4,1,1,1,0,topology_pfaf,0.491,True,OK,5,4,1,1,1,0,elevdef,0.491,True,OK,5,4,1,1,1,0,area50,0.491,True,OK,5,4,1,1,1,0,True,0,True,valid_T600,3,stable
7428752,9,75.1,low,1,1,False,topology_pfaf,0.866,True,OK,5,4,1,1,1,0,topology_pfaf,0.866,True,OK,5,4,1,1,1,0,topology_pfaf,0.866,True,OK,5,4,1,1,1,0,topology_pfaf,0.866,True,OK,5,4,1,1,1,0,topology_pfaf,0.866,True,OK,5,4,1,1,1,0,topology_pfaf,0.866,True,OK,5,4,1,1,1,0,elevdef,0.566,True,OK,1,8,1,1,1,0,area50,0.566,True,OK,1,8,1,1,1,0,True,0,True,valid_T600,3,stable
7428754,9,84.4,low,1,1,False,topology_pfaf,0.595,True,OK,5,4,1,1,1,0,topology_pfaf,0.595,True,OK,5,4,1,1,1,0,topology_pfaf,0.595,True,OK,5,4,1,1,1,0,topology_pfaf,0.595,True,OK,5,4,1,1,1,0,topology_pfaf,0.595,True,OK,5,4,1,1,1,0,topology_pfaf,0.595,True,OK,5,4,1,1,1,0,elevdef,0.595,True,OK,5,4,1,1,1,0,area50,0.595,True,OK,5,4,1,1,1,0,True,0,True,valid_T600,3,stable
7428756,9,160.9,low,1,1,False,topology_pfaf,0.425,True,OK,3,6,1,1,1,0,topology_pfaf,0.425,True,OK,3,6,1,1,1,0,topology_pfaf,0.425,True,OK,3,6,1,1,1,0,topology_pfaf,0.425,True,OK,3,6,1,1,1,0,topology_pfaf,0.425,True,OK,3,6,1,1,1,0,topology_pfaf,0.425,True,OK,3,6,1,1,1,0,elevdef,0.425,True,OK,3,6,1,1,1,0,area50,0.425,True,OK,3,6,1,1,1,0,True,0,True,valid_T600,3,stable
7428757,9,56.2,low,1,1,False,topology_pfaf,0.381,True,OK,5,4,1,1,1,0,topology_pfaf,0.381,True,OK,5,4,1,1,1,0,topology_pfaf,0.381,True,OK,5,4,1,1,1,0,topology_pfaf,0.381,True,OK,5,4,1,1,1,0,topology_pfaf,0.381,True,OK,5,4,1,1,1,0,topology_pfaf,0.381,True,OK,5,4,1,1,1,0,elevdef,1.0,False,empty_downstream; down_components=0; up_to_down_edges=0,9,0,1,0,0,0,area50,0.497,True,OK,7,2,1,1,1,0,True,0,True,valid_T600,3,stable
7428758,9,63.0,low,1,1,False,topology_pfaf,0.587,True,OK,5,4,1,1,1,0,topology_pfaf,0.587,True,OK,5,4,1,1,1,0,topology_pfaf,0.587,True,OK,5,4,1,1,1,0,topology_pfaf,0.587,True,OK,5,4,1,1,1,0,topology_pfaf,0.587,True,OK,5,4,1,1,1,0,topology_pfaf,0.587,True,OK,5,4,1,1,1,0,elevdef,0.587,True,OK,5,4,1,1,1,0,area50,0.587,True,OK,5,4,1,1,1,0,True,0,True,valid_T600,3,stable
7428762,9,95.0,low,1,1,False,topology_pfaf,0.363,True,OK,5,4,1,1,1,0,topology_pfaf,0.363,True,OK,5,4,1,1,1,0,topology_pfaf,0.363,True,OK,5,4,1,1,1,0,topology_pfaf,0.363,True,OK,5,4,1,1,1,0,topology_pfaf,0.363,True,OK,5,4,1,1,1,0,topology_pfaf,0.363,True,OK,5,4,1,1,1,0,elevdef,0.635,True,OK,7,2,1,1,1,0,area50,0.635,True,OK,7,2,1,1,1,0,True,0,True,valid_T600,3,stable
7428768,9,88.4,low,1,1,False,topology_pfaf,0.602,True,OK,5,4,1,1,1,0,topology_pfaf,0.602,True,OK,5,4,1,1,1,0,topology_pfaf,0.602,True,OK,5,4,1,1,1,0,topology_pfaf,0.602,True,OK,5,4,1,1,1,0,topology_pfaf,0.602,True,OK,5,4,1,1,1,0,topology_pfaf,0.602,True,OK,5,4,1,1,1,0,elevdef,0.602,True,OK,5,4,1,1,1,0,area50,0.462,True,OK,3,6,1,1,1,0,True,0,True,valid_T600,3,stable
7428769,9,111.6,low,1,1,False,topology_pfaf,0.402,True,OK,5,4,1,1,1,0,topology_pfaf,0.402,True,OK,5,4,1,1,1,0,topology_pfaf,0.402,True,OK,5,4,1,1,1,0,topology_pfaf,0.402,True,OK,5,4,1,1,1,0,topology_pfaf,0.402,True,OK,5,4,1,1,1,0,topology_pfaf,0.402,True,OK,5,4,1,1,1,0,elevdef,1.0,False,empty_downstream; down_components=0; up_to_down_edges=0,9,0,1,0,0,0,area50,0.523,True,OK,7,2,1,1,1,0,True,0,True,valid_T600,3,stable
7428770,9,52.5,low,1,1,False,topology_pfaf,0.579,True,OK,1,8,1,1,1,0,topology_pfaf,0.579,True,OK,1,8,1,1,1,0,topology_pfaf,0.579,True,OK,1,8,1,1,1,0,topology_pfaf,0.579,True,OK,1,8,1,1,1,0,topology_pfaf,0.579,True,OK,1,8,1,1,1,0,topology_pfaf,0.579,True,OK,1,8,1,1,1,0,elevdef,0.579,True,OK,1,8,1,1,1,0,area50,0.579,True,OK,1,8,1,1,1,0,True,0,True,valid_T600,3,stable
7428783,9,33.0,low,1,1,False,topology_pfaf,0.332,True,OK,5,4,1,1,1,0,topology_pfaf,0.332,True,OK,5,4,1,1,1,0,topology_pfaf,0.332,True,OK,5,4,1,1,1,0,topology_pfaf,0.332,True,OK,5,4,1,1,1,0,topology_pfaf,0.332,True,OK,5,4,1,1,1,0,topology_pfaf,0.332,True,OK,5,4,1,1,1,0,elevdef,0.67,True,OK,7,2,1,1,1,0,area50,0.332,True,OK,5,4,1,1,1,0,True,0,True,valid_T600,3,stable
7428787,9,36.3,low,1,1,False,topology_pfaf,0.564,True,OK,5,4,1,1,1,0,topology_pfaf,0.564,True,OK,5,4,1,1,1,0,topology_pfaf,0.564,True,OK,5,4,1,1,1,0,topology_pfaf,0.564,True,OK,5,4,1,1,1,0,topology_pfaf,0.564,True,OK,5,4,1,1,1,0,topology_pfaf,0.564,True,OK,5,4,1,1,1,0,elevdef,0.564,True,OK,5,4,1,1,1,0,area50,0.564,True,OK,5,4,1,1,1,0,True,0,True,valid_T600,3,stable
7428810,9,38.4,low,1,1,False,topology_pfaf,0.404,True,OK,5,4,1,1,1,0,topology_pfaf,0.404,True,OK,5,4,1,1,1,0,topology_pfaf,0.404,True,OK,5,4,1,1,1,0,topology_pfaf,0.404,True,OK,5,4,1,1,1,0,topology_pfaf,0.404,True,OK,5,4,1,1,1,0,topology_pfaf,0.404,True,OK,5,4,1,1,1,0,elevdef,0.648,True,OK,7,2,1,1,1,0,area50,0.404,True,OK,5,4,1,1,1,0,True,0,True,valid_T600,3,stable
7428822,9,43.4,low,1,1,False,topology_pfaf,0.233,True,OK,3,6,1,1,1,0,topology_pfaf,0.233,True,OK,3,6,1,1,1,0,topology_pfaf,0.233,True,OK,3,6,1,1,1,0,topology_pfaf,0.233,True,OK,3,6,1,1,1,0,topology_pfaf,0.233,True,OK,3,6,1,1,1,0,topology_pfaf,0.233,True,OK,3,6,1,1,1,0,elevdef,0.708,True,OK,7,2,1,1,1,0,area50,0.442,True,OK,5,4,1,1,1,0,True,0,True,valid_T600,3,stable
7428840,9,112.5,low,1,1,False,topology_pfaf,0.374,True,OK,5,4,1,1,1,0,topology_pfaf,0.374,True,OK,5,4,1,1,1,0,topology_pfaf,0.374,True,OK,5,4,1,1,1,0,topology_pfaf,0.374,True,OK,5,4,1,1,1,0,topology_pfaf,0.374,True,OK,5,4,1,1,1,0,topology_pfaf,0.374,True,OK,5,4,1,1,1,0,elevdef,0.374,True,OK,5,4,1,1,1,0,area50,0.374,True,OK,5,4,1,1,1,0,True,0,True,valid_T600,3,stable
7428890,9,107.8,low,1,1,False,topology_pfaf,0.44,True,OK,5,4,1,1,1,0,topology_pfaf,0.44,True,OK,5,4,1,1,1,0,topology_pfaf,0.44,True,OK,5,4,1,1,1,0,topology_pfaf,0.44,True,OK,5,4,1,1,1,0,topology_pfaf,0.44,True,OK,5,4,1,1,1,0,topology_pfaf,0.44,True,OK,5,4,1,1,1,0,elevdef,0.44,True,OK,5,4,1,1,1,0,area50,0.44,True,OK,5,4,1,1,1,0,True,0,True,valid_T600,3,stable
7428940,9,71.5,low,1,1,False,topology_pfaf,0.508,True,OK,1,8,1,1,1,0,topology_pfaf,0.508,True,OK,1,8,1,1,1,0,topology_pfaf,0.508,True,OK,1,8,1,1,1,0,topology_pfaf,0.508,True,OK,1,8,1,1,1,0,topology_pfaf,0.508,True,OK,1,8,1,1,1,0,topology_pfaf,0.508,True,OK,1,8,1,1,1,0,elevdef,1.0,False,empty_downstream; down_components=0; up_to_down_edges=0,9,0,1,0,0,0,area50,0.508,True,OK,1,8,1,1,1,0,True,0,True,valid_T600,3,stable
7428980,7,22.0,low,1,1,False,topology_pfaf,0.46,True,OK,1,6,1,1,1,0,topology_pfaf,0.46,True,OK,1,6,1,1,1,0,topology_pfaf,0.46,True,OK,1,6,1,1,1,0,topology_pfaf,0.46,True,OK,1,6,1,1,1,0,topology_pfaf,0.46,True,OK,1,6,1,1,1,0,topology_pfaf,0.46,True,OK,1,6,1,1,1,0,elevdef,0.46,True,OK,1,6,1,1,1,0,area50,0.46,True,OK,1,6,1,1,1,0,True,0,True,valid_T600,3,stable
7428990,9,48.1,low,1,1,False,topology_pfaf,0.232,True,OK,3,6,1,1,1,0,topology_pfaf,0.232,True,OK,3,6,1,1,1,0,topology_pfaf,0.232,True,OK,3,6,1,1,1,0,topology_pfaf,0.232,True,OK,3,6,1,1,1,0,topology_pfaf,0.232,True,OK,3,6,1,1,1,0,topology_pfaf,0.232,True,OK,3,6,1,1,1,0,elevdef,0.512,True,OK,5,4,1,1,1,0,area50,0.512,True,OK,5,4,1,1,1,0,True,0,True,valid_T600,3,stable
7429170,5,58.0,low,1,1,False,topology_dist,0.749,True,OK,3,2,1,1,1,0,topology_dist,0.749,True,OK,3,2,1,1,1,0,topology_dist,0.749,True,OK,3,2,1,1,1,0,topology_dist,0.749,True,OK,3,2,1,1,1,0,topology_dist,0.749,True,OK,3,2,1,1,1,0,topology_dist,0.749,True,OK,3,2,1,1,1,0,elevdef,0.691,True,OK,1,4,1,1,1,0,area50,0.691,True,OK,1,4,1,1,1,0,True,0,True,valid_T600,3,stable
7429188,9,98.0,low,1,1,False,topology_pfaf,0.794,True,OK,5,4,1,1,1,0,topology_pfaf,0.794,True,OK,5,4,1,1,1,0,topology_pfaf,0.794,True,OK,5,4,1,1,1,0,topology_pfaf,0.794,True,OK,5,4,1,1,1,0,topology_pfaf,0.794,True,OK,5,4,1,1,1,0,topology_pfaf,0.794,True,OK,5,4,1,1,1,0,elevdef,0.526,True,OK,3,6,1,1,1,0,area50,0.526,True,OK,3,6,1,1,1,0,True,0,True,valid_T600,3,stable
7429245,9,356.4,mixed,1,1,False,elevation,0.536,True,OK,7,2,1,1,1,0,topology_pfaf,0.452,True,OK,5,4,1,1,1,0,topology_pfaf,0.452,True,OK,5,4,1,1,1,0,topology_pfaf,0.452,True,OK,5,4,1,1,1,0,topology_pfaf,0.452,True,OK,5,4,1,1,1,0,topology_pfaf,0.452,True,OK,5,4,1,1,1,0,elevdef,0.536,True,OK,7,2,1,1,1,0,area50,0.536,True,OK,7,2,1,1,1,0,True,2,False,valid_T600,2,label_change
7429340,9,78.1,low,1,1,False,topology_pfaf,0.444,True,OK,5,4,1,1,1,0,topology_pfaf,0.444,True,OK,5,4,1,1,1,0,topology_pfaf,0.444,True,OK,5,4,1,1,1,0,topology_pfaf,0.444,True,OK,5,4,1,1,1,0,topology_pfaf,0.444,True,OK,5,4,1,1,1,0,topology_pfaf,0.444,True,OK,5,4,1,1,1,0,elevdef,0.444,True,OK,5,4,1,1,1,0,area50,0.444,True,OK,5,4,1,1,1,0,True,0,True,valid_T600,3,stable
7429370,7,54.8,low,1,1,False,topology_pfaf,0.587,True,OK,3,4,1,1,1,0,topology_pfaf,0.587,True,OK,3,4,1,1,1,0,topology_pfaf,0.587,True,OK,3,4,1,1,1,0,topology_pfaf,0.587,True,OK,3,4,1,1,1,0,topology_pfaf,0.587,True,OK,3,4,1,1,1,0,topology_pfaf,0.587,True,OK,3,4,1,1,1,0,elevdef,0.511,True,OK,1,6,1,1,1,0,area50,0.511,True,OK,1,6,1,1,1,0,True,0,True,valid_T600,3,stable
7429380,9,87.5,low,1,1,False,topology_pfaf,0.549,True,OK,1,8,1,1,1,0,topology_pfaf,0.549,True,OK,1,8,1,1,1,0,topology_pfaf,0.549,True,OK,1,8,1,1,1,0,topology_pfaf,0.549,True,OK,1,8,1,1,1,0,topology_pfaf,0.549,True,OK,1,8,1,1,1,0,topology_pfaf,0.549,True,OK,1,8,1,1,1,0,elevdef,1.0,False,empty_downstream; down_components=0; up_to_down_edges=0,9,0,1,0,0,0,area50,0.549,True,OK,1,8,1,1,1,0,True,0,True,valid_T600,3,stable
7429410,5,42.8,low,1,1,False,topology_dist,0.832,True,OK,1,4,1,1,1,0,topology_dist,0.832,True,OK,1,4,1,1,1,0,topology_dist,0.832,True,OK,1,4,1,1,1,0,topology_dist,0.832,True,OK,1,4,1,1,1,0,topology_dist,0.832,True,OK,1,4,1,1,1,0,topology_dist,0.832,True,OK,1,4,1,1,1,0,elevdef,0.832,True,OK,1,4,1,1,1,0,area50,0.832,True,OK,1,4,1,1,1,0,True,0,True,valid_T600,3,stable
7429427,9,106.4,low,1,1,False,topology_pfaf,0.418,True,OK,5,4,1,1,1,0,topology_pfaf,0.418,True,OK,5,4,1,1,1,0,topology_pfaf,0.418,True,OK,5,4,1,1,1,0,topology_pfaf,0.418,True,OK,5,4,1,1,1,0,topology_pfaf,0.418,True,OK,5,4,1,1,1,0,topology_pfaf,0.418,True,OK,5,4,1,1,1,0,elevdef,0.526,True,OK,7,2,1,1,1,0,area50,0.526,True,OK,7,2,1,1,1,0,True,0,True,valid_T600,3,stable
7429444,9,330.6,mixed,1,1,False,elevation,0.577,True,OK,7,2,1,1,1,0,topology_pfaf,0.453,True,OK,5,4,1,1,1,0,topology_pfaf,0.453,True,OK,5,4,1,1,1,0,topology_pfaf,0.453,True,OK,5,4,1,1,1,0,topology_pfaf,0.453,True,OK,5,4,1,1,1,0,topology_pfaf,0.453,True,OK,5,4,1,1,1,0,elevdef,0.577,True,OK,7,2,1,1,1,0,area50,0.453,True,OK,5,4,1,1,1,0,True,2,False,valid_T600,2,label_change
7429449,9,287.4,low,1,1,False,topology_pfaf,0.673,True,OK,5,4,1,1,1,0,topology_pfaf,0.673,True,OK,5,4,1,1,1,0,topology_pfaf,0.673,True,OK,5,4,1,1,1,0,topology_pfaf,0.673,True,OK,5,4,1,1,1,0,topology_pfaf,0.673,True,OK,5,4,1,1,1,0,topology_pfaf,0.673,True,OK,5,4,1,1,1,0,elevdef,0.549,True,OK,3,6,1,1,1,0,area50,0.549,True,OK,3,6,1,1,1,0,True,0,True,valid_T600,3,stable
7429468,9,1247.8,high,1,1,False,elevation,0.6,True,OK,5,4,1,1,1,0,elevation,0.6,True,OK,5,4,1,1,1,0,elevation,0.6,True,OK,5,4,1,1,1,0,elevation,0.6,True,OK,5,4,1,1,1,0,elevation,0.6,True,OK,5,4,1,1,1,0,elevation,0.6,True,OK,5,4,1,1,1,0,elevdef,0.6,True,OK,5,4,1,1,1,0,area50,0.6,True,OK,5,4,1,1,1,0,True,0,True,valid_T600,3,stable
7429469,9,1260.6,high,1,1,False,elevation,0.569,True,OK,3,6,1,1,1,0,elevation,0.569,True,OK,3,6,1,1,1,0,elevation,0.569,True,OK,3,6,1,1,1,0,elevation,0.569,True,OK,3,6,1,1,1,0,elevation,0.569,True,OK,3,6,1,1,1,0,elevation,0.569,True,OK,3,6,1,1,1,0,elevdef,0.569,True,OK,3,6,1,1,1,0,area50,0.569,True,OK,3,6,1,1,1,0,True,0,True,valid_T600,3,stable
7429474,9,82.6,low,1,1,False,topology_pfaf,0.782,True,OK,5,4,1,1,1,0,topology_pfaf,0.782,True,OK,5,4,1,1,1,0,topology_pfaf,0.782,True,OK,5,4,1,1,1,0,topology_pfaf,0.782,True,OK,5,4,1,1,1,0,topology_pfaf,0.782,True,OK,5,4,1,1,1,0,topology_pfaf,0.782,True,OK,5,4,1,1,1,0,elevdef,0.422,True,OK,3,6,1,1,1,0,area50,0.422,True,OK,3,6,1,1,1,0,True,0,True,valid_T600,3,stable
7429489,10,404.3,mixed,1,1,False,elevation,0.567,True,OK,3,7,1,1,1,0,elevation,0.567,True,OK,3,7,1,1,1,0,topology_pfaf,0.661,True,OK,5,5,1,1,1,0,topology_pfaf,0.661,True,OK,5,5,1,1,1,0,topology_pfaf,0.661,True,OK,5,5,1,1,1,0,topology_pfaf,0.661,True,OK,5,5,1,1,1,0,elevdef,0.567,True,OK,3,7,1,1,1,0,area50,0.567,True,OK,3,7,1,1,1,0,True,2,False,valid_T600,2,label_change
7429491,9,428.6,mixed,1,1,False,elevation,0.673,True,OK,5,4,1,1,1,0,elevation,0.673,True,OK,5,4,1,1,1,0,topology_pfaf,0.473,True,OK,3,6,1,1,1,0,topology_pfaf,0.473,True,OK,3,6,1,1,1,0,topology_pfaf,0.473,True,OK,3,6,1,1,1,0,topology_pfaf,0.473,True,OK,3,6,1,1,1,0,elevdef,0.673,True,OK,5,4,1,1,1,0,area50,0.473,True,OK,3,6,1,1,1,0,True,2,False,valid_T600,2,label_change
7429496,10,223.9,low,1,1,False,topology_pfaf,0.374,True,OK,5,5,1,1,1,0,topology_pfaf,0.374,True,OK,5,5,1,1,1,0,topology_pfaf,0.374,True,OK,5,5,1,1,1,0,topology_pfaf,0.374,True,OK,5,5,1,1,1,0,topology_pfaf,0.374,True,OK,5,5,1,1,1,0,topology_pfaf,0.374,True,OK,5,5,1,1,1,0,elevdef,1.0,False,empty_downstream; down_components=0; up_to_down_edges=0,10,0,1,0,0,0,area50,0.428,True,OK,7,3,1,1,1,0,True,0,True,valid_T600,3,stable
7429497,10,566.3,mixed,1,1,False,elevation,0.581,True,OK,5,5,1,1,1,0,elevation,0.581,True,OK,5,5,1,1,1,0,elevation,0.581,True,OK,5,5,1,1,1,0,topology_pfaf,0.31,True,OK,3,7,1,1,1,0,topology_pfaf,0.31,True,OK,3,7,1,1,1,0,topology_pfaf,0.31,True,OK,3,7,1,1,1,0,elevdef,0.581,True,OK,5,5,1,1,1,0,area50,0.581,True,OK,5,5,1,1,1,0,True,2,False,valid_T600,2,label_change
7429512,9,65.2,low,1,1,False,topology_pfaf,0.703,True,OK,5,4,1,1,1,0,topology_pfaf,0.703,True,OK,5,4,1,1,1,0,topology_pfaf,0.703,True,OK,5,4,1,1,1,0,topology_pfaf,0.703,True,OK,5,4,1,1,1,0,topology_pfaf,0.703,True,OK,5,4,1,1,1,0,topology_pfaf,0.703,True,OK,5,4,1,1,1,0,elevdef,0.703,True,OK,5,4,1,1,1,0,area50,0.352,True,OK,3,6,1,1,1,0,True,0,True,valid_T600,3,stable
7429516,9,87.6,low,1,1,False,topology_pfaf,0.414,True,OK,3,6,1,1,1,0,topology_pfaf,0.414,True,OK,3,6,1,1,1,0,topology_pfaf,0.414,True,OK,3,6,1,1,1,0,topology_pfaf,0.414,True,OK,3,6,1,1,1,0,topology_pfaf,0.414,True,OK,3,6,1,1,1,0,topology_pfaf,0.414,True,OK,3,6,1,1,1,0,elevdef,0.612,True,OK,5,4,1,1,1,0,area50,0.414,True,OK,3,6,1,1,1,0,True,0,True,valid_T600,3,stable
7429522,9,96.0,low,1,1,False,topology_pfaf,0.537,True,OK,5,4,1,1,1,0,topology_pfaf,0.537,True,OK,5,4,1,1,1,0,topology_pfaf,0.537,True,OK,5,4,1,1,1,0,topology_pfaf,0.537,True,OK,5,4,1,1,1,0,topology_pfaf,0.537,True,OK,5,4,1,1,1,0,topology_pfaf,0.537,True,OK,5,4,1,1,1,0,elevdef,0.621,True,OK,7,2,1,1,1,0,area50,0.537,True,OK,5,4,1,1,1,0,True,0,True,valid_T600,3,stable
7429527,9,46.4,low,1,1,False,topology_pfaf,0.413,True,OK,5,4,1,1,1,0,topology_pfaf,0.413,True,OK,5,4,1,1,1,0,topology_pfaf,0.413,True,OK,5,4,1,1,1,0,topology_pfaf,0.413,True,OK,5,4,1,1,1,0,topology_pfaf,0.413,True,OK,5,4,1,1,1,0,topology_pfaf,0.413,True,OK,5,4,1,1,1,0,elevdef,0.522,True,OK,7,2,1,1,1,0,area50,0.522,True,OK,7,2,1,1,1,0,True,0,True,valid_T600,3,stable
7429529,9,29.9,low,1,1,False,topology_pfaf,0.685,True,OK,5,4,1,1,1,0,topology_pfaf,0.685,True,OK,5,4,1,1,1,0,topology_pfaf,0.685,True,OK,5,4,1,1,1,0,topology_pfaf,0.685,True,OK,5,4,1,1,1,0,topology_pfaf,0.685,True,OK,5,4,1,1,1,0,topology_pfaf,0.685,True,OK,5,4,1,1,1,0,elevdef,0.444,True,OK,3,6,1,1,1,0,area50,0.444,True,OK,3,6,1,1,1,0,True,0,True,valid_T600,3,stable
7429536,9,144.3,low,1,1,False,topology_pfaf,0.605,True,OK,5,4,1,1,1,0,topology_pfaf,0.605,True,OK,5,4,1,1,1,0,topology_pfaf,0.605,True,OK,5,4,1,1,1,0,topology_pfaf,0.605,True,OK,5,4,1,1,1,0,topology_pfaf,0.605,True,OK,5,4,1,1,1,0,topology_pfaf,0.605,True,OK,5,4,1,1,1,0,elevdef,0.605,True,OK,5,4,1,1,1,0,area50,0.605,True,OK,5,4,1,1,1,0,True,0,True,valid_T600,3,stable
7429541,9,33.9,low,1,1,False,topology_pfaf,0.27,True,OK,3,6,1,1,1,0,topology_pfaf,0.27,True,OK,3,6,1,1,1,0,topology_pfaf,0.27,True,OK,3,6,1,1,1,0,topology_pfaf,0.27,True,OK,3,6,1,1,1,0,topology_pfaf,0.27,True,OK,3,6,1,1,1,0,topology_pfaf,0.27,True,OK,3,6,1,1,1,0,elevdef,0.617,True,OK,5,4,1,1,1,0,area50,0.617,True,OK,5,4,1,1,1,0,True,0,True,valid_T600,3,stable
7429547,5,38.2,low,1,1,False,topology_dist,0.494,True,OK,1,4,1,1,1,0,topology_dist,0.494,True,OK,1,4,1,1,1,0,topology_dist,0.494,True,OK,1,4,1,1,1,0,topology_dist,0.494,True,OK,1,4,1,1,1,0,topology_dist,0.494,True,OK,1,4,1,1,1,0,topology_dist,0.494,True,OK,1,4,1,1,1,0,elevdef,1.0,False,empty_downstream; down_components=0; up_to_down_edges=0,5,0,1,0,0,0,area50,0.494,True,OK,1,4,1,1,1,0,True,0,True,valid_T600,3,stable
7429548,10,142.8,low,1,1,False,topology_pfaf,0.14,True,OK,3,7,1,1,1,0,topology_pfaf,0.14,True,OK,3,7,1,1,1,0,topology_pfaf,0.14,True,OK,3,7,1,1,1,0,topology_pfaf,0.14,True,OK,3,7,1,1,1,0,topology_pfaf,0.14,True,OK,3,7,1,1,1,0,topology_pfaf,0.14,True,OK,3,7,1,1,1,0,elevdef,0.618,True,OK,7,3,1,1,1,0,area50,0.618,True,OK,7,3,1,1,1,0,True,0,True,valid_T600,3,stable
7429549,10,116.9,low,1,1,False,topology_pfaf,0.57,True,OK,3,7,1,1,1,0,topology_pfaf,0.57,True,OK,3,7,1,1,1,0,topology_pfaf,0.57,True,OK,3,7,1,1,1,0,topology_pfaf,0.57,True,OK,3,7,1,1,1,0,topology_pfaf,0.57,True,OK,3,7,1,1,1,0,topology_pfaf,0.57,True,OK,3,7,1,1,1,0,elevdef,0.57,True,OK,3,7,1,1,1,0,area50,0.57,True,OK,3,7,1,1,1,0,True,0,True,valid_T600,3,stable
7429564,9,161.1,low,1,1,False,topology_pfaf,0.311,True,OK,5,4,1,1,1,0,topology_pfaf,0.311,True,OK,5,4,1,1,1,0,topology_pfaf,0.311,True,OK,5,4,1,1,1,0,topology_pfaf,0.311,True,OK,5,4,1,1,1,0,topology_pfaf,0.311,True,OK,5,4,1,1,1,0,topology_pfaf,0.311,True,OK,5,4,1,1,1,0,elevdef,0.669,True,OK,7,2,1,1,1,0,area50,0.669,True,OK,7,2,1,1,1,0,True,0,True,valid_T600,3,stable
7429565,9,305.3,mixed,1,1,False,elevation,0.521,True,OK,5,4,1,1,1,0,topology_pfaf,0.246,True,OK,3,6,1,1,1,0,topology_pfaf,0.246,True,OK,3,6,1,1,1,0,topology_pfaf,0.246,True,OK,3,6,1,1,1,0,topology_pfaf,0.246,True,OK,3,6,1,1,1,0,topology_pfaf,0.246,True,OK,3,6,1,1,1,0,elevdef,0.521,True,OK,5,4,1,1,1,0,area50,0.521,True,OK,5,4,1,1,1,0,True,2,False,valid_T600,2,label_change
7429569,9,329.5,mixed,1,1,False,elevation,0.465,True,OK,5,4,1,1,1,0,topology_pfaf,0.465,True,OK,5,4,1,1,1,0,topology_pfaf,0.465,True,OK,5,4,1,1,1,0,topology_pfaf,0.465,True,OK,5,4,1,1,1,0,topology_pfaf,0.465,True,OK,5,4,1,1,1,0,topology_pfaf,0.465,True,OK,5,4,1,1,1,0,elevdef,0.465,True,OK,5,4,1,1,1,0,area50,0.465,True,OK,5,4,1,1,1,0,True,0,True,valid_T600,3,stable
7429582,9,306.8,mixed,1,1,False,elevation,0.435,True,OK,3,6,1,1,1,0,topology_pfaf,0.435,True,OK,3,6,1,1,1,0,topology_pfaf,0.435,True,OK,3,6,1,1,1,0,topology_pfaf,0.435,True,OK,3,6,1,1,1,0,topology_pfaf,0.435,True,OK,3,6,1,1,1,0,topology_pfaf,0.435,True,OK,3,6,1,1,1,0,elevdef,0.435,True,OK,3,6,1,1,1,0,area50,0.435,True,OK,3,6,1,1,1,0,True,0,True,valid_T600,3,stable
7429587,9,177.0,low,1,1,False,topology_pfaf,0.452,True,OK,5,4,1,1,1,0,topology_pfaf,0.452,True,OK,5,4,1,1,1,0,topology_pfaf,0.452,True,OK,5,4,1,1,1,0,topology_pfaf,0.452,True,OK,5,4,1,1,1,0,topology_pfaf,0.452,True,OK,5,4,1,1,1,0,topology_pfaf,0.452,True,OK,5,4,1,1,1,0,elevdef,0.637,True,OK,7,2,1,1,1,0,area50,0.452,True,OK,5,4,1,1,1,0,True,0,True,valid_T600,3,stable
7429589,9,249.9,low,1,1,False,topology_pfaf,0.672,True,OK,5,4,1,1,1,0,topology_pfaf,0.672,True,OK,5,4,1,1,1,0,topology_pfaf,0.672,True,OK,5,4,1,1,1,0,topology_pfaf,0.672,True,OK,5,4,1,1,1,0,topology_pfaf,0.672,True,OK,5,4,1,1,1,0,topology_pfaf,0.672,True,OK,5,4,1,1,1,0,elevdef,0.532,True,OK,3,6,1,1,1,0,area50,0.532,True,OK,3,6,1,1,1,0,True,0,True,valid_T600,3,stable
7429598,9,204.9,low,1,1,False,topology_pfaf,0.459,True,OK,5,4,1,1,1,0,topology_pfaf,0.459,True,OK,5,4,1,1,1,0,topology_pfaf,0.459,True,OK,5,4,1,1,1,0,topology_pfaf,0.459,True,OK,5,4,1,1,1,0,topology_pfaf,0.459,True,OK,5,4,1,1,1,0,topology_pfaf,0.459,True,OK,5,4,1,1,1,0,elevdef,0.459,True,OK,5,4,1,1,1,0,area50,0.459,True,OK,5,4,1,1,1,0,True,0,True,valid_T600,3,stable
7429620,9,153.9,low,1,1,False,topology_pfaf,0.596,True,OK,5,4,1,1,1,0,topology_pfaf,0.596,True,OK,5,4,1,1,1,0,topology_pfaf,0.596,True,OK,5,4,1,1,1,0,topology_pfaf,0.596,True,OK,5,4,1,1,1,0,topology_pfaf,0.596,True,OK,5,4,1,1,1,0,topology_pfaf,0.596,True,OK,5,4,1,1,1,0,elevdef,0.596,True,OK,5,4,1,1,1,0,area50,0.449,True,OK,3,6,1,1,1,0,True,0,True,valid_T600,3,stable
7429649,9,175.9,low,1,1,False,topology_pfaf,0.671,True,OK,5,4,1,1,1,0,topology_pfaf,0.671,True,OK,5,4,1,1,1,0,topology_pfaf,0.671,True,OK,5,4,1,1,1,0,topology_pfaf,0.671,True,OK,5,4,1,1,1,0,topology_pfaf,0.671,True,OK,5,4,1,1,1,0,topology_pfaf,0.671,True,OK,5,4,1,1,1,0,elevdef,0.671,True,OK,5,4,1,1,1,0,area50,0.6,True,OK,3,6,1,1,1,0,True,0,True,valid_T600,3,stable
7429657,9,433.1,mixed,1,1,False,elevation,0.66,True,OK,5,4,1,1,1,0,elevation,0.66,True,OK,5,4,1,1,1,0,topology_pfaf,0.66,True,OK,5,4,1,1,1,0,topology_pfaf,0.66,True,OK,5,4,1,1,1,0,topology_pfaf,0.66,True,OK,5,4,1,1,1,0,topology_pfaf,0.66,True,OK,5,4,1,1,1,0,elevdef,0.66,True,OK,5,4,1,1,1,0,area50,0.506,True,OK,3,6,1,1,1,0,True,0,True,valid_T600,3,stable
7429660,9,407.8,mixed,1,1,False,elevation,0.553,True,OK,5,4,1,1,1,0,elevation,0.553,True,OK,5,4,1,1,1,0,topology_pfaf,0.553,True,OK,5,4,1,1,1,0,topology_pfaf,0.553,True,OK,5,4,1,1,1,0,topology_pfaf,0.553,True,OK,5,4,1,1,1,0,topology_pfaf,0.553,True,OK,5,4,1,1,1,0,elevdef,0.553,True,OK,5,4,1,1,1,0,area50,0.553,True,OK,5,4,1,1,1,0,True,0,True,valid_T600,3,stable
7429690,9,344.8,mixed,1,1,False,elevation,0.592,True,OK,5,4,1,1,1,0,topology_pfaf,0.592,True,OK,5,4,1,1,1,0,topology_pfaf,0.592,True,OK,5,4,1,1,1,0,topology_pfaf,0.592,True,OK,5,4,1,1,1,0,topology_pfaf,0.592,True,OK,5,4,1,1,1,0,topology_pfaf,0.592,True,OK,5,4,1,1,1,0,elevdef,0.592,True,OK,5,4,1,1,1,0,area50,0.592,True,OK,5,4,1,1,1,0,True,0,True,valid_T600,3,stable
7429721,9,129.7,low,1,1,False,topology_pfaf,0.535,True,OK,5,4,1,1,1,0,topology_pfaf,0.535,True,OK,5,4,1,1,1,0,topology_pfaf,0.535,True,OK,5,4,1,1,1,0,topology_pfaf,0.535,True,OK,5,4,1,1,1,0,topology_pfaf,0.535,True,OK,5,4,1,1,1,0,topology_pfaf,0.535,True,OK,5,4,1,1,1,0,elevdef,0.535,True,OK,5,4,1,1,1,0,area50,0.535,True,OK,5,4,1,1,1,0,True,0,True,valid_T600,3,stable
7429746,9,123.7,low,1,1,False,topology_pfaf,0.565,True,OK,5,4,1,1,1,0,topology_pfaf,0.565,True,OK,5,4,1,1,1,0,topology_pfaf,0.565,True,OK,5,4,1,1,1,0,topology_pfaf,0.565,True,OK,5,4,1,1,1,0,topology_pfaf,0.565,True,OK,5,4,1,1,1,0,topology_pfaf,0.565,True,OK,5,4,1,1,1,0,elevdef,0.565,True,OK,5,4,1,1,1,0,area50,0.49,True,OK,3,6,1,1,1,0,True,0,True,valid_T600,3,stable
7429747,9,177.5,low,1,1,False,topology_pfaf,0.416,True,OK,5,4,1,1,1,0,topology_pfaf,0.416,True,OK,5,4,1,1,1,0,topology_pfaf,0.416,True,OK,5,4,1,1,1,0,topology_pfaf,0.416,True,OK,5,4,1,1,1,0,topology_pfaf,0.416,True,OK,5,4,1,1,1,0,topology_pfaf,0.416,True,OK,5,4,1,1,1,0,elevdef,0.416,True,OK,5,4,1,1,1,0,area50,0.416,True,OK,5,4,1,1,1,0,True,0,True,valid_T600,3,stable
7429764,9,183.6,low,1,1,False,topology_pfaf,0.592,True,OK,5,4,1,1,1,0,topology_pfaf,0.592,True,OK,5,4,1,1,1,0,topology_pfaf,0.592,True,OK,5,4,1,1,1,0,topology_pfaf,0.592,True,OK,5,4,1,1,1,0,topology_pfaf,0.592,True,OK,5,4,1,1,1,0,topology_pfaf,0.592,True,OK,5,4,1,1,1,0,elevdef,0.592,True,OK,5,4,1,1,1,0,area50,0.592,True,OK,5,4,1,1,1,0,True,0,True,valid_T600,3,stable
7429772,9,49.8,low,1,1,False,topology_pfaf,0.645,True,OK,5,4,1,1,1,0,topology_pfaf,0.645,True,OK,5,4,1,1,1,0,topology_pfaf,0.645,True,OK,5,4,1,1,1,0,topology_pfaf,0.645,True,OK,5,4,1,1,1,0,topology_pfaf,0.645,True,OK,5,4,1,1,1,0,topology_pfaf,0.645,True,OK,5,4,1,1,1,0,elevdef,0.645,True,OK,5,4,1,1,1,0,area50,0.358,True,OK,3,6,1,1,1,0,True,0,True,valid_T600,3,stable
7429774,9,171.1,low,1,1,False,topology_pfaf,0.679,True,OK,5,4,1,1,1,0,topology_pfaf,0.679,True,OK,5,4,1,1,1,0,topology_pfaf,0.679,True,OK,5,4,1,1,1,0,topology_pfaf,0.679,True,OK,5,4,1,1,1,0,topology_pfaf,0.679,True,OK,5,4,1,1,1,0,topology_pfaf,0.679,True,OK,5,4,1,1,1,0,elevdef,0.561,True,OK,3,6,1,1,1,0,area50,0.561,True,OK,3,6,1,1,1,0,True,0,True,valid_T600,3,stable
7429778,9,123.6,low,1,1,False,topology_pfaf,0.331,True,OK,5,4,1,1,1,0,topology_pfaf,0.331,True,OK,5,4,1,1,1,0,topology_pfaf,0.331,True,OK,5,4,1,1,1,0,topology_pfaf,0.331,True,OK,5,4,1,1,1,0,topology_pfaf,0.331,True,OK,5,4,1,1,1,0,topology_pfaf,0.331,True,OK,5,4,1,1,1,0,elevdef,0.582,True,OK,7,2,1,1,1,0,area50,0.582,True,OK,7,2,1,1,1,0,True,0,True,valid_T600,3,stable
7429785,9,113.8,low,1,1,False,topology_pfaf,0.385,True,OK,3,6,1,1,1,0,topology_pfaf,0.385,True,OK,3,6,1,1,1,0,topology_pfaf,0.385,True,OK,3,6,1,1,1,0,topology_pfaf,0.385,True,OK,3,6,1,1,1,0,topology_pfaf,0.385,True,OK,3,6,1,1,1,0,topology_pfaf,0.385,True,OK,3,6,1,1,1,0,elevdef,0.493,True,OK,5,4,1,1,1,0,area50,0.493,True,OK,5,4,1,1,1,0,True,0,True,valid_T600,3,stable
7429788,9,114.0,low,1,1,False,topology_pfaf,0.511,True,OK,5,4,1,1,1,0,topology_pfaf,0.511,True,OK,5,4,1,1,1,0,topology_pfaf,0.511,True,OK,5,4,1,1,1,0,topology_pfaf,0.511,True,OK,5,4,1,1,1,0,topology_pfaf,0.511,True,OK,5,4,1,1,1,0,topology_pfaf,0.511,True,OK,5,4,1,1,1,0,elevdef,0.511,True,OK,5,4,1,1,1,0,area50,0.511,True,OK,5,4,1,1,1,0,True,0,True,valid_T600,3,stable
7429789,9,203.2,low,1,1,False,topology_pfaf,0.361,True,OK,5,4,1,1,1,0,topology_pfaf,0.361,True,OK,5,4,1,1,1,0,topology_pfaf,0.361,True,OK,5,4,1,1,1,0,topology_pfaf,0.361,True,OK,5,4,1,1,1,0,topology_pfaf,0.361,True,OK,5,4,1,1,1,0,topology_pfaf,0.361,True,OK,5,4,1,1,1,0,elevdef,0.65,True,OK,7,2,1,1,1,0,area50,0.361,True,OK,5,4,1,1,1,0,True,0,True,valid_T600,3,stable
7429822,9,224.6,low,1,1,False,topology_pfaf,0.553,True,OK,5,4,1,1,1,0,topology_pfaf,0.553,True,OK,5,4,1,1,1,0,topology_pfaf,0.553,True,OK,5,4,1,1,1,0,topology_pfaf,0.553,True,OK,5,4,1,1,1,0,topology_pfaf,0.553,True,OK,5,4,1,1,1,0,topology_pfaf,0.553,True,OK,5,4,1,1,1,0,elevdef,0.553,True,OK,5,4,1,1,1,0,area50,0.553,True,OK,5,4,1,1,1,0,True,0,True,valid_T600,3,stable
7429824,9,805.6,high,1,1,False,elevation,0.362,True,OK,5,4,1,1,1,0,elevation,0.362,True,OK,5,4,1,1,1,0,elevation,0.362,True,OK,5,4,1,1,1,0,elevation,0.362,True,OK,5,4,1,1,1,0,elevation,0.362,True,OK,5,4,1,1,1,0,elevation,0.362,True,OK,5,4,1,1,1,0,elevdef,0.362,True,OK,5,4,1,1,1,0,area50,0.362,True,OK,5,4,1,1,1,0,True,0,True,valid_T600,3,stable
7429829,9,414.1,mixed,1,1,False,elevation,0.42,True,OK,5,4,1,1,1,0,elevation,0.42,True,OK,5,4,1,1,1,0,topology_pfaf,0.42,True,OK,5,4,1,1,1,0,topology_pfaf,0.42,True,OK,5,4,1,1,1,0,topology_pfaf,0.42,True,OK,5,4,1,1,1,0,topology_pfaf,0.42,True,OK,5,4,1,1,1,0,elevdef,0.42,True,OK,5,4,1,1,1,0,area50,0.42,True,OK,5,4,1,1,1,0,True,0,True,valid_T600,3,stable
7429847,9,153.1,low,1,1,False,topology_pfaf,0.472,True,OK,5,4,1,1,1,0,topology_pfaf,0.472,True,OK,5,4,1,1,1,0,topology_pfaf,0.472,True,OK,5,4,1,1,1,0,topology_pfaf,0.472,True,OK,5,4,1,1,1,0,topology_pfaf,0.472,True,OK,5,4,1,1,1,0,topology_pfaf,0.472,True,OK,5,4,1,1,1,0,elevdef,0.472,True,OK,5,4,1,1,1,0,area50,0.472,True,OK,5,4,1,1,1,0,True,0,True,valid_T600,3,stable
7429852,7,331.7,mixed,1,1,False,elevation,0.889,True,OK,5,2,1,1,1,0,topology_pfaf,0.43,True,OK,3,4,1,1,1,0,topology_pfaf,0.43,True,OK,3,4,1,1,1,0,topology_pfaf,0.43,True,OK,3,4,1,1,1,0,topology_pfaf,0.43,True,OK,3,4,1,1,1,0,topology_pfaf,0.43,True,OK,3,4,1,1,1,0,elevdef,0.889,True,OK,5,2,1,1,1,0,area50,0.43,True,OK,3,4,1,1,1,0,True,2,False,valid_T600,2,label_change
7429861,9,296.8,low,1,1,False,topology_pfaf,0.686,True,OK,5,4,1,1,1,0,topology_pfaf,0.686,True,OK,5,4,1,1,1,0,topology_pfaf,0.686,True,OK,5,4,1,1,1,0,topology_pfaf,0.686,True,OK,5,4,1,1,1,0,topology_pfaf,0.686,True,OK,5,4,1,1,1,0,topology_pfaf,0.686,True,OK,5,4,1,1,1,0,elevdef,0.686,True,OK,5,4,1,1,1,0,area50,0.686,True,OK,5,4,1,1,1,0,True,0,True,valid_T600,3,stable
7429862,9,1397.0,high,1,1,False,elevation,0.758,True,OK,7,2,1,1,1,0,elevation,0.758,True,OK,7,2,1,1,1,0,elevation,0.758,True,OK,7,2,1,1,1,0,elevation,0.758,True,OK,7,2,1,1,1,0,elevation,0.758,True,OK,7,2,1,1,1,0,elevation,0.758,True,OK,7,2,1,1,1,0,elevdef,0.758,True,OK,7,2,1,1,1,0,area50,0.413,True,OK,5,4,1,1,1,0,True,0,True,valid_T600,3,stable
7429864,5,1188.2,high,1,1,False,elevation,0.496,True,OK,3,2,1,1,1,0,elevation,0.496,True,OK,3,2,1,1,1,0,elevation,0.496,True,OK,3,2,1,1,1,0,elevation,0.496,True,OK,3,2,1,1,1,0,elevation,0.496,True,OK,3,2,1,1,1,0,elevation,0.496,True,OK,3,2,1,1,1,0,elevdef,0.496,True,OK,3,2,1,1,1,0,area50,0.496,True,OK,3,2,1,1,1,0,True,0,True,valid_T600,3,stable
7429865,9,796.4,high,1,1,False,elevation,0.472,True,OK,3,6,1,1,1,0,elevation,0.472,True,OK,3,6,1,1,1,0,elevation,0.472,True,OK,3,6,1,1,1,0,elevation,0.472,True,OK,3,6,1,1,1,0,elevation,0.472,True,OK,3,6,1,1,1,0,topology_pfaf,0.472,True,OK,3,6,1,1,1,0,elevdef,0.472,True,OK,3,6,1,1,1,0,area50,0.472,True,OK,3,6,1,1,1,0,True,0,True,valid_T600,3,stable
7429867,9,734.3,high,1,1,False,elevation,0.824,True,OK,7,2,1,1,1,0,elevation,0.824,True,OK,7,2,1,1,1,0,elevation,0.824,True,OK,7,2,1,1,1,0,elevation,0.824,True,OK,7,2,1,1,1,0,elevation,0.824,True,OK,7,2,1,1,1,0,topology_pfaf,0.193,True,OK,3,6,1,1,1,0,elevdef,0.824,True,OK,7,2,1,1,1,0,area50,0.658,True,OK,5,4,1,1,1,0,True,4,False,valid_T600,2,label_change
7429869,9,446.2,mixed,1,1,False,elevation,0.509,True,OK,5,4,1,1,1,0,elevation,0.509,True,OK,5,4,1,1,1,0,topology_pfaf,0.509,True,OK,5,4,1,1,1,0,topology_pfaf,0.509,True,OK,5,4,1,1,1,0,topology_pfaf,0.509,True,OK,5,4,1,1,1,0,topology_pfaf,0.509,True,OK,5,4,1,1,1,0,elevdef,0.509,True,OK,5,4,1,1,1,0,area50,0.509,True,OK,5,4,1,1,1,0,True,0,True,valid_T600,3,stable
7429874,9,819.4,high,1,1,False,elevation,0.526,True,OK,5,4,1,1,1,0,elevation,0.526,True,OK,5,4,1,1,1,0,elevation,0.526,True,OK,5,4,1,1,1,0,elevation,0.526,True,OK,5,4,1,1,1,0,elevation,0.526,True,OK,5,4,1,1,1,0,elevation,0.526,True,OK,5,4,1,1,1,0,elevdef,0.526,True,OK,5,4,1,1,1,0,area50,0.526,True,OK,5,4,1,1,1,0,True,0,True,valid_T600,3,stable
7429880,9,1277.4,high,1,1,False,elevation,0.557,True,OK,3,6,1,1,1,0,elevation,0.557,True,OK,3,6,1,1,1,0,elevation,0.557,True,OK,3,6,1,1,1,0,elevation,0.557,True,OK,3,6,1,1,1,0,elevation,0.557,True,OK,3,6,1,1,1,0,elevation,0.557,True,OK,3,6,1,1,1,0,elevdef,0.557,True,OK,3,6,1,1,1,0,area50,0.557,True,OK,3,6,1,1,1,0,True,0,True,valid_T600,3,stable
7429892,8,1410.9,high,1,1,False,elevation,0.62,True,OK,4,4,1,1,1,0,elevation,0.62,True,OK,4,4,1,1,1,0,elevation,0.62,True,OK,4,4,1,1,1,0,elevation,0.62,True,OK,4,4,1,1,1,0,elevation,0.62,True,OK,4,4,1,1,1,0,elevation,0.62,True,OK,4,4,1,1,1,0,elevdef,0.62,True,OK,4,4,1,1,1,0,area50,0.62,True,OK,4,4,1,1,1,0,True,0,True,valid_T600,3,stable
7429898,3,548.6,mixed,1,1,False,elevation,0.772,True,OK,1,2,1,1,1,0,elevation,0.772,True,OK,1,2,1,1,1,0,elevation,0.772,True,OK,1,2,1,1,1,0,topology_dist,1.0,False,empty_downstream; down_components=0; up_to_down_edges=0,3,0,1,0,0,0,topology_dist,1.0,False,empty_downstream; down_components=0; up_to_down_edges=0,3,0,1,0,0,0,topology_dist,1.0,False,empty_downstream; down_components=0; up_to_down_edges=0,3,0,1,0,0,0,elevdef,0.772,True,OK,1,2,1,1,1,0,area50,0.772,True,OK,1,2,1,1,1,0,False,2,False,invalid_one_sided,0,T600_invalid
7429899,9,998.5,high,1,1,False,elevation,0.723,True,OK,5,4,1,1,1,0,elevation,0.723,True,OK,5,4,1,1,1,0,elevation,0.723,True,OK,5,4,1,1,1,0,elevation,0.723,True,OK,5,4,1,1,1,0,elevation,0.723,True,OK,5,4,1,1,1,0,elevation,0.723,True,OK,5,4,1,1,1,0,elevdef,0.723,True,OK,5,4,1,1,1,0,area50,0.281,True,OK,3,6,1,1,1,0,True,0,True,valid_T600,3,stable
7429932,9,169.9,low,1,1,False,topology_pfaf,0.406,True,OK,3,6,1,1,1,0,topology_pfaf,0.406,True,OK,3,6,1,1,1,0,topology_pfaf,0.406,True,OK,3,6,1,1,1,0,topology_pfaf,0.406,True,OK,3,6,1,1,1,0,topology_pfaf,0.406,True,OK,3,6,1,1,1,0,topology_pfaf,0.406,True,OK,3,6,1,1,1,0,elevdef,0.522,True,OK,5,4,1,1,1,0,area50,0.522,True,OK,5,4,1,1,1,0,True,0,True,valid_T600,3,stable
7429934,9,111.5,low,1,1,False,topology_pfaf,0.618,True,OK,3,6,1,1,1,0,topology_pfaf,0.618,True,OK,3,6,1,1,1,0,topology_pfaf,0.618,True,OK,3,6,1,1,1,0,topology_pfaf,0.618,True,OK,3,6,1,1,1,0,topology_pfaf,0.618,True,OK,3,6,1,1,1,0,topology_pfaf,0.618,True,OK,3,6,1,1,1,0,elevdef,0.51,True,OK,1,8,1,1,1,0,area50,0.51,True,OK,1,8,1,1,1,0,True,0,True,valid_T600,3,stable
7429941,9,134.8,low,1,1,False,topology_pfaf,0.591,True,OK,5,4,1,1,1,0,topology_pfaf,0.591,True,OK,5,4,1,1,1,0,topology_pfaf,0.591,True,OK,5,4,1,1,1,0,topology_pfaf,0.591,True,OK,5,4,1,1,1,0,topology_pfaf,0.591,True,OK,5,4,1,1,1,0,topology_pfaf,0.591,True,OK,5,4,1,1,1,0,elevdef,0.591,True,OK,5,4,1,1,1,0,area50,0.549,True,OK,3,6,1,1,1,0,True,0,True,valid_T600,3,stable
7429944,9,257.5,low,1,1,False,topology_pfaf,0.425,True,OK,3,6,1,1,1,0,topology_pfaf,0.425,True,OK,3,6,1,1,1,0,topology_pfaf,0.425,True,OK,3,6,1,1,1,0,topology_pfaf,0.425,True,OK,3,6,1,1,1,0,topology_pfaf,0.425,True,OK,3,6,1,1,1,0,topology_pfaf,0.425,True,OK,3,6,1,1,1,0,elevdef,0.582,True,OK,5,4,1,1,1,0,area50,0.425,True,OK,3,6,1,1,1,0,True,0,True,valid_T600,3,stable
7429947,9,194.5,low,1,1,False,topology_pfaf,0.652,True,OK,5,4,1,1,1,0,topology_pfaf,0.652,True,OK,5,4,1,1,1,0,topology_pfaf,0.652,True,OK,5,4,1,1,1,0,topology_pfaf,0.652,True,OK,5,4,1,1,1,0,topology_pfaf,0.652,True,OK,5,4,1,1,1,0,topology_pfaf,0.652,True,OK,5,4,1,1,1,0,elevdef,0.652,True,OK,5,4,1,1,1,0,area50,0.652,True,OK,5,4,1,1,1,0,True,0,True,valid_T600,3,stable
7429949,9,466.9,mixed,1,1,False,elevation,0.46,True,OK,5,4,1,1,1,0,elevation,0.46,True,OK,5,4,1,1,1,0,topology_pfaf,0.46,True,OK,5,4,1,1,1,0,topology_pfaf,0.46,True,OK,5,4,1,1,1,0,topology_pfaf,0.46,True,OK,5,4,1,1,1,0,topology_pfaf,0.46,True,OK,5,4,1,1,1,0,elevdef,0.46,True,OK,5,4,1,1,1,0,area50,0.46,True,OK,5,4,1,1,1,0,True,0,True,valid_T600,3,stable
7429952,9,149.3,low,1,1,False,topology_pfaf,0.347,True,OK,5,4,1,1,1,0,topology_pfaf,0.347,True,OK,5,4,1,1,1,0,topology_pfaf,0.347,True,OK,5,4,1,1,1,0,topology_pfaf,0.347,True,OK,5,4,1,1,1,0,topology_pfaf,0.347,True,OK,5,4,1,1,1,0,topology_pfaf,0.347,True,OK,5,4,1,1,1,0,elevdef,0.741,True,OK,7,2,1,1,1,0,area50,0.347,True,OK,5,4,1,1,1,0,True,0,True,valid_T600,3,stable
7429965,9,270.8,low,1,1,False,topology_pfaf,0.452,True,OK,5,4,1,1,1,0,topology_pfaf,0.452,True,OK,5,4,1,1,1,0,topology_pfaf,0.452,True,OK,5,4,1,1,1,0,topology_pfaf,0.452,True,OK,5,4,1,1,1,0,topology_pfaf,0.452,True,OK,5,4,1,1,1,0,topology_pfaf,0.452,True,OK,5,4,1,1,1,0,elevdef,0.452,True,OK,5,4,1,1,1,0,area50,0.452,True,OK,5,4,1,1,1,0,True,0,True,valid_T600,3,stable
7429969,9,570.7,mixed,1,1,False,elevation,0.623,True,OK,5,4,1,1,1,0,elevation,0.623,True,OK,5,4,1,1,1,0,elevation,0.623,True,OK,5,4,1,1,1,0,topology_pfaf,0.415,True,OK,3,6,1,1,1,0,topology_pfaf,0.415,True,OK,3,6,1,1,1,0,topology_pfaf,0.415,True,OK,3,6,1,1,1,0,elevdef,0.623,True,OK,5,4,1,1,1,0,area50,0.415,True,OK,3,6,1,1,1,0,True,2,False,valid_T600,2,label_change
7429987,7,168.0,low,1,1,False,topology_pfaf,0.34,True,OK,1,6,1,1,1,0,topology_pfaf,0.34,True,OK,1,6,1,1,1,0,topology_pfaf,0.34,True,OK,1,6,1,1,1,0,topology_pfaf,0.34,True,OK,1,6,1,1,1,0,topology_pfaf,0.34,True,OK,1,6,1,1,1,0,topology_pfaf,0.34,True,OK,1,6,1,1,1,0,elevdef,1.0,False,empty_downstream; down_components=0; up_to_down_edges=0,7,0,1,0,0,0,area50,0.551,True,OK,5,2,1,1,1,0,True,0,True,valid_T600,3,stable
7429988,9,486.1,mixed,1,1,False,elevation,1.0,False,empty_downstream; down_components=0; up_to_down_edges=0,9,0,1,0,0,0,elevation,1.0,False,empty_downstream; down_components=0; up_to_down_edges=0,9,0,1,0,0,0,topology_pfaf,0.199,True,OK,3,6,1,1,1,0,topology_pfaf,0.199,True,OK,3,6,1,1,1,0,topology_pfaf,0.199,True,OK,3,6,1,1,1,0,topology_pfaf,0.199,True,OK,3,6,1,1,1,0,elevdef,1.0,False,empty_downstream; down_components=0; up_to_down_edges=0,9,0,1,0,0,0,area50,0.558,True,OK,7,2,1,1,1,0,False,6,False,valid_T600,1,threshold_validity_change
7429991,10,576.6,mixed,1,1,False,elevation,0.47,True,OK,1,9,1,1,1,0,elevation,0.47,True,OK,1,9,1,1,1,0,elevation,0.47,True,OK,1,9,1,1,1,0,topology_pfaf,0.627,True,OK,5,5,1,1,1,0,topology_pfaf,0.627,True,OK,5,5,1,1,1,0,topology_pfaf,0.627,True,OK,5,5,1,1,1,0,elevdef,0.47,True,OK,1,9,1,1,1,0,area50,0.47,True,OK,1,9,1,1,1,0,True,4,False,valid_T600,2,label_change
7429995,9,496.0,mixed,1,1,False,elevation,0.604,True,OK,5,4,1,1,1,0,elevation,0.604,True,OK,5,4,1,1,1,0,topology_pfaf,0.604,True,OK,5,4,1,1,1,0,topology_pfaf,0.604,True,OK,5,4,1,1,1,0,topology_pfaf,0.604,True,OK,5,4,1,1,1,0,topology_pfaf,0.604,True,OK,5,4,1,1,1,0,elevdef,0.604,True,OK,5,4,1,1,1,0,area50,0.604,True,OK,5,4,1,1,1,0,True,0,True,valid_T600,3,stable
7429996,9,413.9,mixed,1,1,False,elevation,0.434,True,OK,7,2,1,1,1,0,elevation,0.434,True,OK,7,2,1,1,1,0,topology_pfaf,0.248,True,OK,5,4,1,1,1,0,topology_pfaf,0.248,True,OK,5,4,1,1,1,0,topology_pfaf,0.248,True,OK,5,4,1,1,1,0,topology_pfaf,0.248,True,OK,5,4,1,1,1,0,elevdef,0.434,True,OK,7,2,1,1,1,0,area50,0.434,True,OK,7,2,1,1,1,0,True,2,False,valid_T600,2,label_change
7429997,9,423.1,mixed,1,1,False,elevation,0.582,True,OK,5,4,1,1,1,0,elevation,0.582,True,OK,5,4,1,1,1,0,topology_pfaf,0.582,True,OK,5,4,1,1,1,0,topology_pfaf,0.582,True,OK,5,4,1,1,1,0,topology_pfaf,0.582,True,OK,5,4,1,1,1,0,topology_pfaf,0.582,True,OK,5,4,1,1,1,0,elevdef,0.582,True,OK,5,4,1,1,1,0,area50,0.453,True,OK,3,6,1,1,1,0,True,0,True,valid_T600,3,stable
7521051,9,341.8,mixed,1,1,False,elevation,0.461,True,OK,3,6,1,1,1,0,topology_pfaf,0.719,True,OK,5,4,1,1,1,0,topology_pfaf,0.719,True,OK,5,4,1,1,1,0,topology_pfaf,0.719,True,OK,5,4,1,1,1,0,topology_pfaf,0.719,True,OK,5,4,1,1,1,0,topology_pfaf,0.719,True,OK,5,4,1,1,1,0,elevdef,0.461,True,OK,3,6,1,1,1,0,area50,0.461,True,OK,3,6,1,1,1,0,True,2,False,valid_T600,2,label_change
7521660,9,973.9,high,1,1,False,elevation,0.418,True,OK,5,4,1,1,1,0,elevation,0.418,True,OK,5,4,1,1,1,0,elevation,0.418,True,OK,5,4,1,1,1,0,elevation,0.418,True,OK,5,4,1,1,1,0,elevation,0.418,True,OK,5,4,1,1,1,0,elevation,0.418,True,OK,5,4,1,1,1,0,elevdef,0.418,True,OK,5,4,1,1,1,0,area50,0.418,True,OK,5,4,1,1,1,0,True,0,True,valid_T600,3,stable
7521695,9,159.9,low,1,1,False,topology_pfaf,0.739,True,OK,5,4,1,1,1,0,topology_pfaf,0.739,True,OK,5,4,1,1,1,0,topology_pfaf,0.739,True,OK,5,4,1,1,1,0,topology_pfaf,0.739,True,OK,5,4,1,1,1,0,topology_pfaf,0.739,True,OK,5,4,1,1,1,0,topology_pfaf,0.739,True,OK,5,4,1,1,1,0,elevdef,0.739,True,OK,5,4,1,1,1,0,area50,0.463,True,OK,3,6,1,1,1,0,True,0,True,valid_T600,3,stable
7521699,10,900.8,high,1,1,False,elevation,0.65,True,OK,7,3,1,1,1,0,elevation,0.65,True,OK,7,3,1,1,1,0,elevation,0.65,True,OK,7,3,1,1,1,0,elevation,0.65,True,OK,7,3,1,1,1,0,elevation,0.65,True,OK,7,3,1,1,1,0,elevation,0.65,True,OK,7,3,1,1,1,0,elevdef,0.65,True,OK,7,3,1,1,1,0,area50,0.442,True,OK,5,5,1,1,1,0,True,0,True,valid_T600,3,stable
7521920,9,543.1,mixed,1,1,False,elevation,0.727,True,OK,7,2,1,1,1,0,elevation,0.727,True,OK,7,2,1,1,1,0,elevation,0.727,True,OK,7,2,1,1,1,0,topology_pfaf,0.254,True,OK,3,6,1,1,1,0,topology_pfaf,0.254,True,OK,3,6,1,1,1,0,topology_pfaf,0.254,True,OK,3,6,1,1,1,0,elevdef,0.727,True,OK,7,2,1,1,1,0,area50,0.455,True,OK,5,4,1,1,1,0,True,4,False,valid_T600,2,label_change
7521946,9,396.2,mixed,1,1,False,elevation,0.791,True,OK,7,2,1,1,1,0,topology_pfaf,0.357,True,OK,5,4,1,1,1,0,topology_pfaf,0.357,True,OK,5,4,1,1,1,0,topology_pfaf,0.357,True,OK,5,4,1,1,1,0,topology_pfaf,0.357,True,OK,5,4,1,1,1,0,topology_pfaf,0.357,True,OK,5,4,1,1,1,0,elevdef,0.791,True,OK,7,2,1,1,1,0,area50,0.357,True,OK,5,4,1,1,1,0,True,2,False,valid_T600,2,label_change
7521948,9,168.2,low,1,1,False,topology_pfaf,0.371,True,OK,5,4,1,1,1,0,topology_pfaf,0.371,True,OK,5,4,1,1,1,0,topology_pfaf,0.371,True,OK,5,4,1,1,1,0,topology_pfaf,0.371,True,OK,5,4,1,1,1,0,topology_pfaf,0.371,True,OK,5,4,1,1,1,0,topology_pfaf,0.371,True,OK,5,4,1,1,1,0,elevdef,0.625,True,OK,7,2,1,1,1,0,area50,0.625,True,OK,7,2,1,1,1,0,True,0,True,valid_T600,3,stable
7521959,9,394.2,mixed,1,1,False,elevation,0.728,True,OK,7,2,1,1,1,0,topology_pfaf,0.465,True,OK,5,4,1,1,1,0,topology_pfaf,0.465,True,OK,5,4,1,1,1,0,topology_pfaf,0.465,True,OK,5,4,1,1,1,0,topology_pfaf,0.465,True,OK,5,4,1,1,1,0,topology_pfaf,0.465,True,OK,5,4,1,1,1,0,elevdef,0.728,True,OK,7,2,1,1,1,0,area50,0.465,True,OK,5,4,1,1,1,0,True,2,False,valid_T600,2,label_change
7521960,9,307.7,mixed,1,1,False,elevation,0.802,True,OK,7,2,1,1,1,0,topology_pfaf,0.509,True,OK,5,4,1,1,1,0,topology_pfaf,0.509,True,OK,5,4,1,1,1,0,topology_pfaf,0.509,True,OK,5,4,1,1,1,0,topology_pfaf,0.509,True,OK,5,4,1,1,1,0,topology_pfaf,0.509,True,OK,5,4,1,1,1,0,elevdef,0.802,True,OK,7,2,1,1,1,0,area50,0.509,True,OK,5,4,1,1,1,0,True,2,False,valid_T600,2,label_change
7521973,9,502.6,mixed,1,1,False,elevation,0.75,True,OK,5,4,1,1,1,0,elevation,0.75,True,OK,5,4,1,1,1,0,elevation,0.75,True,OK,5,4,1,1,1,0,topology_pfaf,0.32,True,OK,3,6,1,1,1,0,topology_pfaf,0.32,True,OK,3,6,1,1,1,0,topology_pfaf,0.32,True,OK,3,6,1,1,1,0,elevdef,0.75,True,OK,5,4,1,1,1,0,area50,0.32,True,OK,3,6,1,1,1,0,True,2,False,valid_T600,2,label_change
7521980,9,498.0,mixed,1,1,False,elevation,0.502,True,OK,3,6,1,1,1,0,elevation,0.502,True,OK,3,6,1,1,1,0,topology_pfaf,0.824,True,OK,5,4,1,1,1,0,topology_pfaf,0.824,True,OK,5,4,1,1,1,0,topology_pfaf,0.824,True,OK,5,4,1,1,1,0,topology_pfaf,0.824,True,OK,5,4,1,1,1,0,elevdef,0.502,True,OK,3,6,1,1,1,0,area50,0.502,True,OK,3,6,1,1,1,0,True,2,False,valid_T600,2,label_change
7521990,9,946.9,high,1,1,False,elevation,0.421,True,OK,5,4,1,1,1,0,elevation,0.421,True,OK,5,4,1,1,1,0,elevation,0.421,True,OK,5,4,1,1,1,0,elevation,0.421,True,OK,5,4,1,1,1,0,elevation,0.421,True,OK,5,4,1,1,1,0,elevation,0.421,True,OK,5,4,1,1,1,0,elevdef,0.421,True,OK,5,4,1,1,1,0,area50,0.421,True,OK,5,4,1,1,1,0,True,0,True,valid_T600,3,stable
7720001,9,590.9,mixed,1,1,False,elevation,0.474,True,OK,5,4,1,1,1,0,elevation,0.474,True,OK,5,4,1,1,1,0,elevation,0.474,True,OK,5,4,1,1,1,0,topology_pfaf,0.474,True,OK,5,4,1,1,1,0,topology_pfaf,0.474,True,OK,5,4,1,1,1,0,topology_pfaf,0.474,True,OK,5,4,1,1,1,0,elevdef,0.474,True,OK,5,4,1,1,1,0,area50,0.474,True,OK,5,4,1,1,1,0,True,0,True,valid_T600,3,stable
7722160,9,848.9,high,1,1,False,elevation,0.69,True,OK,7,2,1,1,1,0,elevation,0.69,True,OK,7,2,1,1,1,0,elevation,0.69,True,OK,7,2,1,1,1,0,elevation,0.69,True,OK,7,2,1,1,1,0,elevation,0.69,True,OK,7,2,1,1,1,0,elevation,0.69,True,OK,7,2,1,1,1,0,elevdef,0.69,True,OK,7,2,1,1,1,0,area50,0.392,True,OK,5,4,1,1,1,0,True,0,True,valid_T600,3,stable
7722180,9,1048.4,high,1,1,False,elevation,0.575,True,OK,5,4,1,1,1,0,elevation,0.575,True,OK,5,4,1,1,1,0,elevation,0.575,True,OK,5,4,1,1,1,0,elevation,0.575,True,OK,5,4,1,1,1,0,elevation,0.575,True,OK,5,4,1,1,1,0,elevation,0.575,True,OK,5,4,1,1,1,0,elevdef,0.575,True,OK,5,4,1,1,1,0,area50,0.575,True,OK,5,4,1,1,1,0,True,0,True,valid_T600,3,stable
7722223,9,566.1,mixed,1,1,False,elevation,0.643,True,OK,5,4,1,1,1,0,elevation,0.643,True,OK,5,4,1,1,1,0,elevation,0.643,True,OK,5,4,1,1,1,0,topology_pfaf,0.643,True,OK,5,4,1,1,1,0,topology_pfaf,0.643,True,OK,5,4,1,1,1,0,topology_pfaf,0.643,True,OK,5,4,1,1,1,0,elevdef,0.643,True,OK,5,4,1,1,1,0,area50,0.441,True,OK,3,6,1,1,1,0,True,0,True,valid_T600,3,stable
7722229,9,875.1,high,1,1,False,elevation,0.549,True,OK,6,3,1,1,1,0,elevation,0.549,True,OK,6,3,1,1,1,0,elevation,0.549,True,OK,6,3,1,1,1,0,elevation,0.549,True,OK,6,3,1,1,1,0,elevation,0.549,True,OK,6,3,1,1,1,0,elevation,0.549,True,OK,6,3,1,1,1,0,elevdef,0.549,True,OK,6,3,1,1,1,0,area50,0.549,True,OK,6,3,1,1,1,0,True,0,True,valid_T600,3,stable
7722230,9,1092.2,high,1,1,False,elevation,0.447,True,OK,5,4,1,1,1,0,elevation,0.447,True,OK,5,4,1,1,1,0,elevation,0.447,True,OK,5,4,1,1,1,0,elevation,0.447,True,OK,5,4,1,1,1,0,elevation,0.447,True,OK,5,4,1,1,1,0,elevation,0.447,True,OK,5,4,1,1,1,0,elevdef,0.447,True,OK,5,4,1,1,1,0,area50,0.447,True,OK,5,4,1,1,1,0,True,0,True,valid_T600,3,stable
7722270,9,250.5,low,1,1,False,topology_pfaf,0.687,True,OK,5,4,1,1,1,0,topology_pfaf,0.687,True,OK,5,4,1,1,1,0,topology_pfaf,0.687,True,OK,5,4,1,1,1,0,topology_pfaf,0.687,True,OK,5,4,1,1,1,0,topology_pfaf,0.687,True,OK,5,4,1,1,1,0,topology_pfaf,0.687,True,OK,5,4,1,1,1,0,elevdef,0.494,True,OK,3,6,1,1,1,0,area50,0.494,True,OK,3,6,1,1,1,0,True,0,True,valid_T600,3,stable
7722800,9,733.8,high,1,1,False,elevation,0.591,True,OK,5,4,1,1,1,0,elevation,0.591,True,OK,5,4,1,1,1,0,elevation,0.591,True,OK,5,4,1,1,1,0,elevation,0.591,True,OK,5,4,1,1,1,0,elevation,0.591,True,OK,5,4,1,1,1,0,topology_pfaf,0.231,True,OK,1,8,1,1,1,0,elevdef,0.591,True,OK,5,4,1,1,1,0,area50,0.591,True,OK,5,4,1,1,1,0,True,4,False,valid_T600,2,label_change
7723429,9,953.4,high,1,1,False,elevation,0.595,True,OK,5,4,1,1,1,0,elevation,0.595,True,OK,5,4,1,1,1,0,elevation,0.595,True,OK,5,4,1,1,1,0,elevation,0.595,True,OK,5,4,1,1,1,0,elevation,0.595,True,OK,5,4,1,1,1,0,elevation,0.595,True,OK,5,4,1,1,1,0,elevdef,0.595,True,OK,5,4,1,1,1,0,area50,0.513,True,OK,3,6,1,1,1,0,True,0,True,valid_T600,3,stable
7723470,8,772.9,high,1,1,False,elevation,0.695,True,OK,4,4,1,1,1,0,elevation,0.695,True,OK,4,4,1,1,1,0,elevation,0.695,True,OK,4,4,1,1,1,0,elevation,0.695,True,OK,4,4,1,1,1,0,elevation,0.695,True,OK,4,4,1,1,1,0,topology_pfaf,0.352,True,OK,1,7,1,1,1,0,elevdef,0.695,True,OK,4,4,1,1,1,0,area50,0.352,True,OK,1,7,1,1,1,0,True,3,False,valid_T600,2,label_change
7723800,9,387.6,mixed,1,1,False,elevation,0.658,True,OK,5,4,1,1,1,0,topology_pfaf,0.658,True,OK,5,4,1,1,1,0,topology_pfaf,0.658,True,OK,5,4,1,1,1,0,topology_pfaf,0.658,True,OK,5,4,1,1,1,0,topology_pfaf,0.658,True,OK,5,4,1,1,1,0,topology_pfaf,0.658,True,OK,5,4,1,1,1,0,elevdef,0.658,True,OK,5,4,1,1,1,0,area50,0.511,True,OK,3,6,1,1,1,0,True,0,True,valid_T600,3,stable
7724020,10,375.3,mixed,1,1,False,elevation,0.599,True,OK,5,5,1,1,1,0,topology_pfaf,0.599,True,OK,5,5,1,1,1,0,topology_pfaf,0.599,True,OK,5,5,1,1,1,0,topology_pfaf,0.599,True,OK,5,5,1,1,1,0,topology_pfaf,0.599,True,OK,5,5,1,1,1,0,topology_pfaf,0.599,True,OK,5,5,1,1,1,0,elevdef,0.599,True,OK,5,5,1,1,1,0,area50,0.497,True,OK,3,7,1,1,1,0,True,0,True,valid_T600,3,stable
7724070,10,257.2,low,1,1,False,topology_pfaf,0.475,True,OK,1,9,1,1,1,0,topology_pfaf,0.475,True,OK,1,9,1,1,1,0,topology_pfaf,0.475,True,OK,1,9,1,1,1,0,topology_pfaf,0.475,True,OK,1,9,1,1,1,0,topology_pfaf,0.475,True,OK,1,9,1,1,1,0,topology_pfaf,0.475,True,OK,1,9,1,1,1,0,elevdef,0.475,True,OK,1,9,1,1,1,0,area50,0.475,True,OK,1,9,1,1,1,0,True,0,True,valid_T600,3,stable
7724082,9,725.1,high,1,1,False,elevation,0.415,True,OK,5,4,1,1,1,0,elevation,0.415,True,OK,5,4,1,1,1,0,elevation,0.415,True,OK,5,4,1,1,1,0,elevation,0.415,True,OK,5,4,1,1,1,0,elevation,0.415,True,OK,5,4,1,1,1,0,topology_pfaf,0.415,True,OK,5,4,1,1,1,0,elevdef,0.415,True,OK,5,4,1,1,1,0,area50,0.415,True,OK,5,4,1,1,1,0,True,0,True,valid_T600,3,stable
7724090,9,426.9,mixed,1,1,False,elevation,0.555,True,OK,5,4,1,1,1,0,elevation,0.555,True,OK,5,4,1,1,1,0,topology_pfaf,0.223,True,OK,3,6,1,1,1,0,topology_pfaf,0.223,True,OK,3,6,1,1,1,0,topology_pfaf,0.223,True,OK,3,6,1,1,1,0,topology_pfaf,0.223,True,OK,3,6,1,1,1,0,elevdef,0.555,True,OK,5,4,1,1,1,0,area50,0.555,True,OK,5,4,1,1,1,0,True,2,False,valid_T600,2,label_change
7725002,10,529.6,mixed,1,1,False,elevation,0.498,True,OK,7,3,1,1,1,0,elevation,0.498,True,OK,7,3,1,1,1,0,elevation,0.498,True,OK,7,3,1,1,1,0,topology_pfaf,0.192,True,OK,3,7,1,1,1,0,topology_pfaf,0.192,True,OK,3,7,1,1,1,0,topology_pfaf,0.192,True,OK,3,7,1,1,1,0,elevdef,0.498,True,OK,7,3,1,1,1,0,area50,0.498,True,OK,7,3,1,1,1,0,True,4,False,valid_T600,2,label_change
7726060,9,1501.3,high,1,1,False,elevation,0.644,True,OK,7,2,1,1,1,0,elevation,0.644,True,OK,7,2,1,1,1,0,elevation,0.644,True,OK,7,2,1,1,1,0,elevation,0.644,True,OK,7,2,1,1,1,0,elevation,0.644,True,OK,7,2,1,1,1,0,elevation,0.644,True,OK,7,2,1,1,1,0,elevdef,0.644,True,OK,7,2,1,1,1,0,area50,0.515,True,OK,5,4,1,1,1,0,True,0,True,valid_T600,3,stable
7727002,9,902.7,high,1,1,False,elevation,0.637,True,OK,7,2,1,1,1,0,elevation,0.637,True,OK,7,2,1,1,1,0,elevation,0.637,True,OK,7,2,1,1,1,0,elevation,0.637,True,OK,7,2,1,1,1,0,elevation,0.637,True,OK,7,2,1,1,1,0,elevation,0.637,True,OK,7,2,1,1,1,0,elevdef,0.637,True,OK,7,2,1,1,1,0,area50,0.487,True,OK,5,4,1,1,1,0,True,0,True,valid_T600,3,stable
7727008,9,892.3,high,1,1,False,elevation,0.453,True,OK,7,2,1,1,1,0,elevation,0.453,True,OK,7,2,1,1,1,0,elevation,0.453,True,OK,7,2,1,1,1,0,elevation,0.453,True,OK,7,2,1,1,1,0,elevation,0.453,True,OK,7,2,1,1,1,0,elevation,0.453,True,OK,7,2,1,1,1,0,elevdef,0.453,True,OK,7,2,1,1,1,0,area50,0.453,True,OK,7,2,1,1,1,0,True,0,True,valid_T600,3,stable
7728024,9,908.4,high,1,1,False,elevation,0.479,True,OK,3,6,1,1,1,0,elevation,0.479,True,OK,3,6,1,1,1,0,elevation,0.479,True,OK,3,6,1,1,1,0,elevation,0.479,True,OK,3,6,1,1,1,0,elevation,0.479,True,OK,3,6,1,1,1,0,elevation,0.479,True,OK,3,6,1,1,1,0,elevdef,0.479,True,OK,3,6,1,1,1,0,area50,0.479,True,OK,3,6,1,1,1,0,True,0,True,valid_T600,3,stable
7728030,9,295.7,low,1,1,False,topology_pfaf,0.696,True,OK,5,4,1,1,1,0,topology_pfaf,0.696,True,OK,5,4,1,1,1,0,topology_pfaf,0.696,True,OK,5,4,1,1,1,0,topology_pfaf,0.696,True,OK,5,4,1,1,1,0,topology_pfaf,0.696,True,OK,5,4,1,1,1,0,topology_pfaf,0.696,True,OK,5,4,1,1,1,0,elevdef,0.696,True,OK,5,4,1,1,1,0,area50,0.48,True,OK,3,6,1,1,1,0,True,0,True,valid_T600,3,stable
7728041,9,556.6,mixed,1,1,False,elevation,0.517,True,OK,5,4,1,1,1,0,elevation,0.517,True,OK,5,4,1,1,1,0,elevation,0.517,True,OK,5,4,1,1,1,0,topology_pfaf,0.517,True,OK,5,4,1,1,1,0,topology_pfaf,0.517,True,OK,5,4,1,1,1,0,topology_pfaf,0.517,True,OK,5,4,1,1,1,0,elevdef,0.517,True,OK,5,4,1,1,1,0,area50,0.517,True,OK,5,4,1,1,1,0,True,0,True,valid_T600,3,stable
7728042,9,1135.7,high,1,1,False,elevation,0.731,True,OK,5,4,1,1,1,0,elevation,0.731,True,OK,5,4,1,1,1,0,elevation,0.731,True,OK,5,4,1,1,1,0,elevation,0.731,True,OK,5,4,1,1,1,0,elevation,0.731,True,OK,5,4,1,1,1,0,elevation,0.731,True,OK,5,4,1,1,1,0,elevdef,0.731,True,OK,5,4,1,1,1,0,area50,0.731,True,OK,5,4,1,1,1,0,True,0,True,valid_T600,3,stable
7728045,9,727.6,high,1,1,False,elevation,0.717,True,OK,5,4,1,1,1,0,elevation,0.717,True,OK,5,4,1,1,1,0,elevation,0.717,True,OK,5,4,1,1,1,0,elevation,0.717,True,OK,5,4,1,1,1,0,elevation,0.717,True,OK,5,4,1,1,1,0,topology_pfaf,0.717,True,OK,5,4,1,1,1,0,elevdef,0.717,True,OK,5,4,1,1,1,0,area50,0.356,True,OK,3,6,1,1,1,0,True,0,True,valid_T600,3,stable
7728050,9,749.4,high,1,1,False,elevation,0.705,True,OK,7,2,1,1,1,0,elevation,0.705,True,OK,7,2,1,1,1,0,elevation,0.705,True,OK,7,2,1,1,1,0,elevation,0.705,True,OK,7,2,1,1,1,0,elevation,0.705,True,OK,7,2,1,1,1,0,topology_pfaf,0.489,True,OK,5,4,1,1,1,0,elevdef,0.705,True,OK,7,2,1,1,1,0,area50,0.489,True,OK,5,4,1,1,1,0,True,2,False,valid_T600,2,label_change
7728060,9,754.4,high,1,1,False,elevation,0.558,True,OK,3,6,1,1,1,0,elevation,0.558,True,OK,3,6,1,1,1,0,elevation,0.558,True,OK,3,6,1,1,1,0,elevation,0.558,True,OK,3,6,1,1,1,0,elevation,0.558,True,OK,3,6,1,1,1,0,topology_pfaf,0.558,True,OK,3,6,1,1,1,0,elevdef,0.558,True,OK,3,6,1,1,1,0,area50,0.558,True,OK,3,6,1,1,1,0,True,0,True,valid_T600,3,stable
7728090,9,436.9,mixed,1,1,False,elevation,0.602,True,OK,7,2,1,1,1,0,elevation,0.602,True,OK,7,2,1,1,1,0,topology_pfaf,0.263,True,OK,3,6,1,1,1,0,topology_pfaf,0.263,True,OK,3,6,1,1,1,0,topology_pfaf,0.263,True,OK,3,6,1,1,1,0,topology_pfaf,0.263,True,OK,3,6,1,1,1,0,elevdef,0.602,True,OK,7,2,1,1,1,0,area50,0.404,True,OK,5,4,1,1,1,0,True,4,False,valid_T600,2,label_change
7729102,9,874.4,high,1,1,False,elevation,0.713,True,OK,7,2,1,1,1,0,elevation,0.713,True,OK,7,2,1,1,1,0,elevation,0.713,True,OK,7,2,1,1,1,0,elevation,0.713,True,OK,7,2,1,1,1,0,elevation,0.713,True,OK,7,2,1,1,1,0,elevation,0.713,True,OK,7,2,1,1,1,0,elevdef,0.713,True,OK,7,2,1,1,1,0,area50,0.412,True,OK,5,4,1,1,1,0,True,0,True,valid_T600,3,stable
7729104,9,812.8,high,1,1,False,elevation,0.686,True,OK,7,2,1,1,1,0,elevation,0.686,True,OK,7,2,1,1,1,0,elevation,0.686,True,OK,7,2,1,1,1,0,elevation,0.686,True,OK,7,2,1,1,1,0,elevation,0.686,True,OK,7,2,1,1,1,0,elevation,0.686,True,OK,7,2,1,1,1,0,elevdef,0.686,True,OK,7,2,1,1,1,0,area50,0.508,True,OK,5,4,1,1,1,0,True,0,True,valid_T600,3,stable
7729209,9,925.1,high,1,1,False,elevation,0.569,True,OK,5,4,1,1,1,0,elevation,0.569,True,OK,5,4,1,1,1,0,elevation,0.569,True,OK,5,4,1,1,1,0,elevation,0.569,True,OK,5,4,1,1,1,0,elevation,0.569,True,OK,5,4,1,1,1,0,elevation,0.569,True,OK,5,4,1,1,1,0,elevdef,0.569,True,OK,5,4,1,1,1,0,area50,0.492,True,OK,3,6,1,1,1,0,True,0,True,valid_T600,3,stable
7729500,9,812.0,high,1,1,False,elevation,0.494,True,OK,5,4,1,1,1,0,elevation,0.494,True,OK,5,4,1,1,1,0,elevation,0.494,True,OK,5,4,1,1,1,0,elevation,0.494,True,OK,5,4,1,1,1,0,elevation,0.494,True,OK,5,4,1,1,1,0,elevation,0.494,True,OK,5,4,1,1,1,0,elevdef,0.494,True,OK,5,4,1,1,1,0,area50,0.494,True,OK,5,4,1,1,1,0,True,0,True,valid_T600,3,stable
7729602,9,399.6,mixed,1,1,False,elevation,0.583,True,OK,5,4,1,1,1,0,topology_pfaf,0.583,True,OK,5,4,1,1,1,0,topology_pfaf,0.583,True,OK,5,4,1,1,1,0,topology_pfaf,0.583,True,OK,5,4,1,1,1,0,topology_pfaf,0.583,True,OK,5,4,1,1,1,0,topology_pfaf,0.583,True,OK,5,4,1,1,1,0,elevdef,0.583,True,OK,5,4,1,1,1,0,area50,0.583,True,OK,5,4,1,1,1,0,True,0,True,valid_T600,3,stable
7729603,9,252.0,low,1,1,False,topology_pfaf,0.653,True,OK,5,4,1,1,1,0,topology_pfaf,0.653,True,OK,5,4,1,1,1,0,topology_pfaf,0.653,True,OK,5,4,1,1,1,0,topology_pfaf,0.653,True,OK,5,4,1,1,1,0,topology_pfaf,0.653,True,OK,5,4,1,1,1,0,topology_pfaf,0.653,True,OK,5,4,1,1,1,0,elevdef,0.653,True,OK,5,4,1,1,1,0,area50,0.448,True,OK,3,6,1,1,1,0,True,0,True,valid_T600,3,stable
7729808,9,451.9,mixed,1,1,False,elevation,0.908,True,OK,7,2,1,1,1,0,elevation,0.908,True,OK,7,2,1,1,1,0,topology_pfaf,0.459,True,OK,1,8,1,1,1,0,topology_pfaf,0.459,True,OK,1,8,1,1,1,0,topology_pfaf,0.459,True,OK,1,8,1,1,1,0,topology_pfaf,0.459,True,OK,1,8,1,1,1,0,elevdef,0.908,True,OK,7,2,1,1,1,0,area50,0.459,True,OK,1,8,1,1,1,0,True,6,False,valid_T600,2,label_change
7729904,9,245.5,low,1,1,False,topology_pfaf,0.766,True,OK,5,4,1,1,1,0,topology_pfaf,0.766,True,OK,5,4,1,1,1,0,topology_pfaf,0.766,True,OK,5,4,1,1,1,0,topology_pfaf,0.766,True,OK,5,4,1,1,1,0,topology_pfaf,0.766,True,OK,5,4,1,1,1,0,topology_pfaf,0.766,True,OK,5,4,1,1,1,0,elevdef,0.685,True,OK,3,6,1,1,1,0,area50,0.403,True,OK,1,8,1,1,1,0,True,0,True,valid_T600,3,stable
7729905,9,367.1,mixed,1,1,False,elevation,0.571,True,OK,5,4,1,1,1,0,topology_pfaf,0.571,True,OK,5,4,1,1,1,0,topology_pfaf,0.571,True,OK,5,4,1,1,1,0,topology_pfaf,0.571,True,OK,5,4,1,1,1,0,topology_pfaf,0.571,True,OK,5,4,1,1,1,0,topology_pfaf,0.571,True,OK,5,4,1,1,1,0,elevdef,0.571,True,OK,5,4,1,1,1,0,area50,0.571,True,OK,5,4,1,1,1,0,True,0,True,valid_T600,3,stable
7729908,9,642.3,high,1,1,False,elevation,0.56,True,OK,7,2,1,1,1,0,elevation,0.56,True,OK,7,2,1,1,1,0,elevation,0.56,True,OK,7,2,1,1,1,0,elevation,0.56,True,OK,7,2,1,1,1,0,topology_pfaf,0.428,True,OK,5,4,1,1,1,0,topology_pfaf,0.428,True,OK,5,4,1,1,1,0,elevdef,0.56,True,OK,7,2,1,1,1,0,area50,0.56,True,OK,7,2,1,1,1,0,True,2,False,valid_T600,2,label_change
7729909,9,712.2,high,1,1,False,elevation,0.786,True,OK,7,2,1,1,1,0,elevation,0.786,True,OK,7,2,1,1,1,0,elevation,0.786,True,OK,7,2,1,1,1,0,elevation,0.786,True,OK,7,2,1,1,1,0,elevation,0.786,True,OK,7,2,1,1,1,0,topology_pfaf,0.559,True,OK,5,4,1,1,1,0,elevdef,0.786,True,OK,7,2,1,1,1,0,area50,0.559,True,OK,5,4,1,1,1,0,True,2,False,valid_T600,2,label_change
7734012,9,845.4,high,1,1,False,elevation,0.657,True,OK,5,4,1,1,1,0,elevation,0.657,True,OK,5,4,1,1,1,0,elevation,0.657,True,OK,5,4,1,1,1,0,elevation,0.657,True,OK,5,4,1,1,1,0,elevation,0.657,True,OK,5,4,1,1,1,0,elevation,0.657,True,OK,5,4,1,1,1,0,elevdef,0.657,True,OK,5,4,1,1,1,0,area50,0.428,True,OK,3,6,1,1,1,0,True,0,True,valid_T600,3,stable
7734014,9,361.1,mixed,1,1,False,elevation,0.636,True,OK,7,2,1,1,1,0,topology_pfaf,0.479,True,OK,5,4,1,1,1,0,topology_pfaf,0.479,True,OK,5,4,1,1,1,0,topology_pfaf,0.479,True,OK,5,4,1,1,1,0,topology_pfaf,0.479,True,OK,5,4,1,1,1,0,topology_pfaf,0.479,True,OK,5,4,1,1,1,0,elevdef,0.636,True,OK,7,2,1,1,1,0,area50,0.479,True,OK,5,4,1,1,1,0,True,2,False,valid_T600,2,label_change
7734016,9,247.4,low,1,1,False,topology_pfaf,0.538,True,OK,5,4,1,1,1,0,topology_pfaf,0.538,True,OK,5,4,1,1,1,0,topology_pfaf,0.538,True,OK,5,4,1,1,1,0,topology_pfaf,0.538,True,OK,5,4,1,1,1,0,topology_pfaf,0.538,True,OK,5,4,1,1,1,0,topology_pfaf,0.538,True,OK,5,4,1,1,1,0,elevdef,0.538,True,OK,5,4,1,1,1,0,area50,0.538,True,OK,5,4,1,1,1,0,True,0,True,valid_T600,3,stable
7734019,9,261.0,low,1,1,False,topology_pfaf,0.664,True,OK,5,4,1,1,1,0,topology_pfaf,0.664,True,OK,5,4,1,1,1,0,topology_pfaf,0.664,True,OK,5,4,1,1,1,0,topology_pfaf,0.664,True,OK,5,4,1,1,1,0,topology_pfaf,0.664,True,OK,5,4,1,1,1,0,topology_pfaf,0.664,True,OK,5,4,1,1,1,0,elevdef,0.391,True,OK,3,6,1,1,1,0,area50,0.391,True,OK,3,6,1,1,1,0,True,0,True,valid_T600,3,stable
7735010,9,716.7,high,1,1,False,elevation,0.751,True,OK,7,2,1,1,1,0,elevation,0.751,True,OK,7,2,1,1,1,0,elevation,0.751,True,OK,7,2,1,1,1,0,elevation,0.751,True,OK,7,2,1,1,1,0,elevation,0.751,True,OK,7,2,1,1,1,0,topology_pfaf,0.413,True,OK,5,4,1,1,1,0,elevdef,0.751,True,OK,7,2,1,1,1,0,area50,0.413,True,OK,5,4,1,1,1,0,True,2,False,valid_T600,2,label_change
7735030,4,290.6,low,4,4,False,topology_dist,0.664,False,outlets=4; parent_components=4; down_components=3; up_to_down_edges=0,1,3,1,3,0,0,topology_dist,0.664,False,outlets=4; parent_components=4; down_components=3; up_to_down_edges=0,1,3,1,3,0,0,topology_dist,0.664,False,outlets=4; parent_components=4; down_components=3; up_to_down_edges=0,1,3,1,3,0,0,topology_dist,0.664,False,outlets=4; parent_components=4; down_components=3; up_to_down_edges=0,1,3,1,3,0,0,topology_dist,0.664,False,outlets=4; parent_components=4; down_components=3; up_to_down_edges=0,1,3,1,3,0,0,topology_dist,0.664,False,outlets=4; parent_components=4; down_components=3; up_to_down_edges=0,1,3,1,3,0,0,elevdef,0.664,False,outlets=4; parent_components=4; down_components=3; up_to_down_edges=0,1,3,1,3,0,0,area50,0.664,False,outlets=4; parent_components=4; down_components=3; up_to_down_edges=0,1,3,1,3,0,0,False,0,True,invalid_multi_outlet,0,T600_invalid
7735069,9,349.9,mixed,1,1,False,elevation,0.648,True,OK,5,4,1,1,1,0,topology_pfaf,0.648,True,OK,5,4,1,1,1,0,topology_pfaf,0.648,True,OK,5,4,1,1,1,0,topology_pfaf,0.648,True,OK,5,4,1,1,1,0,topology_pfaf,0.648,True,OK,5,4,1,1,1,0,topology_pfaf,0.648,True,OK,5,4,1,1,1,0,elevdef,0.648,True,OK,5,4,1,1,1,0,area50,0.648,True,OK,5,4,1,1,1,0,True,0,True,valid_T600,3,stable
7735080,3,106.1,low,3,3,False,topology_dist,0.746,False,outlets=3; parent_components=3; down_components=2; up_to_down_edges=0,1,2,1,2,0,0,topology_dist,0.746,False,outlets=3; parent_components=3; down_components=2; up_to_down_edges=0,1,2,1,2,0,0,topology_dist,0.746,False,outlets=3; parent_components=3; down_components=2; up_to_down_edges=0,1,2,1,2,0,0,topology_dist,0.746,False,outlets=3; parent_components=3; down_components=2; up_to_down_edges=0,1,2,1,2,0,0,topology_dist,0.746,False,outlets=3; parent_components=3; down_components=2; up_to_down_edges=0,1,2,1,2,0,0,topology_dist,0.746,False,outlets=3; parent_components=3; down_components=2; up_to_down_edges=0,1,2,1,2,0,0,elevdef,0.746,False,outlets=3; parent_components=3; down_components=2; up_to_down_edges=0,1,2,1,2,0,0,area50,0.746,False,outlets=3; parent_components=3; down_components=2; up_to_down_edges=0,1,2,1,2,0,0,False,0,True,invalid_multi_outlet,0,T600_invalid
7736030,10,337.5,mixed,2,2,False,elevation,0.614,False,outlets=2; parent_components=2; down_components=2,5,5,1,2,1,0,topology_pfaf,0.42,False,outlets=2; parent_components=2; down_components=2,3,7,1,2,1,0,topology_pfaf,0.42,False,outlets=2; parent_components=2; down_components=2,3,7,1,2,1,0,topology_pfaf,0.42,False,outlets=2; parent_components=2; down_components=2,3,7,1,2,1,0,topology_pfaf,0.42,False,outlets=2; parent_components=2; down_components=2,3,7,1,2,1,0,topology_pfaf,0.42,False,outlets=2; parent_components=2; down_components=2,3,7,1,2,1,0,elevdef,0.614,False,outlets=2; parent_components=2; down_components=2,5,5,1,2,1,0,area50,0.42,False,outlets=2; parent_components=2; down_components=2,3,7,1,2,1,0,False,2,False,invalid_multi_outlet,0,T600_invalid
7736052,10,293.3,low,1,1,False,topology_pfaf,0.576,True,OK,5,5,1,1,1,0,topology_pfaf,0.576,True,OK,5,5,1,1,1,0,topology_pfaf,0.576,True,OK,5,5,1,1,1,0,topology_pfaf,0.576,True,OK,5,5,1,1,1,0,topology_pfaf,0.576,True,OK,5,5,1,1,1,0,topology_pfaf,0.576,True,OK,5,5,1,1,1,0,elevdef,0.683,True,OK,7,3,1,1,1,0,area50,0.576,True,OK,5,5,1,1,1,0,True,0,True,valid_T600,3,stable
7737030,4,414.7,mixed,4,4,False,elevation,0.415,False,outlets=4; parent_components=4; down_components=3; up_to_down_edges=0,1,3,1,3,0,0,elevation,0.415,False,outlets=4; parent_components=4; down_components=3; up_to_down_edges=0,1,3,1,3,0,0,topology_dist,0.415,False,outlets=4; parent_components=4; down_components=3; up_to_down_edges=0,1,3,1,3,0,0,topology_dist,0.415,False,outlets=4; parent_components=4; down_components=3; up_to_down_edges=0,1,3,1,3,0,0,topology_dist,0.415,False,outlets=4; parent_components=4; down_components=3; up_to_down_edges=0,1,3,1,3,0,0,topology_dist,0.415,False,outlets=4; parent_components=4; down_components=3; up_to_down_edges=0,1,3,1,3,0,0,elevdef,0.415,False,outlets=4; parent_components=4; down_components=3; up_to_down_edges=0,1,3,1,3,0,0,area50,0.415,False,outlets=4; parent_components=4; down_components=3; up_to_down_edges=0,1,3,1,3,0,0,False,0,True,invalid_multi_outlet,0,T600_invalid
7738167,9,658.3,high,1,1,False,elevation,0.645,True,OK,5,4,1,1,1,0,elevation,0.645,True,OK,5,4,1,1,1,0,elevation,0.645,True,OK,5,4,1,1,1,0,elevation,0.645,True,OK,5,4,1,1,1,0,topology_pfaf,0.645,True,OK,5,4,1,1,1,0,topology_pfaf,0.645,True,OK,5,4,1,1,1,0,elevdef,0.645,True,OK,5,4,1,1,1,0,area50,0.477,True,OK,3,6,1,1,1,0,True,0,True,valid_T600,3,stable
7738168,9,531.8,mixed,1,1,False,elevation,0.627,True,OK,1,8,1,1,1,0,elevation,0.627,True,OK,1,8,1,1,1,0,elevation,0.627,True,OK,1,8,1,1,1,0,topology_pfaf,0.627,True,OK,1,8,1,1,1,0,topology_pfaf,0.627,True,OK,1,8,1,1,1,0,topology_pfaf,0.627,True,OK,1,8,1,1,1,0,elevdef,0.627,True,OK,1,8,1,1,1,0,area50,0.627,True,OK,1,8,1,1,1,0,True,0,True,valid_T600,3,stable
7738180,9,852.4,high,1,1,False,elevation,0.562,True,OK,5,4,1,1,1,0,elevation,0.562,True,OK,5,4,1,1,1,0,elevation,0.562,True,OK,5,4,1,1,1,0,elevation,0.562,True,OK,5,4,1,1,1,0,elevation,0.562,True,OK,5,4,1,1,1,0,elevation,0.562,True,OK,5,4,1,1,1,0,elevdef,0.562,True,OK,5,4,1,1,1,0,area50,0.562,True,OK,5,4,1,1,1,0,True,0,True,valid_T600,3,stable
7738199,9,366.1,mixed,1,1,False,elevation,0.571,True,OK,3,6,1,1,1,0,topology_pfaf,0.737,True,OK,5,4,1,1,1,0,topology_pfaf,0.737,True,OK,5,4,1,1,1,0,topology_pfaf,0.737,True,OK,5,4,1,1,1,0,topology_pfaf,0.737,True,OK,5,4,1,1,1,0,topology_pfaf,0.737,True,OK,5,4,1,1,1,0,elevdef,0.571,True,OK,3,6,1,1,1,0,area50,0.571,True,OK,3,6,1,1,1,0,True,2,False,valid_T600,2,label_change
7738320,9,594.3,mixed,1,1,False,elevation,0.497,True,OK,5,4,1,1,1,0,elevation,0.497,True,OK,5,4,1,1,1,0,elevation,0.497,True,OK,5,4,1,1,1,0,topology_pfaf,0.497,True,OK,5,4,1,1,1,0,topology_pfaf,0.497,True,OK,5,4,1,1,1,0,topology_pfaf,0.497,True,OK,5,4,1,1,1,0,elevdef,0.497,True,OK,5,4,1,1,1,0,area50,0.497,True,OK,5,4,1,1,1,0,True,0,True,valid_T600,3,stable
7738379,9,441.2,mixed,1,1,False,elevation,0.471,True,OK,3,6,1,1,1,0,elevation,0.471,True,OK,3,6,1,1,1,0,topology_pfaf,0.471,True,OK,3,6,1,1,1,0,topology_pfaf,0.471,True,OK,3,6,1,1,1,0,topology_pfaf,0.471,True,OK,3,6,1,1,1,0,topology_pfaf,0.471,True,OK,3,6,1,1,1,0,elevdef,0.471,True,OK,3,6,1,1,1,0,area50,0.471,True,OK,3,6,1,1,1,0,True,0,True,valid_T600,3,stable
7738380,7,268.5,low,1,1,False,topology_pfaf,0.494,True,OK,3,4,1,1,1,0,topology_pfaf,0.494,True,OK,3,4,1,1,1,0,topology_pfaf,0.494,True,OK,3,4,1,1,1,0,topology_pfaf,0.494,True,OK,3,4,1,1,1,0,topology_pfaf,0.494,True,OK,3,4,1,1,1,0,topology_pfaf,0.494,True,OK,3,4,1,1,1,0,elevdef,0.633,True,OK,5,2,1,1,1,0,area50,0.494,True,OK,3,4,1,1,1,0,True,0,True,valid_T600,3,stable
7738390,9,405.4,mixed,1,1,False,elevation,0.675,True,OK,7,2,1,1,1,0,elevation,0.675,True,OK,7,2,1,1,1,0,topology_pfaf,0.168,True,OK,3,6,1,1,1,0,topology_pfaf,0.168,True,OK,3,6,1,1,1,0,topology_pfaf,0.168,True,OK,3,6,1,1,1,0,topology_pfaf,0.168,True,OK,3,6,1,1,1,0,elevdef,0.675,True,OK,7,2,1,1,1,0,area50,0.46,True,OK,5,4,1,1,1,0,True,4,False,valid_T600,2,label_change
7741600,9,505.0,mixed,1,1,False,elevation,0.502,True,OK,1,8,1,1,1,0,elevation,0.502,True,OK,1,8,1,1,1,0,elevation,0.502,True,OK,1,8,1,1,1,0,topology_pfaf,0.502,True,OK,1,8,1,1,1,0,topology_pfaf,0.502,True,OK,1,8,1,1,1,0,topology_pfaf,0.502,True,OK,1,8,1,1,1,0,elevdef,0.502,True,OK,1,8,1,1,1,0,area50,0.502,True,OK,1,8,1,1,1,0,True,0,True,valid_T600,3,stable
7744014,9,1040.7,high,1,1,False,elevation,0.666,True,OK,7,2,1,1,1,0,elevation,0.666,True,OK,7,2,1,1,1,0,elevation,0.666,True,OK,7,2,1,1,1,0,elevation,0.666,True,OK,7,2,1,1,1,0,elevation,0.666,True,OK,7,2,1,1,1,0,elevation,0.666,True,OK,7,2,1,1,1,0,elevdef,0.666,True,OK,7,2,1,1,1,0,area50,0.474,True,OK,5,4,1,1,1,0,True,0,True,valid_T600,3,stable
7744019,9,1489.9,high,1,1,False,elevation,0.501,True,OK,7,2,1,1,1,0,elevation,0.501,True,OK,7,2,1,1,1,0,elevation,0.501,True,OK,7,2,1,1,1,0,elevation,0.501,True,OK,7,2,1,1,1,0,elevation,0.501,True,OK,7,2,1,1,1,0,elevation,0.501,True,OK,7,2,1,1,1,0,elevdef,0.501,True,OK,7,2,1,1,1,0,area50,0.501,True,OK,7,2,1,1,1,0,True,0,True,valid_T600,3,stable
7744220,9,1509.0,high,1,1,False,elevation,0.49,True,OK,5,4,1,1,1,0,elevation,0.49,True,OK,5,4,1,1,1,0,elevation,0.49,True,OK,5,4,1,1,1,0,elevation,0.49,True,OK,5,4,1,1,1,0,elevation,0.49,True,OK,5,4,1,1,1,0,elevation,0.49,True,OK,5,4,1,1,1,0,elevdef,0.49,True,OK,5,4,1,1,1,0,area50,0.49,True,OK,5,4,1,1,1,0,True,0,True,valid_T600,3,stable
7744230,9,1072.9,high,1,1,False,elevation,0.706,True,OK,5,4,1,1,1,0,elevation,0.706,True,OK,5,4,1,1,1,0,elevation,0.706,True,OK,5,4,1,1,1,0,elevation,0.706,True,OK,5,4,1,1,1,0,elevation,0.706,True,OK,5,4,1,1,1,0,elevation,0.706,True,OK,5,4,1,1,1,0,elevdef,0.706,True,OK,5,4,1,1,1,0,area50,0.531,True,OK,3,6,1,1,1,0,True,0,True,valid_T600,3,stable
7744240,9,2357.4,high,1,1,False,elevation,0.481,True,OK,5,4,1,1,1,0,elevation,0.481,True,OK,5,4,1,1,1,0,elevation,0.481,True,OK,5,4,1,1,1,0,elevation,0.481,True,OK,5,4,1,1,1,0,elevation,0.481,True,OK,5,4,1,1,1,0,elevation,0.481,True,OK,5,4,1,1,1,0,elevdef,0.481,True,OK,5,4,1,1,1,0,area50,0.481,True,OK,5,4,1,1,1,0,True,0,True,valid_T600,3,stable
7744260,9,2167.2,high,1,1,False,elevation,0.54,True,OK,3,6,1,1,1,0,elevation,0.54,True,OK,3,6,1,1,1,0,elevation,0.54,True,OK,3,6,1,1,1,0,elevation,0.54,True,OK,3,6,1,1,1,0,elevation,0.54,True,OK,3,6,1,1,1,0,elevation,0.54,True,OK,3,6,1,1,1,0,elevdef,0.54,True,OK,3,6,1,1,1,0,area50,0.54,True,OK,3,6,1,1,1,0,True,0,True,valid_T600,3,stable
7744280,9,2728.5,high,1,1,False,elevation,0.635,True,OK,7,2,1,1,1,0,elevation,0.635,True,OK,7,2,1,1,1,0,elevation,0.635,True,OK,7,2,1,1,1,0,elevation,0.635,True,OK,7,2,1,1,1,0,elevation,0.635,True,OK,7,2,1,1,1,0,elevation,0.635,True,OK,7,2,1,1,1,0,elevdef,0.635,True,OK,7,2,1,1,1,0,area50,0.521,True,OK,5,4,1,1,1,0,True,0,True,valid_T600,3,stable
7744400,9,1641.8,high,1,1,False,elevation,0.89,True,OK,7,2,1,1,1,0,elevation,0.89,True,OK,7,2,1,1,1,0,elevation,0.89,True,OK,7,2,1,1,1,0,elevation,0.89,True,OK,7,2,1,1,1,0,elevation,0.89,True,OK,7,2,1,1,1,0,elevation,0.89,True,OK,7,2,1,1,1,0,elevdef,0.89,True,OK,7,2,1,1,1,0,area50,0.438,True,OK,5,4,1,1,1,0,True,0,True,valid_T600,3,stable
7744604,9,1054.0,high,1,1,False,elevation,0.54,True,OK,3,6,1,1,1,0,elevation,0.54,True,OK,3,6,1,1,1,0,elevation,0.54,True,OK,3,6,1,1,1,0,elevation,0.54,True,OK,3,6,1,1,1,0,elevation,0.54,True,OK,3,6,1,1,1,0,elevation,0.54,True,OK,3,6,1,1,1,0,elevdef,0.54,True,OK,3,6,1,1,1,0,area50,0.54,True,OK,3,6,1,1,1,0,True,0,True,valid_T600,3,stable
7744930,9,1045.5,high,1,1,False,elevation,0.692,True,OK,5,4,1,1,1,0,elevation,0.692,True,OK,5,4,1,1,1,0,elevation,0.692,True,OK,5,4,1,1,1,0,elevation,0.692,True,OK,5,4,1,1,1,0,elevation,0.692,True,OK,5,4,1,1,1,0,elevation,0.692,True,OK,5,4,1,1,1,0,elevdef,0.692,True,OK,5,4,1,1,1,0,area50,0.549,True,OK,3,6,1,1,1,0,True,0,True,valid_T600,3,stable
7744950,9,622.6,high,1,1,False,elevation,0.647,True,OK,5,4,1,1,1,0,elevation,0.647,True,OK,5,4,1,1,1,0,elevation,0.647,True,OK,5,4,1,1,1,0,elevation,0.647,True,OK,5,4,1,1,1,0,topology_pfaf,0.647,True,OK,5,4,1,1,1,0,topology_pfaf,0.647,True,OK,5,4,1,1,1,0,elevdef,0.647,True,OK,5,4,1,1,1,0,area50,0.424,True,OK,3,6,1,1,1,0,True,0,True,valid_T600,3,stable
7744970,10,823.8,high,1,1,False,elevation,0.461,True,OK,3,7,1,1,1,0,elevation,0.461,True,OK,3,7,1,1,1,0,elevation,0.461,True,OK,3,7,1,1,1,0,elevation,0.461,True,OK,3,7,1,1,1,0,elevation,0.461,True,OK,3,7,1,1,1,0,elevation,0.461,True,OK,3,7,1,1,1,0,elevdef,0.461,True,OK,3,7,1,1,1,0,area50,0.461,True,OK,3,7,1,1,1,0,True,0,True,valid_T600,3,stable
7747000,9,603.3,high,9,9,False,elevation,0.435,False,outlets=9; parent_components=9; down_components=8; up_to_down_edges=0,1,8,1,8,0,0,elevation,0.435,False,outlets=9; parent_components=9; down_components=8; up_to_down_edges=0,1,8,1,8,0,0,elevation,0.435,False,outlets=9; parent_components=9; down_components=8; up_to_down_edges=0,1,8,1,8,0,0,elevation,0.435,False,outlets=9; parent_components=9; down_components=8; up_to_down_edges=0,1,8,1,8,0,0,topology_pfaf,0.435,False,outlets=9; parent_components=9; down_components=8; up_to_down_edges=0,1,8,1,8,0,0,topology_pfaf,0.435,False,outlets=9; parent_components=9; down_components=8; up_to_down_edges=0,1,8,1,8,0,0,elevdef,0.435,False,outlets=9; parent_components=9; down_components=8; up_to_down_edges=0,1,8,1,8,0,0,area50,0.435,False,outlets=9; parent_components=9; down_components=8; up_to_down_edges=0,1,8,1,8,0,0,False,0,True,invalid_multi_outlet,0,T600_invalid
7748020,9,594.1,mixed,1,1,False,elevation,0.588,True,OK,7,2,1,1,1,0,elevation,0.588,True,OK,7,2,1,1,1,0,elevation,0.588,True,OK,7,2,1,1,1,0,topology_pfaf,0.385,True,OK,3,6,1,1,1,0,topology_pfaf,0.385,True,OK,3,6,1,1,1,0,topology_pfaf,0.385,True,OK,3,6,1,1,1,0,elevdef,0.588,True,OK,7,2,1,1,1,0,area50,0.497,True,OK,5,4,1,1,1,0,True,4,False,valid_T600,2,label_change
7748070,9,487.9,mixed,1,1,False,elevation,0.706,True,OK,5,4,1,1,1,0,elevation,0.706,True,OK,5,4,1,1,1,0,topology_pfaf,0.706,True,OK,5,4,1,1,1,0,topology_pfaf,0.706,True,OK,5,4,1,1,1,0,topology_pfaf,0.706,True,OK,5,4,1,1,1,0,topology_pfaf,0.706,True,OK,5,4,1,1,1,0,elevdef,0.706,True,OK,5,4,1,1,1,0,area50,0.498,True,OK,3,6,1,1,1,0,True,0,True,valid_T600,3,stable
7748080,10,187.8,low,1,1,False,topology_pfaf,0.291,True,OK,3,7,1,1,1,0,topology_pfaf,0.291,True,OK,3,7,1,1,1,0,topology_pfaf,0.291,True,OK,3,7,1,1,1,0,topology_pfaf,0.291,True,OK,3,7,1,1,1,0,topology_pfaf,0.291,True,OK,3,7,1,1,1,0,topology_pfaf,0.291,True,OK,3,7,1,1,1,0,elevdef,0.851,True,OK,7,3,1,1,1,0,area50,0.437,True,OK,5,5,1,1,1,0,True,0,True,valid_T600,3,stable
7748090,9,256.6,low,1,1,False,topology_pfaf,0.214,True,OK,3,6,1,1,1,0,topology_pfaf,0.214,True,OK,3,6,1,1,1,0,topology_pfaf,0.214,True,OK,3,6,1,1,1,0,topology_pfaf,0.214,True,OK,3,6,1,1,1,0,topology_pfaf,0.214,True,OK,3,6,1,1,1,0,topology_pfaf,0.214,True,OK,3,6,1,1,1,0,elevdef,0.357,True,OK,5,4,1,1,1,0,area50,0.357,True,OK,5,4,1,1,1,0,True,0,True,valid_T600,3,stable
7810029,9,746.0,high,1,1,False,elevation,0.556,True,OK,3,6,1,1,1,0,elevation,0.556,True,OK,3,6,1,1,1,0,elevation,0.556,True,OK,3,6,1,1,1,0,elevation,0.556,True,OK,3,6,1,1,1,0,elevation,0.556,True,OK,3,6,1,1,1,0,topology_pfaf,0.761,True,OK,5,4,1,1,1,0,elevdef,0.556,True,OK,3,6,1,1,1,0,area50,0.556,True,OK,3,6,1,1,1,0,True,2,False,valid_T600,2,label_change
7810066,9,1204.7,high,1,1,False,elevation,0.654,True,OK,5,4,1,1,1,0,elevation,0.654,True,OK,5,4,1,1,1,0,elevation,0.654,True,OK,5,4,1,1,1,0,elevation,0.654,True,OK,5,4,1,1,1,0,elevation,0.654,True,OK,5,4,1,1,1,0,elevation,0.654,True,OK,5,4,1,1,1,0,elevdef,0.654,True,OK,5,4,1,1,1,0,area50,0.428,True,OK,3,6,1,1,1,0,True,0,True,valid_T600,3,stable
7821002,9,918.4,high,1,1,False,elevation,0.689,True,OK,5,4,1,1,1,0,elevation,0.689,True,OK,5,4,1,1,1,0,elevation,0.689,True,OK,5,4,1,1,1,0,elevation,0.689,True,OK,5,4,1,1,1,0,elevation,0.689,True,OK,5,4,1,1,1,0,elevation,0.689,True,OK,5,4,1,1,1,0,elevdef,0.689,True,OK,5,4,1,1,1,0,area50,0.471,True,OK,3,6,1,1,1,0,True,0,True,valid_T600,3,stable
7822006,9,951.0,high,1,1,False,elevation,1.0,False,empty_downstream; down_components=0; up_to_down_edges=0,9,0,1,0,0,0,elevation,1.0,False,empty_downstream; down_components=0; up_to_down_edges=0,9,0,1,0,0,0,elevation,1.0,False,empty_downstream; down_components=0; up_to_down_edges=0,9,0,1,0,0,0,elevation,1.0,False,empty_downstream; down_components=0; up_to_down_edges=0,9,0,1,0,0,0,elevation,1.0,False,empty_downstream; down_components=0; up_to_down_edges=0,9,0,1,0,0,0,elevation,1.0,False,empty_downstream; down_components=0; up_to_down_edges=0,9,0,1,0,0,0,elevdef,1.0,False,empty_downstream; down_components=0; up_to_down_edges=0,9,0,1,0,0,0,area50,0.565,True,OK,1,8,1,1,1,0,False,0,True,invalid_one_sided,0,T600_invalid
7822008,9,644.5,high,1,1,False,elevation,0.518,True,OK,5,4,1,1,1,0,elevation,0.518,True,OK,5,4,1,1,1,0,elevation,0.518,True,OK,5,4,1,1,1,0,elevation,0.518,True,OK,5,4,1,1,1,0,topology_pfaf,0.518,True,OK,5,4,1,1,1,0,topology_pfaf,0.518,True,OK,5,4,1,1,1,0,elevdef,0.518,True,OK,5,4,1,1,1,0,area50,0.486,True,OK,3,6,1,1,1,0,True,0,True,valid_T600,3,stable
7822009,9,921.2,high,1,1,False,elevation,0.555,True,OK,5,4,1,1,1,0,elevation,0.555,True,OK,5,4,1,1,1,0,elevation,0.555,True,OK,5,4,1,1,1,0,elevation,0.555,True,OK,5,4,1,1,1,0,elevation,0.555,True,OK,5,4,1,1,1,0,elevation,0.555,True,OK,5,4,1,1,1,0,elevdef,0.555,True,OK,5,4,1,1,1,0,area50,0.555,True,OK,5,4,1,1,1,0,True,0,True,valid_T600,3,stable
7823006,9,632.4,high,1,1,False,elevation,0.608,True,OK,5,4,1,1,1,0,elevation,0.608,True,OK,5,4,1,1,1,0,elevation,0.608,True,OK,5,4,1,1,1,0,elevation,0.608,True,OK,5,4,1,1,1,0,topology_pfaf,0.608,True,OK,5,4,1,1,1,0,topology_pfaf,0.608,True,OK,5,4,1,1,1,0,elevdef,0.608,True,OK,5,4,1,1,1,0,area50,0.426,True,OK,3,6,1,1,1,0,True,0,True,valid_T600,3,stable
7824001,9,353.0,mixed,1,1,False,elevation,0.687,True,OK,7,2,1,1,1,0,topology_pfaf,0.35,True,OK,5,4,1,1,1,0,topology_pfaf,0.35,True,OK,5,4,1,1,1,0,topology_pfaf,0.35,True,OK,5,4,1,1,1,0,topology_pfaf,0.35,True,OK,5,4,1,1,1,0,topology_pfaf,0.35,True,OK,5,4,1,1,1,0,elevdef,0.687,True,OK,7,2,1,1,1,0,area50,0.35,True,OK,5,4,1,1,1,0,True,2,False,valid_T600,2,label_change
7824006,9,550.8,mixed,1,1,False,elevation,0.79,True,OK,5,4,1,1,1,0,elevation,0.79,True,OK,5,4,1,1,1,0,elevation,0.79,True,OK,5,4,1,1,1,0,topology_pfaf,0.79,True,OK,5,4,1,1,1,0,topology_pfaf,0.79,True,OK,5,4,1,1,1,0,topology_pfaf,0.79,True,OK,5,4,1,1,1,0,elevdef,0.79,True,OK,5,4,1,1,1,0,area50,0.385,True,OK,3,6,1,1,1,0,True,0,True,valid_T600,3,stable
7824009,9,255.7,low,1,1,False,topology_pfaf,0.539,True,OK,3,6,1,1,1,0,topology_pfaf,0.539,True,OK,3,6,1,1,1,0,topology_pfaf,0.539,True,OK,3,6,1,1,1,0,topology_pfaf,0.539,True,OK,3,6,1,1,1,0,topology_pfaf,0.539,True,OK,3,6,1,1,1,0,topology_pfaf,0.539,True,OK,3,6,1,1,1,0,elevdef,0.539,True,OK,3,6,1,1,1,0,area50,0.539,True,OK,3,6,1,1,1,0,True,0,True,valid_T600,3,stable
7825024,9,329.0,mixed,1,1,False,elevation,0.461,True,OK,5,4,1,1,1,0,topology_pfaf,0.281,True,OK,3,6,1,1,1,0,topology_pfaf,0.281,True,OK,3,6,1,1,1,0,topology_pfaf,0.281,True,OK,3,6,1,1,1,0,topology_pfaf,0.281,True,OK,3,6,1,1,1,0,topology_pfaf,0.281,True,OK,3,6,1,1,1,0,elevdef,0.461,True,OK,5,4,1,1,1,0,area50,0.461,True,OK,5,4,1,1,1,0,True,2,False,valid_T600,2,label_change
7825060,9,535.4,mixed,1,1,False,elevation,0.649,True,OK,5,4,1,1,1,0,elevation,0.649,True,OK,5,4,1,1,1,0,elevation,0.649,True,OK,5,4,1,1,1,0,topology_pfaf,0.362,True,OK,3,6,1,1,1,0,topology_pfaf,0.362,True,OK,3,6,1,1,1,0,topology_pfaf,0.362,True,OK,3,6,1,1,1,0,elevdef,0.649,True,OK,5,4,1,1,1,0,area50,0.362,True,OK,3,6,1,1,1,0,True,2,False,valid_T600,2,label_change
7825080,9,539.4,mixed,1,1,False,elevation,0.511,True,OK,1,8,1,1,1,0,elevation,0.511,True,OK,1,8,1,1,1,0,elevation,0.511,True,OK,1,8,1,1,1,0,topology_pfaf,0.511,True,OK,1,8,1,1,1,0,topology_pfaf,0.511,True,OK,1,8,1,1,1,0,topology_pfaf,0.511,True,OK,1,8,1,1,1,0,elevdef,0.511,True,OK,1,8,1,1,1,0,area50,0.511,True,OK,1,8,1,1,1,0,True,0,True,valid_T600,3,stable
7826126,9,665.4,high,1,1,False,elevation,0.581,True,OK,5,4,1,1,1,0,elevation,0.581,True,OK,5,4,1,1,1,0,elevation,0.581,True,OK,5,4,1,1,1,0,elevation,0.581,True,OK,5,4,1,1,1,0,topology_pfaf,0.581,True,OK,5,4,1,1,1,0,topology_pfaf,0.581,True,OK,5,4,1,1,1,0,elevdef,0.581,True,OK,5,4,1,1,1,0,area50,0.427,True,OK,3,6,1,1,1,0,True,0,True,valid_T600,3,stable
7826160,9,678.3,high,1,1,False,elevation,0.52,True,OK,5,4,1,1,1,0,elevation,0.52,True,OK,5,4,1,1,1,0,elevation,0.52,True,OK,5,4,1,1,1,0,elevation,0.52,True,OK,5,4,1,1,1,0,topology_pfaf,0.52,True,OK,5,4,1,1,1,0,topology_pfaf,0.52,True,OK,5,4,1,1,1,0,elevdef,0.52,True,OK,5,4,1,1,1,0,area50,0.52,True,OK,5,4,1,1,1,0,True,0,True,valid_T600,3,stable
7826170,5,708.9,high,1,1,False,elevation,0.541,True,OK,1,4,1,1,1,0,elevation,0.541,True,OK,1,4,1,1,1,0,elevation,0.541,True,OK,1,4,1,1,1,0,elevation,0.541,True,OK,1,4,1,1,1,0,elevation,0.541,True,OK,1,4,1,1,1,0,topology_dist,0.688,True,OK,3,2,1,1,1,0,elevdef,0.541,True,OK,1,4,1,1,1,0,area50,0.541,True,OK,1,4,1,1,1,0,True,2,False,valid_T600,2,label_change
7826180,9,807.0,high,1,1,False,elevation,0.593,True,OK,3,6,1,1,1,0,elevation,0.593,True,OK,3,6,1,1,1,0,elevation,0.593,True,OK,3,6,1,1,1,0,elevation,0.593,True,OK,3,6,1,1,1,0,elevation,0.593,True,OK,3,6,1,1,1,0,elevation,0.593,True,OK,3,6,1,1,1,0,elevdef,0.593,True,OK,3,6,1,1,1,0,area50,0.593,True,OK,3,6,1,1,1,0,True,0,True,valid_T600,3,stable
7826202,9,374.9,mixed,1,1,False,elevation,0.459,True,OK,3,6,1,1,1,0,topology_pfaf,0.692,True,OK,5,4,1,1,1,0,topology_pfaf,0.692,True,OK,5,4,1,1,1,0,topology_pfaf,0.692,True,OK,5,4,1,1,1,0,topology_pfaf,0.692,True,OK,5,4,1,1,1,0,topology_pfaf,0.692,True,OK,5,4,1,1,1,0,elevdef,0.459,True,OK,3,6,1,1,1,0,area50,0.459,True,OK,3,6,1,1,1,0,True,2,False,valid_T600,2,label_change
7826406,9,365.9,mixed,1,1,False,elevation,0.609,True,OK,7,2,1,1,1,0,topology_pfaf,0.296,True,OK,3,6,1,1,1,0,topology_pfaf,0.296,True,OK,3,6,1,1,1,0,topology_pfaf,0.296,True,OK,3,6,1,1,1,0,topology_pfaf,0.296,True,OK,3,6,1,1,1,0,topology_pfaf,0.296,True,OK,3,6,1,1,1,0,elevdef,0.609,True,OK,7,2,1,1,1,0,area50,0.483,True,OK,5,4,1,1,1,0,True,4,False,valid_T600,2,label_change
7826409,9,413.8,mixed,1,1,False,elevation,0.553,True,OK,3,6,1,1,1,0,elevation,0.553,True,OK,3,6,1,1,1,0,topology_pfaf,0.622,True,OK,5,4,1,1,1,0,topology_pfaf,0.622,True,OK,5,4,1,1,1,0,topology_pfaf,0.622,True,OK,5,4,1,1,1,0,topology_pfaf,0.622,True,OK,5,4,1,1,1,0,elevdef,0.553,True,OK,3,6,1,1,1,0,area50,0.553,True,OK,3,6,1,1,1,0,True,2,False,valid_T600,2,label_change
7826504,9,339.3,mixed,1,1,False,elevation,0.658,True,OK,5,4,1,1,1,0,topology_pfaf,0.461,True,OK,3,6,1,1,1,0,topology_pfaf,0.461,True,OK,3,6,1,1,1,0,topology_pfaf,0.461,True,OK,3,6,1,1,1,0,topology_pfaf,0.461,True,OK,3,6,1,1,1,0,topology_pfaf,0.461,True,OK,3,6,1,1,1,0,elevdef,0.658,True,OK,5,4,1,1,1,0,area50,0.461,True,OK,3,6,1,1,1,0,True,2,False,valid_T600,2,label_change
7826610,9,597.0,mixed,1,1,False,elevation,0.492,True,OK,5,4,1,1,1,0,elevation,0.492,True,OK,5,4,1,1,1,0,elevation,0.492,True,OK,5,4,1,1,1,0,topology_pfaf,0.492,True,OK,5,4,1,1,1,0,topology_pfaf,0.492,True,OK,5,4,1,1,1,0,topology_pfaf,0.492,True,OK,5,4,1,1,1,0,elevdef,0.492,True,OK,5,4,1,1,1,0,area50,0.492,True,OK,5,4,1,1,1,0,True,0,True,valid_T600,3,stable
7826630,9,567.1,mixed,1,1,False,elevation,0.699,True,OK,5,4,1,1,1,0,elevation,0.699,True,OK,5,4,1,1,1,0,elevation,0.699,True,OK,5,4,1,1,1,0,topology_pfaf,0.699,True,OK,5,4,1,1,1,0,topology_pfaf,0.699,True,OK,5,4,1,1,1,0,topology_pfaf,0.699,True,OK,5,4,1,1,1,0,elevdef,0.699,True,OK,5,4,1,1,1,0,area50,0.305,True,OK,3,6,1,1,1,0,True,0,True,valid_T600,3,stable
7826641,9,427.7,mixed,1,1,False,elevation,0.856,True,OK,7,2,1,1,1,0,elevation,0.856,True,OK,7,2,1,1,1,0,topology_pfaf,0.423,True,OK,5,4,1,1,1,0,topology_pfaf,0.423,True,OK,5,4,1,1,1,0,topology_pfaf,0.423,True,OK,5,4,1,1,1,0,topology_pfaf,0.423,True,OK,5,4,1,1,1,0,elevdef,0.856,True,OK,7,2,1,1,1,0,area50,0.423,True,OK,5,4,1,1,1,0,True,2,False,valid_T600,2,label_change
7826648,9,238.0,low,1,1,False,topology_pfaf,0.482,True,OK,5,4,1,1,1,0,topology_pfaf,0.482,True,OK,5,4,1,1,1,0,topology_pfaf,0.482,True,OK,5,4,1,1,1,0,topology_pfaf,0.482,True,OK,5,4,1,1,1,0,topology_pfaf,0.482,True,OK,5,4,1,1,1,0,topology_pfaf,0.482,True,OK,5,4,1,1,1,0,elevdef,0.569,True,OK,7,2,1,1,1,0,area50,0.482,True,OK,5,4,1,1,1,0,True,0,True,valid_T600,3,stable
7826649,9,410.3,mixed,1,1,False,elevation,0.563,True,OK,7,2,1,1,1,0,elevation,0.563,True,OK,7,2,1,1,1,0,topology_pfaf,0.474,True,OK,5,4,1,1,1,0,topology_pfaf,0.474,True,OK,5,4,1,1,1,0,topology_pfaf,0.474,True,OK,5,4,1,1,1,0,topology_pfaf,0.474,True,OK,5,4,1,1,1,0,elevdef,0.563,True,OK,7,2,1,1,1,0,area50,0.474,True,OK,5,4,1,1,1,0,True,2,False,valid_T600,2,label_change
7826650,9,260.8,low,1,1,False,topology_pfaf,0.326,True,OK,5,4,1,1,1,0,topology_pfaf,0.326,True,OK,5,4,1,1,1,0,topology_pfaf,0.326,True,OK,5,4,1,1,1,0,topology_pfaf,0.326,True,OK,5,4,1,1,1,0,topology_pfaf,0.326,True,OK,5,4,1,1,1,0,topology_pfaf,0.326,True,OK,5,4,1,1,1,0,elevdef,0.729,True,OK,7,2,1,1,1,0,area50,0.326,True,OK,5,4,1,1,1,0,True,0,True,valid_T600,3,stable
7826660,9,555.7,mixed,1,1,False,elevation,0.643,True,OK,3,6,1,1,1,0,elevation,0.643,True,OK,3,6,1,1,1,0,elevation,0.643,True,OK,3,6,1,1,1,0,topology_pfaf,0.745,True,OK,5,4,1,1,1,0,topology_pfaf,0.745,True,OK,5,4,1,1,1,0,topology_pfaf,0.745,True,OK,5,4,1,1,1,0,elevdef,0.643,True,OK,3,6,1,1,1,0,area50,0.643,True,OK,3,6,1,1,1,0,True,2,False,valid_T600,2,label_change
7826680,9,326.5,mixed,1,1,False,elevation,0.553,True,OK,5,4,1,1,1,0,topology_pfaf,0.553,True,OK,5,4,1,1,1,0,topology_pfaf,0.553,True,OK,5,4,1,1,1,0,topology_pfaf,0.553,True,OK,5,4,1,1,1,0,topology_pfaf,0.553,True,OK,5,4,1,1,1,0,topology_pfaf,0.553,True,OK,5,4,1,1,1,0,elevdef,0.553,True,OK,5,4,1,1,1,0,area50,0.553,True,OK,5,4,1,1,1,0,True,0,True,valid_T600,3,stable
7826820,9,276.3,low,1,1,False,topology_pfaf,0.269,True,OK,5,4,1,1,1,0,topology_pfaf,0.269,True,OK,5,4,1,1,1,0,topology_pfaf,0.269,True,OK,5,4,1,1,1,0,topology_pfaf,0.269,True,OK,5,4,1,1,1,0,topology_pfaf,0.269,True,OK,5,4,1,1,1,0,topology_pfaf,0.269,True,OK,5,4,1,1,1,0,elevdef,1.0,False,empty_downstream; down_components=0; up_to_down_edges=0,9,0,1,0,0,0,area50,0.71,True,OK,7,2,1,1,1,0,True,0,True,valid_T600,3,stable
7826840,9,451.7,mixed,1,1,False,elevation,0.711,True,OK,5,4,1,1,1,0,elevation,0.711,True,OK,5,4,1,1,1,0,topology_pfaf,0.711,True,OK,5,4,1,1,1,0,topology_pfaf,0.711,True,OK,5,4,1,1,1,0,topology_pfaf,0.711,True,OK,5,4,1,1,1,0,topology_pfaf,0.711,True,OK,5,4,1,1,1,0,elevdef,0.711,True,OK,5,4,1,1,1,0,area50,0.345,True,OK,3,6,1,1,1,0,True,0,True,valid_T600,3,stable
7826859,9,260.6,low,1,1,False,topology_pfaf,0.638,True,OK,5,4,1,1,1,0,topology_pfaf,0.638,True,OK,5,4,1,1,1,0,topology_pfaf,0.638,True,OK,5,4,1,1,1,0,topology_pfaf,0.638,True,OK,5,4,1,1,1,0,topology_pfaf,0.638,True,OK,5,4,1,1,1,0,topology_pfaf,0.638,True,OK,5,4,1,1,1,0,elevdef,0.638,True,OK,5,4,1,1,1,0,area50,0.638,True,OK,5,4,1,1,1,0,True,0,True,valid_T600,3,stable
7826860,9,723.6,high,1,1,False,elevation,0.486,True,OK,5,4,1,1,1,0,elevation,0.486,True,OK,5,4,1,1,1,0,elevation,0.486,True,OK,5,4,1,1,1,0,elevation,0.486,True,OK,5,4,1,1,1,0,elevation,0.486,True,OK,5,4,1,1,1,0,topology_pfaf,0.486,True,OK,5,4,1,1,1,0,elevdef,0.486,True,OK,5,4,1,1,1,0,area50,0.486,True,OK,5,4,1,1,1,0,True,0,True,valid_T600,3,stable
7826870,9,750.5,high,1,1,False,elevation,0.524,True,OK,1,8,1,1,1,0,elevation,0.524,True,OK,1,8,1,1,1,0,elevation,0.524,True,OK,1,8,1,1,1,0,elevation,0.524,True,OK,1,8,1,1,1,0,elevation,0.524,True,OK,1,8,1,1,1,0,topology_pfaf,0.816,True,OK,5,4,1,1,1,0,elevdef,0.524,True,OK,1,8,1,1,1,0,area50,0.524,True,OK,1,8,1,1,1,0,True,4,False,valid_T600,2,label_change
7826890,9,667.4,high,1,1,False,elevation,0.624,True,OK,5,4,1,1,1,0,elevation,0.624,True,OK,5,4,1,1,1,0,elevation,0.624,True,OK,5,4,1,1,1,0,elevation,0.624,True,OK,5,4,1,1,1,0,topology_pfaf,0.624,True,OK,5,4,1,1,1,0,topology_pfaf,0.624,True,OK,5,4,1,1,1,0,elevdef,0.624,True,OK,5,4,1,1,1,0,area50,0.421,True,OK,3,6,1,1,1,0,True,0,True,valid_T600,3,stable
7826911,9,308.7,mixed,1,1,False,elevation,0.671,True,OK,7,2,1,1,1,0,topology_pfaf,0.559,True,OK,5,4,1,1,1,0,topology_pfaf,0.559,True,OK,5,4,1,1,1,0,topology_pfaf,0.559,True,OK,5,4,1,1,1,0,topology_pfaf,0.559,True,OK,5,4,1,1,1,0,topology_pfaf,0.559,True,OK,5,4,1,1,1,0,elevdef,0.671,True,OK,7,2,1,1,1,0,area50,0.447,True,OK,3,6,1,1,1,0,True,2,False,valid_T600,2,label_change
7826920,9,370.1,mixed,1,1,False,elevation,0.761,True,OK,7,2,1,1,1,0,topology_pfaf,0.604,True,OK,5,4,1,1,1,0,topology_pfaf,0.604,True,OK,5,4,1,1,1,0,topology_pfaf,0.604,True,OK,5,4,1,1,1,0,topology_pfaf,0.604,True,OK,5,4,1,1,1,0,topology_pfaf,0.604,True,OK,5,4,1,1,1,0,elevdef,0.761,True,OK,7,2,1,1,1,0,area50,0.405,True,OK,3,6,1,1,1,0,True,2,False,valid_T600,2,label_change
7826930,9,456.5,mixed,1,1,False,elevation,0.68,True,OK,5,4,1,1,1,0,elevation,0.68,True,OK,5,4,1,1,1,0,topology_pfaf,0.68,True,OK,5,4,1,1,1,0,topology_pfaf,0.68,True,OK,5,4,1,1,1,0,topology_pfaf,0.68,True,OK,5,4,1,1,1,0,topology_pfaf,0.68,True,OK,5,4,1,1,1,0,elevdef,0.68,True,OK,5,4,1,1,1,0,area50,0.355,True,OK,3,6,1,1,1,0,True,0,True,valid_T600,3,stable
7826950,9,548.6,mixed,1,1,False,elevation,0.597,True,OK,7,2,1,1,1,0,elevation,0.597,True,OK,7,2,1,1,1,0,elevation,0.597,True,OK,7,2,1,1,1,0,topology_pfaf,0.417,True,OK,5,4,1,1,1,0,topology_pfaf,0.417,True,OK,5,4,1,1,1,0,topology_pfaf,0.417,True,OK,5,4,1,1,1,0,elevdef,0.597,True,OK,7,2,1,1,1,0,area50,0.417,True,OK,5,4,1,1,1,0,True,2,False,valid_T600,2,label_change
7826990,9,579.8,mixed,1,1,False,elevation,0.483,True,OK,3,6,1,1,1,0,elevation,0.483,True,OK,3,6,1,1,1,0,elevation,0.483,True,OK,3,6,1,1,1,0,topology_pfaf,0.627,True,OK,5,4,1,1,1,0,topology_pfaf,0.627,True,OK,5,4,1,1,1,0,topology_pfaf,0.627,True,OK,5,4,1,1,1,0,elevdef,0.483,True,OK,3,6,1,1,1,0,area50,0.483,True,OK,3,6,1,1,1,0,True,2,False,valid_T600,2,label_change
7827064,9,681.0,high,1,1,False,elevation,0.6,True,OK,5,4,1,1,1,0,elevation,0.6,True,OK,5,4,1,1,1,0,elevation,0.6,True,OK,5,4,1,1,1,0,elevation,0.6,True,OK,5,4,1,1,1,0,topology_pfaf,0.275,True,OK,3,6,1,1,1,0,topology_pfaf,0.275,True,OK,3,6,1,1,1,0,elevdef,0.6,True,OK,5,4,1,1,1,0,area50,0.6,True,OK,5,4,1,1,1,0,True,2,False,valid_T600,2,label_change
7827066,9,930.4,high,1,1,False,elevation,0.516,True,OK,5,4,1,1,1,0,elevation,0.516,True,OK,5,4,1,1,1,0,elevation,0.516,True,OK,5,4,1,1,1,0,elevation,0.516,True,OK,5,4,1,1,1,0,elevation,0.516,True,OK,5,4,1,1,1,0,elevation,0.516,True,OK,5,4,1,1,1,0,elevdef,0.516,True,OK,5,4,1,1,1,0,area50,0.516,True,OK,5,4,1,1,1,0,True,0,True,valid_T600,3,stable
7827068,9,586.2,mixed,1,1,False,elevation,0.49,True,OK,5,4,1,1,1,0,elevation,0.49,True,OK,5,4,1,1,1,0,elevation,0.49,True,OK,5,4,1,1,1,0,topology_pfaf,0.49,True,OK,5,4,1,1,1,0,topology_pfaf,0.49,True,OK,5,4,1,1,1,0,topology_pfaf,0.49,True,OK,5,4,1,1,1,0,elevdef,0.49,True,OK,5,4,1,1,1,0,area50,0.49,True,OK,5,4,1,1,1,0,True,0,True,valid_T600,3,stable
7827069,9,555.0,mixed,1,1,False,elevation,0.534,True,OK,5,4,1,1,1,0,elevation,0.534,True,OK,5,4,1,1,1,0,elevation,0.534,True,OK,5,4,1,1,1,0,topology_pfaf,0.534,True,OK,5,4,1,1,1,0,topology_pfaf,0.534,True,OK,5,4,1,1,1,0,topology_pfaf,0.534,True,OK,5,4,1,1,1,0,elevdef,0.534,True,OK,5,4,1,1,1,0,area50,0.534,True,OK,5,4,1,1,1,0,True,0,True,valid_T600,3,stable
7828020,9,485.6,mixed,1,1,False,elevation,0.598,True,OK,5,4,1,1,1,0,elevation,0.598,True,OK,5,4,1,1,1,0,topology_pfaf,0.598,True,OK,5,4,1,1,1,0,topology_pfaf,0.598,True,OK,5,4,1,1,1,0,topology_pfaf,0.598,True,OK,5,4,1,1,1,0,topology_pfaf,0.598,True,OK,5,4,1,1,1,0,elevdef,0.598,True,OK,5,4,1,1,1,0,area50,0.598,True,OK,5,4,1,1,1,0,True,0,True,valid_T600,3,stable
7828040,9,249.4,low,1,1,False,topology_pfaf,0.541,True,OK,5,4,1,1,1,0,topology_pfaf,0.541,True,OK,5,4,1,1,1,0,topology_pfaf,0.541,True,OK,5,4,1,1,1,0,topology_pfaf,0.541,True,OK,5,4,1,1,1,0,topology_pfaf,0.541,True,OK,5,4,1,1,1,0,topology_pfaf,0.541,True,OK,5,4,1,1,1,0,elevdef,0.746,True,OK,7,2,1,1,1,0,area50,0.541,True,OK,5,4,1,1,1,0,True,0,True,valid_T600,3,stable
7828090,9,439.8,mixed,1,1,False,elevation,0.753,True,OK,5,4,1,1,1,0,elevation,0.753,True,OK,5,4,1,1,1,0,topology_pfaf,0.753,True,OK,5,4,1,1,1,0,topology_pfaf,0.753,True,OK,5,4,1,1,1,0,topology_pfaf,0.753,True,OK,5,4,1,1,1,0,topology_pfaf,0.753,True,OK,5,4,1,1,1,0,elevdef,0.753,True,OK,5,4,1,1,1,0,area50,0.475,True,OK,3,6,1,1,1,0,True,0,True,valid_T600,3,stable
7829009,9,906.5,high,1,1,False,elevation,0.608,True,OK,5,4,1,1,1,0,elevation,0.608,True,OK,5,4,1,1,1,0,elevation,0.608,True,OK,5,4,1,1,1,0,elevation,0.608,True,OK,5,4,1,1,1,0,elevation,0.608,True,OK,5,4,1,1,1,0,elevation,0.608,True,OK,5,4,1,1,1,0,elevdef,0.608,True,OK,5,4,1,1,1,0,area50,0.398,True,OK,3,6,1,1,1,0,True,0,True,valid_T600,3,stable
7829101,9,254.0,low,1,1,False,topology_pfaf,0.172,True,OK,5,4,1,1,1,0,topology_pfaf,0.172,True,OK,5,4,1,1,1,0,topology_pfaf,0.172,True,OK,5,4,1,1,1,0,topology_pfaf,0.172,True,OK,5,4,1,1,1,0,topology_pfaf,0.172,True,OK,5,4,1,1,1,0,topology_pfaf,0.172,True,OK,5,4,1,1,1,0,elevdef,0.599,True,OK,7,2,1,1,1,0,area50,0.599,True,OK,7,2,1,1,1,0,True,0,True,valid_T600,3,stable
7829102,9,465.6,mixed,1,1,False,elevation,0.548,True,OK,5,4,1,1,1,0,elevation,0.548,True,OK,5,4,1,1,1,0,topology_pfaf,0.548,True,OK,5,4,1,1,1,0,topology_pfaf,0.548,True,OK,5,4,1,1,1,0,topology_pfaf,0.548,True,OK,5,4,1,1,1,0,topology_pfaf,0.548,True,OK,5,4,1,1,1,0,elevdef,0.548,True,OK,5,4,1,1,1,0,area50,0.548,True,OK,5,4,1,1,1,0,True,0,True,valid_T600,3,stable
7829106,9,418.4,mixed,1,1,False,elevation,0.502,True,OK,5,4,1,1,1,0,elevation,0.502,True,OK,5,4,1,1,1,0,topology_pfaf,0.502,True,OK,5,4,1,1,1,0,topology_pfaf,0.502,True,OK,5,4,1,1,1,0,topology_pfaf,0.502,True,OK,5,4,1,1,1,0,topology_pfaf,0.502,True,OK,5,4,1,1,1,0,elevdef,0.502,True,OK,5,4,1,1,1,0,area50,0.502,True,OK,5,4,1,1,1,0,True,0,True,valid_T600,3,stable
7829108,9,1026.5,high,1,1,False,elevation,0.36,True,OK,1,8,1,1,1,0,elevation,0.36,True,OK,1,8,1,1,1,0,elevation,0.36,True,OK,1,8,1,1,1,0,elevation,0.36,True,OK,1,8,1,1,1,0,elevation,0.36,True,OK,1,8,1,1,1,0,elevation,0.36,True,OK,1,8,1,1,1,0,elevdef,0.36,True,OK,1,8,1,1,1,0,area50,0.36,True,OK,1,8,1,1,1,0,True,0,True,valid_T600,3,stable
7829209,9,416.2,mixed,1,1,False,elevation,0.564,True,OK,5,4,1,1,1,0,elevation,0.564,True,OK,5,4,1,1,1,0,topology_pfaf,0.564,True,OK,5,4,1,1,1,0,topology_pfaf,0.564,True,OK,5,4,1,1,1,0,topology_pfaf,0.564,True,OK,5,4,1,1,1,0,topology_pfaf,0.564,True,OK,5,4,1,1,1,0,elevdef,0.564,True,OK,5,4,1,1,1,0,area50,0.564,True,OK,5,4,1,1,1,0,True,0,True,valid_T600,3,stable
7829409,9,922.1,high,1,1,False,elevation,0.521,True,OK,5,4,1,1,1,0,elevation,0.521,True,OK,5,4,1,1,1,0,elevation,0.521,True,OK,5,4,1,1,1,0,elevation,0.521,True,OK,5,4,1,1,1,0,elevation,0.521,True,OK,5,4,1,1,1,0,elevation,0.521,True,OK,5,4,1,1,1,0,elevdef,0.521,True,OK,5,4,1,1,1,0,area50,0.521,True,OK,5,4,1,1,1,0,True,0,True,valid_T600,3,stable
7829605,9,333.0,mixed,1,1,False,elevation,0.531,True,OK,5,4,1,1,1,0,topology_pfaf,0.531,True,OK,5,4,1,1,1,0,topology_pfaf,0.531,True,OK,5,4,1,1,1,0,topology_pfaf,0.531,True,OK,5,4,1,1,1,0,topology_pfaf,0.531,True,OK,5,4,1,1,1,0,topology_pfaf,0.531,True,OK,5,4,1,1,1,0,elevdef,0.531,True,OK,5,4,1,1,1,0,area50,0.531,True,OK,5,4,1,1,1,0,True,0,True,valid_T600,3,stable
7829606,9,354.1,mixed,1,1,False,elevation,0.554,True,OK,5,4,1,1,1,0,topology_pfaf,0.554,True,OK,5,4,1,1,1,0,topology_pfaf,0.554,True,OK,5,4,1,1,1,0,topology_pfaf,0.554,True,OK,5,4,1,1,1,0,topology_pfaf,0.554,True,OK,5,4,1,1,1,0,topology_pfaf,0.554,True,OK,5,4,1,1,1,0,elevdef,0.554,True,OK,5,4,1,1,1,0,area50,0.554,True,OK,5,4,1,1,1,0,True,0,True,valid_T600,3,stable
7829800,9,846.8,high,1,1,False,elevation,0.546,True,OK,5,4,1,1,1,0,elevation,0.546,True,OK,5,4,1,1,1,0,elevation,0.546,True,OK,5,4,1,1,1,0,elevation,0.546,True,OK,5,4,1,1,1,0,elevation,0.546,True,OK,5,4,1,1,1,0,elevation,0.546,True,OK,5,4,1,1,1,0,elevdef,0.546,True,OK,5,4,1,1,1,0,area50,0.546,True,OK,5,4,1,1,1,0,True,0,True,valid_T600,3,stable
7829910,9,185.7,low,1,1,False,topology_pfaf,0.41,True,OK,5,4,1,1,1,0,topology_pfaf,0.41,True,OK,5,4,1,1,1,0,topology_pfaf,0.41,True,OK,5,4,1,1,1,0,topology_pfaf,0.41,True,OK,5,4,1,1,1,0,topology_pfaf,0.41,True,OK,5,4,1,1,1,0,topology_pfaf,0.41,True,OK,5,4,1,1,1,0,elevdef,0.826,True,OK,7,2,1,1,1,0,area50,0.41,True,OK,5,4,1,1,1,0,True,0,True,valid_T600,3,stable
7829920,9,736.4,high,1,1,False,elevation,0.648,True,OK,7,2,1,1,1,0,elevation,0.648,True,OK,7,2,1,1,1,0,elevation,0.648,True,OK,7,2,1,1,1,0,elevation,0.648,True,OK,7,2,1,1,1,0,elevation,0.648,True,OK,7,2,1,1,1,0,topology_pfaf,0.617,True,OK,5,4,1,1,1,0,elevdef,0.648,True,OK,7,2,1,1,1,0,area50,0.617,True,OK,5,4,1,1,1,0,True,2,False,valid_T600,2,label_change
7829940,9,584.7,mixed,1,1,False,elevation,0.698,True,OK,5,4,1,1,1,0,elevation,0.698,True,OK,5,4,1,1,1,0,elevation,0.698,True,OK,5,4,1,1,1,0,topology_pfaf,0.698,True,OK,5,4,1,1,1,0,topology_pfaf,0.698,True,OK,5,4,1,1,1,0,topology_pfaf,0.698,True,OK,5,4,1,1,1,0,elevdef,0.698,True,OK,5,4,1,1,1,0,area50,0.457,True,OK,3,6,1,1,1,0,True,0,True,valid_T600,3,stable
7829956,9,398.9,mixed,1,1,False,elevation,0.556,True,OK,3,6,1,1,1,0,topology_pfaf,0.662,True,OK,5,4,1,1,1,0,topology_pfaf,0.662,True,OK,5,4,1,1,1,0,topology_pfaf,0.662,True,OK,5,4,1,1,1,0,topology_pfaf,0.662,True,OK,5,4,1,1,1,0,topology_pfaf,0.662,True,OK,5,4,1,1,1,0,elevdef,0.556,True,OK,3,6,1,1,1,0,area50,0.556,True,OK,3,6,1,1,1,0,True,2,False,valid_T600,2,label_change
7829980,9,550.1,mixed,1,1,False,elevation,0.613,True,OK,7,2,1,1,1,0,elevation,0.613,True,OK,7,2,1,1,1,0,elevation,0.613,True,OK,7,2,1,1,1,0,topology_pfaf,0.53,True,OK,5,4,1,1,1,0,topology_pfaf,0.53,True,OK,5,4,1,1,1,0,topology_pfaf,0.53,True,OK,5,4,1,1,1,0,elevdef,0.613,True,OK,7,2,1,1,1,0,area50,0.53,True,OK,5,4,1,1,1,0,True,2,False,valid_T600,2,label_change
7829999,9,379.0,mixed,1,1,False,elevation,0.573,True,OK,5,4,1,1,1,0,topology_pfaf,0.573,True,OK,5,4,1,1,1,0,topology_pfaf,0.573,True,OK,5,4,1,1,1,0,topology_pfaf,0.573,True,OK,5,4,1,1,1,0,topology_pfaf,0.573,True,OK,5,4,1,1,1,0,topology_pfaf,0.573,True,OK,5,4,1,1,1,0,elevdef,0.573,True,OK,5,4,1,1,1,0,area50,0.48,True,OK,3,6,1,1,1,0,True,0,True,valid_T600,3,stable
7831060,9,720.2,high,1,1,False,elevation,0.481,True,OK,1,8,1,1,1,0,elevation,0.481,True,OK,1,8,1,1,1,0,elevation,0.481,True,OK,1,8,1,1,1,0,elevation,0.481,True,OK,1,8,1,1,1,0,elevation,0.481,True,OK,1,8,1,1,1,0,topology_pfaf,0.481,True,OK,1,8,1,1,1,0,elevdef,0.481,True,OK,1,8,1,1,1,0,area50,0.481,True,OK,1,8,1,1,1,0,True,0,True,valid_T600,3,stable
7831080,9,969.1,high,1,1,False,elevation,0.772,True,OK,7,2,1,1,1,0,elevation,0.772,True,OK,7,2,1,1,1,0,elevation,0.772,True,OK,7,2,1,1,1,0,elevation,0.772,True,OK,7,2,1,1,1,0,elevation,0.772,True,OK,7,2,1,1,1,0,elevation,0.772,True,OK,7,2,1,1,1,0,elevdef,0.772,True,OK,7,2,1,1,1,0,area50,0.526,True,OK,5,4,1,1,1,0,True,0,True,valid_T600,3,stable
7832106,9,846.8,high,1,1,False,elevation,0.801,True,OK,5,4,1,1,1,0,elevation,0.801,True,OK,5,4,1,1,1,0,elevation,0.801,True,OK,5,4,1,1,1,0,elevation,0.801,True,OK,5,4,1,1,1,0,elevation,0.801,True,OK,5,4,1,1,1,0,elevation,0.801,True,OK,5,4,1,1,1,0,elevdef,0.801,True,OK,5,4,1,1,1,0,area50,0.365,True,OK,3,6,1,1,1,0,True,0,True,valid_T600,3,stable
7832220,9,166.1,low,1,1,False,topology_pfaf,0.608,True,OK,5,4,1,1,1,0,topology_pfaf,0.608,True,OK,5,4,1,1,1,0,topology_pfaf,0.608,True,OK,5,4,1,1,1,0,topology_pfaf,0.608,True,OK,5,4,1,1,1,0,topology_pfaf,0.608,True,OK,5,4,1,1,1,0,topology_pfaf,0.608,True,OK,5,4,1,1,1,0,elevdef,0.789,True,OK,7,2,1,1,1,0,area50,0.479,True,OK,3,6,1,1,1,0,True,0,True,valid_T600,3,stable
7832240,9,252.3,low,1,1,False,topology_pfaf,0.66,True,OK,5,4,1,1,1,0,topology_pfaf,0.66,True,OK,5,4,1,1,1,0,topology_pfaf,0.66,True,OK,5,4,1,1,1,0,topology_pfaf,0.66,True,OK,5,4,1,1,1,0,topology_pfaf,0.66,True,OK,5,4,1,1,1,0,topology_pfaf,0.66,True,OK,5,4,1,1,1,0,elevdef,0.513,True,OK,3,6,1,1,1,0,area50,0.513,True,OK,3,6,1,1,1,0,True,0,True,valid_T600,3,stable
7832250,9,507.8,mixed,1,1,False,elevation,0.413,True,OK,1,8,1,1,1,0,elevation,0.413,True,OK,1,8,1,1,1,0,elevation,0.413,True,OK,1,8,1,1,1,0,topology_pfaf,0.413,True,OK,1,8,1,1,1,0,topology_pfaf,0.413,True,OK,1,8,1,1,1,0,topology_pfaf,0.413,True,OK,1,8,1,1,1,0,elevdef,0.413,True,OK,1,8,1,1,1,0,area50,0.413,True,OK,1,8,1,1,1,0,True,0,True,valid_T600,3,stable
7832266,9,419.0,mixed,1,1,False,elevation,0.46,True,OK,7,2,1,1,1,0,elevation,0.46,True,OK,7,2,1,1,1,0,topology_pfaf,0.377,True,OK,5,4,1,1,1,0,topology_pfaf,0.377,True,OK,5,4,1,1,1,0,topology_pfaf,0.377,True,OK,5,4,1,1,1,0,topology_pfaf,0.377,True,OK,5,4,1,1,1,0,elevdef,0.46,True,OK,7,2,1,1,1,0,area50,0.46,True,OK,7,2,1,1,1,0,True,2,False,valid_T600,2,label_change
7832269,9,668.5,high,1,1,False,elevation,0.512,True,OK,5,4,1,1,1,0,elevation,0.512,True,OK,5,4,1,1,1,0,elevation,0.512,True,OK,5,4,1,1,1,0,elevation,0.512,True,OK,5,4,1,1,1,0,topology_pfaf,0.512,True,OK,5,4,1,1,1,0,topology_pfaf,0.512,True,OK,5,4,1,1,1,0,elevdef,0.512,True,OK,5,4,1,1,1,0,area50,0.512,True,OK,5,4,1,1,1,0,True,0,True,valid_T600,3,stable
7832280,9,552.3,mixed,1,1,False,elevation,0.812,True,OK,7,2,1,1,1,0,elevation,0.812,True,OK,7,2,1,1,1,0,elevation,0.812,True,OK,7,2,1,1,1,0,topology_pfaf,0.248,True,OK,3,6,1,1,1,0,topology_pfaf,0.248,True,OK,3,6,1,1,1,0,topology_pfaf,0.248,True,OK,3,6,1,1,1,0,elevdef,0.812,True,OK,7,2,1,1,1,0,area50,0.52,True,OK,5,4,1,1,1,0,True,4,False,valid_T600,2,label_change
7832306,9,324.5,mixed,1,1,False,elevation,0.518,True,OK,5,4,1,1,1,0,topology_pfaf,0.518,True,OK,5,4,1,1,1,0,topology_pfaf,0.518,True,OK,5,4,1,1,1,0,topology_pfaf,0.518,True,OK,5,4,1,1,1,0,topology_pfaf,0.518,True,OK,5,4,1,1,1,0,topology_pfaf,0.518,True,OK,5,4,1,1,1,0,elevdef,0.518,True,OK,5,4,1,1,1,0,area50,0.518,True,OK,5,4,1,1,1,0,True,0,True,valid_T600,3,stable
7832408,9,806.8,high,1,1,False,elevation,0.486,True,OK,5,4,1,1,1,0,elevation,0.486,True,OK,5,4,1,1,1,0,elevation,0.486,True,OK,5,4,1,1,1,0,elevation,0.486,True,OK,5,4,1,1,1,0,elevation,0.486,True,OK,5,4,1,1,1,0,elevation,0.486,True,OK,5,4,1,1,1,0,elevdef,0.486,True,OK,5,4,1,1,1,0,area50,0.486,True,OK,5,4,1,1,1,0,True,0,True,valid_T600,3,stable
7832409,9,670.9,high,1,1,False,elevation,0.416,True,OK,3,6,1,1,1,0,elevation,0.416,True,OK,3,6,1,1,1,0,elevation,0.416,True,OK,3,6,1,1,1,0,elevation,0.416,True,OK,3,6,1,1,1,0,topology_pfaf,0.758,True,OK,5,4,1,1,1,0,topology_pfaf,0.758,True,OK,5,4,1,1,1,0,elevdef,0.416,True,OK,3,6,1,1,1,0,area50,0.416,True,OK,3,6,1,1,1,0,True,2,False,valid_T600,2,label_change
7832506,9,605.3,high,1,1,False,elevation,0.815,True,OK,7,2,1,1,1,0,elevation,0.815,True,OK,7,2,1,1,1,0,elevation,0.815,True,OK,7,2,1,1,1,0,elevation,0.815,True,OK,7,2,1,1,1,0,topology_pfaf,0.507,True,OK,5,4,1,1,1,0,topology_pfaf,0.507,True,OK,5,4,1,1,1,0,elevdef,0.815,True,OK,7,2,1,1,1,0,area50,0.507,True,OK,5,4,1,1,1,0,True,2,False,valid_T600,2,label_change
7832820,9,279.5,low,1,1,False,topology_pfaf,0.438,True,OK,3,6,1,1,1,0,topology_pfaf,0.438,True,OK,3,6,1,1,1,0,topology_pfaf,0.438,True,OK,3,6,1,1,1,0,topology_pfaf,0.438,True,OK,3,6,1,1,1,0,topology_pfaf,0.438,True,OK,3,6,1,1,1,0,topology_pfaf,0.438,True,OK,3,6,1,1,1,0,elevdef,0.438,True,OK,3,6,1,1,1,0,area50,0.438,True,OK,3,6,1,1,1,0,True,0,True,valid_T600,3,stable
7832841,9,126.7,low,1,1,False,topology_pfaf,0.324,True,OK,5,4,1,1,1,0,topology_pfaf,0.324,True,OK,5,4,1,1,1,0,topology_pfaf,0.324,True,OK,5,4,1,1,1,0,topology_pfaf,0.324,True,OK,5,4,1,1,1,0,topology_pfaf,0.324,True,OK,5,4,1,1,1,0,topology_pfaf,0.324,True,OK,5,4,1,1,1,0,elevdef,0.782,True,OK,7,2,1,1,1,0,area50,0.324,True,OK,5,4,1,1,1,0,True,0,True,valid_T600,3,stable
7832849,9,229.8,low,1,1,False,topology_pfaf,0.377,True,OK,5,4,1,1,1,0,topology_pfaf,0.377,True,OK,5,4,1,1,1,0,topology_pfaf,0.377,True,OK,5,4,1,1,1,0,topology_pfaf,0.377,True,OK,5,4,1,1,1,0,topology_pfaf,0.377,True,OK,5,4,1,1,1,0,topology_pfaf,0.377,True,OK,5,4,1,1,1,0,elevdef,0.703,True,OK,7,2,1,1,1,0,area50,0.377,True,OK,5,4,1,1,1,0,True,0,True,valid_T600,3,stable
7832850,9,197.1,low,1,1,False,topology_pfaf,0.697,True,OK,5,4,1,1,1,0,topology_pfaf,0.697,True,OK,5,4,1,1,1,0,topology_pfaf,0.697,True,OK,5,4,1,1,1,0,topology_pfaf,0.697,True,OK,5,4,1,1,1,0,topology_pfaf,0.697,True,OK,5,4,1,1,1,0,topology_pfaf,0.697,True,OK,5,4,1,1,1,0,elevdef,0.697,True,OK,5,4,1,1,1,0,area50,0.542,True,OK,3,6,1,1,1,0,True,0,True,valid_T600,3,stable
7832860,9,127.2,low,1,1,False,topology_pfaf,0.561,True,OK,5,4,1,1,1,0,topology_pfaf,0.561,True,OK,5,4,1,1,1,0,topology_pfaf,0.561,True,OK,5,4,1,1,1,0,topology_pfaf,0.561,True,OK,5,4,1,1,1,0,topology_pfaf,0.561,True,OK,5,4,1,1,1,0,topology_pfaf,0.561,True,OK,5,4,1,1,1,0,elevdef,0.622,True,OK,7,2,1,1,1,0,area50,0.561,True,OK,5,4,1,1,1,0,True,0,True,valid_T600,3,stable
7832880,9,261.2,low,1,1,False,topology_pfaf,0.248,True,OK,3,6,1,1,1,0,topology_pfaf,0.248,True,OK,3,6,1,1,1,0,topology_pfaf,0.248,True,OK,3,6,1,1,1,0,topology_pfaf,0.248,True,OK,3,6,1,1,1,0,topology_pfaf,0.248,True,OK,3,6,1,1,1,0,topology_pfaf,0.248,True,OK,3,6,1,1,1,0,elevdef,0.737,True,OK,7,2,1,1,1,0,area50,0.481,True,OK,5,4,1,1,1,0,True,0,True,valid_T600,3,stable
7832920,9,187.3,low,1,1,False,topology_pfaf,0.7,True,OK,5,4,1,1,1,0,topology_pfaf,0.7,True,OK,5,4,1,1,1,0,topology_pfaf,0.7,True,OK,5,4,1,1,1,0,topology_pfaf,0.7,True,OK,5,4,1,1,1,0,topology_pfaf,0.7,True,OK,5,4,1,1,1,0,topology_pfaf,0.7,True,OK,5,4,1,1,1,0,elevdef,0.7,True,OK,5,4,1,1,1,0,area50,0.427,True,OK,3,6,1,1,1,0,True,0,True,valid_T600,3,stable
7832960,9,705.3,high,1,1,False,elevation,0.436,True,OK,5,4,1,1,1,0,elevation,0.436,True,OK,5,4,1,1,1,0,elevation,0.436,True,OK,5,4,1,1,1,0,elevation,0.436,True,OK,5,4,1,1,1,0,elevation,0.436,True,OK,5,4,1,1,1,0,topology_pfaf,0.169,True,OK,3,6,1,1,1,0,elevdef,0.436,True,OK,5,4,1,1,1,0,area50,0.436,True,OK,5,4,1,1,1,0,True,2,False,valid_T600,2,label_change
7832980,9,483.2,mixed,1,1,False,elevation,0.48,True,OK,7,2,1,1,1,0,elevation,0.48,True,OK,7,2,1,1,1,0,topology_pfaf,0.318,True,OK,5,4,1,1,1,0,topology_pfaf,0.318,True,OK,5,4,1,1,1,0,topology_pfaf,0.318,True,OK,5,4,1,1,1,0,topology_pfaf,0.318,True,OK,5,4,1,1,1,0,elevdef,0.48,True,OK,7,2,1,1,1,0,area50,0.48,True,OK,7,2,1,1,1,0,True,2,False,valid_T600,2,label_change
7832999,9,597.5,mixed,1,1,False,elevation,0.718,True,OK,5,4,1,1,1,0,elevation,0.718,True,OK,5,4,1,1,1,0,elevation,0.718,True,OK,5,4,1,1,1,0,topology_pfaf,0.718,True,OK,5,4,1,1,1,0,topology_pfaf,0.718,True,OK,5,4,1,1,1,0,topology_pfaf,0.718,True,OK,5,4,1,1,1,0,elevdef,0.718,True,OK,5,4,1,1,1,0,area50,0.538,True,OK,3,6,1,1,1,0,True,0,True,valid_T600,3,stable
7833102,9,508.4,mixed,1,1,False,elevation,0.483,True,OK,3,6,1,1,1,0,elevation,0.483,True,OK,3,6,1,1,1,0,elevation,0.483,True,OK,3,6,1,1,1,0,topology_pfaf,0.612,True,OK,5,4,1,1,1,0,topology_pfaf,0.612,True,OK,5,4,1,1,1,0,topology_pfaf,0.612,True,OK,5,4,1,1,1,0,elevdef,0.483,True,OK,3,6,1,1,1,0,area50,0.483,True,OK,3,6,1,1,1,0,True,2,False,valid_T600,2,label_change
7833200,8,474.0,mixed,1,1,False,elevation,0.877,True,OK,4,4,1,1,1,0,elevation,0.877,True,OK,4,4,1,1,1,0,topology_pfaf,0.877,True,OK,4,4,1,1,1,0,topology_pfaf,0.877,True,OK,4,4,1,1,1,0,topology_pfaf,0.877,True,OK,4,4,1,1,1,0,topology_pfaf,0.877,True,OK,4,4,1,1,1,0,elevdef,0.877,True,OK,4,4,1,1,1,0,area50,0.376,True,OK,2,6,1,1,1,0,True,0,True,valid_T600,3,stable
7833400,9,496.5,mixed,1,1,False,elevation,0.432,True,OK,5,4,1,1,1,0,elevation,0.432,True,OK,5,4,1,1,1,0,topology_pfaf,0.432,True,OK,5,4,1,1,1,0,topology_pfaf,0.432,True,OK,5,4,1,1,1,0,topology_pfaf,0.432,True,OK,5,4,1,1,1,0,topology_pfaf,0.432,True,OK,5,4,1,1,1,0,elevdef,0.432,True,OK,5,4,1,1,1,0,area50,0.432,True,OK,5,4,1,1,1,0,True,0,True,valid_T600,3,stable
7833505,9,591.6,mixed,9,9,False,elevation,0.287,False,outlets=9; parent_components=9; down_components=8; up_to_down_edges=0,1,8,1,8,0,0,elevation,0.287,False,outlets=9; parent_components=9; down_components=8; up_to_down_edges=0,1,8,1,8,0,0,elevation,0.287,False,outlets=9; parent_components=9; down_components=8; up_to_down_edges=0,1,8,1,8,0,0,topology_pfaf,0.287,False,outlets=9; parent_components=9; down_components=8; up_to_down_edges=0,1,8,1,8,0,0,topology_pfaf,0.287,False,outlets=9; parent_components=9; down_components=8; up_to_down_edges=0,1,8,1,8,0,0,topology_pfaf,0.287,False,outlets=9; parent_components=9; down_components=8; up_to_down_edges=0,1,8,1,8,0,0,elevdef,0.287,False,outlets=9; parent_components=9; down_components=8; up_to_down_edges=0,1,8,1,8,0,0,area50,0.287,False,outlets=9; parent_components=9; down_components=8; up_to_down_edges=0,1,8,1,8,0,0,False,0,True,invalid_multi_outlet,0,T600_invalid
7833600,9,579.5,mixed,1,1,False,elevation,0.487,True,OK,5,4,1,1,1,0,elevation,0.487,True,OK,5,4,1,1,1,0,elevation,0.487,True,OK,5,4,1,1,1,0,topology_pfaf,0.273,True,OK,3,6,1,1,1,0,topology_pfaf,0.273,True,OK,3,6,1,1,1,0,topology_pfaf,0.273,True,OK,3,6,1,1,1,0,elevdef,0.487,True,OK,5,4,1,1,1,0,area50,0.487,True,OK,5,4,1,1,1,0,True,2,False,valid_T600,2,label_change
7833800,9,394.6,mixed,1,1,False,elevation,0.539,True,OK,5,4,1,1,1,0,topology_pfaf,0.539,True,OK,5,4,1,1,1,0,topology_pfaf,0.539,True,OK,5,4,1,1,1,0,topology_pfaf,0.539,True,OK,5,4,1,1,1,0,topology_pfaf,0.539,True,OK,5,4,1,1,1,0,topology_pfaf,0.539,True,OK,5,4,1,1,1,0,elevdef,0.539,True,OK,5,4,1,1,1,0,area50,0.539,True,OK,5,4,1,1,1,0,True,0,True,valid_T600,3,stable
7834010,9,291.9,low,1,1,False,topology_pfaf,0.537,True,OK,5,4,1,1,1,0,topology_pfaf,0.537,True,OK,5,4,1,1,1,0,topology_pfaf,0.537,True,OK,5,4,1,1,1,0,topology_pfaf,0.537,True,OK,5,4,1,1,1,0,topology_pfaf,0.537,True,OK,5,4,1,1,1,0,topology_pfaf,0.537,True,OK,5,4,1,1,1,0,elevdef,0.537,True,OK,5,4,1,1,1,0,area50,0.537,True,OK,5,4,1,1,1,0,True,0,True,valid_T600,3,stable
7834040,9,426.7,mixed,1,1,False,elevation,0.581,True,OK,7,2,1,1,1,0,elevation,0.581,True,OK,7,2,1,1,1,0,topology_pfaf,0.479,True,OK,5,4,1,1,1,0,topology_pfaf,0.479,True,OK,5,4,1,1,1,0,topology_pfaf,0.479,True,OK,5,4,1,1,1,0,topology_pfaf,0.479,True,OK,5,4,1,1,1,0,elevdef,0.581,True,OK,7,2,1,1,1,0,area50,0.479,True,OK,5,4,1,1,1,0,True,2,False,valid_T600,2,label_change
7834050,9,371.7,mixed,1,1,False,elevation,0.586,True,OK,5,4,1,1,1,0,topology_pfaf,0.586,True,OK,5,4,1,1,1,0,topology_pfaf,0.586,True,OK,5,4,1,1,1,0,topology_pfaf,0.586,True,OK,5,4,1,1,1,0,topology_pfaf,0.586,True,OK,5,4,1,1,1,0,topology_pfaf,0.586,True,OK,5,4,1,1,1,0,elevdef,0.586,True,OK,5,4,1,1,1,0,area50,0.586,True,OK,5,4,1,1,1,0,True,0,True,valid_T600,3,stable
7834070,5,250.1,low,1,1,False,topology_dist,1.0,False,empty_downstream; down_components=0; up_to_down_edges=0,5,0,1,0,0,0,topology_dist,1.0,False,empty_downstream; down_components=0; up_to_down_edges=0,5,0,1,0,0,0,topology_dist,1.0,False,empty_downstream; down_components=0; up_to_down_edges=0,5,0,1,0,0,0,topology_dist,1.0,False,empty_downstream; down_components=0; up_to_down_edges=0,5,0,1,0,0,0,topology_dist,1.0,False,empty_downstream; down_components=0; up_to_down_edges=0,5,0,1,0,0,0,topology_dist,1.0,False,empty_downstream; down_components=0; up_to_down_edges=0,5,0,1,0,0,0,elevdef,1.0,False,empty_downstream; down_components=0; up_to_down_edges=0,5,0,1,0,0,0,area50,0.7,True,OK,1,4,1,1,1,0,False,0,True,invalid_one_sided,0,T600_invalid
7836001,9,424.5,mixed,1,1,False,elevation,1.0,False,empty_downstream; down_components=0; up_to_down_edges=0,9,0,1,0,0,0,elevation,1.0,False,empty_downstream; down_components=0; up_to_down_edges=0,9,0,1,0,0,0,topology_pfaf,0.291,True,OK,5,4,1,1,1,0,topology_pfaf,0.291,True,OK,5,4,1,1,1,0,topology_pfaf,0.291,True,OK,5,4,1,1,1,0,topology_pfaf,0.291,True,OK,5,4,1,1,1,0,elevdef,1.0,False,empty_downstream; down_components=0; up_to_down_edges=0,9,0,1,0,0,0,area50,0.541,True,OK,7,2,1,1,1,0,False,4,False,valid_T600,1,threshold_validity_change
7838040,9,487.7,mixed,1,1,False,elevation,0.504,True,OK,5,4,1,1,1,0,elevation,0.504,True,OK,5,4,1,1,1,0,topology_pfaf,0.387,True,OK,3,6,1,1,1,0,topology_pfaf,0.387,True,OK,3,6,1,1,1,0,topology_pfaf,0.387,True,OK,3,6,1,1,1,0,topology_pfaf,0.387,True,OK,3,6,1,1,1,0,elevdef,0.504,True,OK,5,4,1,1,1,0,area50,0.504,True,OK,5,4,1,1,1,0,True,2,False,valid_T600,2,label_change
7838060,9,344.4,mixed,1,1,False,elevation,0.69,True,OK,7,2,1,1,1,0,topology_pfaf,0.443,True,OK,5,4,1,1,1,0,topology_pfaf,0.443,True,OK,5,4,1,1,1,0,topology_pfaf,0.443,True,OK,5,4,1,1,1,0,topology_pfaf,0.443,True,OK,5,4,1,1,1,0,topology_pfaf,0.443,True,OK,5,4,1,1,1,0,elevdef,0.69,True,OK,7,2,1,1,1,0,area50,0.443,True,OK,5,4,1,1,1,0,True,2,False,valid_T600,2,label_change
7839050,9,602.3,high,9,9,False,elevation,0.208,False,outlets=9; parent_components=9; down_components=8; up_to_down_edges=0,1,8,1,8,0,0,elevation,0.208,False,outlets=9; parent_components=9; down_components=8; up_to_down_edges=0,1,8,1,8,0,0,elevation,0.208,False,outlets=9; parent_components=9; down_components=8; up_to_down_edges=0,1,8,1,8,0,0,elevation,0.208,False,outlets=9; parent_components=9; down_components=8; up_to_down_edges=0,1,8,1,8,0,0,topology_pfaf,0.208,False,outlets=9; parent_components=9; down_components=8; up_to_down_edges=0,1,8,1,8,0,0,topology_pfaf,0.208,False,outlets=9; parent_components=9; down_components=8; up_to_down_edges=0,1,8,1,8,0,0,elevdef,0.208,False,outlets=9; parent_components=9; down_components=8; up_to_down_edges=0,1,8,1,8,0,0,area50,0.208,False,outlets=9; parent_components=9; down_components=8; up_to_down_edges=0,1,8,1,8,0,0,False,0,True,invalid_multi_outlet,0,T600_invalid
8111022,9,642.5,high,1,1,False,elevation,0.495,True,OK,3,6,1,1,1,0,elevation,0.495,True,OK,3,6,1,1,1,0,elevation,0.495,True,OK,3,6,1,1,1,0,elevation,0.495,True,OK,3,6,1,1,1,0,topology_pfaf,0.592,True,OK,5,4,1,1,1,0,topology_pfaf,0.592,True,OK,5,4,1,1,1,0,elevdef,0.495,True,OK,3,6,1,1,1,0,area50,0.495,True,OK,3,6,1,1,1,0,True,2,False,valid_T600,2,label_change
8111029,9,238.6,low,1,1,False,topology_pfaf,0.576,True,OK,5,4,1,1,1,0,topology_pfaf,0.576,True,OK,5,4,1,1,1,0,topology_pfaf,0.576,True,OK,5,4,1,1,1,0,topology_pfaf,0.576,True,OK,5,4,1,1,1,0,topology_pfaf,0.576,True,OK,5,4,1,1,1,0,topology_pfaf,0.576,True,OK,5,4,1,1,1,0,elevdef,0.576,True,OK,5,4,1,1,1,0,area50,0.576,True,OK,5,4,1,1,1,0,True,0,True,valid_T600,3,stable
8112030,9,485.3,mixed,1,1,False,elevation,0.666,True,OK,5,4,1,1,1,0,elevation,0.666,True,OK,5,4,1,1,1,0,topology_pfaf,0.666,True,OK,5,4,1,1,1,0,topology_pfaf,0.666,True,OK,5,4,1,1,1,0,topology_pfaf,0.666,True,OK,5,4,1,1,1,0,topology_pfaf,0.666,True,OK,5,4,1,1,1,0,elevdef,0.666,True,OK,5,4,1,1,1,0,area50,0.666,True,OK,5,4,1,1,1,0,True,0,True,valid_T600,3,stable
8112050,9,782.5,high,1,1,False,elevation,0.496,True,OK,5,4,1,1,1,0,elevation,0.496,True,OK,5,4,1,1,1,0,elevation,0.496,True,OK,5,4,1,1,1,0,elevation,0.496,True,OK,5,4,1,1,1,0,elevation,0.496,True,OK,5,4,1,1,1,0,topology_pfaf,0.496,True,OK,5,4,1,1,1,0,elevdef,0.496,True,OK,5,4,1,1,1,0,area50,0.496,True,OK,5,4,1,1,1,0,True,0,True,valid_T600,3,stable
8113017,9,418.0,mixed,9,9,False,elevation,0.478,False,outlets=9; parent_components=9; down_components=8; up_to_down_edges=0,1,8,1,8,0,0,elevation,0.478,False,outlets=9; parent_components=9; down_components=8; up_to_down_edges=0,1,8,1,8,0,0,topology_pfaf,0.478,False,outlets=9; parent_components=9; down_components=8; up_to_down_edges=0,1,8,1,8,0,0,topology_pfaf,0.478,False,outlets=9; parent_components=9; down_components=8; up_to_down_edges=0,1,8,1,8,0,0,topology_pfaf,0.478,False,outlets=9; parent_components=9; down_components=8; up_to_down_edges=0,1,8,1,8,0,0,topology_pfaf,0.478,False,outlets=9; parent_components=9; down_components=8; up_to_down_edges=0,1,8,1,8,0,0,elevdef,0.478,False,outlets=9; parent_components=9; down_components=8; up_to_down_edges=0,1,8,1,8,0,0,area50,0.478,False,outlets=9; parent_components=9; down_components=8; up_to_down_edges=0,1,8,1,8,0,0,False,0,True,invalid_multi_outlet,0,T600_invalid
8113040,9,730.7,high,1,1,False,elevation,0.673,True,OK,5,4,1,1,1,0,elevation,0.673,True,OK,5,4,1,1,1,0,elevation,0.673,True,OK,5,4,1,1,1,0,elevation,0.673,True,OK,5,4,1,1,1,0,elevation,0.673,True,OK,5,4,1,1,1,0,topology_pfaf,0.673,True,OK,5,4,1,1,1,0,elevdef,0.673,True,OK,5,4,1,1,1,0,area50,0.4,True,OK,3,6,1,1,1,0,True,0,True,valid_T600,3,stable
8113050,9,749.9,high,9,9,False,elevation,0.339,False,outlets=9; parent_components=9; down_components=8; up_to_down_edges=0,1,8,1,8,0,0,elevation,0.339,False,outlets=9; parent_components=9; down_components=8; up_to_down_edges=0,1,8,1,8,0,0,elevation,0.339,False,outlets=9; parent_components=9; down_components=8; up_to_down_edges=0,1,8,1,8,0,0,elevation,0.339,False,outlets=9; parent_components=9; down_components=8; up_to_down_edges=0,1,8,1,8,0,0,elevation,0.339,False,outlets=9; parent_components=9; down_components=8; up_to_down_edges=0,1,8,1,8,0,0,topology_pfaf,0.339,False,outlets=9; parent_components=9; down_components=8; up_to_down_edges=0,1,8,1,8,0,0,elevdef,0.339,False,outlets=9; parent_components=9; down_components=8; up_to_down_edges=0,1,8,1,8,0,0,area50,0.339,False,outlets=9; parent_components=9; down_components=8; up_to_down_edges=0,1,8,1,8,0,0,False,0,True,invalid_multi_outlet,0,T600_invalid
8113080,9,716.5,high,1,1,False,elevation,0.494,True,OK,5,4,1,1,1,0,elevation,0.494,True,OK,5,4,1,1,1,0,elevation,0.494,True,OK,5,4,1,1,1,0,elevation,0.494,True,OK,5,4,1,1,1,0,elevation,0.494,True,OK,5,4,1,1,1,0,topology_pfaf,0.239,True,OK,3,6,1,1,1,0,elevdef,0.494,True,OK,5,4,1,1,1,0,area50,0.494,True,OK,5,4,1,1,1,0,True,2,False,valid_T600,2,label_change
8114030,9,707.9,high,1,1,False,elevation,0.477,True,OK,5,4,1,1,1,0,elevation,0.477,True,OK,5,4,1,1,1,0,elevation,0.477,True,OK,5,4,1,1,1,0,elevation,0.477,True,OK,5,4,1,1,1,0,elevation,0.477,True,OK,5,4,1,1,1,0,topology_pfaf,0.477,True,OK,5,4,1,1,1,0,elevdef,0.477,True,OK,5,4,1,1,1,0,area50,0.477,True,OK,5,4,1,1,1,0,True,0,True,valid_T600,3,stable
8114040,9,699.7,high,1,1,False,elevation,0.691,True,OK,7,2,1,1,1,0,elevation,0.691,True,OK,7,2,1,1,1,0,elevation,0.691,True,OK,7,2,1,1,1,0,elevation,0.691,True,OK,7,2,1,1,1,0,topology_pfaf,0.63,True,OK,5,4,1,1,1,0,topology_pfaf,0.63,True,OK,5,4,1,1,1,0,elevdef,0.691,True,OK,7,2,1,1,1,0,area50,0.469,True,OK,3,6,1,1,1,0,True,2,False,valid_T600,2,label_change
8114071,9,745.9,high,1,1,False,elevation,0.469,True,OK,5,4,1,1,1,0,elevation,0.469,True,OK,5,4,1,1,1,0,elevation,0.469,True,OK,5,4,1,1,1,0,elevation,0.469,True,OK,5,4,1,1,1,0,elevation,0.469,True,OK,5,4,1,1,1,0,topology_pfaf,0.469,True,OK,5,4,1,1,1,0,elevdef,0.469,True,OK,5,4,1,1,1,0,area50,0.469,True,OK,5,4,1,1,1,0,True,0,True,valid_T600,3,stable
8124710,9,534.0,mixed,1,1,False,elevation,0.906,True,OK,7,2,1,1,1,0,elevation,0.906,True,OK,7,2,1,1,1,0,elevation,0.906,True,OK,7,2,1,1,1,0,topology_pfaf,0.421,True,OK,5,4,1,1,1,0,topology_pfaf,0.421,True,OK,5,4,1,1,1,0,topology_pfaf,0.421,True,OK,5,4,1,1,1,0,elevdef,0.906,True,OK,7,2,1,1,1,0,area50,0.421,True,OK,5,4,1,1,1,0,True,2,False,valid_T600,2,label_change
8124720,9,470.8,mixed,1,1,False,elevation,0.501,True,OK,5,4,1,1,1,0,elevation,0.501,True,OK,5,4,1,1,1,0,topology_pfaf,0.501,True,OK,5,4,1,1,1,0,topology_pfaf,0.501,True,OK,5,4,1,1,1,0,topology_pfaf,0.501,True,OK,5,4,1,1,1,0,topology_pfaf,0.501,True,OK,5,4,1,1,1,0,elevdef,0.501,True,OK,5,4,1,1,1,0,area50,0.501,True,OK,5,4,1,1,1,0,True,0,True,valid_T600,3,stable
8124740,9,594.8,mixed,1,1,False,elevation,0.59,True,OK,5,4,1,1,1,0,elevation,0.59,True,OK,5,4,1,1,1,0,elevation,0.59,True,OK,5,4,1,1,1,0,topology_pfaf,0.59,True,OK,5,4,1,1,1,0,topology_pfaf,0.59,True,OK,5,4,1,1,1,0,topology_pfaf,0.59,True,OK,5,4,1,1,1,0,elevdef,0.59,True,OK,5,4,1,1,1,0,area50,0.59,True,OK,5,4,1,1,1,0,True,0,True,valid_T600,3,stable
8124793,9,652.3,high,1,1,False,elevation,0.729,True,OK,7,2,1,1,1,0,elevation,0.729,True,OK,7,2,1,1,1,0,elevation,0.729,True,OK,7,2,1,1,1,0,elevation,0.729,True,OK,7,2,1,1,1,0,topology_pfaf,0.39,True,OK,5,4,1,1,1,0,topology_pfaf,0.39,True,OK,5,4,1,1,1,0,elevdef,0.729,True,OK,7,2,1,1,1,0,area50,0.39,True,OK,5,4,1,1,1,0,True,2,False,valid_T600,2,label_change
8124900,9,1552.1,high,1,1,False,elevation,0.721,True,OK,7,2,1,1,1,0,elevation,0.721,True,OK,7,2,1,1,1,0,elevation,0.721,True,OK,7,2,1,1,1,0,elevation,0.721,True,OK,7,2,1,1,1,0,elevation,0.721,True,OK,7,2,1,1,1,0,elevation,0.721,True,OK,7,2,1,1,1,0,elevdef,0.721,True,OK,7,2,1,1,1,0,area50,0.361,True,OK,5,4,1,1,1,0,True,0,True,valid_T600,3,stable
8126060,9,187.7,low,1,1,False,topology_pfaf,0.498,True,OK,5,4,1,1,1,0,topology_pfaf,0.498,True,OK,5,4,1,1,1,0,topology_pfaf,0.498,True,OK,5,4,1,1,1,0,topology_pfaf,0.498,True,OK,5,4,1,1,1,0,topology_pfaf,0.498,True,OK,5,4,1,1,1,0,topology_pfaf,0.498,True,OK,5,4,1,1,1,0,elevdef,0.639,True,OK,7,2,1,1,1,0,area50,0.498,True,OK,5,4,1,1,1,0,True,0,True,valid_T600,3,stable
8126092,9,242.0,low,1,1,False,topology_pfaf,0.386,True,OK,5,4,1,1,1,0,topology_pfaf,0.386,True,OK,5,4,1,1,1,0,topology_pfaf,0.386,True,OK,5,4,1,1,1,0,topology_pfaf,0.386,True,OK,5,4,1,1,1,0,topology_pfaf,0.386,True,OK,5,4,1,1,1,0,topology_pfaf,0.386,True,OK,5,4,1,1,1,0,elevdef,0.485,True,OK,7,2,1,1,1,0,area50,0.485,True,OK,7,2,1,1,1,0,True,0,True,valid_T600,3,stable
8127080,9,496.5,mixed,1,1,False,elevation,0.664,True,OK,7,2,1,1,1,0,elevation,0.664,True,OK,7,2,1,1,1,0,topology_pfaf,0.416,True,OK,5,4,1,1,1,0,topology_pfaf,0.416,True,OK,5,4,1,1,1,0,topology_pfaf,0.416,True,OK,5,4,1,1,1,0,topology_pfaf,0.416,True,OK,5,4,1,1,1,0,elevdef,0.664,True,OK,7,2,1,1,1,0,area50,0.416,True,OK,5,4,1,1,1,0,True,2,False,valid_T600,2,label_change
8127090,9,199.4,low,1,1,False,topology_pfaf,0.603,True,OK,5,4,1,1,1,0,topology_pfaf,0.603,True,OK,5,4,1,1,1,0,topology_pfaf,0.603,True,OK,5,4,1,1,1,0,topology_pfaf,0.603,True,OK,5,4,1,1,1,0,topology_pfaf,0.603,True,OK,5,4,1,1,1,0,topology_pfaf,0.603,True,OK,5,4,1,1,1,0,elevdef,0.419,True,OK,1,8,1,1,1,0,area50,0.419,True,OK,1,8,1,1,1,0,True,0,True,valid_T600,3,stable
8128010,9,153.0,low,1,1,False,topology_pfaf,0.331,True,OK,5,4,1,1,1,0,topology_pfaf,0.331,True,OK,5,4,1,1,1,0,topology_pfaf,0.331,True,OK,5,4,1,1,1,0,topology_pfaf,0.331,True,OK,5,4,1,1,1,0,topology_pfaf,0.331,True,OK,5,4,1,1,1,0,topology_pfaf,0.331,True,OK,5,4,1,1,1,0,elevdef,0.518,True,OK,7,2,1,1,1,0,area50,0.518,True,OK,7,2,1,1,1,0,True,0,True,valid_T600,3,stable
8128020,9,372.1,mixed,1,1,False,elevation,1.0,False,empty_downstream; down_components=0; up_to_down_edges=0,9,0,1,0,0,0,topology_pfaf,0.376,True,OK,5,4,1,1,1,0,topology_pfaf,0.376,True,OK,5,4,1,1,1,0,topology_pfaf,0.376,True,OK,5,4,1,1,1,0,topology_pfaf,0.376,True,OK,5,4,1,1,1,0,topology_pfaf,0.376,True,OK,5,4,1,1,1,0,elevdef,1.0,False,empty_downstream; down_components=0; up_to_down_edges=0,9,0,1,0,0,0,area50,0.459,True,OK,7,2,1,1,1,0,False,4,False,valid_T600,1,threshold_validity_change
8129460,9,235.7,low,1,1,False,topology_pfaf,0.307,True,OK,3,6,1,1,1,0,topology_pfaf,0.307,True,OK,3,6,1,1,1,0,topology_pfaf,0.307,True,OK,3,6,1,1,1,0,topology_pfaf,0.307,True,OK,3,6,1,1,1,0,topology_pfaf,0.307,True,OK,3,6,1,1,1,0,topology_pfaf,0.307,True,OK,3,6,1,1,1,0,elevdef,0.507,True,OK,5,4,1,1,1,0,area50,0.507,True,OK,5,4,1,1,1,0,True,0,True,valid_T600,3,stable
8129480,9,265.0,low,1,1,False,topology_pfaf,0.719,True,OK,5,4,1,1,1,0,topology_pfaf,0.719,True,OK,5,4,1,1,1,0,topology_pfaf,0.719,True,OK,5,4,1,1,1,0,topology_pfaf,0.719,True,OK,5,4,1,1,1,0,topology_pfaf,0.719,True,OK,5,4,1,1,1,0,topology_pfaf,0.719,True,OK,5,4,1,1,1,0,elevdef,0.719,True,OK,5,4,1,1,1,0,area50,0.444,True,OK,3,6,1,1,1,0,True,0,True,valid_T600,3,stable
8129504,9,353.0,mixed,1,1,False,elevation,0.774,True,OK,7,2,1,1,1,0,topology_pfaf,0.45,True,OK,5,4,1,1,1,0,topology_pfaf,0.45,True,OK,5,4,1,1,1,0,topology_pfaf,0.45,True,OK,5,4,1,1,1,0,topology_pfaf,0.45,True,OK,5,4,1,1,1,0,topology_pfaf,0.45,True,OK,5,4,1,1,1,0,elevdef,0.774,True,OK,7,2,1,1,1,0,area50,0.45,True,OK,5,4,1,1,1,0,True,2,False,valid_T600,2,label_change
8129603,9,147.7,low,1,1,False,topology_pfaf,0.642,True,OK,5,4,1,1,1,0,topology_pfaf,0.642,True,OK,5,4,1,1,1,0,topology_pfaf,0.642,True,OK,5,4,1,1,1,0,topology_pfaf,0.642,True,OK,5,4,1,1,1,0,topology_pfaf,0.642,True,OK,5,4,1,1,1,0,topology_pfaf,0.642,True,OK,5,4,1,1,1,0,elevdef,0.919,True,OK,7,2,1,1,1,0,area50,0.642,True,OK,5,4,1,1,1,0,True,0,True,valid_T600,3,stable
8129810,9,201.9,low,1,1,False,topology_pfaf,0.641,True,OK,5,4,1,1,1,0,topology_pfaf,0.641,True,OK,5,4,1,1,1,0,topology_pfaf,0.641,True,OK,5,4,1,1,1,0,topology_pfaf,0.641,True,OK,5,4,1,1,1,0,topology_pfaf,0.641,True,OK,5,4,1,1,1,0,topology_pfaf,0.641,True,OK,5,4,1,1,1,0,elevdef,0.641,True,OK,5,4,1,1,1,0,area50,0.641,True,OK,5,4,1,1,1,0,True,0,True,valid_T600,3,stable
8129820,9,421.3,mixed,1,1,False,elevation,0.574,True,OK,5,4,1,1,1,0,elevation,0.574,True,OK,5,4,1,1,1,0,topology_pfaf,0.574,True,OK,5,4,1,1,1,0,topology_pfaf,0.574,True,OK,5,4,1,1,1,0,topology_pfaf,0.574,True,OK,5,4,1,1,1,0,topology_pfaf,0.574,True,OK,5,4,1,1,1,0,elevdef,0.574,True,OK,5,4,1,1,1,0,area50,0.574,True,OK,5,4,1,1,1,0,True,0,True,valid_T600,3,stable
8129860,9,368.3,mixed,1,1,False,elevation,0.859,True,OK,5,4,1,1,1,0,topology_pfaf,0.859,True,OK,5,4,1,1,1,0,topology_pfaf,0.859,True,OK,5,4,1,1,1,0,topology_pfaf,0.859,True,OK,5,4,1,1,1,0,topology_pfaf,0.859,True,OK,5,4,1,1,1,0,topology_pfaf,0.859,True,OK,5,4,1,1,1,0,elevdef,0.859,True,OK,5,4,1,1,1,0,area50,0.541,True,OK,1,8,1,1,1,0,True,0,True,valid_T600,3,stable
8129870,9,383.5,mixed,1,1,False,elevation,0.638,True,OK,5,4,1,1,1,0,topology_pfaf,0.638,True,OK,5,4,1,1,1,0,topology_pfaf,0.638,True,OK,5,4,1,1,1,0,topology_pfaf,0.638,True,OK,5,4,1,1,1,0,topology_pfaf,0.638,True,OK,5,4,1,1,1,0,topology_pfaf,0.638,True,OK,5,4,1,1,1,0,elevdef,0.638,True,OK,5,4,1,1,1,0,area50,0.551,True,OK,3,6,1,1,1,0,True,0,True,valid_T600,3,stable
8129880,9,469.9,mixed,1,1,False,elevation,0.517,True,OK,5,4,1,1,1,0,elevation,0.517,True,OK,5,4,1,1,1,0,topology_pfaf,0.517,True,OK,5,4,1,1,1,0,topology_pfaf,0.517,True,OK,5,4,1,1,1,0,topology_pfaf,0.517,True,OK,5,4,1,1,1,0,topology_pfaf,0.517,True,OK,5,4,1,1,1,0,elevdef,0.517,True,OK,5,4,1,1,1,0,area50,0.517,True,OK,5,4,1,1,1,0,True,0,True,valid_T600,3,stable
8129890,9,203.9,low,1,1,False,topology_pfaf,0.786,True,OK,5,4,1,1,1,0,topology_pfaf,0.786,True,OK,5,4,1,1,1,0,topology_pfaf,0.786,True,OK,5,4,1,1,1,0,topology_pfaf,0.786,True,OK,5,4,1,1,1,0,topology_pfaf,0.786,True,OK,5,4,1,1,1,0,topology_pfaf,0.786,True,OK,5,4,1,1,1,0,elevdef,0.786,True,OK,5,4,1,1,1,0,area50,0.412,True,OK,1,8,1,1,1,0,True,0,True,valid_T600,3,stable
8129901,9,231.6,low,1,1,False,topology_pfaf,0.289,True,OK,3,6,1,1,1,0,topology_pfaf,0.289,True,OK,3,6,1,1,1,0,topology_pfaf,0.289,True,OK,3,6,1,1,1,0,topology_pfaf,0.289,True,OK,3,6,1,1,1,0,topology_pfaf,0.289,True,OK,3,6,1,1,1,0,topology_pfaf,0.289,True,OK,3,6,1,1,1,0,elevdef,0.61,True,OK,5,4,1,1,1,0,area50,0.61,True,OK,5,4,1,1,1,0,True,0,True,valid_T600,3,stable
8129906,9,423.2,mixed,1,1,False,elevation,0.623,True,OK,5,4,1,1,1,0,elevation,0.623,True,OK,5,4,1,1,1,0,topology_pfaf,0.47,True,OK,3,6,1,1,1,0,topology_pfaf,0.47,True,OK,3,6,1,1,1,0,topology_pfaf,0.47,True,OK,3,6,1,1,1,0,topology_pfaf,0.47,True,OK,3,6,1,1,1,0,elevdef,0.623,True,OK,5,4,1,1,1,0,area50,0.47,True,OK,3,6,1,1,1,0,True,2,False,valid_T600,2,label_change
8135012,9,311.4,mixed,1,1,False,elevation,0.518,True,OK,7,2,1,1,1,0,topology_pfaf,0.371,True,OK,5,4,1,1,1,0,topology_pfaf,0.371,True,OK,5,4,1,1,1,0,topology_pfaf,0.371,True,OK,5,4,1,1,1,0,topology_pfaf,0.371,True,OK,5,4,1,1,1,0,topology_pfaf,0.371,True,OK,5,4,1,1,1,0,elevdef,0.518,True,OK,7,2,1,1,1,0,area50,0.518,True,OK,7,2,1,1,1,0,True,2,False,valid_T600,2,label_change
8139026,7,339.4,mixed,1,1,False,elevation,0.748,True,OK,5,2,1,1,1,0,topology_pfaf,0.425,True,OK,3,4,1,1,1,0,topology_pfaf,0.425,True,OK,3,4,1,1,1,0,topology_pfaf,0.425,True,OK,3,4,1,1,1,0,topology_pfaf,0.425,True,OK,3,4,1,1,1,0,topology_pfaf,0.425,True,OK,3,4,1,1,1,0,elevdef,0.748,True,OK,5,2,1,1,1,0,area50,0.425,True,OK,3,4,1,1,1,0,True,2,False,valid_T600,2,label_change
8221100,9,29.5,low,1,1,False,topology_pfaf,0.366,True,OK,5,4,1,1,1,0,topology_pfaf,0.366,True,OK,5,4,1,1,1,0,topology_pfaf,0.366,True,OK,5,4,1,1,1,0,topology_pfaf,0.366,True,OK,5,4,1,1,1,0,topology_pfaf,0.366,True,OK,5,4,1,1,1,0,topology_pfaf,0.366,True,OK,5,4,1,1,1,0,elevdef,0.451,True,OK,7,2,1,1,1,0,area50,0.451,True,OK,7,2,1,1,1,0,True,0,True,valid_T600,3,stable
8221211,9,470.5,mixed,1,1,False,elevation,0.362,True,OK,5,4,1,1,1,0,elevation,0.362,True,OK,5,4,1,1,1,0,topology_pfaf,0.362,True,OK,5,4,1,1,1,0,topology_pfaf,0.362,True,OK,5,4,1,1,1,0,topology_pfaf,0.362,True,OK,5,4,1,1,1,0,topology_pfaf,0.362,True,OK,5,4,1,1,1,0,elevdef,0.362,True,OK,5,4,1,1,1,0,area50,0.362,True,OK,5,4,1,1,1,0,True,0,True,valid_T600,3,stable
8221270,9,255.1,low,1,1,False,topology_pfaf,0.775,True,OK,5,4,1,1,1,0,topology_pfaf,0.775,True,OK,5,4,1,1,1,0,topology_pfaf,0.775,True,OK,5,4,1,1,1,0,topology_pfaf,0.775,True,OK,5,4,1,1,1,0,topology_pfaf,0.775,True,OK,5,4,1,1,1,0,topology_pfaf,0.775,True,OK,5,4,1,1,1,0,elevdef,0.775,True,OK,5,4,1,1,1,0,area50,0.384,True,OK,1,8,1,1,1,0,True,0,True,valid_T600,3,stable
8221300,7,92.6,low,1,1,False,topology_pfaf,0.615,True,OK,1,6,1,1,1,0,topology_pfaf,0.615,True,OK,1,6,1,1,1,0,topology_pfaf,0.615,True,OK,1,6,1,1,1,0,topology_pfaf,0.615,True,OK,1,6,1,1,1,0,topology_pfaf,0.615,True,OK,1,6,1,1,1,0,topology_pfaf,0.615,True,OK,1,6,1,1,1,0,elevdef,0.615,True,OK,1,6,1,1,1,0,area50,0.615,True,OK,1,6,1,1,1,0,True,0,True,valid_T600,3,stable
8221406,9,840.6,high,1,1,False,elevation,0.626,True,OK,5,4,1,1,1,0,elevation,0.626,True,OK,5,4,1,1,1,0,elevation,0.626,True,OK,5,4,1,1,1,0,elevation,0.626,True,OK,5,4,1,1,1,0,elevation,0.626,True,OK,5,4,1,1,1,0,elevation,0.626,True,OK,5,4,1,1,1,0,elevdef,0.626,True,OK,5,4,1,1,1,0,area50,0.398,True,OK,3,6,1,1,1,0,True,0,True,valid_T600,3,stable
8222401,9,122.0,low,1,1,False,topology_pfaf,0.591,True,OK,5,4,1,1,1,0,topology_pfaf,0.591,True,OK,5,4,1,1,1,0,topology_pfaf,0.591,True,OK,5,4,1,1,1,0,topology_pfaf,0.591,True,OK,5,4,1,1,1,0,topology_pfaf,0.591,True,OK,5,4,1,1,1,0,topology_pfaf,0.591,True,OK,5,4,1,1,1,0,elevdef,0.591,True,OK,5,4,1,1,1,0,area50,0.489,True,OK,3,6,1,1,1,0,True,0,True,valid_T600,3,stable
8222930,9,125.2,low,1,1,False,topology_pfaf,0.655,True,OK,5,4,1,1,1,0,topology_pfaf,0.655,True,OK,5,4,1,1,1,0,topology_pfaf,0.655,True,OK,5,4,1,1,1,0,topology_pfaf,0.655,True,OK,5,4,1,1,1,0,topology_pfaf,0.655,True,OK,5,4,1,1,1,0,topology_pfaf,0.655,True,OK,5,4,1,1,1,0,elevdef,0.655,True,OK,5,4,1,1,1,0,area50,0.655,True,OK,5,4,1,1,1,0,True,0,True,valid_T600,3,stable
8222950,9,109.2,low,1,1,False,topology_pfaf,0.524,True,OK,5,4,1,1,1,0,topology_pfaf,0.524,True,OK,5,4,1,1,1,0,topology_pfaf,0.524,True,OK,5,4,1,1,1,0,topology_pfaf,0.524,True,OK,5,4,1,1,1,0,topology_pfaf,0.524,True,OK,5,4,1,1,1,0,topology_pfaf,0.524,True,OK,5,4,1,1,1,0,elevdef,0.524,True,OK,5,4,1,1,1,0,area50,0.524,True,OK,5,4,1,1,1,0,True,0,True,valid_T600,3,stable
8223406,9,544.9,mixed,1,1,False,elevation,0.636,True,OK,5,4,1,1,1,0,elevation,0.636,True,OK,5,4,1,1,1,0,elevation,0.636,True,OK,5,4,1,1,1,0,topology_pfaf,0.35,True,OK,3,6,1,1,1,0,topology_pfaf,0.35,True,OK,3,6,1,1,1,0,topology_pfaf,0.35,True,OK,3,6,1,1,1,0,elevdef,0.636,True,OK,5,4,1,1,1,0,area50,0.636,True,OK,5,4,1,1,1,0,True,2,False,valid_T600,2,label_change
8223601,9,184.9,low,1,1,False,topology_pfaf,0.59,True,OK,5,4,1,1,1,0,topology_pfaf,0.59,True,OK,5,4,1,1,1,0,topology_pfaf,0.59,True,OK,5,4,1,1,1,0,topology_pfaf,0.59,True,OK,5,4,1,1,1,0,topology_pfaf,0.59,True,OK,5,4,1,1,1,0,topology_pfaf,0.59,True,OK,5,4,1,1,1,0,elevdef,0.59,True,OK,5,4,1,1,1,0,area50,0.59,True,OK,5,4,1,1,1,0,True,0,True,valid_T600,3,stable
8223702,9,913.4,high,1,1,False,elevation,0.676,True,OK,7,2,1,1,1,0,elevation,0.676,True,OK,7,2,1,1,1,0,elevation,0.676,True,OK,7,2,1,1,1,0,elevation,0.676,True,OK,7,2,1,1,1,0,elevation,0.676,True,OK,7,2,1,1,1,0,elevation,0.676,True,OK,7,2,1,1,1,0,elevdef,0.676,True,OK,7,2,1,1,1,0,area50,0.676,True,OK,7,2,1,1,1,0,True,0,True,valid_T600,3,stable
8223900,9,166.1,low,1,1,False,topology_pfaf,0.183,True,OK,3,6,1,1,1,0,topology_pfaf,0.183,True,OK,3,6,1,1,1,0,topology_pfaf,0.183,True,OK,3,6,1,1,1,0,topology_pfaf,0.183,True,OK,3,6,1,1,1,0,topology_pfaf,0.183,True,OK,3,6,1,1,1,0,topology_pfaf,0.183,True,OK,3,6,1,1,1,0,elevdef,0.617,True,OK,5,4,1,1,1,0,area50,0.617,True,OK,5,4,1,1,1,0,True,0,True,valid_T600,3,stable
8224103,9,144.1,low,1,1,False,topology_pfaf,0.707,True,OK,5,4,1,1,1,0,topology_pfaf,0.707,True,OK,5,4,1,1,1,0,topology_pfaf,0.707,True,OK,5,4,1,1,1,0,topology_pfaf,0.707,True,OK,5,4,1,1,1,0,topology_pfaf,0.707,True,OK,5,4,1,1,1,0,topology_pfaf,0.707,True,OK,5,4,1,1,1,0,elevdef,0.509,True,OK,3,6,1,1,1,0,area50,0.509,True,OK,3,6,1,1,1,0,True,0,True,valid_T600,3,stable
8224240,9,430.5,mixed,1,1,False,elevation,1.0,False,empty_downstream; down_components=0; up_to_down_edges=0,9,0,1,0,0,0,elevation,1.0,False,empty_downstream; down_components=0; up_to_down_edges=0,9,0,1,0,0,0,topology_pfaf,0.476,True,OK,5,4,1,1,1,0,topology_pfaf,0.476,True,OK,5,4,1,1,1,0,topology_pfaf,0.476,True,OK,5,4,1,1,1,0,topology_pfaf,0.476,True,OK,5,4,1,1,1,0,elevdef,1.0,False,empty_downstream; down_components=0; up_to_down_edges=0,9,0,1,0,0,0,area50,0.524,True,OK,7,2,1,1,1,0,False,4,False,valid_T600,1,threshold_validity_change
8224270,9,783.5,high,1,1,False,elevation,0.454,True,OK,5,4,1,1,1,0,elevation,0.454,True,OK,5,4,1,1,1,0,elevation,0.454,True,OK,5,4,1,1,1,0,elevation,0.454,True,OK,5,4,1,1,1,0,elevation,0.454,True,OK,5,4,1,1,1,0,topology_pfaf,0.454,True,OK,5,4,1,1,1,0,elevdef,0.454,True,OK,5,4,1,1,1,0,area50,0.454,True,OK,5,4,1,1,1,0,True,0,True,valid_T600,3,stable
8224699,9,687.0,high,1,1,False,elevation,0.515,True,OK,5,4,1,1,1,0,elevation,0.515,True,OK,5,4,1,1,1,0,elevation,0.515,True,OK,5,4,1,1,1,0,elevation,0.515,True,OK,5,4,1,1,1,0,topology_pfaf,0.515,True,OK,5,4,1,1,1,0,topology_pfaf,0.515,True,OK,5,4,1,1,1,0,elevdef,0.515,True,OK,5,4,1,1,1,0,area50,0.515,True,OK,5,4,1,1,1,0,True,0,True,valid_T600,3,stable
8224740,9,823.4,high,1,1,False,elevation,0.797,True,OK,5,4,1,1,1,0,elevation,0.797,True,OK,5,4,1,1,1,0,elevation,0.797,True,OK,5,4,1,1,1,0,elevation,0.797,True,OK,5,4,1,1,1,0,elevation,0.797,True,OK,5,4,1,1,1,0,elevation,0.797,True,OK,5,4,1,1,1,0,elevdef,0.797,True,OK,5,4,1,1,1,0,area50,0.395,True,OK,3,6,1,1,1,0,True,0,True,valid_T600,3,stable
8224750,9,468.2,mixed,1,1,False,elevation,0.592,True,OK,5,4,1,1,1,0,elevation,0.592,True,OK,5,4,1,1,1,0,topology_pfaf,0.592,True,OK,5,4,1,1,1,0,topology_pfaf,0.592,True,OK,5,4,1,1,1,0,topology_pfaf,0.592,True,OK,5,4,1,1,1,0,topology_pfaf,0.592,True,OK,5,4,1,1,1,0,elevdef,0.592,True,OK,5,4,1,1,1,0,area50,0.592,True,OK,5,4,1,1,1,0,True,0,True,valid_T600,3,stable
8224760,9,177.2,low,1,1,False,topology_pfaf,0.593,True,OK,5,4,1,1,1,0,topology_pfaf,0.593,True,OK,5,4,1,1,1,0,topology_pfaf,0.593,True,OK,5,4,1,1,1,0,topology_pfaf,0.593,True,OK,5,4,1,1,1,0,topology_pfaf,0.593,True,OK,5,4,1,1,1,0,topology_pfaf,0.593,True,OK,5,4,1,1,1,0,elevdef,0.465,True,OK,3,6,1,1,1,0,area50,0.465,True,OK,3,6,1,1,1,0,True,0,True,valid_T600,3,stable
8224806,9,360.5,mixed,1,1,False,elevation,0.557,True,OK,5,4,1,1,1,0,topology_pfaf,0.557,True,OK,5,4,1,1,1,0,topology_pfaf,0.557,True,OK,5,4,1,1,1,0,topology_pfaf,0.557,True,OK,5,4,1,1,1,0,topology_pfaf,0.557,True,OK,5,4,1,1,1,0,topology_pfaf,0.557,True,OK,5,4,1,1,1,0,elevdef,0.557,True,OK,5,4,1,1,1,0,area50,0.471,True,OK,3,6,1,1,1,0,True,0,True,valid_T600,3,stable
8224948,9,307.4,mixed,1,1,False,elevation,0.441,True,OK,5,4,1,1,1,0,topology_pfaf,0.441,True,OK,5,4,1,1,1,0,topology_pfaf,0.441,True,OK,5,4,1,1,1,0,topology_pfaf,0.441,True,OK,5,4,1,1,1,0,topology_pfaf,0.441,True,OK,5,4,1,1,1,0,topology_pfaf,0.441,True,OK,5,4,1,1,1,0,elevdef,0.441,True,OK,5,4,1,1,1,0,area50,0.441,True,OK,5,4,1,1,1,0,True,0,True,valid_T600,3,stable
8224960,9,374.1,mixed,1,1,False,elevation,0.966,True,OK,7,2,1,1,1,0,topology_pfaf,0.497,True,OK,1,8,1,1,1,0,topology_pfaf,0.497,True,OK,1,8,1,1,1,0,topology_pfaf,0.497,True,OK,1,8,1,1,1,0,topology_pfaf,0.497,True,OK,1,8,1,1,1,0,topology_pfaf,0.497,True,OK,1,8,1,1,1,0,elevdef,0.966,True,OK,7,2,1,1,1,0,area50,0.497,True,OK,1,8,1,1,1,0,True,6,False,valid_T600,2,label_change
8225130,9,118.3,low,1,1,False,topology_pfaf,0.671,True,OK,5,4,1,1,1,0,topology_pfaf,0.671,True,OK,5,4,1,1,1,0,topology_pfaf,0.671,True,OK,5,4,1,1,1,0,topology_pfaf,0.671,True,OK,5,4,1,1,1,0,topology_pfaf,0.671,True,OK,5,4,1,1,1,0,topology_pfaf,0.671,True,OK,5,4,1,1,1,0,elevdef,0.671,True,OK,5,4,1,1,1,0,area50,0.339,True,OK,3,6,1,1,1,0,True,0,True,valid_T600,3,stable
8225140,9,345.2,mixed,1,1,False,elevation,0.418,True,OK,5,4,1,1,1,0,topology_pfaf,0.418,True,OK,5,4,1,1,1,0,topology_pfaf,0.418,True,OK,5,4,1,1,1,0,topology_pfaf,0.418,True,OK,5,4,1,1,1,0,topology_pfaf,0.418,True,OK,5,4,1,1,1,0,topology_pfaf,0.418,True,OK,5,4,1,1,1,0,elevdef,0.418,True,OK,5,4,1,1,1,0,area50,0.418,True,OK,5,4,1,1,1,0,True,0,True,valid_T600,3,stable
8225209,9,214.6,low,1,1,False,topology_pfaf,0.419,True,OK,3,6,1,1,1,0,topology_pfaf,0.419,True,OK,3,6,1,1,1,0,topology_pfaf,0.419,True,OK,3,6,1,1,1,0,topology_pfaf,0.419,True,OK,3,6,1,1,1,0,topology_pfaf,0.419,True,OK,3,6,1,1,1,0,topology_pfaf,0.419,True,OK,3,6,1,1,1,0,elevdef,0.529,True,OK,5,4,1,1,1,0,area50,0.529,True,OK,5,4,1,1,1,0,True,0,True,valid_T600,3,stable
8225487,9,53.8,low,1,1,False,topology_pfaf,0.368,True,OK,5,4,1,1,1,0,topology_pfaf,0.368,True,OK,5,4,1,1,1,0,topology_pfaf,0.368,True,OK,5,4,1,1,1,0,topology_pfaf,0.368,True,OK,5,4,1,1,1,0,topology_pfaf,0.368,True,OK,5,4,1,1,1,0,topology_pfaf,0.368,True,OK,5,4,1,1,1,0,elevdef,0.368,True,OK,5,4,1,1,1,0,area50,0.368,True,OK,5,4,1,1,1,0,True,0,True,valid_T600,3,stable
8225489,9,263.1,low,1,1,False,topology_pfaf,0.403,True,OK,5,4,1,1,1,0,topology_pfaf,0.403,True,OK,5,4,1,1,1,0,topology_pfaf,0.403,True,OK,5,4,1,1,1,0,topology_pfaf,0.403,True,OK,5,4,1,1,1,0,topology_pfaf,0.403,True,OK,5,4,1,1,1,0,topology_pfaf,0.403,True,OK,5,4,1,1,1,0,elevdef,0.403,True,OK,5,4,1,1,1,0,area50,0.403,True,OK,5,4,1,1,1,0,True,0,True,valid_T600,3,stable
8225493,9,232.2,low,1,1,False,topology_pfaf,0.379,True,OK,5,4,1,1,1,0,topology_pfaf,0.379,True,OK,5,4,1,1,1,0,topology_pfaf,0.379,True,OK,5,4,1,1,1,0,topology_pfaf,0.379,True,OK,5,4,1,1,1,0,topology_pfaf,0.379,True,OK,5,4,1,1,1,0,topology_pfaf,0.379,True,OK,5,4,1,1,1,0,elevdef,0.624,True,OK,7,2,1,1,1,0,area50,0.379,True,OK,5,4,1,1,1,0,True,0,True,valid_T600,3,stable
8226222,9,168.3,low,1,1,False,topology_pfaf,0.549,True,OK,5,4,1,1,1,0,topology_pfaf,0.549,True,OK,5,4,1,1,1,0,topology_pfaf,0.549,True,OK,5,4,1,1,1,0,topology_pfaf,0.549,True,OK,5,4,1,1,1,0,topology_pfaf,0.549,True,OK,5,4,1,1,1,0,topology_pfaf,0.549,True,OK,5,4,1,1,1,0,elevdef,0.549,True,OK,5,4,1,1,1,0,area50,0.549,True,OK,5,4,1,1,1,0,True,0,True,valid_T600,3,stable
8226231,9,40.2,low,1,1,False,topology_pfaf,0.358,True,OK,5,4,1,1,1,0,topology_pfaf,0.358,True,OK,5,4,1,1,1,0,topology_pfaf,0.358,True,OK,5,4,1,1,1,0,topology_pfaf,0.358,True,OK,5,4,1,1,1,0,topology_pfaf,0.358,True,OK,5,4,1,1,1,0,topology_pfaf,0.358,True,OK,5,4,1,1,1,0,elevdef,0.567,True,OK,7,2,1,1,1,0,area50,0.567,True,OK,7,2,1,1,1,0,True,0,True,valid_T600,3,stable
8226244,9,144.2,low,1,1,False,topology_pfaf,0.423,True,OK,3,6,1,1,1,0,topology_pfaf,0.423,True,OK,3,6,1,1,1,0,topology_pfaf,0.423,True,OK,3,6,1,1,1,0,topology_pfaf,0.423,True,OK,3,6,1,1,1,0,topology_pfaf,0.423,True,OK,3,6,1,1,1,0,topology_pfaf,0.423,True,OK,3,6,1,1,1,0,elevdef,0.723,True,OK,5,4,1,1,1,0,area50,0.423,True,OK,3,6,1,1,1,0,True,0,True,valid_T600,3,stable
8226270,9,154.2,low,1,1,False,topology_pfaf,0.64,True,OK,5,4,1,1,1,0,topology_pfaf,0.64,True,OK,5,4,1,1,1,0,topology_pfaf,0.64,True,OK,5,4,1,1,1,0,topology_pfaf,0.64,True,OK,5,4,1,1,1,0,topology_pfaf,0.64,True,OK,5,4,1,1,1,0,topology_pfaf,0.64,True,OK,5,4,1,1,1,0,elevdef,0.64,True,OK,5,4,1,1,1,0,area50,0.37,True,OK,1,8,1,1,1,0,True,0,True,valid_T600,3,stable
8226280,9,70.4,low,1,1,False,topology_pfaf,0.317,True,OK,3,6,1,1,1,0,topology_pfaf,0.317,True,OK,3,6,1,1,1,0,topology_pfaf,0.317,True,OK,3,6,1,1,1,0,topology_pfaf,0.317,True,OK,3,6,1,1,1,0,topology_pfaf,0.317,True,OK,3,6,1,1,1,0,topology_pfaf,0.317,True,OK,3,6,1,1,1,0,elevdef,1.0,False,empty_downstream; down_components=0; up_to_down_edges=0,9,0,1,0,0,0,area50,0.568,True,OK,5,4,1,1,1,0,True,0,True,valid_T600,3,stable
8226917,9,70.0,low,1,1,False,topology_pfaf,0.832,True,OK,5,4,1,1,1,0,topology_pfaf,0.832,True,OK,5,4,1,1,1,0,topology_pfaf,0.832,True,OK,5,4,1,1,1,0,topology_pfaf,0.832,True,OK,5,4,1,1,1,0,topology_pfaf,0.832,True,OK,5,4,1,1,1,0,topology_pfaf,0.832,True,OK,5,4,1,1,1,0,elevdef,0.682,True,OK,3,6,1,1,1,0,area50,0.682,True,OK,3,6,1,1,1,0,True,0,True,valid_T600,3,stable
8228412,9,175.7,low,1,1,False,topology_pfaf,0.704,True,OK,5,4,1,1,1,0,topology_pfaf,0.704,True,OK,5,4,1,1,1,0,topology_pfaf,0.704,True,OK,5,4,1,1,1,0,topology_pfaf,0.704,True,OK,5,4,1,1,1,0,topology_pfaf,0.704,True,OK,5,4,1,1,1,0,topology_pfaf,0.704,True,OK,5,4,1,1,1,0,elevdef,0.704,True,OK,5,4,1,1,1,0,area50,0.356,True,OK,3,6,1,1,1,0,True,0,True,valid_T600,3,stable
8228461,9,133.5,low,1,1,False,topology_pfaf,0.359,True,OK,1,8,1,1,1,0,topology_pfaf,0.359,True,OK,1,8,1,1,1,0,topology_pfaf,0.359,True,OK,1,8,1,1,1,0,topology_pfaf,0.359,True,OK,1,8,1,1,1,0,topology_pfaf,0.359,True,OK,1,8,1,1,1,0,topology_pfaf,0.359,True,OK,1,8,1,1,1,0,elevdef,0.359,True,OK,1,8,1,1,1,0,area50,0.359,True,OK,1,8,1,1,1,0,True,0,True,valid_T600,3,stable
8228499,9,115.8,low,1,1,False,topology_pfaf,0.605,True,OK,5,4,1,1,1,0,topology_pfaf,0.605,True,OK,5,4,1,1,1,0,topology_pfaf,0.605,True,OK,5,4,1,1,1,0,topology_pfaf,0.605,True,OK,5,4,1,1,1,0,topology_pfaf,0.605,True,OK,5,4,1,1,1,0,topology_pfaf,0.605,True,OK,5,4,1,1,1,0,elevdef,0.605,True,OK,5,4,1,1,1,0,area50,0.436,True,OK,3,6,1,1,1,0,True,0,True,valid_T600,3,stable
8228502,9,257.9,low,1,1,False,topology_pfaf,0.424,True,OK,5,4,1,1,1,0,topology_pfaf,0.424,True,OK,5,4,1,1,1,0,topology_pfaf,0.424,True,OK,5,4,1,1,1,0,topology_pfaf,0.424,True,OK,5,4,1,1,1,0,topology_pfaf,0.424,True,OK,5,4,1,1,1,0,topology_pfaf,0.424,True,OK,5,4,1,1,1,0,elevdef,0.424,True,OK,5,4,1,1,1,0,area50,0.424,True,OK,5,4,1,1,1,0,True,0,True,valid_T600,3,stable
8228504,9,230.0,low,1,1,False,topology_pfaf,0.538,True,OK,5,4,1,1,1,0,topology_pfaf,0.538,True,OK,5,4,1,1,1,0,topology_pfaf,0.538,True,OK,5,4,1,1,1,0,topology_pfaf,0.538,True,OK,5,4,1,1,1,0,topology_pfaf,0.538,True,OK,5,4,1,1,1,0,topology_pfaf,0.538,True,OK,5,4,1,1,1,0,elevdef,0.538,True,OK,5,4,1,1,1,0,area50,0.538,True,OK,5,4,1,1,1,0,True,0,True,valid_T600,3,stable
8228508,9,286.4,low,1,1,False,topology_pfaf,0.532,True,OK,5,4,1,1,1,0,topology_pfaf,0.532,True,OK,5,4,1,1,1,0,topology_pfaf,0.532,True,OK,5,4,1,1,1,0,topology_pfaf,0.532,True,OK,5,4,1,1,1,0,topology_pfaf,0.532,True,OK,5,4,1,1,1,0,topology_pfaf,0.532,True,OK,5,4,1,1,1,0,elevdef,0.532,True,OK,5,4,1,1,1,0,area50,0.532,True,OK,5,4,1,1,1,0,True,0,True,valid_T600,3,stable
8228509,9,116.1,low,1,1,False,topology_pfaf,0.488,True,OK,5,4,1,1,1,0,topology_pfaf,0.488,True,OK,5,4,1,1,1,0,topology_pfaf,0.488,True,OK,5,4,1,1,1,0,topology_pfaf,0.488,True,OK,5,4,1,1,1,0,topology_pfaf,0.488,True,OK,5,4,1,1,1,0,topology_pfaf,0.488,True,OK,5,4,1,1,1,0,elevdef,1.0,False,empty_downstream; down_components=0; up_to_down_edges=0,9,0,1,0,0,0,area50,0.488,True,OK,5,4,1,1,1,0,True,0,True,valid_T600,3,stable
8228660,9,61.5,low,1,1,False,topology_pfaf,0.764,True,OK,5,4,1,1,1,0,topology_pfaf,0.764,True,OK,5,4,1,1,1,0,topology_pfaf,0.764,True,OK,5,4,1,1,1,0,topology_pfaf,0.764,True,OK,5,4,1,1,1,0,topology_pfaf,0.764,True,OK,5,4,1,1,1,0,topology_pfaf,0.764,True,OK,5,4,1,1,1,0,elevdef,0.764,True,OK,5,4,1,1,1,0,area50,0.579,True,OK,3,6,1,1,1,0,True,0,True,valid_T600,3,stable
8228708,9,77.2,low,1,1,False,topology_pfaf,0.408,True,OK,3,6,1,1,1,0,topology_pfaf,0.408,True,OK,3,6,1,1,1,0,topology_pfaf,0.408,True,OK,3,6,1,1,1,0,topology_pfaf,0.408,True,OK,3,6,1,1,1,0,topology_pfaf,0.408,True,OK,3,6,1,1,1,0,topology_pfaf,0.408,True,OK,3,6,1,1,1,0,elevdef,0.558,True,OK,5,4,1,1,1,0,area50,0.558,True,OK,5,4,1,1,1,0,True,0,True,valid_T600,3,stable
8228709,9,57.3,low,1,1,False,topology_pfaf,0.492,True,OK,5,4,1,1,1,0,topology_pfaf,0.492,True,OK,5,4,1,1,1,0,topology_pfaf,0.492,True,OK,5,4,1,1,1,0,topology_pfaf,0.492,True,OK,5,4,1,1,1,0,topology_pfaf,0.492,True,OK,5,4,1,1,1,0,topology_pfaf,0.492,True,OK,5,4,1,1,1,0,elevdef,0.57,True,OK,7,2,1,1,1,0,area50,0.492,True,OK,5,4,1,1,1,0,True,0,True,valid_T600,3,stable
8228929,9,373.4,mixed,1,1,False,elevation,0.59,True,OK,5,4,1,1,1,0,topology_pfaf,0.59,True,OK,5,4,1,1,1,0,topology_pfaf,0.59,True,OK,5,4,1,1,1,0,topology_pfaf,0.59,True,OK,5,4,1,1,1,0,topology_pfaf,0.59,True,OK,5,4,1,1,1,0,topology_pfaf,0.59,True,OK,5,4,1,1,1,0,elevdef,0.59,True,OK,5,4,1,1,1,0,area50,0.434,True,OK,3,6,1,1,1,0,True,0,True,valid_T600,3,stable
8228970,9,165.9,low,1,1,False,topology_pfaf,0.156,True,OK,3,6,1,1,1,0,topology_pfaf,0.156,True,OK,3,6,1,1,1,0,topology_pfaf,0.156,True,OK,3,6,1,1,1,0,topology_pfaf,0.156,True,OK,3,6,1,1,1,0,topology_pfaf,0.156,True,OK,3,6,1,1,1,0,topology_pfaf,0.156,True,OK,3,6,1,1,1,0,elevdef,0.71,True,OK,7,2,1,1,1,0,area50,0.384,True,OK,5,4,1,1,1,0,True,0,True,valid_T600,3,stable
8228991,9,488.8,mixed,1,1,False,elevation,0.675,True,OK,7,2,1,1,1,0,elevation,0.675,True,OK,7,2,1,1,1,0,topology_pfaf,0.283,True,OK,5,4,1,1,1,0,topology_pfaf,0.283,True,OK,5,4,1,1,1,0,topology_pfaf,0.283,True,OK,5,4,1,1,1,0,topology_pfaf,0.283,True,OK,5,4,1,1,1,0,elevdef,0.675,True,OK,7,2,1,1,1,0,area50,0.675,True,OK,7,2,1,1,1,0,True,2,False,valid_T600,2,label_change
8229240,9,69.5,low,1,1,False,topology_pfaf,0.455,True,OK,3,6,1,1,1,0,topology_pfaf,0.455,True,OK,3,6,1,1,1,0,topology_pfaf,0.455,True,OK,3,6,1,1,1,0,topology_pfaf,0.455,True,OK,3,6,1,1,1,0,topology_pfaf,0.455,True,OK,3,6,1,1,1,0,topology_pfaf,0.455,True,OK,3,6,1,1,1,0,elevdef,0.678,True,OK,5,4,1,1,1,0,area50,0.455,True,OK,3,6,1,1,1,0,True,0,True,valid_T600,3,stable
8229367,9,212.2,low,1,1,False,topology_pfaf,0.585,True,OK,5,4,1,1,1,0,topology_pfaf,0.585,True,OK,5,4,1,1,1,0,topology_pfaf,0.585,True,OK,5,4,1,1,1,0,topology_pfaf,0.585,True,OK,5,4,1,1,1,0,topology_pfaf,0.585,True,OK,5,4,1,1,1,0,topology_pfaf,0.585,True,OK,5,4,1,1,1,0,elevdef,0.585,True,OK,5,4,1,1,1,0,area50,0.585,True,OK,5,4,1,1,1,0,True,0,True,valid_T600,3,stable
8229390,9,196.3,low,1,1,False,topology_pfaf,0.326,True,OK,3,6,1,1,1,0,topology_pfaf,0.326,True,OK,3,6,1,1,1,0,topology_pfaf,0.326,True,OK,3,6,1,1,1,0,topology_pfaf,0.326,True,OK,3,6,1,1,1,0,topology_pfaf,0.326,True,OK,3,6,1,1,1,0,topology_pfaf,0.326,True,OK,3,6,1,1,1,0,elevdef,1.0,False,empty_downstream; down_components=0; up_to_down_edges=0,9,0,1,0,0,0,area50,0.525,True,OK,7,2,1,1,1,0,True,0,True,valid_T600,3,stable
8229480,9,697.5,high,1,1,False,elevation,0.4,True,OK,3,6,1,1,1,0,elevation,0.4,True,OK,3,6,1,1,1,0,elevation,0.4,True,OK,3,6,1,1,1,0,elevation,0.4,True,OK,3,6,1,1,1,0,topology_pfaf,0.4,True,OK,3,6,1,1,1,0,topology_pfaf,0.4,True,OK,3,6,1,1,1,0,elevdef,0.4,True,OK,3,6,1,1,1,0,area50,0.4,True,OK,3,6,1,1,1,0,True,0,True,valid_T600,3,stable
8229504,9,174.0,low,1,1,False,topology_pfaf,0.237,True,OK,5,4,1,1,1,0,topology_pfaf,0.237,True,OK,5,4,1,1,1,0,topology_pfaf,0.237,True,OK,5,4,1,1,1,0,topology_pfaf,0.237,True,OK,5,4,1,1,1,0,topology_pfaf,0.237,True,OK,5,4,1,1,1,0,topology_pfaf,0.237,True,OK,5,4,1,1,1,0,elevdef,0.447,True,OK,7,2,1,1,1,0,area50,0.447,True,OK,7,2,1,1,1,0,True,0,True,valid_T600,3,stable
8229506,9,170.3,low,1,1,False,topology_pfaf,0.535,True,OK,5,4,1,1,1,0,topology_pfaf,0.535,True,OK,5,4,1,1,1,0,topology_pfaf,0.535,True,OK,5,4,1,1,1,0,topology_pfaf,0.535,True,OK,5,4,1,1,1,0,topology_pfaf,0.535,True,OK,5,4,1,1,1,0,topology_pfaf,0.535,True,OK,5,4,1,1,1,0,elevdef,0.535,True,OK,5,4,1,1,1,0,area50,0.535,True,OK,5,4,1,1,1,0,True,0,True,valid_T600,3,stable
8229508,9,256.3,low,1,1,False,topology_pfaf,0.592,True,OK,3,6,1,1,1,0,topology_pfaf,0.592,True,OK,3,6,1,1,1,0,topology_pfaf,0.592,True,OK,3,6,1,1,1,0,topology_pfaf,0.592,True,OK,3,6,1,1,1,0,topology_pfaf,0.592,True,OK,3,6,1,1,1,0,topology_pfaf,0.592,True,OK,3,6,1,1,1,0,elevdef,0.592,True,OK,3,6,1,1,1,0,area50,0.592,True,OK,3,6,1,1,1,0,True,0,True,valid_T600,3,stable
8229606,9,123.4,low,1,1,False,topology_pfaf,0.735,True,OK,5,4,1,1,1,0,topology_pfaf,0.735,True,OK,5,4,1,1,1,0,topology_pfaf,0.735,True,OK,5,4,1,1,1,0,topology_pfaf,0.735,True,OK,5,4,1,1,1,0,topology_pfaf,0.735,True,OK,5,4,1,1,1,0,topology_pfaf,0.735,True,OK,5,4,1,1,1,0,elevdef,0.615,True,OK,3,6,1,1,1,0,area50,0.615,True,OK,3,6,1,1,1,0,True,0,True,valid_T600,3,stable
8229722,9,348.2,mixed,1,1,False,elevation,0.518,True,OK,1,8,1,1,1,0,topology_pfaf,0.518,True,OK,1,8,1,1,1,0,topology_pfaf,0.518,True,OK,1,8,1,1,1,0,topology_pfaf,0.518,True,OK,1,8,1,1,1,0,topology_pfaf,0.518,True,OK,1,8,1,1,1,0,topology_pfaf,0.518,True,OK,1,8,1,1,1,0,elevdef,0.518,True,OK,1,8,1,1,1,0,area50,0.518,True,OK,1,8,1,1,1,0,True,0,True,valid_T600,3,stable
8229770,9,589.8,mixed,1,1,False,elevation,0.506,True,OK,5,4,1,1,1,0,elevation,0.506,True,OK,5,4,1,1,1,0,elevation,0.506,True,OK,5,4,1,1,1,0,topology_pfaf,0.506,True,OK,5,4,1,1,1,0,topology_pfaf,0.506,True,OK,5,4,1,1,1,0,topology_pfaf,0.506,True,OK,5,4,1,1,1,0,elevdef,0.506,True,OK,5,4,1,1,1,0,area50,0.506,True,OK,5,4,1,1,1,0,True,0,True,valid_T600,3,stable
8229804,9,321.0,mixed,1,1,False,elevation,0.508,True,OK,7,2,1,1,1,0,topology_pfaf,0.238,True,OK,3,6,1,1,1,0,topology_pfaf,0.238,True,OK,3,6,1,1,1,0,topology_pfaf,0.238,True,OK,3,6,1,1,1,0,topology_pfaf,0.238,True,OK,3,6,1,1,1,0,topology_pfaf,0.238,True,OK,3,6,1,1,1,0,elevdef,0.508,True,OK,7,2,1,1,1,0,area50,0.508,True,OK,7,2,1,1,1,0,True,4,False,valid_T600,2,label_change
8229922,9,384.0,mixed,1,1,False,elevation,0.694,True,OK,7,2,1,1,1,0,topology_pfaf,0.124,True,OK,3,6,1,1,1,0,topology_pfaf,0.124,True,OK,3,6,1,1,1,0,topology_pfaf,0.124,True,OK,3,6,1,1,1,0,topology_pfaf,0.124,True,OK,3,6,1,1,1,0,topology_pfaf,0.124,True,OK,3,6,1,1,1,0,elevdef,0.694,True,OK,7,2,1,1,1,0,area50,0.325,True,OK,5,4,1,1,1,0,True,4,False,valid_T600,2,label_change
8229940,9,469.5,mixed,1,1,False,elevation,0.525,True,OK,5,4,1,1,1,0,elevation,0.525,True,OK,5,4,1,1,1,0,topology_pfaf,0.525,True,OK,5,4,1,1,1,0,topology_pfaf,0.525,True,OK,5,4,1,1,1,0,topology_pfaf,0.525,True,OK,5,4,1,1,1,0,topology_pfaf,0.525,True,OK,5,4,1,1,1,0,elevdef,0.525,True,OK,5,4,1,1,1,0,area50,0.525,True,OK,5,4,1,1,1,0,True,0,True,valid_T600,3,stable
8229950,9,604.6,high,1,1,False,elevation,0.822,True,OK,7,2,1,1,1,0,elevation,0.822,True,OK,7,2,1,1,1,0,elevation,0.822,True,OK,7,2,1,1,1,0,elevation,0.822,True,OK,7,2,1,1,1,0,topology_pfaf,0.231,True,OK,3,6,1,1,1,0,topology_pfaf,0.231,True,OK,3,6,1,1,1,0,elevdef,0.822,True,OK,7,2,1,1,1,0,area50,0.395,True,OK,5,4,1,1,1,0,True,4,False,valid_T600,2,label_change
8229960,9,440.2,mixed,1,1,False,elevation,0.75,True,OK,7,2,1,1,1,0,elevation,0.75,True,OK,7,2,1,1,1,0,topology_pfaf,0.361,True,OK,5,4,1,1,1,0,topology_pfaf,0.361,True,OK,5,4,1,1,1,0,topology_pfaf,0.361,True,OK,5,4,1,1,1,0,topology_pfaf,0.361,True,OK,5,4,1,1,1,0,elevdef,0.75,True,OK,7,2,1,1,1,0,area50,0.361,True,OK,5,4,1,1,1,0,True,2,False,valid_T600,2,label_change
8229970,9,460.1,mixed,1,1,False,elevation,0.397,True,OK,5,4,1,1,1,0,elevation,0.397,True,OK,5,4,1,1,1,0,topology_pfaf,0.397,True,OK,5,4,1,1,1,0,topology_pfaf,0.397,True,OK,5,4,1,1,1,0,topology_pfaf,0.397,True,OK,5,4,1,1,1,0,topology_pfaf,0.397,True,OK,5,4,1,1,1,0,elevdef,0.397,True,OK,5,4,1,1,1,0,area50,0.397,True,OK,5,4,1,1,1,0,True,0,True,valid_T600,3,stable
8230424,9,171.3,low,1,1,False,topology_pfaf,0.54,True,OK,5,4,1,1,1,0,topology_pfaf,0.54,True,OK,5,4,1,1,1,0,topology_pfaf,0.54,True,OK,5,4,1,1,1,0,topology_pfaf,0.54,True,OK,5,4,1,1,1,0,topology_pfaf,0.54,True,OK,5,4,1,1,1,0,topology_pfaf,0.54,True,OK,5,4,1,1,1,0,elevdef,0.54,True,OK,5,4,1,1,1,0,area50,0.54,True,OK,5,4,1,1,1,0,True,0,True,valid_T600,3,stable
8313060,9,244.1,low,1,1,False,topology_pfaf,0.249,True,OK,3,6,1,1,1,0,topology_pfaf,0.249,True,OK,3,6,1,1,1,0,topology_pfaf,0.249,True,OK,3,6,1,1,1,0,topology_pfaf,0.249,True,OK,3,6,1,1,1,0,topology_pfaf,0.249,True,OK,3,6,1,1,1,0,topology_pfaf,0.249,True,OK,3,6,1,1,1,0,elevdef,0.386,True,OK,5,4,1,1,1,0,area50,0.386,True,OK,5,4,1,1,1,0,True,0,True,valid_T600,3,stable
8318901,9,55.0,low,1,1,False,topology_pfaf,0.4,True,OK,5,4,1,1,1,0,topology_pfaf,0.4,True,OK,5,4,1,1,1,0,topology_pfaf,0.4,True,OK,5,4,1,1,1,0,topology_pfaf,0.4,True,OK,5,4,1,1,1,0,topology_pfaf,0.4,True,OK,5,4,1,1,1,0,topology_pfaf,0.4,True,OK,5,4,1,1,1,0,elevdef,0.4,True,OK,5,4,1,1,1,0,area50,0.4,True,OK,5,4,1,1,1,0,True,0,True,valid_T600,3,stable
8324210,9,102.5,low,1,1,False,topology_pfaf,0.777,True,OK,5,4,1,1,1,0,topology_pfaf,0.777,True,OK,5,4,1,1,1,0,topology_pfaf,0.777,True,OK,5,4,1,1,1,0,topology_pfaf,0.777,True,OK,5,4,1,1,1,0,topology_pfaf,0.777,True,OK,5,4,1,1,1,0,topology_pfaf,0.777,True,OK,5,4,1,1,1,0,elevdef,0.618,True,OK,3,6,1,1,1,0,area50,0.618,True,OK,3,6,1,1,1,0,True,0,True,valid_T600,3,stable
8324280,9,60.4,low,1,1,False,topology_pfaf,0.557,True,OK,5,4,1,1,1,0,topology_pfaf,0.557,True,OK,5,4,1,1,1,0,topology_pfaf,0.557,True,OK,5,4,1,1,1,0,topology_pfaf,0.557,True,OK,5,4,1,1,1,0,topology_pfaf,0.557,True,OK,5,4,1,1,1,0,topology_pfaf,0.557,True,OK,5,4,1,1,1,0,elevdef,0.557,True,OK,5,4,1,1,1,0,area50,0.557,True,OK,5,4,1,1,1,0,True,0,True,valid_T600,3,stable
8324410,9,68.0,low,1,1,False,topology_pfaf,0.757,True,OK,5,4,1,1,1,0,topology_pfaf,0.757,True,OK,5,4,1,1,1,0,topology_pfaf,0.757,True,OK,5,4,1,1,1,0,topology_pfaf,0.757,True,OK,5,4,1,1,1,0,topology_pfaf,0.757,True,OK,5,4,1,1,1,0,topology_pfaf,0.757,True,OK,5,4,1,1,1,0,elevdef,0.757,True,OK,5,4,1,1,1,0,area50,0.371,True,OK,1,8,1,1,1,0,True,0,True,valid_T600,3,stable
8324509,9,33.6,low,1,1,False,topology_pfaf,0.547,True,OK,5,4,1,1,1,0,topology_pfaf,0.547,True,OK,5,4,1,1,1,0,topology_pfaf,0.547,True,OK,5,4,1,1,1,0,topology_pfaf,0.547,True,OK,5,4,1,1,1,0,topology_pfaf,0.547,True,OK,5,4,1,1,1,0,topology_pfaf,0.547,True,OK,5,4,1,1,1,0,elevdef,0.547,True,OK,5,4,1,1,1,0,area50,0.547,True,OK,5,4,1,1,1,0,True,0,True,valid_T600,3,stable
8324600,9,89.6,low,1,1,False,topology_pfaf,0.56,True,OK,5,4,1,1,1,0,topology_pfaf,0.56,True,OK,5,4,1,1,1,0,topology_pfaf,0.56,True,OK,5,4,1,1,1,0,topology_pfaf,0.56,True,OK,5,4,1,1,1,0,topology_pfaf,0.56,True,OK,5,4,1,1,1,0,topology_pfaf,0.56,True,OK,5,4,1,1,1,0,elevdef,0.56,True,OK,5,4,1,1,1,0,area50,0.56,True,OK,5,4,1,1,1,0,True,0,True,valid_T600,3,stable
