catchment_id,record_source,in_both_compilations,lat,lon,area_km2,elevation_m,snowfall_fraction,snow_cover_pct,mean_runoff_mm_per_yr,mean_precipitation_mm_per_yr,irrigation_pct,reservoir_pct,urban_pct
Canada_01AD002,3049 catchments,True,46.7529661927479,-69.1022774987192,14703.0,361.980179386562,0.3050382464932578,,607.40917573673,1143.4889703409335,0.0568979502479752,0.014162243074229,0.0007874636263792
Canada_01AD003,2339 catchments,True,47.20661163,-68.9569397,1343.75963197291,,0.324958529597235,46.1106873587483,,,0.0210853523601651,0.0,0.0
Canada_01AE001,2339 catchments,False,47.23749924,-68.58277893,2249.5245080831,,0.295619269788591,42.405173908485,,,0.399234039117823,0.0,0.0121999999999999
Canada_01AF002,3049 catchments,True,46.8073580808458,-69.0613191392234,21891.0,339.888174979252,0.3068055861892035,,620.3556254429415,1135.730087536179,0.0622056246328156,0.0093990255768288,0.0684040363243814
Canada_01AF007,2339 catchments,True,47.24697113,-67.92127991,323.834465139301,,0.278157166749915,44.4601736117852,,,0.0563337495099766,0.0,0.0
Canada_01AG003,3049 catchments,True,46.6843813594675,-68.4064485602433,6122.0,253.847238315952,0.2817062375897676,,599.7634363672004,1143.1321837899395,0.442852573609312,0.0293368857042588,0.0679479730960978
Canada_01AH002,3049 catchments,False,47.2631902125424,-67.0326574841524,2271.0,368.799126637555,0.3098954381521249,,674.2990731836196,1138.3525611111388,0.0296497577923889,0.0775565950639416,0.0
Canada_01AH004,2339 catchments,False,46.79167175,-67.68332672,4312.79314206634,,0.298553717558393,44.4630225875417,,,0.0399875072655249,4.41063465246334,0.0174
Canada_01AJ001,2339 catchments,False,46.47000122,-67.58972168,34196.9246445238,,0.297736204345573,43.7864056254764,,,0.158094747398029,2.48020046816074,0.1079425
Canada_01AJ003,2339 catchments,False,46.21622086,-67.72794342,1213.34409533101,,0.252547974948553,39.0383358651733,,,0.655286453756103,0.0,0.4957983
Canada_01AJ004,3049 catchments,False,46.5382103970795,-67.898306119337,487.0,185.231325301205,0.2639247052375336,,654.5535171063023,1168.4241092463608,1.49019753270679,0.0,0.0
Canada_01AJ010,3049 catchments,True,46.3080275830286,-67.2958512786165,343.0,231.19652173913,0.2520825528332577,,717.736483642454,1211.206100390679,0.0018425218760967,0.0,0.0
Canada_01AK001,3049 catchments,True,45.8391436050724,-67.3809794121298,233.0,169.513994910941,0.2462787368000919,,701.416246425506,1135.7852365431452,0.0,0.0,0.0
Canada_01AK007,2339 catchments,True,46.04877853,-67.23960876,246.772247947179,,0.244239830962896,38.35259902416,,,0.0,0.0,0.0
Canada_01AL002,2339 catchments,False,46.12591934,-66.61131287,1466.68539665079,,0.252468508007566,40.5847438359548,,,0.0013760263551061,0.0,0.0
Canada_01AM001,3049 catchments,True,45.6663450450463,-66.8952602795803,564.0,119.904559915164,0.2379065696422841,,708.0101670772677,1151.1335415821798,0.0,0.0,0.0
Canada_01AN002,2339 catchments,True,46.29072189,-65.7227478,1053.36969519059,,0.268424265066563,36.2641662650608,,,0.0,0.0,0.0
Canada_01AP002,2339 catchments,True,46.07236099,-65.36638641,649.806661642269,,0.272641003344092,34.941496268587,,,0.0,0.0,0.0
Canada_01AP004,2339 catchments,True,45.70138931,-65.6016922,1104.44823673042,,0.244005462261406,34.3340768322767,,,0.160230096979373,0.0,0.272329
Canada_01AQ001,2339 catchments,True,45.16978073,-66.46827698,237.318927541952,,0.196990388056291,29.6897524767956,,,0.0,0.0,0.0
Canada_01AQ002,2339 catchments,True,45.27333069,-66.80667114,1421.80208515444,,0.226258036248387,32.7882171555302,,,0.0648490758317456,0.0,0.0
Canada_01AR004,3049 catchments,False,45.71075665804,-67.6474918180206,1066.0,163.922033898305,0.2420451786141404,,654.221969445189,1148.1263601449505,0.0519040700319773,0.542550612870841,0.1427335664629939
Canada_01AR005,3049 catchments,False,45.3940785164982,-67.7307572032577,3541.0,126.778421680586,0.2234848218120565,,678.6506500988422,1177.5423446405,0.38084462388197,0.494452841830954,0.0710368914119268
Canada_01AR006,2339 catchments,True,45.20903015,-67.26215363,113.680557405702,,0.21138616411286,30.6885891611543,,,0.0,0.0,0.0
Canada_01AR011,3049 catchments,False,45.752880691492,-67.7955895402154,343.0,158.663732394366,0.2399544168988566,,617.4444034985422,1163.6084531436911,0.0230948511966744,0.617538244321341,0.0
Canada_01BC001,2339 catchments,True,47.66707993,-67.483078,3175.06573462182,,0.315643801658749,47.2799759824648,,,0.0070544614253854,0.0,0.0237
Canada_01BD008,2339 catchments,False,48.4916687,-67.44999695,558.000993607937,,0.329196327486816,46.7078354917856,,,0.0095378151412073,0.0,0.0
Canada_01BE001,3049 catchments,True,47.6463767400621,-66.822302063751,2270.0,307.509058433274,0.3301870508182189,,581.7205101069856,1097.0863520797357,0.0,0.0,0.0
Canada_01BF001,2339 catchments,False,48.15721893,-66.34944153000001,1138.15254683739,,0.336595230655633,51.2988957920551,,,0.0017127523423086,0.0,0.0
Canada_01BG005,2339 catchments,False,48.62833023,-66.1680603,1684.56489405629,,0.368639084064498,54.2249067817205,,,0.0042383028744545,0.0,0.0
Canada_01BG009,2339 catchments,False,48.18611145,-65.55860901,1912.83537369056,,0.377991149800329,51.5752142324748,,,0.0215879291195796,0.0,0.0
Canada_01BH002,2339 catchments,False,48.8341713,-64.625,1008.01363505768,,0.419719594283291,52.6862114762534,,,0.0,0.0,0.0747
Canada_01BH005,2339 catchments,False,48.97972107,-64.6986084,634.058833418599,,0.411787056341755,51.5622557586447,,,0.0,0.0,0.0
Canada_01BH010,2339 catchments,False,48.80667114,-64.92111206,662.517535176186,,0.424000308478393,53.311803347498,,,0.0,0.0,0.113578
Canada_01BJ003,3049 catchments,True,47.7506264526192,-66.2194458302709,500.0,288.789896670494,0.3391512766750703,,682.8528394472727,1122.6868841857552,0.001189335870246,0.0,0.0
Canada_01BJ007,3049 catchments,True,47.7334782095932,-67.482931272716,7821.0,326.700793238935,0.3225765241394577,,660.6499141364965,1151.087767164575,0.0025535506558501,0.0,0.0
Canada_01BJ010,3049 catchments,True,47.5598196775318,-65.9597932612222,219.0,214.563829787234,0.3239370910126947,,661.4268839221343,1215.8352301694931,0.0084862560033798,0.0,0.0
Canada_01BK003,2339 catchments,False,47.40666962,-65.79499817,1807.61021073514,,0.346709126102991,47.2935528774173,,,0.0049577107001636,0.0,0.0
Canada_01BL002,3049 catchments,True,47.6642241595433,-65.2659313265881,175.0,65.8033333333333,0.3023922539545996,,662.5014549942858,1159.7544351668364,0.0179424416273832,0.0,0.0
Canada_01BL003,2339 catchments,True,47.43577957,-65.10605621,372.424290136748,,0.319663500864804,42.0729257905665,,,0.244014747082257,0.0,0.0
Canada_01BO001,2339 catchments,False,46.73600006,-65.8256073,5107.5009039318,,0.279086047123794,41.493123323527,,,0.0039290764490667,0.0,0.0
Canada_01BP001,2339 catchments,True,46.93597031,-65.90738678,1323.30460153281,,0.320720679830138,45.6914200435258,,,0.0008623858446216,0.0,0.0
Canada_01BQ001,2339 catchments,True,47.09474945,-65.83650208,972.052278434479,,0.334059704355568,44.7043120692577,,,0.0003276325078807,0.0,0.0
Canada_01BS001,3049 catchments,True,46.3811791132673,-65.1126183819349,179.0,75.1986531986532,0.2843044011865276,,657.0803262569833,1120.5898884341134,0.0,0.0,0.0
Canada_01BU002,2339 catchments,True,45.94638824,-65.16819,407.570466682995,,0.269949248801176,34.574687343986,,,0.0465848518545153,0.0,0.0234
Canada_01BU003,2339 catchments,False,45.95949936,-64.87799835,130.897181434248,,0.270082781025676,35.4113892556307,,,0.0,0.0,0.0
Canada_01BV006,3049 catchments,False,45.6181424824243,-65.1261159531369,135.0,289.497797356828,0.2234806969438653,,1218.3964228571429,1321.973026053215,0.0,0.0,0.0
Canada_01DC005,3049 catchments,False,44.9596002756438,-64.8763502302174,543.0,129.826233183857,0.2276520399086039,,729.4497101815313,1179.6571759569244,2.40448950231075,0.0,0.0
Canada_01DR001,3049 catchments,False,45.4667264744639,-61.9361428262174,181.0,110.640939597315,0.2272693806941639,,880.2960554495229,1232.1255599592196,0.0421545840799809,0.0,0.0
Canada_01EC001,3049 catchments,False,44.060189029956,-65.4240846888066,496.0,111.94625,0.1702272733926155,,1079.60660875576,1263.7076272751349,0.0,0.0,0.0
Canada_01ED005,3049 catchments,False,44.5017569645434,-65.3015515610678,721.0,149.170231729055,0.205603608748274,,906.6325131761444,1183.011893855907,0.0,0.0,0.0
Canada_01ED007,2339 catchments,True,44.43677902,-65.22186279,285.30749665296,,0.214627094025028,26.8381850184839,,,0.0,0.0,0.0
Canada_01EE001,2339 catchments,False,44.1733284,-64.66000366,1550.54039456117,,0.191286231961882,23.6066894472057,,,0.0013299057948632,0.0,0.0
Canada_01EF001,2339 catchments,True,44.4474411,-64.59118652,1240.33019725715,,0.21123626545932,27.3674132236731,,,0.0757345940827907,0.0,0.0202
Canada_01EJ001,3049 catchments,False,44.7993156627808,-63.7503498549751,149.0,108.817427385892,0.1847229381014707,,1077.109960590604,1288.8337203527442,0.0,0.0,0.0
Canada_01EO001,2339 catchments,True,45.17438889,-61.97991943,1346.29027070806,,0.220425316746938,29.5171532375962,,,0.0,0.0,0.0
Canada_01FA001,2339 catchments,True,45.72024918,-61.28610992,194.284633399851,,0.226955529140511,29.1670270145018,,,0.0,0.0,0.1654867
Canada_01FB001,2339 catchments,True,46.36896896,-60.97528076,367.355796512936,,0.306020256904384,43.4819592718228,,,0.0,0.0,0.0
Canada_01FB003,3049 catchments,True,46.1315589474566,-61.1864124108571,360.0,172.119205298013,0.256187761757153,,1133.779134857143,1313.4628637294943,0.0,0.0,0.0
Canada_01FC002,3049 catchments,False,46.6377169409809,-60.8166226110336,192.0,429.56,0.3418162892212046,,1760.368257,1318.9909457360409,0.0,0.0,0.0
Canada_01FE002,2339 catchments,False,46.37171936,-60.53369141,123.886414984186,,0.30790746998865,43.2955250766923,,,0.0,0.0,0.0
Canada_02AB006,2339 catchments,True,48.53231049,-89.59500122,6323.47706989346,,0.281622814095345,42.2610003047472,,,0.0,0.0,0.0
Canada_02AB008,2339 catchments,False,48.38338852,-89.3065567,200.417989789235,,0.272847806866981,41.5250530317629,,,0.642979140616774,0.0,1.6906802
Canada_02AB009,2339 catchments,False,48.55556107,-89.68193817,2681.70134211061,,0.275319907567315,41.6299663520739,,,0.0,0.0,0.0
Canada_02AB010,2339 catchments,False,48.41556168,-89.63082886,6617.27598156884,,0.281360100098399,42.3270334127455,,,0.0,0.0,0.0
Canada_02AB017,2339 catchments,False,48.29211044,-89.80986023,191.881757559482,,0.276087889920492,43.5542327508962,,,0.0,0.0,0.0
Canada_02AC001,2339 catchments,False,48.82168961,-88.53460693,609.697357232267,,0.288596429683339,44.9153440532542,,,0.0,0.0,0.0
Canada_02AC002,2339 catchments,True,48.90422058,-88.37686157,2698.29703047853,,0.29786110338715,44.0366342671857,,,0.0,0.0,0.0
Canada_02AD010,3049 catchments,True,49.5877096164133,-87.7335670545858,651.0,381.892123287671,0.3120118981010758,,347.0430485127776,767.611283471595,0.0,0.0,0.0
Canada_02AE001,2339 catchments,False,48.92599869,-87.69019318,647.490527610328,,0.293237282131592,44.8211837155166,,,0.0,0.0,0.0
Canada_02BA003,2339 catchments,True,48.84910965,-86.60722351,2013.72086798192,,0.296028863350241,44.8308846309362,,,0.0,0.0,0.0
Canada_02BB003,2339 catchments,True,48.77407837,-86.29660797,3752.87294251499,,0.302854486981046,45.8315112960212,,,0.0,0.0,0.0
Canada_02BB004,2339 catchments,True,48.70542145,-85.90794373,208.819256486035,,0.298235660461062,43.0301461276661,,,0.0,0.0,1.4707684
Canada_02BC004,2339 catchments,True,48.65480042,-85.74153137,4366.74888317111,,0.310773664491088,43.4452044612089,,,0.0,0.513444237995607,0.0516999999999999
Canada_02BD002,3049 catchments,False,48.0809786336473,-84.1467201751557,5311.0,407.02496472376,0.3045858755763169,,404.79080263173466,853.7568119064885,0.0,0.297253146903618,0.0
Canada_02BF001,2339 catchments,True,47.00352859,-84.51555634,1302.79566875707,,0.280628635390068,43.668436006299,,,0.0,0.0,0.0
Canada_02BF002,2339 catchments,True,46.86093903,-83.97180939,1135.47559712587,,0.27875386044796,43.2748337864306,,,0.0,0.0,0.0
Canada_02CA002,2339 catchments,True,46.56285858,-84.2816925,140.28776046772,,0.240808543459367,38.1067991738688,,,0.001075530026528,0.0,0.5711082000000001
Canada_02CB003,2339 catchments,True,46.96841812,-83.41686249,1371.19217824892,,0.290195631406398,43.5196275531693,,,0.0,0.0,0.0
Canada_02CC005,2339 catchments,True,46.39395142,-83.28298187,2015.7639127686,,0.262681519746445,40.4205235930579,,,0.0,0.0,0.0
Canada_02CC010,2339 catchments,True,46.5811386099999,-82.96800232,1277.74970431453,,0.267656030688791,40.8315110183983,,,0.0,0.0,0.0
Canada_02CD001,2339 catchments,True,46.2107811,-82.51242065,1309.47893237663,,0.24541591426925,36.980770640323,,,0.025395269672796,0.0,0.3254649
Canada_02CD006,3049 catchments,True,46.5077695511239,-82.7353593497003,157.0,400.066914498141,0.2433254394071248,,512.5804077618131,948.2384009343956,0.0,0.0,0.0
Canada_02CE002,2339 catchments,True,46.21493912,-82.07080841,967.499910170229,,0.256918334045598,39.7522916663372,,,0.0002686969101911,0.0,0.00264
Canada_02CF007,2339 catchments,True,46.58335876,-81.19911194,288.5952925151,,0.256568489058535,39.0006201903184,,,0.538804461442141,0.0,0.8089605999999999
Canada_02CF008,3049 catchments,True,46.5956742419165,-80.9264747779084,197.0,300.894578313253,0.2467594730581734,,335.9485498477157,917.1461988773171,0.332849994301796,0.0,0.0
Canada_02CF010,2339 catchments,False,46.59949875,-81.38197327,1956.730508328,,0.269807303541773,40.5348167541155,,,0.0034411846564719,0.0,0.2466288
Canada_02CF011,2339 catchments,False,46.68544006,-81.00924683,735.182873749805,,0.274636125459205,40.4501992734301,,,0.0,0.0,0.1790418
Canada_02DB005,2339 catchments,True,46.34566879,-80.83956146,3451.35429853286,,0.271969746853925,37.8715670818143,,,0.007933989868749,0.0,0.0353
Canada_02DC003,2339 catchments,False,46.45000076,-79.86306,4995.79792811709,,0.265140614335976,39.1037525532263,,,0.0,0.0,0.0301
Canada_02DC004,2339 catchments,True,46.63716888,-80.26325226,2705.57952885423,,0.27281604651534,39.524649935242,,,0.0,0.0,0.0
Canada_02DC012,2339 catchments,True,46.97024918,-80.45877838,1236.89393085898,,0.281555646323924,41.3903214405117,,,0.0,0.0,0.0
Canada_02DD005,2339 catchments,False,46.09693909,-79.47917175,795.936995198459,,0.255088556048653,39.3127371837259,,,0.0152713005264276,0.0,0.1619006
Canada_02DD010,2339 catchments,False,46.06858063,-80.61164093,11926.5940823301,,0.247659715297973,35.1947905597747,,,0.0156667670870859,0.0,0.3584066999999999
Canada_02DD012,2339 catchments,False,46.40819168,-80.12281036,940.995514006321,,0.239697154091456,38.5241023477753,,,0.0004142981219633,0.0,0.0
Canada_02DD015,3049 catchments,True,45.8658166695927,-79.5675439438737,103.0,354.491428571429,0.2471929144140492,,539.2493918446603,1044.225018287661,0.0,0.0,0.0
Canada_02EA005,2339 catchments,True,45.66947174,-79.37918854,311.584820516597,,0.258249888900108,38.2394511559314,,,0.0004077952668094,0.0,0.0
Canada_02EA006,2339 catchments,False,45.61750031,-79.38806152,679.606729314994,,0.255284981132079,38.6343282398579,,,0.0150053624855131,0.0,0.4056329
Canada_02EA010,2339 catchments,True,45.70376968,-79.30879211,146.634247452443,,0.259101661476465,39.2608015975967,,,0.0,0.0,0.0
Canada_02EA011,3049 catchments,True,45.6954868518957,-79.6851812368059,2839.0,325.683117983478,0.2426290641266612,,508.1212864247975,1069.0400684319848,0.005534980102675,0.0,0.0
Canada_02EB004,2339 catchments,True,45.21286011,-79.27528381,1400.67970702665,,0.247755671989906,37.5676346508273,,,0.021155209780689,0.0,0.8051965
Canada_02EB006,2339 catchments,False,45.02249908,-79.67832947,4748.12622775068,,0.241097620469599,34.9040995846657,,,0.024385572961836,0.0,0.5533166
Canada_02EB008,2339 catchments,True,45.14796829,-79.1135025,1456.3852971089,,0.254806121671374,36.0205949969536,,,0.0053378268894411,0.0,0.120468
Canada_02EB011,2339 catchments,False,45.06505966,-79.79013824,4791.35258765308,,0.240908795645102,34.8780014738535,,,0.0256380620899029,0.0,0.5483289
Canada_02EB012,2339 catchments,False,45.0225296,-79.77680969,4776.36853131016,,0.240973747721068,34.887667445089,,,0.0242413829250862,0.0,0.5500480999999999
Canada_02EB013,2339 catchments,True,45.39271927,-79.15994263,607.603835825893,,0.25866431304433,39.0997933633627,,,0.0296381298181794,0.0,0.0
Canada_02EB014,2339 catchments,True,45.31196976,-78.98938751,643.094858891188,,0.262531324515474,37.5235852835232,,,0.0041677220654588,0.0,0.1949371
Canada_02EC002,2339 catchments,True,44.71366882,-79.28160858,1431.75376344677,,0.215434262564017,34.081361663661,,,0.0108381600740225,0.0,0.0
Canada_02ED007,3049 catchments,True,44.6058113511656,-79.6294180462928,168.0,277.665454545455,0.2136781296614545,,436.1993217391304,970.9515823759032,0.0422017090022564,0.0,0.0
Canada_02ED013,3049 catchments,False,44.6002095774288,-79.8800697662786,121.0,228.1,0.2126258448538357,,377.5336607062358,955.8934584833728,0.270569747313857,0.0,0.0
Canada_02ED014,2339 catchments,False,44.20003128,-79.95999908,191.315497795796,,0.232235440000292,33.3486153802602,,,0.388017682956963,0.0,0.0
Canada_02ED015,3049 catchments,True,44.2940639821272,-80.2261057893508,244.0,470.709595959596,0.234664640855767,,476.41454631147536,1041.7712743261231,0.292053945362568,0.0,0.0
Canada_02FA001,3049 catchments,True,44.6102923104976,-81.1443663962685,913.0,231.915994623656,0.2253127309877764,,498.5719848537006,1063.2907011913164,0.0893288105435204,0.0,0.4641544073820109
Canada_02FB007,3049 catchments,True,44.4557664214739,-80.8794319182405,182.0,304.272425249169,0.2360027580353582,,546.0182889795918,997.9324454515388,0.115868724882603,0.0,0.0
Canada_02FB009,3049 catchments,False,44.3703122797313,-80.4553356705237,587.0,426.720125786164,0.2468831356714507,,440.97861448501305,987.3272542870302,0.549331492020024,0.093013211660367,0.34858388826251
Canada_02FB010,3049 catchments,True,44.4972351667092,-80.7254523136907,298.0,334.607068607069,0.2451957141044576,,521.7954362416108,961.475480686283,0.115941512087981,0.0,0.0
Canada_02FC001,3049 catchments,True,44.1551944104903,-80.9285754334832,3953.0,352.916965818636,0.2306542528642627,,484.49403092045833,1032.5219593436366,0.0571332448254532,0.0,0.442732647357006
Canada_02FC002,2339 catchments,True,44.12046814,-81.11533356,2147.66097759263,,0.237516621222307,34.198463863232,,,0.0441822186355285,0.0,0.3032752
Canada_02FC011,3049 catchments,True,43.9955670978419,-80.9581911754881,156.0,351.945525291829,0.2232868600939308,,431.2382261538463,1015.6807784767054,0.0248659166196982,0.0,0.0
Canada_02FC012,2339 catchments,False,44.09869003,-80.98455811,626.66286782924,,0.235454323762078,34.267132779673,,,0.0437720776238519,0.0,0.3198465
Canada_02FC015,2339 catchments,False,44.26831055,-81.26918793,669.66875490044,,0.217812204991815,31.7647541993297,,,0.0208998961853101,0.0,0.0
Canada_02FC016,2339 catchments,False,44.18542099,-80.78746796,312.627411750327,,0.246079605101183,35.3012141676612,,,0.0855078818306457,0.0,0.0
Canada_02FE002,3049 catchments,True,43.787934354611,-81.0228691521518,1644.0,367.375709421112,0.2129472507042009,,431.02097393117833,1033.746933755173,0.0227540190930345,0.0,0.0
Canada_02FE004,2339 catchments,False,43.82500076,-81.49056244,1789.94871327191,,0.211555613217768,31.0740977191245,,,0.05390944793838,0.0,0.2519297
Canada_02FE005,3049 catchments,True,43.8969213695099,-80.9607511362192,527.0,378.748243559719,0.2192153052988637,,454.42474818318266,1028.7148515295291,0.0261144128162414,0.0,0.0
Canada_02FE007,2339 catchments,False,43.85438919,-81.25050354,337.449818311752,,0.212364325314281,31.5268923626926,,,0.0284094098072999,0.0,0.3788331
Canada_02FE008,2339 catchments,False,43.8128891,-81.3068924,645.134196372935,,0.205856849010163,29.6920824626003,,,0.0258898361702883,0.0,0.4223928
Canada_02FE015,3049 catchments,False,43.7612132709746,-81.1517882828137,2544.0,348.319024390244,0.2019536385942392,,494.0021810103469,1094.1161127225462,0.0524083369116231,0.0,0.324605450761027
Canada_02FF002,3049 catchments,False,43.2508704705244,-81.4789827460435,865.0,268.597090909091,0.1771047148386963,,386.21637031213874,1050.880807005419,1.15975846553391,0.0,0.508021393960173
Canada_02FF007,3049 catchments,False,43.5137496904708,-81.4285517346873,460.0,293.282814614344,0.1912560239984854,,438.8128845283019,1114.1907309164874,0.030671714246273,0.0,0.0
Canada_02FF008,3049 catchments,False,43.2448572654804,-81.5840135537085,112.0,240.366666666667,0.1694172120183368,,388.0094525096525,1087.545054176888,0.769234120845795,0.0,0.0
Canada_02FF009,3049 catchments,False,43.401779009938,-81.3905916620769,113.0,305.675824175824,0.1833182743466074,,457.5077946902656,1088.2293340835497,1.77224099636078,0.0,0.0
Canada_02GA010,2339 catchments,False,43.18972015,-80.45503235,1000.39724443952,,0.187444036223907,27.5281854824293,,,0.666298289708648,0.0,0.6651765
Canada_02GA014,2339 catchments,True,43.86172104,-80.2722168,662.403984563993,,0.230858582661141,33.7376976360132,,,0.131692643212707,0.0,0.0
Canada_02GA015,2339 catchments,False,43.53371811,-80.25222015,563.082794305393,,0.195021366270937,28.3993319467825,,,0.706670822999167,0.0,3.7097982
Canada_02GA016,3049 catchments,False,43.9775674490881,-80.3081561726323,784.0,486.640094711918,0.236635790774627,,359.32595119409467,982.3522281260588,0.106629127512376,0.212901058881331,0.61764707788825
Canada_02GA018,2339 catchments,True,43.37722015,-80.7108078,528.11997807938,,0.19696469694186,29.4277916481801,,,0.313164277633921,0.0,0.3710972
Canada_02GA023,2339 catchments,True,43.57992172,-80.50919342,114.524851335877,,0.204807524843134,29.5623233497873,,,0.853728383712597,0.0,3.2826137
Canada_02GA028,3049 catchments,False,43.8071751061412,-80.6561976288958,571.0,443.771584699454,0.2198219848337499,,399.5615415692918,993.5970022777988,0.11195498622126,0.245712470921957,0.770697163210975
Canada_02GA029,2339 catchments,True,43.54777908,-80.18202972,236.376216475378,,0.192357045501477,28.0639023133065,,,0.589355065302315,0.0,0.3180159
Canada_02GA040,2339 catchments,False,43.63861084,-80.26999664,173.478933860256,,0.202459652361291,29.7329162694428,,,0.576749241775863,0.0,0.0
Canada_02GB006,3049 catchments,False,43.2680442375116,-80.6840062693765,165.0,318.576335877863,0.180994235798239,,351.70092972972964,976.569462935318,0.980054105321566,0.0,0.0
Canada_02GD003,3049 catchments,False,43.3610343256949,-81.1078423460147,1416.0,343.22610619469,0.1886226352051851,,405.3682137134052,1047.0205502924618,0.169009230143967,0.119965716698183,0.409663878824739
Canada_02GD004,2339 catchments,True,43.05910873,-80.99485779,294.056489436168,,0.169419944115303,25.5774277487026,,,0.226564114325388,0.0,0.6130705999999999
Canada_02GD005,2339 catchments,False,43.25574875,-81.14562225,1068.43463658559,,0.189543275126406,26.5317300276128,,,0.0459316292329055,4.01011408042484,1.5731186
Canada_02GD009,3049 catchments,False,43.286927242709,-80.9797651559978,149.0,354.201716738197,0.1867902017990772,,396.12379873027385,1031.5805566185445,0.0963210314512253,0.292929028265358,0.0
Canada_02GD010,3049 catchments,False,43.3031319655511,-81.29478872858,144.0,312.694690265487,0.1835084316997489,,418.7729142857144,1042.339322690375,0.389323242008686,0.0,0.0
Canada_02GD014,2339 catchments,True,43.45042038,-81.20677948,316.375148461318,,0.197199851744518,26.9617702897387,,,0.0477710105282844,0.0,0.3957930999999999
Canada_02GD015,2339 catchments,True,43.14931107,-81.19213867,1348.08227926516,,0.187216996545334,26.1510086528549,,,0.127146545936046,3.1601680831145,1.4678858
Canada_02GE003,2339 catchments,False,42.54486084,-81.9672699,4473.23074880245,,0.163567522687388,23.2133044684244,,,0.933037175090981,3.84628142305853,4.8657181000000005
Canada_02HB001,2339 catchments,False,43.83586121,-80.02288818,216.367033850788,,0.209355557677758,30.362835708876,,,0.565394488917432,0.0,4.0519742
Canada_02HB018,2339 catchments,False,43.77357864,-79.92682648,409.014970431404,,0.205148741266537,29.5982088717454,,,0.66283574207433,0.0,2.3272514
Canada_02HD012,3049 catchments,False,44.0485220157259,-78.4586177083681,241.0,226.223650385604,0.1723821381892517,,430.1193597220882,946.132623703286,1.02071398496628,0.0,0.0
Canada_02HF002,2339 catchments,True,44.7318306,-78.81806183,1276.79173615649,,0.238363316500354,35.2846907594822,,,0.0220992928148631,0.0,0.0785
Canada_02HF003,2339 catchments,True,44.70986176,-78.67752838,1256.41682023981,,0.230011984406767,35.4619824307075,,,0.0025902887831375,0.0,0.319124
Canada_02HJ001,2339 catchments,False,44.30278015,-78.32138824,114.446132459416,,0.191983818676225,29.2794152582491,,,0.166756387577783,0.0,4.0723322
Canada_02HJ003,2339 catchments,False,44.29806137,-78.04493713,286.102965883076,,0.194819868903755,30.1607060823016,,,0.111231298265441,0.0,0.0
Canada_02HK002,2339 catchments,False,44.37055969,-77.77832794,9145.83244641367,,0.209547136346942,31.1569566484747,,,0.105841826043079,0.0,0.6190928
Canada_02HK003,2339 catchments,False,44.4815712,-77.68479919,1996.14133770309,,0.219178927758036,33.0950765912647,,,0.001090730610334,0.0,0.1436126999999999
Canada_02HK005,2339 catchments,False,44.84508133,-77.92944336,430.851391131104,,0.232771284136017,34.6728418558924,,,0.0047245934885632,0.0,0.0
Canada_02HK006,2339 catchments,False,44.5352211,-77.69661713,541.223599457466,,0.220318137221592,33.5557513068281,,,0.0,0.0,0.0
Canada_02HL001,2339 catchments,False,44.25373077,-77.41883087,2602.22142454016,,0.205119618986352,31.3581094650972,,,0.0280419763683863,0.0,0.0583
Canada_02HL003,2339 catchments,False,44.53960037,-77.36965179,421.427243457133,,0.215518036834792,33.2952591266532,,,0.0026921275630385,0.0,0.0
Canada_02HL004,2339 catchments,False,44.54956818,-77.32813263,681.183201389365,,0.217755667742289,32.8162339454199,,,0.0007279409270182,0.0,0.0
Canada_02HL005,2339 catchments,False,44.49972916,-77.61836243,298.280069165502,,0.211183377158769,33.0293975483255,,,0.0097279534339565,0.0,0.0
Canada_02HM002,2339 catchments,False,44.47192001,-76.76235962,167.348727509313,,0.202149721773722,30.0448051902408,,,0.0446621429558915,0.0,0.0
Canada_02HM003,2339 catchments,False,44.20740891,-77.2093811,1031.05057549151,,0.205774564211738,29.5934910848558,,,0.020121588648333,0.0,0.1215096
Canada_02HM004,2339 catchments,False,44.23942947,-76.84922028,107.430905522033,,0.182046691074737,27.2894801194669,,,0.0313400473656737,0.0,0.0
Canada_02HM005,2339 catchments,False,44.25656128,-76.61255646,163.822656656703,,0.179383443743516,25.8121108157564,,,0.0591415992964756,0.0,0.530862
Canada_02HM006,2339 catchments,False,44.22639847,-76.75908661,183.755820481785,,0.185717000113118,27.1929048592207,,,0.0426507101086362,0.0,0.0
Canada_02HM007,2339 catchments,False,44.33467865,-76.83889008,691.74735542716,,0.195834307509445,29.2028134110011,,,0.0319343134296322,0.0,0.0
Canada_02JB013,2339 catchments,False,48.3666687,-78.85333252,2607.57589383019,,0.295431197496695,44.2223501308166,,,0.0,0.0,0.1654205
Canada_02JC008,2339 catchments,False,47.88914108,-79.87931061,1787.31589196264,,0.291542033321259,44.0473871764874,,,0.0,0.0,0.3086797
Canada_02JD012,2339 catchments,False,48.04027939,-80.70388794,2276.94071513777,,0.297630931391952,42.5784849374176,,,0.0,0.0,0.0
Canada_02KB001,2339 catchments,False,45.88618851,-77.31530762,4126.25787309921,,0.265295503912183,37.3696725718778,,,0.0029284598739418,0.0,0.00507
Canada_02KC009,2339 catchments,False,45.49647141,-76.56461334,2681.49397758659,,0.250944534360777,35.0024783164128,,,0.0341251391549136,0.0,0.2117336
Canada_02KD002,2339 catchments,False,45.05213928,-77.84603119,836.05366779679,,0.252768182884401,36.6179996399608,,,0.0186529587018954,0.0,0.3978602
Canada_02KF006,2339 catchments,False,45.17633057,-76.12346649,2705.35605580148,,0.230987786960276,32.5520226988966,,,0.0069512174998284,0.0,0.1017445
Canada_02KF010,2339 catchments,False,45.04582977,-76.40088654,567.3109187106,,0.235211621088926,33.7007791455085,,,0.0,0.0,0.0
Canada_02KF012,2339 catchments,False,45.24544144,-76.2603302,198.48842992821,,0.226708798955085,33.0978344973301,,,0.024565119157731,0.0,0.0
Canada_02KF013,2339 catchments,False,45.13399887,-76.62993622,258.313421998843,,0.239539757340428,33.929363550385,,,0.0,0.0,0.0
Canada_02KG001,2339 catchments,False,45.87388992,-76.68582916,5245.19040348795,,0.275234609768234,40.3321522261801,,,4.89798187035903e-05,0.0,0.0
Canada_02KJ004,2339 catchments,False,46.34582901,-77.81555939,3810.60301391374,,0.282977220446095,40.5713952679992,,,4.49768058105264e-05,0.0,0.0
Canada_02LA004,2339 catchments,False,45.38150024,-75.69696808,3927.86845115157,,0.207229568376036,30.1020968936543,,,0.232851875455635,0.0,1.6994971
Canada_02LA006,2339 catchments,False,44.99425125,-75.66227721999999,427.894336231183,,0.196733669365707,29.9800592918991,,,0.0475125835537595,0.0,0.0
Canada_02LA007,2339 catchments,False,45.24942017,-75.79061127,547.659130295719,,0.210991922634255,31.8591253027721,,,0.504904672433807,0.0,1.1498089
Canada_02LB005,2339 catchments,False,45.51705933,-74.97821808,3894.96168346018,,0.199838614078342,31.1758262375091,,,0.590997273740142,0.0,0.3948341999999999
Canada_02LB006,2339 catchments,False,45.26250076,-75.34378052,441.154613117031,,0.201660045225345,31.1318368138765,,,0.690046158417464,0.0,1.2500836
Canada_02LB007,2339 catchments,False,44.84225082,-75.54441833,223.451193247406,,0.193068456720328,28.9214573984462,,,0.0335156534626969,0.0,0.0
Canada_02LB008,2339 catchments,False,45.42599869,-75.15322113,477.788918576626,,0.206728010098885,32.6933288604947,,,0.591951232058748,0.0,1.8034983
Canada_02LB020,2339 catchments,False,45.2283287,-75.41271973,188.840668026271,,0.199749876895065,30.5558442711514,,,0.834894628020538,0.0,0.0
Canada_02LB022,2339 catchments,False,45.19160843,-75.10463715,142.86497469992,,0.193884927495772,31.141552750946,,,0.0450991865893686,0.0,0.0
Canada_02LC007,2339 catchments,False,46.35388947,-74.77944183,2601.1506982005,,0.276125871824604,43.0245508709093,,,0.0028302824854685,0.0,0.3469569
Canada_02LC008,2339 catchments,False,45.7930603,-74.01277924,1174.03004395677,,0.260128757169475,41.5435541595363,,,0.0108680603545555,0.0,2.1457822
Canada_02LC021,2339 catchments,False,46.04582977,-74.2527771,317.004444380478,,0.26691503529593,42.3222327410516,,,0.0163774463393427,0.0,1.1841387
Canada_02LC029,2339 catchments,False,45.73638916,-74.68972015,5509.30013812389,,0.267345171087835,41.8767349362311,,,0.0049951358767799,0.0,0.254911
Canada_02LD005,2339 catchments,False,45.79167175,-75.09139252,1255.00502238176,,0.248734318858073,38.225445008957,,,0.0041710970026755,0.0,0.2995818
Canada_02LG005,2339 catchments,False,47.08361053,-75.7536087,7018.5937763272,,0.300288434797432,46.0744595686103,,,0.0,0.0,0.0107
Canada_02MB006,2339 catchments,False,44.52500153,-75.80528259,105.52061514659,,0.18737739567181,26.8476962334912,,,0.226246742887159,0.0,0.0
Canada_02MC001,2339 catchments,False,45.1554718,-74.63813782,370.071246026473,,0.193678274344331,30.9579445631451,,,0.154108910674713,0.0,0.0121999999999999
Canada_02MC026,2339 catchments,False,45.2732811,-74.49385834,134.068864924693,,0.196523994621809,31.3594102422356,,,0.0280236406183855,0.0,0.0
Canada_02ND001,2339 catchments,False,47.65555954,-72.96278381,2698.773724493,,0.30024586712267,44.1480712581845,,,0.0055106200933405,0.0,0.0
Canada_02ND003,2339 catchments,False,47.6763916,-73.04277802,2661.44696471044,,0.300482755418809,44.1359259292552,,,0.0055879064699636,0.0,0.0
Canada_02NE011,2339 catchments,False,47.76721954,-72.73667145,1572.12630879791,,0.299755621263831,46.8709470676958,,,0.0,0.0,0.0
Canada_02NF003,2339 catchments,False,46.68582916,-73.91416931,1389.06282868129,,0.304174260368488,44.0477450959742,,,0.0,0.0,0.1413728
Canada_02OA054,2339 catchments,False,45.3319397,-73.76194,2523.36958334855,,0.219346723165657,32.7641956330363,,,2.90392878229719,0.0,0.1049861
Canada_02OB008,2339 catchments,False,46.01028061,-73.42749786,1295.84336073113,,0.291778770235012,42.9933079848187,,,0.236816567607514,0.0,0.8069685999999999
Canada_02OB017,2339 catchments,False,46.02999878,-73.70527649,1264.20337204638,,0.285010564738422,42.9766242869294,,,0.0253348096094457,0.0,0.1321894
Canada_02OC002,2339 catchments,False,46.30110931,-73.09667206,1026.04111250121,,0.284983130976053,42.3620975576686,,,0.0433632539752498,0.0,0.3480962
Canada_02OC004,2339 catchments,False,46.60055923,-73.18639374,679.012372687929,,0.296957269658808,42.538908985663,,,0.003801039626155,0.0,0.0
Canada_02OD001,2339 catchments,False,45.79167175,-71.96916962,554.222668882173,,0.228015345116178,39.3188472097747,,,0.0046727829429422,0.0,1.8095375
Canada_02OD003,2339 catchments,False,46.05638885,-72.30638885,1548.09876718863,,0.227316589783797,38.8900670605538,,,0.208670786993702,0.0,1.0200544
Canada_02OD010,2339 catchments,False,46.06999969,-71.97888947,339.024605779726,,0.23627007937533,40.5060933755866,,,0.0956232229203925,0.0,0.9050758
Canada_02OE001,2339 catchments,False,45.94083023,-71.28111267,1224.97954450414,,0.263567934158655,40.611655483717,,,0.0,0.0,0.000481
Canada_02OE007,2339 catchments,False,45.49943924,-71.61778259,3326.67021199978,,0.258581873836813,40.6661956934917,,,0.0501208064169957,0.0,0.00771
Canada_02OE018,2339 catchments,False,45.0447197,-71.49832916,218.776126214249,,0.267060185905466,43.1766940305685,,,0.0008255946082935,0.0,0.0
Canada_02OE019,2339 catchments,False,45.28416824,-71.96250153,612.125772228963,,0.243030101802757,38.22759007673,,,0.0393963489095152,0.0,0.2602018
Canada_02OE022,2339 catchments,False,45.28499985,-71.89943695,524.732157831942,,0.250101097160875,40.6256375414197,,,0.222178339634388,0.0,0.1910341
Canada_02OE027,2339 catchments,False,45.46722031,-71.65528107,646.666857753208,,0.253823995363553,41.4585896821372,,,0.0142796414658254,0.0,0.1550128
Canada_02OE032,2339 catchments,False,45.58055878,-71.38667297,737.003064563285,,0.271178718275936,43.730257956708,,,0.0199024850116278,0.0,0.0
Canada_02OE062,2339 catchments,False,45.6586113,-71.46861267,2936.16423392,,0.261241013338169,40.758657847576,,,0.0289501335154605,0.0,0.00874
Canada_02OF002,2339 catchments,False,45.86167145,-72.45305634,9630.46895099826,,0.244643783785648,39.2183421844462,,,0.0690276572241092,1.77560899379098,0.7892785
Canada_02OG019,2339 catchments,False,45.49972153,-72.90638733,1502.07706437962,,0.212816112065018,34.4043016928743,,,0.339926131487206,0.0,0.278044
Canada_02OG026,2339 catchments,False,45.95360947,-72.85944366,322.56995431549,,0.209137714657949,32.6950796493762,,,0.741061314366407,0.0,0.0
Canada_02OJ024,2339 catchments,False,45.49028015,-73.18694305,297.331294068055,,0.196073440778209,29.1787999625549,,,1.08321881980359,0.0,0.9744919
Canada_02PA003,2339 catchments,False,46.54861069,-72.41027832,4344.28433117978,,0.278920283747381,45.0874456889493,,,0.0045440841363047,0.0,0.0409
Canada_02PA007,2339 catchments,False,46.58361053,-72.40471649,4268.40002460646,,0.279465690975951,45.1741307931249,,,0.0040972783692828,0.0,0.0416
Canada_02PB002,2339 catchments,False,46.7069397,-72.08332825,1831.20803294118,,0.287714295003977,48.602437762022,,,0.0014221670250527,0.0,0.1506065
Canada_02PB006,2339 catchments,False,46.97166824,-71.85443878,694.039605954946,,0.29313267418174,49.2982230825023,,,0.0,0.0,0.0
Canada_02PB019,2339 catchments,False,46.85277939,-71.87750244,1597.15800613268,,0.292890842219934,49.3449381816278,,,0.0010337457346346,0.0,0.1726698
Canada_02PC002,2339 catchments,False,46.88972092,-71.52722168,2131.18421957958,,0.345939800539557,53.2511217802373,,,0.0007940903452811,0.0,0.0509
Canada_02PC009,2339 catchments,False,46.7091713,-71.87471771,358.716124078263,,0.248817559019939,42.0538466397069,,,0.0350001488389697,0.0,0.0
Canada_02PC010,2339 catchments,False,46.86750031,-71.63944244,221.872092709141,,0.271661539716867,45.6396922502041,,,0.0350751733241631,0.0,0.0
Canada_02PD002,2339 catchments,False,46.89416885,-71.15139008,1002.17866049127,,0.327327960159834,51.8088195439352,,,0.0510889888947622,0.0,0.1994244
Canada_02PD004,2339 catchments,False,47.25917053,-71.13694,301.290933466352,,0.360576270318102,54.1869499036067,,,0.0735233326592365,0.0,0.0
Canada_02PD015,2339 catchments,False,47.27249908,-71.16082764,111.841275554058,,0.360944885701345,55.0004484737603,,,0.0,0.0,0.0
Canada_02PF001,2339 catchments,False,47.69417191,-70.21694183,1708.31772517187,,0.371801709855612,52.5879654192507,,,0.0028743503034605,0.0,0.0442
Canada_02PG003,2339 catchments,False,47.65082932,-69.51277924,262.611464192316,,0.333951504907138,45.3159480848836,,,0.0,0.0,0.0
Canada_02PG006,2339 catchments,False,47.61249924,-69.64582825,517.391497745514,,0.320356435386992,46.1867644825295,,,0.0,0.0,0.0
Canada_02PH010,2339 catchments,False,46.82056046,-70.75694275,820.696065992312,,0.284762756493927,45.6250657994549,,,0.0036592056152316,0.0,0.0
Canada_02PH011,2339 catchments,False,46.6911087,-71.06889343,1146.90814337943,,0.264718688359212,44.4617755575628,,,0.0291465730714329,0.0,0.0437
Canada_02PJ002,2339 catchments,False,45.69166946,-70.78582764,1176.67516602797,,0.289255401073508,43.1026457053489,,,0.0063204014775148,0.0,0.3833626
Canada_02PJ005,2339 catchments,False,46.58778,-71.21639252,5785.54141361403,,0.272250468849004,42.5574941805801,,,0.0295376195669394,0.0,0.3812157
Canada_02PJ007,2339 catchments,False,46.65916824,-71.28861237,747.692909156123,,0.238737812667542,40.51134152234,,,0.0991602642512568,0.0,0.0
Canada_02PJ012,2339 catchments,False,45.57389069,-70.88056183,779.247372177391,,0.29140304809105,43.5642825691954,,,0.0095265566998871,0.0,0.1079485
Canada_02PJ030,2339 catchments,False,46.16416931,-70.6397171,695.335979381428,,0.278650576874676,43.5112199643295,,,0.0041400670070876,0.0,0.0
Canada_02PL005,2339 catchments,False,46.30611038,-71.45139313,921.146489082647,,0.248654204699314,41.2197192773527,,,0.221030650786838,0.0,3.3735215
Canada_02QA001,2339 catchments,False,48.08916855,-69.19638824,934.198390991111,,0.324201129231941,45.4020498393959,,,0.0013875185999899,0.0,0.0
Canada_02QA002,2339 catchments,False,48.41333008,-68.55610657,1603.58283227278,,0.336814607263819,46.1852790462819,,,0.0503692304969134,0.0,0.0
Canada_02QB001,2339 catchments,False,48.77471924,-67.54193878,1657.63953221161,,0.340766821735407,50.2907736815852,,,0.0117103966441022,0.0,0.0
Canada_02QC001,2339 catchments,False,49.20278168,-65.29556274,1216.41951493755,,0.411260736188964,53.786575417407,,,0.0003728971980609,0.0,0.0
Canada_02QC009,2339 catchments,False,49.0588913,-66.48667145,786.284142125997,,0.389640450216528,55.5402212252978,,,0.0004718718187249,0.0,0.0
Canada_02RC011,2339 catchments,False,48.81417084,-72.0477829,1014.98692778965,,0.275586605465525,46.8259057885337,,,0.0,0.0,0.0
Canada_02RD002,2339 catchments,False,48.89944077,-72.21166992,8672.33254091692,,0.33810371842329,52.6900833017173,,,0.0,0.0,0.00241
Canada_02RD003,2339 catchments,False,48.88777924,-72.26361084,9714.98432906815,,0.328481684416735,51.5976499549228,,,0.0048244578026295,0.0,0.0
Canada_02RF001,2339 catchments,False,48.68638992,-72.48806,15400.0521261497,,0.332129443042661,49.2906299084221,,,0.0008645851007538,0.0,0.00326
Canada_02RF002,2339 catchments,False,49.27639008,-73.35666656,11232.3733495094,,0.334750009788568,49.6091619823951,,,0.0,0.0,0.0
Canada_02RG005,2339 catchments,False,48.375,-71.99360657,2216.51273483442,,0.314530537626839,48.2977309694288,,,0.022751486542023,0.0,0.0
Canada_02RG008,2339 catchments,False,48.20610809,-72.2388916,449.659249790296,,0.300188687850365,45.4220410006781,,,0.0,0.0,0.0
Canada_02RH019,2339 catchments,False,47.55221939,-71.21556091,217.503326937558,,0.393286979952669,54.1698676837352,,,0.0,0.0,0.0
Canada_02RH027,2339 catchments,False,47.9411087,-71.38194275,489.27876830093,,0.381764321203164,54.5470173222574,,,0.0,0.0,0.0
Canada_02RH035,2339 catchments,False,48.18222046,-71.64527893,1110.98971196387,,0.342520409238486,51.9066529542684,,,0.107007168424662,0.0,0.0
Canada_02RH045,2339 catchments,False,48.4888916,-70.97416687,757.91223146623,,0.306087553206447,51.8899875116175,,,0.0,0.0,0.0
Canada_02UA003,2339 catchments,False,49.33055878,-67.65583038,1907.25861432803,,0.382828920404082,51.2579558823,,,0.0,0.0,0.0
Canada_02UC002,2339 catchments,False,50.35028076,-66.1902771,19015.0902868104,,0.412929412943401,56.9473277673626,,,0.0,0.0,0.0
Canada_02VB004,2339 catchments,False,50.68582916,-64.58083344,7158.61630903098,,0.433217480902114,58.4768713179149,,,0.0,0.0,0.0
Canada_02VC001,2339 catchments,False,50.30778122,-63.62250137,12982.8664513084,,0.440604294672931,57.5008013791464,,,0.0,0.0,0.0
Canada_02WB003,2339 catchments,False,50.42721939,-61.7136116,15328.5530854207,,0.436696553095019,56.5683537728564,,,0.0,0.0,0.0
Canada_02XA003,2339 catchments,False,52.22980881,-61.31694031,4473.30659233063,,0.456458104097952,59.3630339113219,,,0.0,0.0,0.0
Canada_02XC001,2339 catchments,False,51.77249908,-57.59999847,5455.33114148016,,0.458171127903842,58.9392421540949,,,0.0,0.0,0.0
Canada_02YC001,2339 catchments,False,50.60747147,-57.15161133,618.19460612002,,0.445456468799334,53.1501118568725,,,0.0,0.0,0.0
Canada_02YD002,2339 catchments,False,50.9244194,-56.11169052,195.966213136654,,0.424423986067938,50.9100301101063,,,0.0,0.0,0.0
Canada_02YG001,2339 catchments,False,49.81066895,-57.15942001,631.05577390237,,0.447052354056314,56.9555865611524,,,0.0,0.0,0.0
Canada_02YJ001,2339 catchments,False,48.57582855,-58.36264038,636.775958786343,,0.346656812898971,47.6752310919985,,,0.0,0.0,0.0
Canada_02YK002,2339 catchments,False,48.62202835,-57.93310928,479.145496346132,,0.374712854785039,46.7417888172422,,,0.0,0.0,0.0
Canada_02YK005,2339 catchments,False,49.33827972,-56.66788864,463.181954118649,,0.392168651021975,46.5939767687956,,,0.0,0.0,0.0
Canada_02YL001,2339 catchments,False,49.24291992,-57.36024857,2128.40664999303,,0.394826349481493,51.1393858744286,,,0.0,0.0,0.0
Canada_02YL002,2339 catchments,False,48.92388916,-57.90306091,127.126986671067,,0.366384498025733,46.1679746077765,,,0.0,0.0,0.1942168
Canada_02YL008,2339 catchments,False,49.6182518,-57.29449844,477.959977072333,,0.409458206361211,55.3533635040989,,,0.0,0.0,0.0
Canada_02YM001,2339 catchments,False,49.51194,-56.11249924,965.679353535145,,0.40229600154671,47.6868468710216,,,0.0,0.0,0.0
Canada_02YN002,2339 catchments,False,48.23981094,-57.82814026,464.50867177605,,0.353098153844863,44.2658392706334,,,0.0,0.0,0.0
Canada_02YO003,2339 catchments,False,49.05332947,-55.28667068,385.470896998265,,0.357707994614941,41.2397415748877,,,0.0,0.0,0.0
Canada_02YO004,2339 catchments,False,48.88832855,-55.82056046,532.367269636419,,0.347636803131933,42.5580948377891,,,0.0,0.0,0.0
Canada_02YO006,2339 catchments,False,49.10382843,-55.39669037,180.520832445565,,0.358319486898673,41.6282904894095,,,0.0,0.0,0.042
Canada_02YO008,2339 catchments,False,48.8266716,-55.52869034,774.270890945378,,0.337780417466072,42.8957054036991,,,0.0,0.0,0.0
Canada_02YQ001,2339 catchments,False,49.01628113,-54.8506698599999,4442.64868886913,,0.343077390369542,40.8972849206887,,,0.0,0.0,0.0972
Canada_02YR001,2339 catchments,False,48.80738831,-54.22256088,265.448836485036,,0.35128091584897,36.9611207340956,,,0.0,0.0,0.0
Canada_02YR003,2339 catchments,False,49.04217148,-53.88566971,570.161038363399,,0.343934336949623,35.709970278506,,,0.0,0.0,0.0
Canada_02YS005,2339 catchments,False,48.66275024,-54.01525116,2049.55371122966,,0.332383131307962,38.1190297971894,,,0.0081348393275231,0.0,0.0
Canada_02ZB001,2339 catchments,False,47.61333084,-59.00978088,201.90334157997,,0.300415161238381,43.709646550227,,,0.0,0.0,0.0
Canada_02ZF001,2339 catchments,False,47.74682999,-55.44021988,1186.70522685287,,0.291875136609417,36.2077636876309,,,0.0,0.0,0.0
Canada_02ZH001,2339 catchments,False,47.94667053,-54.28432846,804.217559283679,,0.305740104373163,37.6387613680355,,,0.0,0.0,0.0
Canada_03AB002,2339 catchments,False,49.85749817,-77.18721771,32400.8356330703,,0.315796652304203,46.0380491613755,,,0.0,0.0,0.0147
Canada_03AC004,2339 catchments,False,49.75305939,-77.61444092,22388.2086236828,,0.302530751273223,46.3794923848754,,,0.0,0.0,0.0202
Canada_03FC008,2339 catchments,False,55.68416977,-74.33999634,11196.2883321439,,0.405006648373916,50.8527855614903,,,0.0,0.0,0.0
Canada_03KC004,2339 catchments,False,57.68693924,-69.59082794,40634.1380692937,,0.432342426736217,59.7429275575992,,,0.0,0.0,0.0
Canada_03NF001,3049 catchments,True,55.1937152465748,-62.5180935450315,7539.0,475.930765226445,0.534224766040792,,650.5721403229521,914.6342307892056,0.0,0.0,0.0
Canada_03OA001,2339 catchments,False,54.45500183,-66.625,18299.5336380483,,0.439469631066063,53.4890958233301,,,0.0,0.0,0.00823
Canada_03OC006,2339 catchments,False,53.77222061,-65.39639282,22423.9381411336,,0.440129722655282,51.6774401167437,,,0.0,0.0,0.0
Canada_03OE001,3049 catchments,False,53.4204707971365,-64.8346600033291,92404.0,512.493365888849,0.4630802018897683,,599.8328200714509,1015.174341233324,0.0,0.890912124092729,0.0022256965537535
Canada_03OE003,2339 catchments,False,52.61257935,-61.18544006,1961.35327554274,,0.446577353385647,54.7755970411004,,,0.0,0.0,0.0
Canada_03QC001,3049 catchments,True,53.0985353822501,-58.7045613932108,10922.0,427.001464474679,0.4810257455410048,,735.4427745101631,1116.380329308207,0.0,0.0,0.0
Canada_03QC002,3049 catchments,True,52.5473274739407,-57.2431531863321,2297.0,315.568698817106,0.4904492183205308,,726.7954136451273,1075.4158124463752,0.0,0.0,0.0
Canada_04CA003,2339 catchments,False,52.65536118,-92.51351929,614.478906440679,,0.292551380119187,47.5150612884097,,,0.0,0.0,0.0
Canada_04CB001,2339 catchments,False,53.35018921,-91.79161072,10962.5539394953,,0.301737434843546,44.7560107826009,,,0.0,0.0,0.0
Canada_04DA001,2339 catchments,False,52.58058167,-90.18669128,5845.43396057122,,0.300152900864007,48.4199512022861,,,0.0,0.0,0.0
Canada_04DB001,2339 catchments,False,53.71175003,-87.95339203,7891.82874965521,,0.323268887158348,46.7648383614233,,,0.0,0.0,0.0
Canada_04DC001,2339 catchments,False,54.4996109,-87.22769165,49965.4444711864,,0.322540336459475,47.9741843240242,,,0.0,0.0,0.0
Canada_04DC002,2339 catchments,False,54.28974915,-85.6515274,4819.23037444124,,0.340812480147284,52.8007950795904,,,0.0,0.0,0.0
Canada_04EA001,2339 catchments,False,53.80611038,-84.91808319,8405.69658443977,,0.338044729185034,52.5617401012089,,,0.0,0.0,0.0
Canada_04FA001,2339 catchments,False,51.82324982,-89.60214233,8977.28480686682,,0.293776577291998,46.5845177215615,,,0.0,0.0,0.0
Canada_04FA003,2339 catchments,False,52.30828094,-88.7603302,5099.02953615785,,0.309010416797673,50.2790869396758,,,0.0,0.0,0.0
Canada_04FB001,2339 catchments,False,52.0857811,-87.05638885,24291.0338330707,,0.306651821902709,47.6669746180056,,,0.0,0.0,0.0
Canada_04FC001,2339 catchments,False,53.09130859,-85.07225037,37794.0806113313,,0.313201847305294,49.0236164371211,,,0.0,0.0,0.0
Canada_04GB004,2339 catchments,False,50.86841965,-88.93161011,10467.7853900673,,0.294564980067092,42.758751446714,,,0.0,0.0,0.0
Canada_04GD001,2339 catchments,False,51.64152908,-86.39099884,32452.6030498712,,0.299970284154844,44.1481788070653,,,0.0,0.0,0.00309
Canada_04JA002,2339 catchments,False,49.74417114,-84.10360718,4329.29313225667,,0.318544547370094,44.329680338029,,,0.0,0.0,0.0
Canada_04JC002,3049 catchments,True,49.3934804109079,-85.0648475528714,2178.0,333.00180319423,0.3193920968256587,,355.3655268949233,802.8227871723149,0.0,0.0,0.0
Canada_04JC003,2339 catchments,False,49.75556183,-84.40666962,3177.53713118023,,0.321304055174888,45.8649691171438,,,0.0,0.0,0.0553
Canada_04JD005,3049 catchments,True,49.5971073461379,-85.6544120588441,2118.0,297.823560347094,0.3117509664612042,,343.649448768795,786.3464090182175,0.0,0.0,0.0
Canada_04JF001,2339 catchments,False,50.66119003,-86.53624725,4888.65968516727,,0.315142115538304,44.8581281664122,,,0.0,0.0,0.0
Canada_04JG001,2339 catchments,False,50.42285919,-84.38153076,28054.282484972,,0.314523850191702,46.0556290345912,,,0.0,3.29831582640709,0.0206
Canada_04KA001,2339 catchments,False,51.16083145,-80.86393738,3606.27575962313,,0.313180594479369,49.5113045457156,,,0.0,0.0,0.0
Canada_04LA002,2339 catchments,False,48.40430832,-81.44835663,5620.23829290542,,0.299121394193904,42.8238693513311,,,0.0,0.0,0.0
Canada_04LB001,2339 catchments,False,49.2677803,-81.64167023,9871.06913972205,,0.301937608743357,44.1999538064436,,,0.0,0.0,0.1148775
Canada_04LD001,2339 catchments,False,49.31084061,-82.04142761,12411.8435404207,,0.305615006301472,44.5445209519339,,,0.0,0.0,0.0121
Canada_04LF001,3049 catchments,True,48.5492819776234,-82.971576241993,6759.0,342.678682988603,0.3159006594601121,,360.449598265878,831.289744633217,0.0,0.0,0.0643901653208975
Canada_04LG004,2339 catchments,False,50.75157928,-81.45139313,61757.3438366332,,0.310094488357065,45.7511315826384,,,0.0,1.58191473994743,0.0423
Canada_04LJ001,3049 catchments,True,48.7283173951047,-83.6302407015548,8574.0,329.726995895671,0.3131138548208947,,371.0972679396181,824.1955615792849,0.0,0.0,0.0
Canada_04LM001,2339 catchments,False,50.58544159,-82.09100342,24222.6200892109,,0.315200405764888,46.6095031325519,,,0.0,0.0,0.0114
Canada_04MF001,2339 catchments,False,51.07672119,-80.76407623,6599.4057583734,,0.325453565772886,49.2009540977892,,,0.0,0.0,0.0
Canada_04NA001,2339 catchments,False,48.60055923,-78.10944366,3658.26203987765,,0.291525940128187,42.5561645298975,,,0.0,0.0,0.7471903
Canada_05AA008,2339 catchments,True,49.59732056,-114.4106369,395.995066206528,,0.53786979712431,57.7984614647453,,,0.0357191313793982,0.0,1.2038194
Canada_05AA022,3049 catchments,True,49.3648460776526,-114.349165893716,820.0,1712.75906913073,0.5539076076490675,,591.6915380069687,814.4309122905345,0.177389234304428,0.0,0.0
Canada_05AA023,2339 catchments,False,49.81388855,-114.1833267,1447.82970314347,,0.493832505581908,58.1058889288669,,,0.0227945738550612,0.0,0.0
Canada_05AB021,3049 catchments,False,50.1558728086056,-114.062226082706,1180.0,1359.86187587494,0.3729647867332431,,87.05805106053269,685.9068158400754,2.20477904081345,0.155423332164532,0.0
Canada_05AD003,3049 catchments,True,48.9785296954559,-113.965031884775,612.0,1838.0269266481,0.5804701270448877,,917.3202655462184,866.6214712156141,0.047118345896403,0.0,0.0217864936631587
Canada_05AD005,3049 catchments,True,48.931724603262,-113.760609170733,319.0,1838.00353982301,0.5766757551887971,,853.853943143753,865.5244062809837,0.0,0.0,0.032679740494738
Canada_05AD010,3049 catchments,True,49.2604911692029,-113.978921900812,238.0,1706.20140515222,0.4968646911550571,,394.331073882353,799.8820761513707,0.509241604804993,0.0,0.0
Canada_05AE002,3049 catchments,True,49.0808675432495,-113.467908380492,312.0,1455.30181818182,0.4771833861533315,,177.73009411764707,685.0718168822027,0.719725330670675,0.0,0.0
Canada_05BA002,2339 catchments,True,51.43310928,-116.1749496,301.96013633393,,0.664811775181672,71.6622750119563,,,0.0,0.0,0.0
Canada_05BB001,2339 catchments,True,51.17222977,-115.5717697,2212.93287001509,,0.628988893448521,69.7803994706727,,,0.0152089645263684,0.0,0.0226999999999999
Canada_05BC001,3049 catchments,False,50.9094173744846,-115.44647257913,750.0,2105.13894888409,0.5842473172083454,,143.7806295771429,813.5060334084919,0.0,1.78970105808316,0.0
Canada_05BE004,3049 catchments,False,51.1941317579839,-115.682467774634,5162.0,2076.44307370622,0.5640169434008175,,487.08441916065806,800.3598396346497,0.0102240116102621,0.417149265389665,0.0
Canada_05BF025,3049 catchments,False,50.788281151334,-115.161918453327,896.0,2084.76778115502,0.5344181881141394,,488.2340054006968,839.0965527192402,0.0125092559804519,0.570267143732823,0.0
Canada_05BG003,2339 catchments,False,51.28332901,-115.1666718,221.93906868418,,0.466458696280587,60.7958313079981,,,0.0,0.0,0.0
Canada_05BG006,2339 catchments,True,51.28281021,-114.8384094,321.151001184879,,0.387678508213744,54.6568245535524,,,0.0,0.0,0.0
Canada_05BG010,3049 catchments,False,51.2951959226392,-115.228511909075,484.0,1945.09576837417,0.4260574984401817,,227.67017556399367,718.9113889647961,0.0,0.0,0.0
Canada_05BJ004,3049 catchments,True,50.8127925694112,-114.866352583613,790.0,1937.70713305899,0.4390279512201489,,330.19475537238736,782.9365468335608,0.0960481961568197,0.0,0.0
Canada_05BL004,3049 catchments,True,50.4198716738555,-114.496545206318,1953.0,1663.92288278183,0.427248601753261,,188.63768782867984,751.7176239184388,0.315439234311516,0.0,0.0
Canada_05BL014,3049 catchments,True,50.624958607228,-114.604059983464,592.0,1764.9758812616,0.4341541523526766,,267.91061747328735,789.1830225632344,0.235184147953987,0.0,0.0
Canada_05BL015,2339 catchments,False,50.58309937,-113.8699493,1952.65588069694,,0.443445451259165,53.5818182385066,,,0.357303966737492,0.0,0.0212
Canada_05BL022,3049 catchments,True,50.2260213893671,-114.664530988273,165.0,2017.59136212625,0.4962487503405151,,364.451892244898,778.4641344544284,0.0,0.0,0.0
Canada_05BL024,3049 catchments,True,50.5434452822735,-114.438783287633,3952.0,1542.62262844481,0.3993752693316844,,152.7702395465587,709.5949943506711,0.429998412521349,0.0,0.0
Canada_05CA009,3049 catchments,True,51.6010784021237,-115.592282392121,2245.0,2046.44939271255,0.4818475168762247,,300.1589043090927,747.5716338319843,0.0,0.0,0.0
Canada_05CB001,3049 catchments,True,51.6259457365974,-114.475553906349,2578.0,1185.01018287614,0.2913111555388659,,59.019140108611325,611.1664855469381,0.179584914430355,0.0,0.0
Canada_05CB004,3049 catchments,True,52.0653123461072,-114.764243190952,644.0,1100.54433497537,0.2687347743034077,,111.88031645962737,626.5373888710363,0.0,0.0,0.0
Canada_05CC001,2339 catchments,True,52.35699844,-113.7949982,1784.46310451623,,0.258485806874682,36.0573329842717,,,0.180102677581268,0.0,0.0423
Canada_05CC002,3049 catchments,False,51.9384894315409,-114.794817169264,11608.0,1308.86190148912,0.3394604319437818,,125.68189461455154,653.92943759515,0.0681182067352452,0.132941699458772,0.0504613596929145
Canada_05CC007,2339 catchments,True,52.319561,-114.3441696,1932.35031262209,,0.26105076168434,37.2163964032399,,,0.0783705254760665,0.0,0.0
Canada_05CE001,3049 catchments,False,52.0073539074091,-114.106256868267,24865.0,1082.14349134527,0.2973807270261218,,65.75025787646736,587.5984557873957,0.105165147522496,0.115855046565659,0.0460078089371702
Canada_05CK004,3049 catchments,False,51.6407156029624,-113.18932870179,47849.0,955.349521723583,0.2800905585025801,,38.5930758845535,521.8804235640716,2.04287603081942,0.192186109399445,0.0240483785363725
Canada_05DA007,3049 catchments,True,51.7796366653128,-116.582578419978,248.0,2251.17864923747,0.6604537127057708,,815.908806451613,921.1866803551902,0.0,0.0,0.0
Canada_05DA009,3049 catchments,True,51.9303864015529,-116.827198381293,1923.0,2189.72604252969,0.6541814172389556,,881.0231649411431,914.4858985813676,0.0,0.0,0.0
Canada_05DB002,3049 catchments,True,52.2256962255377,-115.215307112664,844.0,1268.69047619048,0.2907028869918485,,167.94051705357862,720.8499021982269,0.0,0.0,0.0
Canada_05DB006,3049 catchments,True,51.9416413720253,-115.620433197339,2252.0,1751.03085256712,0.4051277514369457,,247.6329378330373,784.1957448581131,0.0,0.0,0.0
Canada_05DC006,3049 catchments,True,52.1355554653878,-115.904854540094,1853.0,1818.28758915835,0.4123842596228619,,257.7209389314625,756.253662226586,0.0,0.0,0.0
Canada_05DC010,3049 catchments,False,52.0038324159063,-116.654264146277,3898.0,2154.80996460659,0.6242318342842998,,637.6133454545455,819.0152169790206,0.0,0.726682736425553,0.0
Canada_05DC012,3049 catchments,False,52.5739166553663,-115.462899500852,1346.0,1113.83359253499,0.2646278534152617,,155.46666416143412,677.1384673579165,0.0,0.0,0.0
Canada_05DD005,3049 catchments,False,52.6775927740559,-116.575645850244,5666.0,1694.3387736284,0.4421519711431015,,291.81509795148315,788.7063746487248,0.0,0.423826691573035,0.0
Canada_05DD009,3049 catchments,True,52.6839723918865,-115.887163045465,875.0,1254.78260869565,0.3000116803978008,,187.40933821574347,730.5840714025378,0.0,0.0,0.0
Canada_05DF001,3049 catchments,False,52.6427404125297,-115.487235731486,28096.0,1409.40576389277,0.3986184695712549,,232.5587757891312,711.5337733232448,0.0093945317235941,0.372373299549922,0.326490820268445
Canada_05EA005,2339 catchments,True,53.65534973,-113.7624664,1925.00966378745,,0.242442046691017,34.0087541487929,,,0.113072364628717,0.0,0.0
Canada_05EF001,3049 catchments,False,53.159705340286,-113.489296790529,57153.0,1023.3586312887,0.3235907232349144,,117.82766793439622,598.5917081912648,0.0589748456810658,0.345766095096986,0.345389503652129
Canada_05FA001,2339 catchments,True,52.66324997,-113.5814133,1829.82567781363,,0.254101356584677,34.2474556167404,,,0.261747234772134,0.0,0.2765744
Canada_05FE004,3049 catchments,False,52.7233570404289,-112.064392598869,25064.0,730.143559099711,0.2462698636202741,,8.93917551228854,499.1126505818149,0.105297044097121,0.0851798972747391,0.0213688411632506
Canada_05HD036,3049 catchments,True,49.7270830783456,-108.659226149485,1433.0,975.824397824398,0.292736935093048,,22.86222079553385,484.6917526125279,0.411851542380949,0.0,0.0
Canada_05JE006,3049 catchments,True,50.1996520974898,-105.649601062946,9253.0,624.217365412101,0.2521357566224313,,8.912603415108611,496.884599452341,0.712027380242944,0.0,0.211009689360514
Canada_05JF001,3049 catchments,True,50.3780436902106,-105.397445078637,17580.0,609.406346628354,0.2533736192939322,,12.52769519737266,489.0328818887173,0.644057735937785,0.0,0.299269854798689
Canada_05JF005,3049 catchments,True,50.255824560831,-104.164785939369,3868.0,599.819749216301,0.2449197839740397,,19.303762150982426,513.6100023985365,0.178076631976419,0.0,0.8622078862908771
Canada_05JK002,2339 catchments,False,50.70653152,-104.7979202,30002.867579766,,0.252874309728923,32.0419950960557,,,0.551072955702318,0.0,0.3861214
Canada_05JK007,2339 catchments,False,50.78781128,-104.2827225,33025.2137867105,,0.252766200465458,32.3312832025663,,,0.549347014656478,0.0,0.3523048
Canada_05JM001,2339 catchments,False,50.4912796,-101.5585632,48279.921913667,,0.25375607770887,33.5554392508878,,,0.446112074756091,0.0,0.2482673
Canada_05KD003,3049 catchments,False,51.7838392951138,-110.662106797157,327471.0,868.232489040666,0.3036349542819265,,44.03093514213789,511.6902891402205,2.10218055588151,1.30846146025704,0.201796453082085
Canada_05KH007,3049 catchments,True,52.9834947859123,-103.900808423515,15304.0,455.59584789172,0.2610608266279408,,35.358308608242325,516.6868186907723,0.0297904079591201,0.0,0.0
Canada_05KJ001,3049 catchments,False,52.3109417786765,-109.165042634198,388819.0,789.946543618555,0.3146435345023577,,50.25597097607722,502.0107257728291,1.75892970702077,0.92085405803325,0.169310792684289
Canada_05KL001,3049 catchments,False,52.3819513674704,-108.659864692969,405594.0,767.486227881211,0.2958039447506441,,43.49262141747659,513.4714906005927,1.68433337869426,1.3335252722183,0.162129512640693
Canada_05LC001,3049 catchments,True,52.5875071251142,-103.197149810054,10974.0,519.676501479996,0.2555533200251051,,53.29867445296232,583.3381347881867,0.0126738713281911,0.0,0.0
Canada_05LC004,3049 catchments,False,52.6328463754536,-102.767667622684,14490.0,490.41109987723,0.271915829428524,,50.87439118413144,549.988119134484,0.0104637874435758,0.0,0.0
Canada_05LE006,3049 catchments,True,52.1129760672857,-101.868221210001,4232.0,524.877960155369,0.2785269796141364,,51.18016446124764,549.9044604264714,0.0025936517401868,0.0,0.0
Canada_05LH005,2339 catchments,True,51.8484993,-99.5461731,54631.7292828556,,0.264509960071698,36.5008902024615,,,0.0110992681144638,0.0,0.0192
Canada_05LJ025,2339 catchments,False,51.45032883,-99.97107697,8707.93036991519,,0.270177679222101,38.7878377129643,,,0.0361394899465909,0.0,0.0231
Canada_05LL002,3049 catchments,False,50.2054221515958,-99.2875237194695,6357.0,351.59540727903,0.2468253359650017,,31.891634167059944,570.7665527501554,2.87769764369883,0.0,0.0
Canada_05MD004,2339 catchments,True,51.56489182,-101.9165573,13160.2952456556,,0.254870688312568,38.6274215169947,,,0.0164836436705351,0.0,0.0553
Canada_05MD005,2339 catchments,True,50.96334076,-101.3187714,1975.10593289161,,0.274305864525268,42.9064316244505,,,0.0357089277744992,0.0,0.00344
Canada_05MF001,2339 catchments,True,50.35881042,-99.90753174,2607.06684236635,,0.268645467657623,40.258491039272,,,0.0004763052483376,0.0,0.0674
Canada_05MF018,2339 catchments,True,50.02360916,-100.2077484,3892.87773916943,,0.261872929673478,39.4914166538769,,,0.0056000221591445,0.0,0.058
Canada_05MH005,3049 catchments,False,50.1633240723143,-102.744962969877,160472.0,560.71510746455,0.2542587172137938,,11.706243918900784,524.8006579100925,0.271062419595164,0.673497820618829,0.0578866357900799
Canada_05MH013,3049 catchments,False,50.9567300734601,-103.845136532589,93663.0,568.620916621802,0.2502846888930684,,15.810693341020464,534.1965231440058,0.19602204417973,0.316477457803577,0.0654719713917702
Canada_05MJ001,3049 catchments,False,50.1529768840023,-102.532881943294,162178.0,557.686332874006,0.2528010641301704,,11.464570655481667,521.5957352763223,0.287917374205365,0.929936608708779,0.0589013908440187
Canada_05MJ003,3049 catchments,False,50.1572475125156,-102.660462448267,161131.0,559.70848278642,0.26343253300525,,10.2454160813606,494.77359351765335,0.276134157143887,0.737341714321087,0.0576897424710661
Canada_05NA003,2339 catchments,True,49.00008011,-103.352562,2971.35071047162,,0.254688627837597,29.0553400357874,,,0.143998114814362,0.0,0.0
Canada_05NB021,3049 catchments,True,48.8765787781203,-102.737342188439,1207.0,650.949414519906,0.2590948146949515,,9.609791681855842,528.7655975373567,0.123533725505695,0.0,0.0343137275194749
Canada_05NB027,2339 catchments,True,48.98110962,-103.0761108,4456.77821749228,,0.254488580003937,29.3478895439127,,,0.296457645691025,0.0,0.0
Canada_05NG024,3049 catchments,False,50.0790468362515,-102.342699033285,3904.0,639.818722560544,0.2672296950567329,,13.82921652564781,562.6001193055458,0.0750280581808216,0.186092730818418,0.0
Canada_05OB007,3049 catchments,True,48.9815587941117,-99.0901192990124,7503.0,485.181920649234,0.2539019674688806,,32.03396759696122,578.3517510055467,0.129370740263848,0.0,0.0073163597253776
Canada_05OB016,3049 catchments,True,48.8090767704921,-98.6075566465404,975.0,478.047757716948,0.2437401209753446,,30.5624443494133,572.8400384619935,0.0032246600991735,0.0,0.0065359480989476
Canada_05OB023,3049 catchments,False,49.0008798668851,-99.4718499230919,4477.0,497.125912868295,0.2610941942557053,,26.23637133632506,556.3272245381095,0.078991528847482,0.0,0.0047824010480104
Canada_05OC001,3049 catchments,False,47.7979117584956,-97.6610876462711,102114.0,379.277413164678,0.2079520499381885,,49.689441293344416,658.0141641258557,0.865431277224303,0.810447331841543,0.0592076706962871
Canada_05OC004,3049 catchments,True,48.9729596098354,-98.8812901155683,8469.0,478.949507061018,0.2518071753921944,,29.18842135208044,568.6147365497993,0.136490167555362,0.0,0.0072377947965424
Canada_05OC012,3049 catchments,False,47.8055319191215,-97.6210926270224,115360.0,370.264380137552,0.2106796815429472,,51.24580377253815,656.3156452384397,0.823549548405904,0.535910884754101,0.0527506958041294
Canada_05OD027,2339 catchments,False,49.02360916,-95.9777832,174.72268921041,,0.213193049173832,38.9647060554846,,,0.0,0.0,0.0
Canada_05OE001,3049 catchments,True,49.2804615924243,-96.4491273290017,1417.0,307.526336633663,0.2256520530005733,,59.12848327452365,632.2767391703572,0.0819775708261187,0.0,0.0
Canada_05OE004,3049 catchments,False,49.261451521503,-96.1719166219153,422.0,356.224435590969,0.2295427337747944,,91.96958104265406,654.863764980751,0.0,0.0,0.0
Canada_05OF003,3049 catchments,False,49.4241283801409,-98.4742693413786,1131.0,377.145201392342,0.2634270996232102,,39.22019233180613,550.2256725880034,2.27973336643643,0.0,0.0
Canada_05OG001,2339 catchments,False,49.68000031,-97.43205261,309.3897956299,,0.209380150967536,34.759898095514,,,0.0308867540455537,0.0,0.0
Canada_05OH006,2339 catchments,False,49.76786041,-96.93386078,321.860229645517,,0.217184804826771,37.6197945330828,,,0.0570756453008166,0.0,0.138491
Canada_05PA006,3049 catchments,False,48.3070378597938,-90.6941279792141,13286.0,458.660441793109,0.2520090616281717,,263.6405672136083,800.0487263376059,0.0021193086751583,0.0158835885310977,0.0084516568739641
Canada_05PB009,2339 catchments,False,48.74443817,-92.28472137,6019.24107441179,,0.259235158067603,38.7125141352406,,,0.0,0.0,0.075
Canada_05PB014,2339 catchments,False,48.85021973,-92.72383118,5142.79702420876,,0.240280289966324,38.5807266623416,,,0.0,0.0,0.0
Canada_05PB018,3049 catchments,False,48.777204020751,-91.1399670385834,348.0,450.872131147541,0.2376108593026937,,270.8076865203762,815.7990434886696,0.0,0.0,0.0
Canada_05PC018,3049 catchments,False,48.8965633385797,-91.5930348755882,49479.0,419.942686925599,0.2351907943859745,,240.83858658918237,799.4416689618592,0.0145217350303068,0.111749522730562,0.0206428284085898
Canada_05PC019,3049 catchments,False,48.9040303573809,-91.6294197531701,38242.0,427.715722951724,0.2405350303672416,,241.9194441414451,801.8067707193541,0.0022625490278641,0.112741054682325,0.0231155340906935
Canada_05PE020,3049 catchments,False,48.8734280673866,-91.2519230554471,68223.0,400.234240699635,0.2318035718690548,,210.2194510696185,783.8561622576312,0.0196845651942174,0.0957170917976637,0.0161490789063126
Canada_05PF063,3049 catchments,False,49.8314033423507,-92.6352951184908,125671.0,397.520803315326,0.2487779965755353,,235.17001679311988,767.0153156423354,0.0106042415320299,1.08542712592365,0.0086801002810673
Canada_05PH003,3049 catchments,True,49.5360884466093,-95.7290826817314,3747.0,329.532605444212,0.2354785986857786,,99.93340000432778,643.3883628205396,0.0271835642408079,0.0,0.0
Canada_05QA002,2339 catchments,False,49.8733902,-91.45992279,7179.39858046741,,0.266059107761099,41.0031971049187,,,0.0,0.0,0.0384
Canada_05QA004,3049 catchments,True,50.1169296164569,-91.0235638034983,4439.0,418.70786656709,0.2633297067247207,,282.5110664564091,810.0350524663266,0.0,0.0,0.0
Canada_05QC001,2339 catchments,True,50.87380981,-93.48477936,4400.55934175974,,0.259150622523666,39.6577364918815,,,0.0,0.0,0.0741
Canada_05QC003,2339 catchments,True,50.90560913,-93.09191895,2340.11343564382,,0.26707093535736,34.619691199292,,,0.0,0.0,0.0
Canada_05QD006,3049 catchments,True,49.6686456790637,-92.8650847221347,6486.0,397.308834893106,0.2429918626134905,,222.12035267891,776.0662937597676,0.0,0.0,0.0
Canada_05QD016,3049 catchments,False,49.5592259173095,-92.3809761498886,2337.0,409.794749403341,0.2381845317868545,,195.79479295133615,778.8600660579593,0.0,0.0,0.0
Canada_05QE008,3049 catchments,False,50.239542107789,-93.2501604986318,1636.0,387.366249577274,0.2420042607223043,,223.3139193154034,760.6100788329258,0.0,0.0,0.0
Canada_05QE009,2339 catchments,True,50.35224915,-94.46640778,1390.82366642965,,0.241511269109943,39.6545188463528,,,0.0,0.0,0.0
Canada_05QE012,3049 catchments,False,50.7888864100676,-94.0988318076333,548.0,392.52952952953,0.2357031865379178,,205.8448388321168,752.1368834508844,0.0,0.0,0.0
Canada_05RA001,3049 catchments,True,50.8576531111726,-95.3861399732352,1831.0,318.514268727705,0.2411759149216659,,150.52858853085746,657.235789515925,0.0,0.0,0.0
Canada_05SD003,3049 catchments,True,51.2046399221016,-97.7215155037232,1706.0,258.55636478784,0.2448599135066476,,33.64351029978228,548.2706538589537,0.0,0.0,0.0
Canada_05TG003,2339 catchments,False,55.99525833,-97.35762024,6107.27419576718,,0.336251313630218,51.7983887602062,,,0.0,0.0,0.0
Canada_05UE005,3049 catchments,False,51.5083751241781,-102.857005419264,1049606.0,542.421119531306,0.263172760856361,,66.85513729991666,578.928772962582,0.821396165108631,1.31984161866498,0.0969987938374402
Canada_05UF004,2339 catchments,False,56.34156036,-94.6969986,1088.59306756383,,0.352066354082322,51.1392106741494,,,0.0,0.0,0.0746
Canada_05UG001,2339 catchments,False,56.51258087,-94.21617126,3256.05243051456,,0.363765586307982,53.1608300967636,,,0.0,0.0,0.0007559999999999
Canada_05UH002,2339 catchments,False,57.02305984,-93.45305634,2198.59218735913,,0.375459332808377,55.2528792435478,,,0.0,0.0,0.0
Canada_06AD006,2339 catchments,True,54.35515976,-110.2172775,13979.9825832584,,0.253057278198357,38.0626828231213,,,0.0054820154904802,0.0,0.1206993
Canada_06AG002,3049 catchments,True,54.6927676136457,-107.348024339612,2977.0,477.45206168287,0.2455512818543813,,40.25846885476829,557.5101506369612,0.0,0.0,0.0
Canada_06BA002,3049 catchments,True,55.7133219463813,-109.777786141377,2327.0,591.59970735786,0.2618366053964102,,118.89972038110407,562.8944905283688,0.0,0.0,0.0
Canada_06BB005,2339 catchments,False,55.39683151,-108.0188293,4773.52057506774,,0.26586140093548,39.2401693052472,,,0.0,0.0,0.0
Canada_06BD001,2339 catchments,True,56.24522018,-106.5633621,3656.30142851426,,0.306540723972707,47.5780998156348,,,0.0,0.0,0.0
Canada_06CD002,3049 catchments,False,55.3726372820679,-107.978766342038,118527.0,520.211941139663,0.2688007726559207,,78.80706847987621,531.9240295518124,0.0015741528980934,0.0,0.0034898066382842
Canada_06DA004,3049 catchments,True,57.2815102358626,-105.215139210292,7729.0,512.58859003739,0.332408494841345,,184.0528813559322,548.4694408119942,0.0,0.0,0.0
Canada_06DA005,3049 catchments,True,57.2911045406833,-105.643693740357,3022.0,530.831228826609,0.3399039184841118,,176.05421348208378,544.4210406434615,0.0,0.0,0.0
Canada_06DC001,3049 catchments,True,56.7816331850586,-104.28663746333,10244.0,446.702519692294,0.3222591131034725,,179.3502478128265,555.8873076354213,0.0,0.0,0.0
Canada_06DD002,3049 catchments,False,57.4157466620121,-103.386453840729,63263.0,411.245770329823,0.342223049229775,,177.46983102287277,565.5894960030397,0.0,1.38367266653615,0.0
Canada_06EA002,3049 catchments,False,56.1111373074055,-105.820566280181,212229.0,474.102005841374,0.2971232572619587,,110.7938298993742,543.2058069364788,0.0008625886599668,0.679373987962583,0.0019567818736818
Canada_06EB004,3049 catchments,False,56.0489495181662,-105.51568251122,244171.0,455.493812704738,0.2948289112708788,,110.88053003837476,552.0750552186947,0.0007493898328657,0.533770470321563,0.0016999904002095
Canada_06FB002,2339 catchments,False,57.65327835,-95.66385651,4259.35833834653,,0.379089224137544,53.8388299574157,,,0.0,0.0,0.0
Canada_06GD001,2339 catchments,False,58.89128876,-96.27668762,48060.9660183511,,0.395360857017224,51.0564364277809,,,0.0,0.0,0.0
Canada_06HB002,2339 catchments,False,60.78652954,-98.77693939,27216.5425504978,,0.426204304734389,50.5639315715797,,,0.0,0.0,0.0
Canada_06JC002,2339 catchments,False,64.53038788,-101.3623276,65688.637577008,,0.455276342399869,60.9045315519729,,,0.0,0.0,0.0
Canada_06LA001,2339 catchments,False,61.2536087,-100.9738922,21086.2338954633,,0.419025032495099,48.6655060348176,,,0.0,0.0,0.0
Canada_06LC001,2339 catchments,False,63.65258026,-95.85211182,68576.6934232877,,0.455262638349221,53.5250718407815,,,0.0,0.0,0.0
Canada_07AA001,2339 catchments,True,52.86412048,-118.1071701,646.571635469722,,0.609378778654369,71.7454575213371,,,0.0,0.0,0.0
Canada_07AA002,3049 catchments,True,52.5880401029843,-117.939294974946,3872.0,2029.55564581641,0.6377285152877541,,703.1216496586418,1005.0390352726916,0.0,0.0,0.0
Canada_07AD002,3049 catchments,True,52.8965440657236,-118.009063886155,9764.0,1922.80117302053,0.5913586932392394,,564.12986619821,893.1331598649232,0.0044744990088722,0.018807078989132,0.0
Canada_07AF002,3049 catchments,True,53.2700982322147,-117.196999051724,2561.0,1414.95485691254,0.3733839736816283,,238.0215194628123,746.2801531777421,0.0,0.0,0.0
Canada_07AG003,3049 catchments,True,53.3373234529547,-116.16199393761,826.0,1015.93109869646,0.2680947956956249,,150.48140027672088,653.1392881679483,0.0,0.0,0.0
Canada_07BB002,3049 catchments,True,53.1673051703828,-116.032693935211,4401.0,1039.92960225273,0.2799594454288164,,146.09528474437627,682.7423142401432,0.0,0.0,0.0
Canada_07BC002,3049 catchments,True,53.6456474840807,-115.277117113365,13103.0,827.738255555988,0.2586102198252066,,83.30227338285837,596.8107559111778,0.0107419547280223,0.0415208911573649,0.0
Canada_07BE001,3049 catchments,True,54.0601668783348,-116.410120294159,74602.0,1026.33525221709,0.3427472934212329,,180.9301069676416,651.9554341588897,0.0094756301207742,0.0105633753151654,0.0025155235369294
Canada_07BF002,3049 catchments,True,55.1034291127752,-116.463670599398,1151.0,801.759726378794,0.2622313750634829,,124.05479156464736,639.6257622760252,0.0042921896757824,0.0,0.0
Canada_07BJ001,3049 catchments,True,54.9964598710402,-115.427612832046,1900.0,927.390637191157,0.2676639580171226,,218.3498397803204,692.8410364839887,0.0,0.0,0.0
Canada_07BK007,3049 catchments,False,55.4542979063674,-113.958736086014,2100.0,730.464861078683,0.2535674984472054,,97.88445339428571,584.8218929005358,0.0,0.0,0.0
Canada_07CD001,3049 catchments,True,56.6273943856997,-109.652989674126,30791.0,532.722694904282,0.2793824831573354,,124.51573588407511,531.2762496847428,7.60842630496392e-05,0.0,0.0
Canada_07DA001,3049 catchments,False,55.2136918447712,-113.286327194337,132584.0,816.102291008759,0.3022356885272615,,146.1204104044321,603.5832986374736,0.0053666432561054,0.0075091691990445,0.0095549797459454
Canada_07EA004,2339 catchments,True,56.73060989,-125.1050034,4144.46829877833,,0.557113083842478,68.5315010230799,,,0.0004408181054183,0.0,0.0
Canada_07EA005,2339 catchments,True,57.1262207,-125.2499237,15649.8337092664,,0.552270461700741,68.4289511749246,,,0.0030475843848386,0.0,0.0
Canada_07EA007,2339 catchments,False,57.1911087,-124.9011078,1605.2970903989,,0.542323173455399,69.5086651502058,,,0.005929872046674,0.0,0.0
Canada_07EB002,2339 catchments,True,56.52410889,-123.9360275,2087.6905851243,,0.536440478750294,67.329059180869,,,0.0025789515048121,0.0,0.0
Canada_07EC002,2339 catchments,False,55.91685867,-124.5675812,5346.87493244557,,0.541964780742159,66.235588254579,,,0.0067161827760654,0.0,0.0
Canada_07EC003,2339 catchments,False,56.24499893,-124.6446686,2944.11971060003,,0.553222190911663,67.7566426733366,,,0.0009464663616624,0.0,0.0
Canada_07EC004,3049 catchments,True,56.1219415485985,-125.26872802498,1947.0,1390.47996041564,0.5340029308439684,,571.5925338390423,854.8926865831992,0.0,0.0,0.0
Canada_07ED003,3049 catchments,True,55.2675693295895,-124.608186147365,6789.0,1139.88810075275,0.4791366337765972,,392.9912472891669,790.0638702420272,0.0,0.0,0.0
Canada_07EE007,3049 catchments,True,54.7485473641845,-122.13227926393,4929.0,1139.07027626538,0.5023920756820606,,937.8772002434572,1128.0688577070116,0.0045894283934363,0.0,0.0
Canada_07EE009,3049 catchments,True,54.5254497126073,-122.387696427751,310.0,963.802884615385,0.3998587093702073,,520.4516723278117,988.7662499367146,0.0,0.0,0.0
Canada_07EE010,3049 catchments,True,54.6346651103058,-122.911986527269,3711.0,890.389269866882,0.4099044786635231,,375.1422284683789,815.2802466011565,0.0,0.0,0.0
Canada_07EF001,3049 catchments,False,56.0928276370095,-124.347039267988,73148.0,1271.14859464063,0.5179076999345039,,477.8956224210158,816.1851924692535,0.0015130097266811,2.04391799524959,0.0
Canada_07FA005,2339 catchments,False,56.45986176,-122.3545303,2188.08742691865,,0.476372736650067,63.6444690948922,,,8.77872126899122e-05,0.0,0.0
Canada_07FA006,2339 catchments,True,56.2507515,-121.6285324,9342.7763334869,,0.416153171135581,57.6874547544309,,,0.004815929318753,0.0,0.0
Canada_07FB001,3049 catchments,True,55.227409010773,-121.594292333442,12126.0,1154.23988322115,0.4916915321976713,,498.0041436346929,859.5854492273218,0.005306238341202,0.0,0.0
Canada_07FB002,3049 catchments,True,54.9746114031918,-121.110150649756,5550.0,1220.99830750045,0.4755781403377155,,478.1302876911197,868.6106823858463,0.0042761867807712,0.0,0.0
Canada_07FB003,3049 catchments,True,55.1860194539134,-121.802779628164,2594.0,1206.74031890661,0.502090948930577,,686.1422514209893,932.7107601861208,0.0066731883025746,0.0,0.0
Canada_07FB006,3049 catchments,True,54.7302532677557,-121.089317695543,2366.0,1328.36831059811,0.5296492989390469,,771.6899173586595,1020.8454090619736,0.0058902014764801,0.0,0.0
Canada_07FB008,3049 catchments,True,55.7983221514955,-122.042533649788,1523.0,987.871647509579,0.4193937344611352,,247.92003041365723,705.4025096410708,0.0048913030497108,0.0,0.0
Canada_07FC001,2339 catchments,True,56.27843857,-120.6998596,15515.5415953105,,0.324592011649176,47.6755221173995,,,0.0240196158799339,0.0,0.0297
Canada_07FC003,2339 catchments,True,56.67763901,-121.2223282,1775.7017094707,,0.324957453551951,48.336184722116,,,0.0004875384443629,0.0,0.0424
Canada_07FD001,3049 catchments,True,55.4474966531036,-120.574844981016,3634.0,912.937373737374,0.3632770766176567,,90.23892843327756,619.309497543828,0.0346010790765286,0.0,0.0
Canada_07FD002,3049 catchments,False,56.0824188362848,-124.046579885975,100759.0,1215.55574041675,0.5039416290802439,,447.7012058101651,791.8365653689693,0.0027383018307981,1.62058463810035,0.0
Canada_07FD004,3049 catchments,False,56.4804578284518,-120.149015637293,295.0,773.557536466775,0.3273694175435745,,64.85255803171133,505.2630860243058,0.0124657763434308,0.0,0.0
Canada_07FD007,2339 catchments,False,55.8651886,-120.0304184,2859.53575979361,,0.335736196008654,43.681008997953,,,0.140985545876082,0.0,0.2459771999999999
Canada_07GE001,3049 catchments,True,54.757290671991,-119.853856724882,11261.0,1094.66573840782,0.4263823427821807,,274.3878151291619,736.0599432988372,0.0518671200303028,0.0,0.0
Canada_07GG001,3049 catchments,True,54.4807968529041,-117.453802430782,1037.0,849.553468208093,0.267659733999775,,143.73667642675548,664.3066542731881,0.0,0.0,0.0
Canada_07GH002,3049 catchments,True,54.5634223807918,-117.233157579395,11090.0,854.60996447682,0.2853638317693283,,138.9127676568337,639.2148163717077,0.0011026765862821,0.0,0.0
Canada_07GJ001,3049 catchments,True,54.4683723464982,-118.590632787578,50315.0,1027.9498086722,0.3875990106889855,,215.95492794165983,687.55294928701,0.019903154360983,0.0,0.0
Canada_07HA001,3049 catchments,False,55.9146323428482,-122.428323979761,194374.0,1061.63915413548,0.4430504994311234,,308.530203395715,711.0486506065846,0.0172310754017347,1.28190376481735,0.0044214003586144
Canada_07HA003,3049 catchments,True,56.0450370965202,-116.732572884688,1968.0,667.516421568628,0.2641194545842896,,46.66724437834623,512.4360008726385,0.0,0.0,0.0
Canada_07HC001,3049 catchments,True,56.9196711427024,-118.628694181182,4678.0,812.903242045912,0.3123841923480761,,86.29202335839852,531.6722676870373,0.0,0.0,0.0
Canada_07JD002,3049 catchments,True,56.7122287101102,-114.853153550059,35896.0,615.826000635324,0.2704270718752452,,61.91877178515713,517.4969710201082,0.0,0.0,0.0
Canada_07KC001,3049 catchments,False,56.4678035308706,-120.23409114244,300359.0,877.089497760412,0.399387820862874,,220.102336870212,631.1159612820696,0.0120440823293461,1.13869977626559,0.0028196775692274
Canada_07LB002,3049 catchments,True,58.0439249305412,-104.69346038509,3163.0,499.914467041685,0.3461643600974302,,210.84492937967332,555.1627544259297,0.0,0.0,0.0
Canada_07LE002,3049 catchments,True,58.8832537419277,-105.153525733234,50732.0,431.145585168428,0.348544359656717,,189.4675880592004,511.6902642083173,0.0,0.0,0.0
Canada_07MA003,3049 catchments,True,58.2110167124758,-109.446790402437,1694.0,404.039126963002,0.3065146549040164,,177.4102101534829,530.8843581445215,0.0,0.0,0.0
Canada_07MB001,3049 catchments,True,58.2862815884602,-107.838435535264,9121.0,473.372808977606,0.3248368450980985,,181.57245308797116,523.611880234137,0.0,0.0,0.0
Canada_07NB001,3049 catchments,False,56.9982069192179,-114.854666221441,600969.0,721.6287086781,0.3606132877669042,,177.0524405438159,581.2227189278154,0.0071048069793317,0.701657751503961,0.0051967111900586
Canada_07OB001,3049 catchments,True,58.6765735587858,-119.219098926119,51382.0,494.836144284882,0.3223959488945638,,68.3048467360419,456.77419317588885,4.86144745718139e-08,0.0058015591918668,0.0
Canada_07OC001,3049 catchments,True,57.7134437262887,-119.132245688325,10369.0,694.834156763253,0.3165692301545624,,80.28404572089883,507.89263710908864,0.0,0.0,0.0
Canada_07RD001,2339 catchments,True,62.89413834,-108.4660263,26802.380254974,,0.464370571448189,50.2102540368552,,,0.0,0.0,0.0
Canada_07SA002,2339 catchments,False,63.97410965,-115.4333115,12101.5966983679,,0.427100033388146,55.9600032415,,,0.0,0.0,0.0
Canada_07SA004,2339 catchments,False,64.38774872,-115.0217514,1912.3815406214,,0.424990587774851,57.1877114323847,,,0.0,0.0,0.0
Canada_07SB010,2339 catchments,False,62.49085999,-113.5230789,3635.82621091433,,0.390640037112961,48.8788672990114,,,0.0,0.0,0.0
Canada_07SB013,2339 catchments,False,62.51356125,-114.4097519,145.743419311483,,0.386253736098545,48.3837534575433,,,0.0,0.0,0.0
Canada_07TA001,2339 catchments,True,63.1076889,-116.9746399,13814.0329764586,,0.392800012822007,46.222704099434,,,0.0,0.0,0.0
Canada_08AA001,2339 catchments,False,60.86111069,-137.0611115,4421.5391351693,,0.492426190219241,61.6078077787972,,,0.0,0.0,0.0
Canada_08AA003,2339 catchments,False,60.74805832,-137.5083313,8437.03217950363,,0.56127121093025,63.6194757531986,,,0.0020957433293924,0.0,0.0
Canada_08AA008,2339 catchments,False,61.56044006,-137.537384,1223.87014129696,,0.472865342954573,64.6234027932287,,,0.0,0.0,0.0
Canada_08AA010,3049 catchments,False,61.3770489537822,-137.375631166716,3000.0,1309.90023393422,0.4529779272064164,,96.67288872000002,513.8068283679307,0.0,0.0,0.0
Canada_08AB001,2339 catchments,True,60.11830902,-137.9777527,16294.0684210806,,0.695614212371549,72.088351362822,,,0.0072284469114352,0.0,0.0
Canada_08AC001,2339 catchments,True,60.11344147,-136.9276428,380.72375820529,,0.683851903481027,72.3026421651609,,,0.0,0.0,0.0
Canada_08CC001,2339 catchments,False,57.90000153,-129.7038879,3549.13288310049,,0.636942922428701,72.48833108531,,,0.0,0.0,0.0
Canada_08CD001,2339 catchments,True,58.07225037,-130.8264465,3555.05033730859,,0.512893698206567,65.1954666303333,,,0.0,0.0,0.0
Canada_08CE001,2339 catchments,True,57.90026855,-131.1597137,28894.521178564,,0.557235757524488,68.3564728146935,,,0.0041467276429629,0.0,0.0
Canada_08CF003,2339 catchments,False,56.70806122,-132.1302795,50684.1172483752,,0.632879374453023,74.4504958561657,,,0.0023640090072826,0.0,0.0
Canada_08CG001,2339 catchments,True,56.73443985,-131.6689911,9504.604653912,,0.673599259398545,80.5273787673316,,,0.0,0.0,0.0
Canada_08DA005,2339 catchments,False,56.10934067,-129.4774017,219.157076776012,,0.69209954075413,80.4489305443843,,,0.0,0.0,0.0
Canada_08DB001,2339 catchments,True,55.26224899,-129.0850372,18424.4445653938,,0.629746086524892,74.2040325837683,,,0.0022848362345641,0.0,0.0
Canada_08DC006,2339 catchments,False,56.04278183,-129.9250031,323.206341723388,,0.700931748251481,86.141637076406,,,0.0,0.0,0.0
Canada_08EB004,2339 catchments,True,55.43384933,-127.7161636,1923.04394012261,,0.492664677092653,64.067306265321,,,0.0075602122292713,0.0,0.0
Canada_08EB005,2339 catchments,False,55.71707916,-127.6867218,12254.2100516415,,0.603002817942356,71.7398090386472,,,0.0009786946073095,0.0,0.0
Canada_08EC001,2339 catchments,False,55.32252884,-126.6298294,6317.82432530854,,0.454908549639433,52.1978910548905,,,0.0,1.58068069010083,0.0
Canada_08EC004,2339 catchments,False,54.40544128,-125.4298172,773.61142803575,,0.41279429230035,51.6265045423638,,,0.0,0.0,0.0
Canada_08EC013,3049 catchments,True,54.7459550792065,-125.833100961033,6760.0,1005.43492974325,0.4571162777145225,,237.41880177514795,756.3133055357049,0.0,0.0142822188936108,0.0007104291411899
Canada_08ED001,3049 catchments,True,53.804525902112,-127.511872809084,731.0,1307.13692946058,0.6829328138988668,,1251.2663113543092,2023.8852995596117,0.0,0.0,0.0
Canada_08ED002,3049 catchments,True,53.8965983285784,-127.622462354925,1896.0,1254.03556149733,0.6772467154751834,,1251.7474653507832,1975.3484899746632,0.0,0.0,0.0
Canada_08EE004,3049 catchments,True,54.1419413405324,-127.089984284997,7343.0,1092.05499485067,0.6035793072616178,,582.6719394815339,1224.8083832628126,0.0335326592297587,0.0,0.0
Canada_08EE008,3049 catchments,True,54.5534206749738,-127.111685554876,125.0,1239.72908366534,0.5543435187196051,,439.5619530418605,965.9319204066755,0.0,0.0,0.0
Canada_08EE013,3049 catchments,True,54.2393580834778,-126.429266592915,564.0,1120.46167557932,0.4843066916925104,,253.03111148936168,788.8132414687334,0.105394992356499,0.0,0.0
Canada_08EE020,3049 catchments,True,54.5695689675653,-127.636641172967,367.0,1351.00818553888,0.6112932309665917,,1224.84889373297,1452.2606660850156,0.0,0.0,0.0
Canada_08EF001,2339 catchments,True,54.63193893,-128.4305573,41929.9922909973,,0.563269781620729,65.6924478591609,,,0.0312453057277858,0.0803202085144844,0.0192
Canada_08EF005,2339 catchments,True,54.49362946,-128.3246613,2927.29679167629,,0.615844463773106,73.8558970609563,,,0.0255693333978206,0.0,0.0
Canada_08EG011,2339 catchments,False,54.51860809,-128.7277832,368.376870720196,,0.594007494725452,77.939859664605,,,0.0,0.0,0.0
Canada_08EG012,2339 catchments,True,54.36219025,-129.3128357,370.131302470135,,0.556431479670279,79.6989970997619,,,0.0,0.0,0.0
Canada_08FA002,2339 catchments,True,51.6791687,-127.1791687,162.026759260022,,0.457687042275564,70.8277333470465,,,0.0,0.0,0.0
Canada_08FB004,2339 catchments,False,52.42456055,-126.52108,156.408592583705,,0.56424105009488,73.371656811185,,,0.0032008690229824,0.0,0.0
Canada_08FB006,3049 catchments,True,52.298505290691,-125.681617584199,2551.0,1436.06260330579,0.6577037994476708,,336.78115299776454,1171.9162972897202,0.0,0.0,0.0
Canada_08FB007,2339 catchments,False,52.42221832,-126.1580582,3606.86179382079,,0.681641440259402,72.8053302027022,,,5.43396113871918e-05,0.0,0.0
Canada_08FC003,3049 catchments,True,52.5212223327298,-125.253132907445,3724.0,1350.61115795391,0.5371238651661362,,146.89646294307198,805.1370880703759,0.227242086384747,0.0,0.0
Canada_08FE003,2339 catchments,True,53.56354904,-127.9523621,552.189924677611,,0.627835000028837,83.7575089340303,,,0.0,0.0,0.0
Canada_08FF001,2339 catchments,True,54.04872131,-128.690506,2008.16314322325,,0.525037990331529,74.8133521152751,,,0.0,0.0,0.0
Canada_08FF002,3049 catchments,True,54.0378502352985,-128.346744370049,353.0,939.940836940837,0.5011107693460572,,1926.548256090652,2654.777962412241,0.0,0.0,0.0
Canada_08FF003,3049 catchments,True,54.1218193537298,-128.839995352127,179.0,762.700564971751,0.501373068730903,,3032.945384384793,3049.9040625158027,0.0,0.0,0.0
Canada_08GA010,3049 catchments,False,49.4727126836734,-123.118965526828,173.0,870.824675324675,0.2916741405097355,,3704.4015938998896,2812.23575913511,0.0,0.0,0.0
Canada_08GA022,2339 catchments,False,49.79502106,-123.2031631,2358.78391791599,,0.641874829653785,80.9560453421065,,,0.0420276844755296,0.0,0.0
Canada_08GA043,2339 catchments,False,49.81602859,-123.1500778,962.260590122682,,0.644295485241492,77.2558456234993,,,0.0,4.58498455680553,0.0
Canada_08GA071,2339 catchments,False,50.11402893,-123.4283981,1221.0627547713,,0.676548313461265,84.4203155818834,,,0.0811868397924348,0.0,0.0
Canada_08GA072,3049 catchments,True,49.9841234898718,-122.862887718395,297.0,1610.5861423221,0.6314572475298448,,2077.686303030303,2492.120184437803,0.0,0.0,0.0
Canada_08GD004,2339 catchments,True,50.98635864,-124.9186401,5682.23403547403,,0.721010075649714,79.2818325519389,,,0.423673620149589,0.0,0.0
Canada_08GD008,2339 catchments,True,51.67322159,-124.4072189,469.259424052964,,0.607846287690585,63.4228631104894,,,0.44791582217449,0.0,0.0
Canada_08GE002,2339 catchments,True,51.14477921,-125.5943604,5796.55762004968,,0.723213640514263,80.9856795527524,,,0.253955819451786,0.0,0.0
Canada_08HA002,3049 catchments,False,48.8651086199167,-124.278243603766,594.0,543.942748091603,0.208860668013441,,2417.6851844155844,2247.3805037206785,0.0473576815798879,0.0,0.281862748088315
Canada_08HA011,3049 catchments,False,48.8330946621549,-124.159677984628,826.0,491.195622435021,0.200134660687618,,1985.9422342296416,2103.4147438693303,0.231555591151118,0.0,0.23366013308987
Canada_08HD005,3049 catchments,False,49.914191289084,-125.450044491294,277.0,480.301587301587,0.3000784904972716,,976.5507135379062,2170.6527578483865,0.0,0.0,0.0
Canada_08HE006,3049 catchments,False,50.0657762483783,-126.756310461789,177.0,728.213622291022,0.240098523420141,,4379.015474162878,2903.504797140629,0.0,0.0,0.0
Canada_08HF004,3049 catchments,False,50.324168427716,-126.483855728358,364.0,777.445288753799,0.301404142782922,,1953.321579831932,2320.7229669319754,0.0,0.0,0.0
Canada_08JA014,2339 catchments,False,53.26332855,-125.4083328,160.277743857547,,0.415758815694366,54.6400128660246,,,0.0,0.0,0.0
Canada_08JB002,3049 catchments,False,53.9739537891028,-126.203034393463,4019.0,969.389744885072,0.4954711474473618,,164.11057680101152,791.4543321745964,0.0,0.0,0.0
Canada_08JB003,3049 catchments,True,54.0474016052301,-126.018051021722,6552.0,949.854909850654,0.451862154766912,,139.4065824175824,716.5384389144964,0.0,0.0,0.0
Canada_08JB008,3049 catchments,True,53.8944243452998,-127.147119538168,368.0,1165.04840940526,0.6308801962589164,,485.6988862003781,1283.678115952962,0.0,0.0,0.0
Canada_08JC002,3049 catchments,False,54.3886970964308,-125.662245181114,42747.0,1005.42917902248,0.4962542647981249,,204.7846315430657,817.218241693289,0.0937322770853243,2.68996952926989,0.0
Canada_08JD006,2339 catchments,False,55.97613907,-126.6776733,390.837377925301,,0.58892854304879,67.1727120262036,,,0.0,0.0,0.0
Canada_08JE001,2339 catchments,True,54.41685867,-124.2706223,14629.1787617648,,0.468791249493373,52.656082454564,,,0.0,0.0,0.00687
Canada_08JE004,2339 catchments,False,54.61080933,-124.247757,141.079439432947,,0.390900822161535,47.3932434454669,,,0.0,0.0,0.0
Canada_08KA001,3049 catchments,True,53.2122891117974,-120.398700778027,408.0,1878.52970922882,0.5749484186485222,,1104.545290196079,1305.2348660761238,0.0755012142989371,0.0,0.0
Canada_08KA004,3049 catchments,True,53.4071951898668,-120.227605995841,17955.0,1467.23221649485,0.5382132876173533,,813.6611810122322,1207.3908191987389,0.0435140849145198,0.0,0.0
Canada_08KA005,3049 catchments,True,53.0654157669484,-119.23034044916,6886.0,1773.94382953091,0.6215761951426979,,904.4243778400308,1155.862124525916,0.0625110535089065,0.0,0.0
Canada_08KA007,3049 catchments,True,52.9368797057421,-118.741697071618,1709.0,1912.41638846737,0.6342443890539424,,836.3318165368861,1035.6815061362934,0.0119805327233146,0.0,0.0
Canada_08KA009,2339 catchments,True,53.44406128,-120.2201385,253.910134350207,,0.601737874330525,71.5863587557315,,,0.0418421982034068,0.0,0.0
Canada_08KB001,3049 catchments,True,53.9026679001993,-121.361914674201,32436.0,1283.05006525465,0.5105831237328737,,792.0432053274142,1103.3619504898656,0.028358656273029,0.0,0.0
Canada_08KB003,3049 catchments,True,54.1696904539287,-120.914361494735,4778.0,1374.45817069311,0.5742582250167761,,1422.0035830891586,1323.9732365627308,0.006999496464535,0.0,0.0
Canada_08KB006,2339 catchments,False,54.29677963,-120.977417,103.047819008817,,0.601777722554118,69.8367576789981,,,0.0093776533673115,0.0,0.0
Canada_08KC001,2339 catchments,False,54.09642029,-122.679863,3963.23990745465,,0.386346166603962,47.3109757828688,,,0.0,0.0,0.0
Canada_08KD001,2339 catchments,False,53.2611084,-121.413887,453.720385237909,,0.516997455500651,63.6998161571299,,,0.179848156820926,0.0,0.0
Canada_08KD007,2339 catchments,False,54.01694107,-122.1028595,3286.18119835019,,0.443479832653652,59.8906848815952,,,0.0528814971067849,0.0,0.0
Canada_08KE009,2339 catchments,False,53.15528107,-122.4761124,1893.57907211128,,0.408063072119273,53.4298506311298,,,0.032348053341195,0.0,0.0
Canada_08KE016,3049 catchments,True,52.8815442023796,-122.913724569704,1554.0,1095.14586818334,0.3293617881546266,,97.78088588379325,673.7566487618377,0.0965882087575978,0.0,0.0
Canada_08KE024,2339 catchments,False,52.91490173,-121.7674713,127.766226646616,,0.444652201491041,63.799063318793,,,0.0,0.0,0.0
Canada_08KG001,3049 catchments,True,52.9671123296982,-123.97676178896,12429.0,1162.38324279148,0.3704908310902626,,89.43561321771072,595.9684757578485,0.0147307323197187,0.0,0.0
Canada_08KH001,3049 catchments,True,52.4709007863947,-120.855503291314,5965.0,1297.57175538935,0.5060852635113635,,708.3350929948509,1110.6261827408869,0.553486491625126,0.0,0.0
Canada_08KH003,2339 catchments,False,52.66667175,-121.6708298,3324.03922051832,,0.534043883238806,65.7494342801074,,,0.152427109991806,0.0,0.0
Canada_08KH006,3049 catchments,True,52.684037272303,-121.060834293474,11546.0,1270.53383219955,0.4901945970508222,,666.9667288609538,1078.6673411057666,0.359074682745759,0.0,0.0
Canada_08KH010,3049 catchments,False,52.3096335751771,-120.668015242242,789.0,1503.22266666667,0.4793248450634467,,783.1112906463879,1207.066360886919,1.16672800919589,0.0,0.0
Canada_08KH019,2339 catchments,False,52.3157196,-121.4084396,547.67552651155,,0.370194575258332,49.070914657973,,,0.0,0.0,0.0
Canada_08KH020,3049 catchments,True,52.1652578925766,-120.799193521064,430.0,1234.54054054054,0.4451556324024187,,370.34650948121646,1036.1958537471753,0.0,0.0,0.0
Canada_08LA001,2339 catchments,True,51.65571976,-120.0660477,10395.291166309,,0.521431789318149,58.0681580920283,,,0.264224652198746,0.0,0.0338
Canada_08LA007,2339 catchments,False,52.13888931,-120.1916733,2940.93478873367,,0.620818518346127,69.7012774723487,,,0.4055503373998,0.0,0.0
Canada_08LB020,3049 catchments,False,51.3139369043118,-119.764897217689,1144.0,1280.56373937677,0.4104033477644181,,411.0379645196908,896.8762702084355,0.922014865008268,0.0,0.0
Canada_08LB024,2339 catchments,True,51.12202835,-120.2089386,138.520813773528,,0.414383047578614,51.6353262774009,,,0.0,0.0,0.0
Canada_08LB038,2339 catchments,True,52.11669159,-119.3019409,276.924255420731,,0.575965321144093,66.396501514244,,,0.0005808054413284,0.0,0.0
Canada_08LB047,2339 catchments,True,51.60186005,-119.9143524,4497.10131603779,,0.573625780039713,67.6294818855483,,,0.0418415517221121,0.0,0.0501999999999999
Canada_08LB064,2339 catchments,True,51.0409317,-120.2404633,19664.6184897203,,0.516952539759957,59.5684213937249,,,0.343346669239341,0.0,0.0395999999999999
Canada_08LB069,2339 catchments,True,51.24533081,-119.9376984,612.086765736051,,0.425520497847161,58.0110237221755,,,0.379605123748746,0.0,0.0
Canada_08LB076,2339 catchments,False,51.35438156,-119.8816376,165.650562544201,,0.428645627227035,61.41017736117,,,0.0,0.0,0.0
Canada_08LB078,2339 catchments,False,51.42758942,-120.2020416,519.09685536992,,0.405722595784618,52.7610174376656,,,0.746410900268643,0.0,0.0
Canada_08LC002,3049 catchments,False,50.4495254332092,-118.640789893699,4723.0,1265.93136685635,0.4645863435424697,,596.4618928647047,1052.5563928315912,0.678796108727428,0.0568157091551583,0.0
Canada_08LC003,3049 catchments,False,50.4421798914572,-118.436504197675,2004.0,1399.57303370787,0.4811921179797495,,813.9924790419161,1200.1876973838616,0.0408893929173549,0.101228608354276,0.0
Canada_08LC018,3049 catchments,False,50.5984561667491,-118.357674546181,1131.0,1496.14223722276,0.4995303830643758,,1095.0658122015916,1344.3970569874434,0.0736009072512388,0.131730769956136,0.0
Canada_08LD001,2339 catchments,True,50.93759155,-119.6563416,3186.91697583191,,0.489694387940724,58.0990413946404,,,0.51049606733223,0.0,0.0
Canada_08LE020,3049 catchments,False,50.4297539650763,-119.812129675002,1029.0,1199.75119617225,0.4101215060573436,,92.80862351797862,726.8244198897694,2.25184414104412,0.0,0.0
Canada_08LE021,3049 catchments,False,50.4607694413617,-119.698061344152,1548.0,1108.95113314448,0.3851842374451047,,105.30229549727858,765.6972953432585,2.96437277065383,0.0,0.0
Canada_08LE024,2339 catchments,True,50.93634033,-118.801651,939.040945468273,,0.529983406942201,63.3177343640545,,,0.446941163915439,0.0,0.0119
Canada_08LE027,2339 catchments,True,51.26221848,-118.9464417,801.2096650987,,0.539599880785093,65.1007687284921,,,0.0,0.0,0.0
Canada_08LE031,3049 catchments,False,51.021048258926,-119.280902555963,15819.0,1195.92697845435,0.4462557570140082,,617.9545231967242,997.3729436215888,1.14082445598625,0.0171419152671009,0.0013430030340303
Canada_08LE075,2339 catchments,False,50.28889084,-119.9555588,151.952502438112,,0.440709166690521,51.5050479457157,,,0.0,0.0,0.0
Canada_08LF002,2339 catchments,True,50.80297852,-121.3233414,5169.3609913996,,0.409098009835768,48.3218858313286,,,0.290350713227818,0.0,0.0545
Canada_08LF007,2339 catchments,True,50.88389969,-120.9659424,481.982291340903,,0.408737243666585,51.1567793406129,,,0.0,0.0,0.0
Canada_08LF027,2339 catchments,True,50.89807129,-120.9759827,861.352499352026,,0.405406177355545,49.8018866996429,,,0.0,0.0,0.0
Canada_08LF051,3049 catchments,False,51.0482889711817,-119.941351544206,55417.0,1253.55823813794,0.4827745065008238,,444.0458606352479,908.8034982818252,0.880950809326635,0.0332257855996331,0.0204647287773696
Canada_08LF062,2339 catchments,False,51.33555984,-120.7986069,682.679648869092,,0.402727970617459,49.115876610807,,,0.0,0.0,0.0
Canada_08LG006,3049 catchments,False,50.1270424631869,-120.626250824166,7103.0,1265.19706384962,0.5026997523435497,,118.00674573382636,692.6232150151252,1.35340669935977,0.0,0.0
Canada_08LG007,3049 catchments,False,50.0431882089943,-120.485347222096,4300.0,1235.75696852922,0.4632462028678779,,95.70460109936576,641.7204188604077,2.14425206292225,0.0,0.0
Canada_08LG008,2339 catchments,False,50.13618088,-121.0300217,767.465006956343,,0.614753378586742,60.2754476762732,,,0.107715972287485,0.0,0.0
Canada_08LG010,3049 catchments,True,49.8780401669628,-120.904623554647,916.0,1250.59490600364,0.5642720673643923,,283.2490661373562,815.3473672105804,0.262353930870692,0.0,0.0
Canada_08LG041,2339 catchments,False,50.36111069,-120.8099365,904.581301810764,,0.439234009077666,51.4459226564216,,,0.232628073170395,0.0,0.1387144
Canada_08LG048,2339 catchments,False,49.85422134,-120.9084625,314.927230865293,,0.607911201508438,61.9780494109932,,,0.0639080105346298,0.0,0.0
Canada_08LG065,3049 catchments,False,50.154490574369,-120.235048632659,2963.0,1239.76502325581,0.4358573113045375,,56.70783750967819,603.1316176719291,2.22234701309002,0.0,0.0
Canada_08MA001,3049 catchments,True,51.4487262282901,-123.818165438072,6876.0,1634.61760799938,0.6745841359507773,,400.5783044264637,975.0440769446814,0.34808970764866,0.0,0.0
Canada_08MA002,3049 catchments,True,51.2184551615839,-124.001078101306,2133.0,1747.7992414665,0.7387708345989304,,636.3160506329114,1247.9877236632883,0.653972890132513,0.0,0.0
Canada_08MA003,3049 catchments,True,51.1190692169576,-123.607915802847,1523.0,2003.06030507272,0.7465305098493288,,778.2701055881884,1083.137666665043,0.15987166651973,0.0,0.0
Canada_08MB005,2339 catchments,True,51.84793854,-122.6547775,19344.3605845088,,0.563447681691718,56.6419806998295,,,0.686020569173917,0.0,0.0143
Canada_08MB006,3049 catchments,True,51.2816901120069,-123.13455338641,1010.0,1838.23117992525,0.5999084114520956,,189.66699089108917,799.8083967377695,0.690205633640289,0.0,0.0
Canada_08MB007,3049 catchments,True,51.1543374653816,-123.172474252569,195.0,2122.84340659341,0.6923849579451549,,443.9845612307692,905.832608225947,0.0,0.0,0.0
Canada_08MC018,3049 catchments,False,54.0264582168053,-123.665108835344,114357.0,1118.97532365353,0.4729371908895318,,395.2999216738559,884.563487767364,0.119612954653189,0.521314355219534,0.0096567087096685
Canada_08ME002,3049 catchments,True,50.4410252005325,-122.241160436404,885.0,1791.05831265509,0.6766624113828507,,404.7838505707368,1200.6677905804129,0.0262926661354654,0.0,0.0
Canada_08ME003,3049 catchments,False,50.5746433810247,-122.394710368659,1018.0,1413.93340494092,0.6553742541464979,,651.0905398821218,1040.9020640753154,0.210153479325144,0.195342912416889,0.0
Canada_08ME023,2339 catchments,False,50.85622025,-123.4532776,150.446665030743,,0.803595412682672,90.1723744157458,,,0.0,0.0,0.0
Canada_08ME025,2339 catchments,True,50.9126091,-122.2393112,576.038307783653,,0.594414877466502,66.0022519197675,,,0.0,0.0,0.0
Canada_08MF005,3049 catchments,False,53.2222090912967,-123.024410552932,216639.0,1200.71775309383,0.4988184825133918,,404.9708241689763,880.3515920289348,0.40480515336863,0.311639875678161,0.0103080279891576
Canada_08MF040,3049 catchments,False,53.6587053329316,-123.572139024137,154232.0,1177.32888091485,0.4929139974432059,,356.4135421059636,847.5861314809182,0.243628874770346,0.473518807838099,0.0072417200441245
Canada_08MF065,2339 catchments,False,49.95386124,-121.8628693,715.188208386508,,0.678074149594782,75.8944205335275,,,0.0173426821060397,0.0,0.0
Canada_08MG005,2339 catchments,False,50.33602142,-122.8002472,2079.39514031715,,0.748053637177156,82.6909774169646,,,0.331996411560491,0.0,0.0
Canada_08MG013,2339 catchments,False,49.30041885,-121.8296432,7888.29297468449,,0.643946761850706,73.3744694022897,,,0.135842248858018,0.0,0.0237
Canada_08MH001,2339 catchments,False,49.09738159,-121.9674835,1224.01502951767,,0.481075124386866,64.2357244031404,,,0.3039686551044,0.0,0.0791
Canada_08MH016,3049 catchments,True,48.9377915165531,-121.39312608812,335.0,1374.55084745763,0.5573359092681999,,1849.9642700048144,2167.2253339541708,0.0,0.0,0.0140056030691733
Canada_08MH056,2339 catchments,False,49.07172012,-121.6997528,160.066509452682,,0.526100051178791,68.8842230767253,,,0.0,0.0,0.0
Canada_08MH103,3049 catchments,True,48.9726753767651,-121.437670015596,650.0,1314.94318181818,0.524814776916431,,1725.2990963562752,2190.908343518885,0.0,0.0,0.0081699351236845
Canada_08MH147,2339 catchments,False,49.55619049,-122.3230667,293.222138767446,,0.529153959344704,74.8803844577636,,,0.0,0.0,0.0208
Canada_08NA002,3049 catchments,True,50.6894086456195,-116.471302473511,6663.0,1750.82508602327,0.533499150218604,,501.6350333091364,879.2550669142133,0.0979153279398309,0.0,0.0
Canada_08NA006,2339 catchments,True,51.30118179,-116.9720688,1841.24653911439,,0.592602782470711,67.5780823498605,,,0.0056871223805225,0.0,0.0558
Canada_08NA011,2339 catchments,True,50.90435028,-116.4068222,1463.21970509427,,0.597536095162943,67.6515883903824,,,0.0,0.0,0.0
Canada_08NA045,2339 catchments,False,50.3236084,-115.8625031,909.187106064136,,0.520417287336041,61.3591286469996,,,0.203139656492207,0.0,0.2820505
Canada_08NB005,3049 catchments,True,50.8866683425137,-116.491906120785,9695.0,1779.37028737886,0.556902452185877,,554.6725974213513,895.1247715763099,0.0760052922699187,0.0,0.0
Canada_08NB012,2339 catchments,False,51.48249817,-116.9693604,587.180534859309,,0.640387607482142,71.1960716728867,,,0.187394231881765,0.0,0.0
Canada_08NB014,3049 catchments,True,51.5673625698755,-117.808501208803,428.0,2034.93266832918,0.5993726804895498,,1340.5797542254925,1250.4335360312327,0.0323093065193721,0.0,0.0
Canada_08NB019,3049 catchments,True,51.3377387459727,-117.519578858993,1150.0,1874.87558465856,0.5862601212484675,,1159.7377979627329,1206.980727037576,0.0513708338789318,0.0,0.0
Canada_08NC004,2339 catchments,False,52.73152924,-119.3848572,306.004125226822,,0.618022961104684,73.7928685045214,,,0.14635843089435,0.0,0.0
Canada_08ND012,3049 catchments,True,51.6535198221887,-118.230619461115,934.0,1652.78065630397,0.5952542489812696,,1303.8548653482808,1257.3492991430107,0.0016287163598462,0.0,0.0
Canada_08ND013,2339 catchments,True,51.01263046,-118.0851364,1148.17274049022,,0.642127453342081,70.8820291809015,,,0.0152835156954651,0.0,0.0
Canada_08ND019,2339 catchments,False,51.63943863,-118.6705627,112.767562057675,,0.555137979237591,65.6654742527876,,,0.0,0.0,0.0
Canada_08NE001,2339 catchments,False,50.77360916,-117.6766663,1016.30567275459,,0.65593848034415,70.898865348274,,,0.0054847014328588,0.0,0.0
Canada_08NE006,2339 catchments,True,50.28290939,-117.7344818,323.585582054857,,0.526509624267163,64.9215294392103,,,0.0,0.0,0.0
Canada_08NE008,2339 catchments,False,50.73445892,-117.7293472,164.200955812518,,0.56784948034913,65.7094470340656,,,0.0,0.0,0.0
Canada_08NE039,2339 catchments,True,49.01464844,-117.9452972,346.583062792422,,0.466170330763508,56.6775015942562,,,0.0001324799405244,0.0,0.0
Canada_08NE049,3049 catchments,False,49.9249633317769,-116.754090182167,87406.0,1585.93627188647,0.567281255037693,,740.0004764628776,1035.934769639735,0.201562005732712,0.793301297130448,0.0109551398017717
Canada_08NE058,3049 catchments,False,48.6133477421516,-115.599058481104,155624.0,1544.23223129725,0.5440205298089461,,579.0969149084608,961.4639150230512,1.10598748923611,0.605728902972235,0.0312646848660912
Canada_08NE074,2339 catchments,True,49.04713821,-117.2942886,1245.02443344869,,0.53946023593748,59.132399490959,,,0.191307343052469,0.0,0.0805999999999999
Canada_08NE077,2339 catchments,True,49.90518188,-118.125473,183.098193069316,,0.480778219843044,57.6256094945577,,,0.0,0.0,0.0
Canada_08NE110,2339 catchments,True,49.89694977,-118.1898422,285.531544152218,,0.494086245455552,58.9847456646086,,,0.0262559562270255,0.0,0.0
Canada_08NF001,2339 catchments,True,50.88703156,-116.0460968,434.868444119521,,0.517209724681167,61.3832484833585,,,0.0,0.0,0.0
Canada_08NF002,2339 catchments,False,50.14778137,-115.7991714,5409.84424501154,,0.566291792042884,64.4602983056125,,,0.181266676436667,0.0,0.0036
Canada_08NG002,3049 catchments,False,49.8108062820908,-115.204392389022,1518.0,1794.85483278207,0.5585314469612144,,681.7187651722192,885.1426097465,1.60543686703399,0.0,0.0
Canada_08NG012,2339 catchments,False,49.60028076,-115.8627777,2409.5308831985,,0.599204138069549,62.4604577472227,,,0.760850920439313,0.0,0.2810817
Canada_08NG053,2339 catchments,False,49.91056061,-115.7355576,7154.30404347855,,0.559777990053124,64.0694744784856,,,0.183620729208861,0.0,0.00974
Canada_08NG065,2339 catchments,True,49.61203003,-115.6353378,11427.6942351637,,0.560895652708308,62.2546199661582,,,0.292067212633901,0.0,0.2300202999999999
Canada_08NG076,2339 catchments,True,49.71366119,-115.8967285,142.462156292949,,0.508433909516613,56.2431530813547,,,0.0,0.0,0.0
Canada_08NG077,2339 catchments,False,49.73727036,-116.4350433,211.578883568208,,0.652915966424942,66.2032729510795,,,0.0,0.0,0.0
Canada_08NH004,2339 catchments,False,49.08916855,-116.4555588,1209.91930939851,,0.576538345656,59.9411098251583,,,0.18080197209699,0.0,0.0415
Canada_08NH005,2339 catchments,True,49.90761948,-116.9534912,444.091784853567,,0.582974142066326,67.1856231495147,,,0.0,0.0,0.0
Canada_08NH006,2339 catchments,True,48.9991684,-116.179718,1558.21353023902,,0.535188600602601,55.5046955299366,,,0.0,0.0,0.0322
Canada_08NH007,2339 catchments,True,50.26287079,-116.9682922,1567.2601864102,,0.605045870278387,67.3866075431375,,,0.0075284476422739,0.0,0.0
Canada_08NH032,3049 catchments,True,48.9526315096666,-116.80434815142,242.0,1490.78472222222,0.5229093173791923,,772.4752816385197,1191.186704116513,0.0,0.0,0.0
Canada_08NH118,3049 catchments,False,50.6076702081613,-117.113451501858,4080.0,1745.51804642426,0.6214716503015633,,1255.425172755418,1262.8321288348254,0.007597428135341,0.336063670494281,0.0
Canada_08NH119,2339 catchments,True,50.63750076,-117.048027,1323.64356509906,,0.657101208249419,71.4951610897935,,,0.0151998097999729,0.0,0.0
Canada_08NH120,3049 catchments,True,49.3627651878728,-116.08376050095,239.0,1686.83886255924,0.5417349189875426,,628.2891226651931,840.7285027576623,0.0,0.0,0.0
Canada_08NH126,3049 catchments,False,50.6697819592654,-117.004507759528,2430.0,1806.6937766794,0.6376048279154811,,1313.4545095111112,1208.899855045531,0.0088586582063251,0.538202108563993,0.0
Canada_08NH130,2339 catchments,True,50.08200073,-116.7848587,585.072107355877,,0.656770084946946,66.5227792371014,,,0.007641529433153,0.0,0.0
Canada_08NJ013,2339 catchments,True,49.46007919,-117.5647964,3319.09606441406,,0.53859154220118,61.5344229780805,,,0.0967462057496854,0.0,0.0075599999999999
Canada_08NJ158,3049 catchments,False,49.4669163897319,-116.030762876648,46446.0,1544.28262804629,0.5528519108945197,,540.5205259403627,953.1017904487088,0.337257060056261,0.399212057909949,0.0209071583686823
Canada_08NJ160,2339 catchments,True,49.69712067,-117.4459686,179.961446940237,,0.558185328125879,62.8325744006341,,,0.234372735118756,0.0,0.0
Canada_08NK002,2339 catchments,True,49.50347137,-115.0701294,3175.21602542167,,0.583234244839718,64.2731593515211,,,0.29543275746525,0.0,0.3684248
Canada_08NK005,2339 catchments,False,49.21500015,-115.1105576,4464.4688012262,,0.572735115266816,62.7427135285078,,,0.862357495754924,0.0,0.3626642
Canada_08NK016,2339 catchments,True,49.86561966,-114.8686829,1843.4580763606,,0.577510414508977,65.6934556967405,,,0.0,0.0,0.1497175
Canada_08NK018,2339 catchments,True,49.89395905,-114.8666611,618.388026483706,,0.560465035237715,64.0214325201821,,,0.0,0.0,0.0
Canada_08NK022,2339 catchments,True,49.89149094,-114.8333588,137.345798571691,,0.5637854744093,62.8985686395673,,,0.0,0.0,0.0
Canada_08NL004,3049 catchments,True,49.0204689612335,-120.200181347572,1052.0,1833.35737179487,0.5996510780985015,,227.5735145949108,934.818992621048,0.0,0.0,0.0
Canada_08NL007,3049 catchments,True,49.0016801597947,-120.642459297349,1810.0,1567.77067082683,0.6617792242716197,,392.7014691712707,1153.5813348245024,0.0,0.0,0.0
Canada_08NL022,2339 catchments,True,48.98471832,-119.617218,9156.29817818261,,0.594814624894977,59.2243409209142,,,0.892911982906858,0.0,0.0959
Canada_08NL024,2339 catchments,True,49.45771027,-120.5185699,1780.28162402423,,0.599961125964306,59.4918334078085,,,0.186502201804167,0.0,0.0837
Canada_08NL036,2339 catchments,False,49.36917114,-120.5697174,185.407226153743,,0.627345623477506,61.8552226781702,,,0.0,0.0,0.0
Canada_08NL038,3049 catchments,True,49.1577390774241,-120.628584236744,5578.0,1415.1372903485,0.6043191432341757,,274.8111386159914,975.4618042600786,0.156205648779869,0.0,0.0
Canada_08NL039,2339 catchments,False,49.66281128,-120.3355331,250.614198794786,,0.509413350897699,52.6489997629488,,,0.0,0.0,0.0
Canada_08NL045,2339 catchments,True,49.25889969,-119.8257904,167.365025397952,,0.485035069642972,53.5229785452976,,,0.286661896014699,0.0,0.00647
Canada_08NL050,2339 catchments,True,49.35894012,-120.0726395,395.425795892732,,0.539175471651747,59.0079404399292,,,0.0,0.0,0.0
Canada_08NL069,3049 catchments,True,48.886018267112,-120.584750923069,565.0,1734.416,0.6799600437892552,,437.3748970316056,1133.620469864129,0.0,0.0,0.0
Canada_08NL070,2339 catchments,False,49.09410095,-120.6725464,406.381107804785,,0.70496987908653,69.8057287894294,,,0.0,0.0,0.0
Canada_08NL071,3049 catchments,False,49.3537441189052,-120.972248751131,253.0,1553.36644591611,0.5732148140320668,,795.2895945007732,1354.7757634541624,0.992769002914429,0.0,0.0
Canada_08NM116,2339 catchments,True,49.87792969,-119.4134674,789.018221936546,,0.438233673016308,52.5188350318833,,,0.270329118222448,0.0,0.3651392
Canada_08NM171,2339 catchments,True,49.24927902,-119.3213882,117.347083042941,,0.481663385026714,56.0579311368882,,,0.0,0.0,0.0
Canada_08NM174,2339 catchments,False,50.21221924,-119.5386124,110.258637026925,,0.438287332760819,52.2863158473097,,,0.0,0.0,0.0
Canada_08NN002,2339 catchments,True,49.04327011,-118.4404297,2039.43505791042,,0.501288057576007,56.4367168163548,,,0.595607794626291,0.0,0.00323
Canada_08NN012,2339 catchments,True,48.98443985,-118.2152786,10039.086532932,,0.479939925031711,52.8547716229307,,,0.672253933238865,0.0,0.0974
Canada_08NN013,2339 catchments,True,48.98139191,-118.7652817,5684.20435877498,,0.487904685608958,53.9810032627626,,,0.665547858959555,0.0,0.0662
Canada_08NN015,2339 catchments,True,49.70291901,-119.0924683,234.593323132815,,0.484113163214007,56.7103656314103,,,0.0,0.0,0.0
Canada_08NN019,3049 catchments,False,49.6641392082864,-118.974342512604,144.0,1388.83397683398,0.4689741349714301,,313.5535636363637,818.3756091246121,1.07505087554455,0.0,0.0
Canada_08NN023,2339 catchments,True,49.58914185,-118.3117523,227.500416791479,,0.520548573511985,58.175323142151,,,0.126046218911297,0.0,0.0
Canada_08NP001,2339 catchments,True,49.0012207,-114.4756393,1123.4746747757,,0.592598257782345,61.4558601433962,,,0.463785104345347,0.0,0.0
Canada_09AA006,3049 catchments,True,59.5407032624388,-133.688791816173,6860.0,1121.6628291566,0.6802514997450723,,441.4034379008747,929.9772206878662,0.0,0.0,0.0
Canada_09AA010,2339 catchments,False,59.83778,-135.0138855,251.6283976119,,0.751287101958077,80.2145968707738,,,0.0,0.0,0.0
Canada_09AA012,2339 catchments,False,60.12778091,-134.883606,839.1445128329,,0.702217083424652,71.1653489133611,,,0.0,0.0,0.0
Canada_09AA013,2339 catchments,False,59.94778061,-134.3325043,929.084949832788,,0.718919775214128,69.9719191311724,,,0.0,0.0,0.0
Canada_09AB001,3049 catchments,True,60.0094488720386,-134.150227348136,19551.0,1136.32670027417,0.6761530459700467,,393.25477052859975,811.6668140794271,0.0,0.0,0.0
Canada_09AB009,2339 catchments,False,61.43444061,-135.188324,30484.999616205,,0.648660787804697,64.3865576899242,,,0.0,0.0,0.00742
Canada_09AC001,2339 catchments,False,60.85110855,-135.7411041,6954.05746050491,,0.657821706500435,67.9478195916028,,,0.0,0.0,0.0
Canada_09AE001,2339 catchments,False,60.48443985,-133.3019409,30089.5522001942,,0.503391139035414,63.381682922954,,,0.0,0.0,0.00167
Canada_09AE003,3049 catchments,True,59.8204340069515,-131.137464742653,3393.0,1306.80459476707,0.5237698227528187,,441.4586339522545,667.3903312335683,0.0,0.0,0.0
Canada_09AG001,2339 catchments,False,61.87260818,-134.8363037,6809.11934605203,,0.471164241123695,62.6497788507116,,,0.0,0.0,0.0
Canada_09AH001,2339 catchments,False,62.09444046,-136.2722168,87899.6701802086,,0.54491319495791,62.6128713253893,,,0.0,0.0,0.00315
Canada_09AH003,2339 catchments,False,62.56782913,-137.0096741,1792.96079584202,,0.289826190226596,56.2632975602802,,,0.0,0.0,0.0
Canada_09AH004,3049 catchments,True,61.5775601657192,-136.45952557947,6409.0,1073.30091849187,0.3862551640623192,,74.23717775256922,453.7149567298844,0.0,0.0,0.0
Canada_09BA001,2339 catchments,True,61.98878098,-132.4071655,7491.52851231645,,0.4296060161751,62.8280766362773,,,0.0044500201049599,0.0,0.0
Canada_09BC001,3049 catchments,True,62.4651138564249,-132.13278405373,48866.0,1127.48315294579,0.4178729045043276,,255.0027361438788,534.0929298935446,0.001039083560113,0.0,0.0
Canada_09BC004,3049 catchments,True,62.1663857042733,-131.165194646028,21948.0,1203.69642101389,0.4365069252478732,,286.0561063713458,577.1984071768087,0.0023251156811304,0.0,0.0
Canada_09CA002,2339 catchments,False,61.42694092,-139.0488892,5466.80921426088,,0.691356000190692,71.3145855427636,,,0.0,0.0,0.0
Canada_09CA004,2339 catchments,False,61.34600067,-139.167923,649.714474465443,,0.675868976458819,76.1617678294428,,,0.0,0.0,0.0
Canada_09CB001,2339 catchments,False,61.98817062,-140.55867,6162.49184015119,,0.688979162971318,80.5269974493798,,,0.0,0.0,0.0
Canada_09CD001,3049 catchments,False,61.4560753456221,-133.455184399596,149347.0,1118.93960701719,0.474714158271272,,253.992187127355,576.6450870607978,0.0003517251873833,0.0,0.0
Canada_09DD003,2339 catchments,True,63.28221893,-139.2544403,50907.6292426486,,0.407800794186566,61.6049329895908,,,0.0001162251599211,1.7671465387416,0.0
Canada_09DD004,2339 catchments,False,63.61111069,-137.2694397,4806.20169087207,,0.397469414628707,61.7352972449868,,,0.0,0.0,0.0
Canada_09EA003,2339 catchments,True,64.04277802,-139.4077759,8078.51817861807,,0.372923036788098,61.1589898602477,,,0.0,0.0,0.0
Canada_09EA004,2339 catchments,False,64.00196838,-138.596283,1086.23450454819,,0.378396579207068,64.5621970287663,,,0.0,0.0,0.0
Canada_09EB003,2339 catchments,False,63.77000046,-139.6295776,2212.78876935935,,0.280838588380853,55.3970634692058,,,0.0,0.0,0.0
Canada_09FC001,2339 catchments,False,67.63443756,-139.6963959,13852.3369600677,,0.452204159435722,62.9071542495082,,,0.0507124730234762,0.0,0.0
Canada_09FD002,3049 catchments,True,66.885506859864,-138.636049597085,58927.0,575.613001613372,0.3906304674220865,,189.70273677601097,435.5187571041282,0.0106659440276985,0.0,0.0
Canada_10AA001,2339 catchments,True,60.05083084,-128.9069366,32571.8072806746,,0.483272056750729,65.0728292681279,,,0.0005422870901633,0.0,0.00232
Canada_10AA004,2339 catchments,False,60.20417023,-129.5500031,6383.17672342436,,0.510557811867199,65.4207711250689,,,0.0,0.0,0.0
Canada_10AB001,2339 catchments,True,60.4738884,-129.1188965,12890.205604128,,0.473228705098212,66.0962302750617,,,0.0013702861796045,0.0,0.0
Canada_10AC005,2339 catchments,True,59.11750031,-129.8255463,840.098435547804,,0.552079638396636,67.8019283913591,,,0.0,0.0,0.0
Canada_10BC001,2339 catchments,False,59.69139099,-126.9505615,9583.1380469819,,0.44250941497484,64.515923411937,,,0.0,0.0,0.0
Canada_10BE001,3049 catchments,False,59.1186806375624,-127.995575934124,104355.0,1200.10597701245,0.4656102248488992,,340.4273127131601,667.7072295406518,0.0012595239646068,0.0,0.0
Canada_10BE004,3049 catchments,True,58.5645082867621,-125.723481624382,2542.0,1586.89394475921,0.5054229132788682,,525.8394964594808,764.305059132459,0.0009471434883348,0.0,0.0
Canada_10BE007,3049 catchments,True,59.0446793967841,-125.933157844294,1173.0,1372.96666666667,0.4394505238038136,,439.8063916379407,755.2195995279187,0.0,0.0,0.0
Canada_10BE009,2339 catchments,True,59.45417023,-126.2275009,208.982812604908,,0.400179853353089,59.6106709364283,,,0.0,0.0,0.0
Canada_10BE013,2339 catchments,False,59.55332947,-126.4805603,3554.79005963479,,0.395026007115489,58.4033480640976,,,0.0,0.0,0.0
Canada_10CB001,3049 catchments,True,57.1807274987102,-123.462554707716,2184.0,1439.03844510893,0.4654510160165253,,362.6920200941916,721.4710453107899,0.0107805918050098,0.0,0.0
Canada_10CD001,3049 catchments,True,58.145738975447,-123.981472632216,20277.0,1103.59856799767,0.3867891732236386,,329.6420057066768,695.6366612466043,0.0043597109642503,0.0,0.0
Canada_10CD003,2339 catchments,True,58.8923912,-123.3188934,276.713845500451,,0.322184185892271,52.3453437233738,,,0.0,0.0,0.0
Canada_10EA003,2339 catchments,False,61.52996826,-125.4107513,8480.4265692756,,0.432225679332435,65.9553540582028,,,1.32548749157185e-05,0.0,0.0
Canada_10EB001,2339 catchments,True,61.6361084,-125.7970276,14603.4978194337,,0.505794168897231,71.0792769810846,,,4.27631225611158e-06,0.0,0.0
Canada_10ED001,3049 catchments,False,58.7419940151829,-125.08321796937,218808.0,997.506754185312,0.4197988849009959,,284.9951258637711,648.3361739226406,0.0011218640972218,0.0,0.0
Canada_10ED002,3049 catchments,False,59.0437731522568,-125.083456990675,274164.0,994.779071713437,0.4106223301554859,,288.4029325513196,638.6913130663273,0.0009111772683049,0.0,0.0
Canada_10ED003,2339 catchments,False,61.33358002,-122.0942535,567.297477325097,,0.327252745058064,52.7542216127595,,,0.0,0.0,0.0
Canada_10FA002,3049 catchments,True,60.5909688765479,-120.922341429995,9212.0,505.284621763568,0.3456410448576644,,136.95519242032134,481.1511407106295,0.0,0.0,0.0
Canada_10FB005,3049 catchments,True,61.1648470614873,-120.958256618979,1239.0,315.375606599806,0.3330146656671388,,132.42689478892515,461.2456361566072,0.0,0.0,0.0
Canada_10GA001,2339 catchments,False,62.47972107,-123.4330597,9788.18850454593,,0.326875537013014,62.71332964079,,,0.0,0.0,0.0
Canada_10GB006,2339 catchments,False,62.65005875,-122.8992462,21255.3176068201,,0.348379198490944,52.353746314122,,,0.0,0.0,0.0
Canada_10GC001,3049 catchments,False,59.0715606627383,-113.624495689711,1299654.0,646.680307117575,0.379123258970245,,166.33525365982027,520.7383045206262,0.0032680471551018,0.330597704785056,0.0022599288648505
Canada_10GC003,3049 catchments,True,61.7215045469634,-121.988497793982,1950.0,305.964941921859,0.3185016138444453,,135.3429113715221,463.3976786534577,0.0,0.0,0.0
Canada_10JA002,3049 catchments,True,65.03090497602,-117.131805234558,32222.0,328.733956824734,0.4376309307859898,,94.34806529700208,339.9718151743133,0.0,0.0,0.0
Canada_10LA002,2339 catchments,False,66.78743744,-133.0896454,18696.7866851856,,0.435097539078008,66.9042641677662,,,0.0,0.0,0.0
Canada_10LC002,2339 catchments,False,68.37419128,-133.7648315,252.656711996019,,0.49852814218505,59.7982659025461,,,0.0,0.0,0.0
Canada_10LC003,2339 catchments,False,67.75356293,-133.8626404,990.923476865225,,0.466474990892214,58.2527998293902,,,0.0,0.0,0.0
Canada_10LC007,2339 catchments,False,68.08728027,-133.4923248,613.171003039421,,0.474719802978084,57.7564264902867,,,0.0,0.0,0.0
Canada_10MA001,2339 catchments,False,65.89250183,-136.0380554,25472.490005012,,0.393088206264289,65.283297565984,,,0.0,0.0,0.0
Canada_10MC002,2339 catchments,False,67.25888824,-134.8888092,70709.253257389,,0.430600789815505,66.6183238661097,,,0.0013336846418419,0.0,0.0
Canada_10PB001,2339 catchments,False,65.41583252,-114.007782,20240.6499806285,,0.464488446979034,52.9609574005578,,,0.0,0.0,0.0
Canada_10QD001,2339 catchments,False,67.70832825,-104.1391678,16962.385645384,,0.511722803998374,67.8700884171761,,,0.0,0.0,0.0
Canada_10RA001,2339 catchments,False,65.18721771,-106.0858307,18932.7945253743,,0.477295421836916,63.1829844602704,,,0.0,0.0,0.0
Canada_10RC001,3049 catchments,True,65.3432639840828,-102.975943670564,96964.0,255.360273870656,0.5021813219263422,,157.9261891410314,363.3763355872263,0.0,0.0,0.0
Canada_11AA005,3049 catchments,True,48.9650459741439,-112.820824268584,2721.0,1322.93098445596,0.4168439992479753,,113.12936165065364,555.0025681520729,1.09570535712137,0.0,0.0
Canada_11AE003,3049 catchments,False,49.2276225633993,-105.80767776254,1393.0,829.70801449859,0.26163556377375,,5.503578693467337,489.7302957978391,0.0651314484852332,2.97925809136705,0.0
Canada_11AE009,2339 catchments,False,48.96944046,-106.8388901,829.048402453996,,0.275731198800741,27.801907062394,,,0.453193748138545,0.0,0.0
EWA_9104003,3049 catchments,False,50.5636253356934,16.1692047119141,247.75,560.240088105727,0.2055264558471827,,345.89111328125,867.8641872087966,0.0,0.0,0.122549023944885
EWA_9104006,3049 catchments,False,49.7690658569336,15.6616916656494,381.73,444.226775956284,0.1379984234164201,,226.73549852363865,810.0140147210907,0.0,0.0,0.245098049344961
EWA_9104007,3049 catchments,False,50.8052673339844,15.3945541381836,146.83,900.580291970803,0.2247737331502477,,1046.640380859375,1078.7950780883643,0.0,0.0,0.0
EWA_9104009,3049 catchments,False,50.752140045166,15.2794456481934,178.83,704.905487804878,0.2091581145469974,,711.1797403120281,1050.1092197755218,0.0,0.188639711368176,0.31862746400293
EWA_9104014,3049 catchments,False,49.1175804138184,13.7865571975708,383.8,720.992887624467,0.188638648030239,,223.83072921908732,1007.2024042974884,0.0,0.0,0.1102941241697409
EWA_9104018,3049 catchments,False,50.0597267150879,12.8169298171997,284.41,695.46052631579,0.1968387992242139,,275.6913452148437,749.6926995497116,0.0,0.0,0.0
EWA_9105002,3049 catchments,False,49.6143913269043,16.4247665405273,126.49,562.339130434783,0.1744938968025274,,154.13143920898438,837.1844355183587,0.0,0.523329750708914,0.4901960918990269
EWA_9105003,3049 catchments,False,49.0196952819824,19.1517143249512,118.48,939.771428571429,0.2608600119042393,,625.0545654296875,991.8571092950756,0.0,0.0,0.0
EWA_9105006,3049 catchments,False,50.1372375488281,16.9472122192383,349.9,751.205329153605,0.2208336124655766,,558.2146213203773,1030.432722410532,0.0,0.0,0.126050424296409
EWA_9105007,3049 catchments,False,50.0551071166992,17.0937824249268,240.99,743.215596330275,0.2301348138837975,,526.7245483398438,994.8027999760104,0.0,0.0,0.032679740494738
EWA_9105011,3049 catchments,False,48.7057342529297,19.6331272125244,239.41,821.125290023202,0.2201351567611559,,406.98626708984375,895.574403894757,0.0,0.0,0.0
EWA_9105018,3049 catchments,False,48.3384780883789,19.0759601593018,302.79,462.270321361059,0.1673559180586421,,177.24862670898438,804.8394462712617,0.0,0.0,0.147058826405555
EWA_9105019,3049 catchments,False,48.2439804077148,19.109468460083,214.42,432.112299465241,0.1529602849163061,,151.85870361328125,728.8284480695646,0.0,0.0,0.0
EWA_9105021,3049 catchments,False,48.720817565918,20.2912006378174,129.63,635.978902953587,0.1927457547739195,,319.2939147949219,828.5474187587939,0.0,0.0,0.0
EWA_9105022,3049 catchments,False,48.587890625,19.7771224975586,148.95,664.620689655172,0.1955659633973552,,340.4396057128906,849.2001936930288,0.0,0.0,0.0
EWA_9105029,3049 catchments,False,49.9296875,16.7026214599609,445.33,488.822721598003,0.1889336495548002,,294.51450990758065,800.9742422712372,0.0,0.0,0.147058829898015
EWA_9105032,3049 catchments,False,49.0386772155762,18.6332778930664,243.6,703.369767441861,0.2247461460220351,,468.1712341308594,901.891130415111,0.0434301406145096,0.0,0.45098040252924
EWA_9105033,3049 catchments,False,49.3243255615234,15.3977527618408,307.69,624.171220400729,0.1744524138139546,,193.75454426765347,817.4716594478117,0.0,0.0,0.392156869638711
EWA_9105034,3049 catchments,False,49.65283203125,16.472599029541,423.55,512.770252324037,0.1611019412598952,,137.37600291414407,813.1145216456626,0.0,0.166423365964927,0.714285729918629
EWA_9105035,3049 catchments,False,48.952262878418,19.7814826965332,116.6,1116.70048309179,0.2680769777948598,,541.4297485351562,942.6161153631302,0.0,0.0,0.0
EWA_9105036,3049 catchments,False,49.6886405944824,16.0723628997803,127.95,687.669603524229,0.1684559534830047,,344.43999330095465,840.8141320226488,0.0,0.0,0.0
EWA_9110006,3049 catchments,False,47.0265007019043,6.12097454071045,1160.0,644.297782470961,0.1285870869592331,,1272.9354248046875,1555.5911392481976,0.104940414146863,0.0,0.0257997945147125
EWA_9110017,3049 catchments,False,47.1644020080566,6.31960296630859,7290.0,577.934149230162,0.1115384352058359,,747.983154296875,1434.6688008129315,0.624224889045027,0.0061600096216312,0.631419239780082
EWA_9110059,3049 catchments,False,45.6720390319824,6.12625646591187,249.0,1170.81775700935,0.1916345412669043,,968.2553100585938,1611.7077438395877,0.0858280397951603,0.0,0.0980392214842141
EWA_9110072,3049 catchments,False,46.4364051818848,5.94498014450073,465.0,991.241772151899,0.1904331618882867,,1536.228271484375,1871.833117787172,0.0310402966570109,0.0,0.247821357980784
EWA_9110099,3049 catchments,False,45.4016265869141,6.71625804901123,330.0,2202.08545454545,0.595254570426321,,1188.9578857421875,1431.1466802027226,0.0101149085288246,0.0,0.52287583045351
EWA_9110134,3049 catchments,False,46.3260078430176,5.9685320854187,119.0,1183.41919191919,0.1623878686539108,,1258.1248779296875,1734.8672834169588,0.0667798072099686,0.0,0.0
EWA_9110145,3049 catchments,False,46.4964065551758,5.99570369720459,216.0,994.076086956522,0.1877583455750502,,1422.431640625,1915.176350623252,0.0007699479814618,0.0,0.191176480147988
EWA_9110178,3049 catchments,False,44.4831161499023,6.80879068374634,549.0,2203.10508849558,0.5215795083680463,,571.741455078125,1087.9326357676302,0.729159610177804,0.0,0.370370381925669
EWA_9110180,3049 catchments,False,44.8095741271973,6.65434551239014,2107.0,2121.39472922097,0.56662201771864,,739.1343994140625,1152.2113958013863,0.825710780333195,0.0,0.403361358413739
EWA_9110216,3049 catchments,False,45.2698707580566,6.87042045593262,939.0,2426.55269922879,0.6261898205968349,,1007.9619750976562,1341.6198817138652,0.106134650359551,0.0417137799717197,0.732026166127374
EWA_9110218,3049 catchments,False,45.4960784912109,6.74959707260132,1580.0,2084.38645872955,0.5765592482144349,,997.288330078125,1493.2447045700003,0.104014667539069,0.154095983579662,0.569381613660461
EWA_9110278,3049 catchments,False,46.6755638122559,5.93650817871094,1120.0,755.727176220807,0.1497414619109515,,1184.8037109375,1753.763777297834,0.323943310252884,0.0,0.242214540348333
EWA_9110287,3049 catchments,False,46.4511909484863,5.79203987121582,2760.0,725.451633705933,0.14668309327768,,1212.80712890625,1722.2189945654634,0.402551875570983,0.201419133997691,0.356413407037811
EWA_9110288,3049 catchments,False,46.6861267089844,5.9893479347229,650.0,837.266897746967,0.1622188442769759,,1311.9844970703125,1901.530815456609,0.216572711921551,0.0,0.374331562356515
EWA_9110336,3049 catchments,False,47.0226631164551,6.10251045227051,1380.0,601.183049366536,0.1205132730340799,,1181.437255859375,1571.4863941968051,0.257961898809299,0.0,0.0213128737295451
EWA_9114154,3049 catchments,False,45.0543975830078,3.03242468833923,310.0,987.704061895551,0.1737546379319176,,363.8724365234375,1184.7870483020863,0.601557025065025,0.0,0.539215700700879
EWA_9114187,3049 catchments,False,44.9087333679199,2.71396541595459,111.0,964.911458333333,0.1695408638640071,,1042.8453369140625,1418.612735674045,0.363625047728419,0.0,0.0
EWA_9114214,3049 catchments,False,44.9415321350098,2.45491123199463,691.0,794.38407079646,0.1112588712808737,,920.9771118164062,1464.8725918196133,1.40604702879985,0.216054137980882,0.839460798306391
EWA_9114218,3049 catchments,False,45.6206512451172,2.53658771514893,1010.0,837.817583732057,0.139259377854035,,771.1802368164062,1167.1921518221857,0.157969294930808,0.608207062543894,0.0245098053710535
EWA_9114363,3049 catchments,False,45.4247894287109,3.9095447063446,354.0,982.915282392027,0.1168489850495086,,388.7232055664063,1023.2540426727884,0.357669562367456,0.0,0.0
EWA_9114527,3049 catchments,False,45.8521118164063,2.7171459197998,1300.0,780.928571428571,0.1198070211841627,,465.248291015625,1067.4546586682268,0.319538134514638,0.113936104930354,0.0351662413500573
EWA_9114555,3049 catchments,False,45.2499198913574,3.62474751472473,155.0,941.026819923372,0.1173985007827158,,314.57636872258064,886.4107285834247,0.310972094535828,0.0,0.0
EWA_9114556,3049 catchments,False,45.5027542114258,3.6994948387146,800.0,859.533733133433,0.1186746506155858,,441.8493347167969,1041.2055489119252,0.196177487834715,0.0,0.135746609885246
EWA_9115022,3049 catchments,False,44.3500328063965,3.03068041801453,403.0,772.233918128655,0.1159180717320008,,745.6005859375,1119.1808549795187,1.07719707914761,0.0,0.616246516749795
EWA_9116107,3049 catchments,False,47.9126930236816,6.97842454910278,159.0,756.744444444444,0.143448832801831,,1072.930419921875,1416.1506083706086,0.0818724129348993,0.0719731460390352,0.816993477443854
EWA_9125001,3049 catchments,False,49.0865211486816,20.1791305541992,311.1,1006.06293706294,0.2464234086422082,,405.6005554199219,887.0430787025737,0.0317104565245765,0.0,0.920868355647794
EWA_9204001,3049 catchments,False,48.8465042114258,15.0958786010742,291.5,582.733459357278,0.1694474764272964,,240.3239898681641,757.6199907953246,0.091835801223559,0.0,0.126050424296409
EWA_9205002,3049 catchments,False,47.5729675292969,13.3672714233398,394.5,1197.51835535977,0.3355301943481623,,1446.7908935546875,1916.5320868297824,0.0,0.0,0.142973861269032
EWA_9205005,3049 catchments,False,47.5438385009766,12.6139345169067,107.4,1251.875,0.2930881607268169,,1531.6851806640625,2075.9585800150667,0.0853141266852617,0.0,0.0
EWA_9205010,3049 catchments,False,47.366153717041,12.6124544143677,150.8,1544.27480916031,0.3626785978010131,,1103.3822021484375,1767.1539576884934,0.115827120840549,0.0,0.032679740494738
EWA_9205012,3049 catchments,False,47.4040336608887,12.9347019195557,119.5,1360.56060606061,0.358302875582608,,1172.13720703125,1739.4794981444943,0.0163051597774029,0.0,0.147058826405555
EWA_9205025,3049 catchments,False,47.3663597106934,12.1594944000244,292.1,1371.96062992126,0.3446543376116175,,1148.0068359375,1750.0537554010327,0.0096763640642166,0.0,0.13725490309298
EWA_9205026,3049 catchments,False,47.3836479187012,12.4181690216064,153.0,1405.11235955056,0.3600174896891438,,1108.553466796875,1730.0923182645545,0.0558788739144802,0.0,0.0980392214842141
EWA_9205037,3049 catchments,False,46.4633369445801,14.5825109481812,194.3,1094.08950617284,0.1676128613667741,,1023.511962890625,1220.1744616625542,0.0021164417266845,0.0,0.130718961978952
EWA_9205041,3049 catchments,False,46.9771347045898,14.7971134185791,380.2,1208.14375,0.2008125784567803,,459.4860534667969,1052.937259618639,0.0705865202471614,0.0,0.032679740494738
EWA_9205045,3049 catchments,False,46.7567939758301,12.3665895462036,374.0,1932.35849056604,0.4378647907258793,,744.8923950195312,1290.0131962301718,0.0144614819270958,0.0,0.584733901944544
EWA_9205050,3049 catchments,False,47.3225860595703,14.4190902709961,422.0,1490.72853185596,0.3563006837917824,,670.08447265625,1293.9311797389794,0.0347619162251552,0.0,0.0816993512368451
EWA_9205053,3049 catchments,False,47.7145500183106,15.5101003646851,229.4,1197.84924623116,0.2853777606925681,,972.8252563476562,1327.1232731104917,0.0638654008507729,0.0,0.049019610742107
EWA_9205060,3049 catchments,False,47.7718238830566,16.4733715057373,383.7,262.233384853168,0.1350219438113629,,93.59991455078124,745.7765742192174,0.275676136171179,0.0,0.154061630434756
EWA_9205067,3049 catchments,False,47.8174667358398,14.9653244018555,506.9,915.756849315069,0.2511594605333926,,1244.12890625,1372.6216432106262,0.0,0.0,0.0588235328905284
EWA_9205073,3049 catchments,False,48.0182228088379,15.0297842025757,167.5,512.862416107383,0.2073533577720717,,535.4859619140625,1118.0558983928977,0.143713096777598,0.0,0.261437923957904
EWA_9205075,3049 catchments,False,48.1016998291016,15.2829732894897,284.6,366.784735812133,0.1905201415881162,,332.2641296386719,959.840392076775,0.347379332142217,0.0,0.0140056030691733
EWA_9205078,3049 catchments,False,47.901481628418,15.533447265625,333.4,785.258741258741,0.2442823413976507,,813.227783203125,1265.9377741880892,0.0004591556997703,0.0,0.0140056030691733
EWA_9205079,3049 catchments,False,48.2029190063477,15.80153465271,268.3,340.46247464503,0.1393721066491371,,190.5300750732422,737.3377658784177,2.62108495682478,0.0,0.0196078442968428
EWA_9205080,3049 catchments,False,48.1858139038086,15.9141407012939,202.3,349.924932975871,0.1532889899957552,,196.54049682617188,809.5016365545061,0.0500416619082292,0.0,0.032679740494738
EWA_9205086,3049 catchments,False,47.8225288391113,15.7137603759766,252.3,951.947247706422,0.2410761501302705,,649.3862915039062,1208.7172559442065,0.0142521228796492,0.0,0.196078435207407
EWA_9205087,3049 catchments,False,47.7741165161133,15.7644815444946,472.2,972.64590964591,0.2362291979160728,,593.7554321289062,1178.4034775282448,0.0088726827176287,0.0,0.137254905421287
EWA_9205089,3049 catchments,False,47.5794486999512,16.0325222015381,277.0,858.031380753138,0.1924714535992609,,353.0767822265625,1046.082416581336,0.0135045644516746,0.0,0.032679740494738
EWA_9205095,3049 catchments,False,47.6536293029785,13.9338626861572,125.1,1459.38116591928,0.3338907040724387,,1543.114013671875,1791.0376690563314,0.0,0.0,0.171568628866225
EWA_9205098,3049 catchments,False,47.8720397949219,13.3717641830444,109.0,663.554285714286,0.2062024792176893,,1122.2259521484375,1503.2391159194603,0.0021718519274145,0.0,0.0
EWA_9205099,3049 catchments,False,47.8582267761231,13.4236145019531,466.3,693.099033816425,0.2220566231328334,,1168.2113037109375,1496.0435168097754,0.0050140430394094,0.0,0.931372566265054
EWA_9205102,3049 catchments,False,47.957275390625,14.1258554458618,147.2,524.874538745387,0.1930464476682372,,669.778564453125,1349.785458493733,0.0095009310171008,0.0,0.196078435207407
EWA_9205121,3049 catchments,False,48.6404075622559,13.9796657562256,452.2,750.531835205993,0.2064426019004487,,607.2755126953125,984.340926904954,0.0126568542182213,0.0,0.171568628866225
EWA_9205122,3049 catchments,False,48.4631690979004,14.2316017150879,227.4,704.23155216285,0.1692808743085279,,462.019287109375,929.0065310386416,0.0973734464496374,0.0,0.0196078442968428
EWA_9205123,3049 catchments,False,48.2950592041016,15.0272045135498,164.7,710.698961937716,0.1757760365128591,,443.3937377929688,936.245292836168,0.0318731740117073,0.0,0.0
EWA_9211104,3049 catchments,False,40.5208587646484,-0.980676233768463,1396.0,1276.00459558824,0.1342425302599459,,29.110280990600582,523.2743478483195,0.887757439976153,0.0,0.430520046401121
EWA_9216004,3049 catchments,False,47.2875442504883,10.0058326721191,149.3,1538.76893939394,0.3584403996428436,,1856.43310546875,1874.5283605155005,0.0199182201176882,0.0,0.130718958098441
EWA_9220006,3049 catchments,False,65.8625946044922,14.7171211242676,194.7,713.087272727273,0.5935446659472946,,1180.398193359375,1364.7756980840727,0.0,0.0,0.0
EWA_9220014,3049 catchments,False,63.5451583862305,12.2810401916504,224.1,653.390243902439,0.4547845244376124,,1163.57666015625,1339.9100923933318,0.0,0.0,0.0
EWA_9220023,3049 catchments,False,62.6594085693359,12.4227151870728,340.3,881.05753739931,0.5013174358061422,,647.0006674446917,899.5049494943502,0.0,0.0,0.122549023944885
EWA_9220045,3049 catchments,False,56.3365592956543,14.2195882797241,208.9,108.742071881607,0.1458114134410982,,300.559814453125,781.3672705755101,0.677913558483124,0.0,0.0
EWA_9220062,3049 catchments,False,65.9723052978516,15.5023040771484,1080.9,782.352846054334,0.5698464328543386,,848.5897216796875,1036.663473470063,0.0,0.0,0.0
EWA_9220065,3049 catchments,False,64.2053527832031,13.6139221191406,1110.1,616.369996636394,0.4735279320006045,,966.2323021606808,1117.990099417496,0.0189946500648712,0.0,0.0
EWA_9220066,3049 catchments,False,61.541618347168,12.9851913452148,1103.8,571.091310751105,0.3575468650400112,,702.8289794921875,796.3569547703845,0.0,0.0,0.0
EWA_9225002,3049 catchments,False,52.4143562316895,23.318286895752,317.0,167.103040540541,0.1695651503335839,,120.43385314941406,737.4733190872939,0.310249890821676,0.0,0.016339870247369
EWA_9226001,3049 catchments,False,54.2506523132324,25.9939002990723,201.0,221.273712737127,0.2186725599921236,,215.2609100341797,803.7805447656993,0.676061403751373,0.0,0.0
EWA_9226003,3049 catchments,False,53.9860725402832,25.095853805542,810.0,152.166559897502,0.2021312208309361,,181.83218383789065,773.9908275327472,0.309919486620597,0.0,0.147058828068631
EWA_9226004,3049 catchments,False,54.5074615478516,26.022777557373,1480.0,195.998649561107,0.2150849407592443,,215.5272979736328,786.1859957447382,0.318636516879859,0.0,0.311020968867273
EWA_9226006,3049 catchments,False,54.838134765625,26.8741397857666,321.0,173.192307692308,0.2251401356483263,,177.654296875,767.658850858782,0.431296038840498,0.0,0.0
EWA_9227002,3049 catchments,False,55.9701271057129,29.1525135040283,4580.0,156.312540192926,0.249109722336009,,256.6272888183594,800.0483034030641,0.0440440586263411,0.0,0.0975005415646912
EWA_9238001,3049 catchments,False,54.0286865234375,30.6627578735352,114.0,187.764444444444,0.2606464425046109,,111.8808364868164,747.1091787727603,1.18134484688441,0.0,0.0
EWA_9238004,3049 catchments,False,53.9430503845215,32.4987449645996,3250.0,199.128349788434,0.2641827587372674,,189.53060913085935,765.8468208608373,0.0816081881974683,0.0,0.288547236634644
EWA_9238008,3049 catchments,False,54.1088638305664,29.7677211761475,2850.0,189.950232724669,0.2484119405982697,,183.52972412109372,766.4405092112095,0.339127368810163,0.0,0.0280748669650744
EWA_9238021,3049 catchments,False,52.7827491760254,28.2058162689209,3580.0,146.397692613712,0.2080065065719723,,153.80618286132812,708.9973940301979,0.591550498245618,0.0,0.417609366540534
EWA_9238022,3049 catchments,False,51.3227157592773,27.9288635253906,5060.0,179.235822156511,0.204075323116969,,139.35121154785156,737.7113103753306,0.497317758045698,0.0,0.234520129467312
EWA_9304037,3049 catchments,False,50.8332595825195,13.8063535690308,198.0,547.91643454039,0.1737135663529261,,417.2987365722656,843.5621654595411,0.0,0.0,0.0
EWA_9304041,3049 catchments,False,51.0247459411621,14.4996700286865,179.0,381.757142857143,0.1544754181211022,,376.11181640625,863.5614109503862,0.0,0.0,0.2287581795826549
EWA_9304042,3049 catchments,False,51.0771903991699,14.1358213424683,227.0,313.170305676856,0.1411578372106851,,296.7864576966646,833.3135521930195,0.0,0.0,0.524509812239558
EWA_9304043,3049 catchments,False,51.0025024414063,14.2468490600586,267.0,375.312244897959,0.1600124795480658,,365.7393493652344,854.9404892352937,0.0,0.0,0.473856235233446
EWA_9304045,3049 catchments,False,50.509822845459,13.1081695556641,206.0,742.46335078534,0.2091003780912083,,427.77642822265625,926.2186779842503,0.0,0.587879881573675,0.235294122248888
EWA_9304046,3049 catchments,False,50.6614875793457,13.2052803039551,1575.0,616.822092222987,0.197193063973314,,440.2095759806296,957.5836649286432,0.0,0.152332291546662,0.505952395282553
EWA_9304048,3049 catchments,False,50.6536064147949,13.3644218444824,643.8,660.54406779661,0.1991158651960126,,447.3474731445313,927.21585496539,0.0,0.171252528073668,0.160675385915157
EWA_9304049,3049 catchments,False,50.5469589233398,13.0302171707153,528.8,702.815544041451,0.2157542568754792,,484.2183227539063,970.3663206975774,0.0,0.218889735746947,0.470142614689063
EWA_9304053,3049 catchments,False,50.5164260864258,12.6453828811646,1029.7,634.363287671233,0.2012004493288126,,439.7834167480469,966.2627884975255,0.0,0.164572027439595,0.977328442968428
EWA_9304054,3049 catchments,False,50.5504417419434,11.8659687042236,158.3,511.296703296703,0.1758709483175129,,264.4850158691406,824.9081746365314,0.0,0.0,0.647058840841055
EWA_9304060,3049 catchments,False,50.2803268432617,12.2922210693359,171.0,597.247619047619,0.2026733345624775,,310.4779663085937,875.0698608553588,0.0,0.0,0.53921570458139
EWA_9304065,3049 catchments,False,51.4689826965332,10.4766731262207,104.2,347.673469387755,0.1370619955253063,,251.73849487304688,820.6763454148457,0.0,0.0,0.6862745348674559
EWA_9304066,3049 catchments,False,51.403491973877,10.6251306533813,523.9,323.611587982833,0.1325955375591791,,194.7611389160156,793.3838479947043,0.0,0.0,0.762527258808
EWA_9304067,3049 catchments,False,51.4247245788574,10.4849166870117,317.8,335.269645608629,0.1338011346203919,,229.17662048339844,798.4755762352639,0.0,0.0,0.700280131838684
EWA_9304070,3049 catchments,False,51.2024002075195,10.4956846237183,716.1,293.708459214502,0.1193135792000595,,180.5181884765625,725.8520116787258,0.0,0.0,0.8595938420122761
EWA_9304071,3049 catchments,False,51.2803726196289,10.3784780502319,182.7,367.249230769231,0.1178030001526335,,254.72511291503903,748.5969718397934,0.0,0.0,0.0653594809894761
EWA_9304085,3049 catchments,False,50.7749328613281,11.1299657821655,627.0,456.68661971831,0.1412674716663403,,218.4029083251953,800.3190822717377,0.0,0.0,0.8480392303317791
EWA_9304089,3049 catchments,False,50.5704727172852,11.1316146850586,361.3,623.009036144578,0.1680658596342039,,464.3506164550781,892.6056950312053,0.0,0.0,0.602240907028317
EWA_9304090,3049 catchments,False,50.5311698913574,11.0319128036499,122.6,686.632286995516,0.1732102235033928,,681.552490234375,904.37106301761,0.0,0.0,0.980392176037034
EWA_9304091,3049 catchments,False,50.5112113952637,11.4133396148682,362.7,561.648567119155,0.1684078661950559,,323.33609244948605,883.2169947533783,0.0,0.0,0.21008404271145
EWA_9304095,3049 catchments,False,50.6050453186035,13.21058177948,129.0,701.932773109244,0.2039491294681118,,560.40087890625,951.6633728418852,0.0,0.0,0.0
EWA_9304097,3049 catchments,False,50.4870719909668,12.803599357605,362.0,743.248484848485,0.2148226408902472,,559.234130859375,1004.288146313218,0.0,0.0,0.563725500833243
EWA_9304098,3049 catchments,False,50.9429473876953,13.1997051239014,286.0,374.610789980732,0.1590445221475981,,310.9609680175781,888.6789556335539,0.0,0.0,0.70588236907497
EWA_9304099,3049 catchments,False,50.6590194702148,13.4458827972412,385.0,689.367897727273,0.1963886018793156,,473.4216003417969,918.2751172460684,0.0,0.145691930626985,0.191993470070884
EWA_9304135,3049 catchments,False,51.3169364929199,10.6919631958008,374.3,340.439620081411,0.1168490785245063,,89.72083259786083,720.7120740037828,0.0,0.0,0.1260504259594849
EWA_9305003,3049 catchments,False,47.3752975463867,11.246190071106,400.0,1627.67482014389,0.3218520980787923,,986.99658203125,1743.504298616805,0.0,0.0,0.718954265660917
EWA_9305022,3049 catchments,False,48.8654708862305,13.2856922149658,113.0,664.155778894472,0.1950215792323417,,553.1001326664101,1132.1858708286106,0.0,0.0,0.0
EWA_9305024,3049 catchments,False,48.8427047729492,13.4813108444214,762.0,715.529104477612,0.2130012136609856,,641.0404103487065,1113.361674496129,0.643409759338413,0.0,0.1190476235933599
EWA_9305031,3049 catchments,False,48.9731788635254,12.9886045455933,109.0,663.020618556701,0.1856645760539614,,605.56396484375,1237.124134248482,0.174700155854225,0.0,0.147058826405555
EWA_9305034,3049 catchments,False,48.9778633117676,12.9868879318237,115.8,659.39898989899,0.1922564598483665,,754.2286376953125,1248.9160396949087,0.174700155854225,0.0,0.147058826405555
EWA_9305035,3049 catchments,False,49.101375579834,13.2371168136597,177.0,888.051282051282,0.2078764988319519,,871.2738037109375,1182.8916412940405,0.0,0.0,0.147058826405555
EWA_9305038,3049 catchments,False,49.1497116088867,12.7978839874268,2658.0,593.048795944233,0.1698425984693589,,438.2804932513428,1018.4869749959676,0.550376160924012,0.0167509532556861,0.249183014724016
EWA_9305045,3049 catchments,False,49.1903457641602,11.4239473342896,152.3,452.29520295203,0.1231128177475936,,231.25517402548675,877.3692076533066,0.451885342597961,0.0,0.874183024279773
EWA_9305060,3049 catchments,False,48.131275177002,9.89863777160645,236.79,582.225287356322,0.1250911406939946,,310.0139465332031,1042.4739729083142,0.0209116104990244,0.0,0.622549029067159
EWA_9305062,3049 catchments,False,48.1963272094727,10.617413520813,133.0,576.409691629956,0.1187758275693031,,310.05849561216473,1043.6034672973094,0.0,0.0,0.0
EWA_9305063,3049 catchments,False,48.4011650085449,10.741753578186,505.0,518.404181184669,0.1109668059086469,,277.03660175388967,976.0733577143542,0.0054299873965127,0.0,0.402661067034517
EWA_9305065,3049 catchments,False,48.1626586914063,10.4640960693359,951.0,594.90156062425,0.1383134762032937,,392.51659751345335,1074.843223780245,0.0,0.0,0.481545570416047
EWA_9305066,3049 catchments,False,48.120548248291,10.3132886886597,707.0,617.377939983779,0.1471578659004087,,425.5372619628906,1144.6963588842689,0.0,0.0,0.11710240246935
EWA_9305075,3049 catchments,False,48.903923034668,10.3506746292114,126.0,513.932735426009,0.1261034124635539,,344.4006652832031,924.7604856137852,1.57241655389468,0.0,0.359477137681097
EWA_9305077,3049 catchments,False,48.0876197814941,9.97823429107666,264.0,624.110416666667,0.1375884918805536,,389.8649501298702,1119.2739104618593,0.0116629598662257,0.0,0.0
EWA_9305086,3049 catchments,False,48.3732528686523,12.1947269439697,318.0,483.735074626866,0.1145164349999766,,270.3001708984375,1020.9363801016,0.0626920610666275,0.0,0.0
EWA_9305090,3049 catchments,False,48.3242111206055,11.9866809844971,141.8,474.96694214876,0.1104854764704024,,322.957370944993,1012.8443608723496,0.0,0.0,0.441176490858197
EWA_9305091,3049 catchments,False,48.3446502685547,11.3091087341309,392.0,503.058906030856,0.1110059008493304,,262.9404839650145,992.3076640418368,0.0,0.0,0.0122549026855267
EWA_9305094,3049 catchments,False,47.6875495910645,11.0655498504639,601.0,886.120805369128,0.216438489056995,,776.9534301757812,1459.5673068559604,0.0,0.0,0.439134001499042
EWA_9305103,3049 catchments,False,47.3836326599121,11.1072883605957,109.0,1602.9414893617,0.3178512715253391,,1043.360595703125,1735.5197455636664,0.0,0.0,0.637254916364327
EWA_9305111,3049 catchments,False,47.8268623352051,12.6482057571411,378.0,848.572357723577,0.2136245972554697,,1050.038818359375,1580.3062110871604,0.0,0.0,0.0392156885936856
EWA_9305113,3049 catchments,False,47.5147933959961,12.4484424591064,944.0,1141.76612903226,0.3007698344304891,,1195.2459716796875,1845.428792127264,0.0380948765669018,0.0,0.215336139912584
EWA_9305114,3049 catchments,False,48.2508850097656,12.2579154968262,484.0,490.365997638725,0.1186077878889642,,315.2550048828125,1016.4963389320278,0.011744599789381,0.0,0.568627470638603
EWA_9305116,3049 catchments,False,48.0129432678223,12.0054521560669,244.0,523.444711538462,0.1350712628279465,,495.874267578125,1130.3568834653245,0.0,0.0,0.529411775059998
EWA_9305131,3049 catchments,False,47.8183326721191,9.99398326873779,308.1,731.913123844732,0.1639676955537992,,548.295233273056,1274.339233539676,0.0059547048682967,0.0,0.392156870414813
EWA_9305132,3049 catchments,False,47.954719543457,9.04778385162354,199.61,678.033519553073,0.1324797103307499,,214.28729248046875,1079.625570594537,0.115272561088204,0.0,0.176470596343279
EWA_9305134,3049 catchments,False,48.0347785949707,8.24665641784668,158.0,976.888888888889,0.1507656158098722,,994.0324096679688,1473.5835569091648,0.0,0.0,0.326797397186359
EWA_9305136,3049 catchments,False,48.4874305725098,9.73981094360352,180.0,715.301829268293,0.1484221909549846,,141.22877502441406,1108.0201661069427,0.021014219460388,0.0,0.555555572888504
EWA_9305142,3049 catchments,False,47.7856101989746,10.5186824798584,109.0,795.516304347826,0.2256600921872714,,758.9788208007812,1441.9017133100792,0.0,0.0,0.0
EWA_9305145,3049 catchments,False,47.6759223937988,10.4998435974121,450.0,880.646052631579,0.2546011543435064,,842.9949773913044,1585.6664628697058,0.0,0.0406208410479252,0.13480392517522
EWA_9305146,3049 catchments,False,47.5455360412598,12.7848806381226,940.0,1186.29545454545,0.3106623983193119,,1276.6319580078125,1938.7275638137255,0.0342479277169332,0.0,0.395220599602908
EWA_9305152,3049 catchments,False,47.5732421875,12.9462118148804,367.0,1372.12168486739,0.3111848551711468,,1375.4066162109375,2065.351068659376,0.0013846157650862,0.0,0.472689089032688
EWA_9315010,3049 catchments,False,50.4905853271484,6.5052056312561,344.6,529.676335877863,0.1309782160631053,,424.2024230957031,1002.7119912552972,0.0,0.130655653604076,0.4901960899587719
EWA_9316014,3049 catchments,False,48.1210479736328,8.09443283081055,303.0,711.170454545455,0.1266133769909379,,907.28857421875,1355.3410638525188,0.0065147452056407,0.0,0.0
EWA_9316084,3049 catchments,False,47.9145584106445,9.63178157806397,421.11,582.213762811127,0.1304147373800163,,41.50423812866211,1116.4874303697052,0.0179669659584761,0.0,0.411764709278941
EWA_9316089,3049 catchments,False,47.6410255432129,9.97347164154053,164.1,740.213058419244,0.188619135515788,,1087.1624755859375,1490.1707314450712,0.0,0.0,0.0735294132027775
EWA_9316094,3049 catchments,False,47.805419921875,9.29662132263184,271.5,585.084967320261,0.1191750111559175,,363.7234376637728,1107.1436072340148,0.86144612232844,0.0,0.0
EWA_9316096,3049 catchments,False,47.9323883056641,9.6433916091919,246.0,597.208053691275,0.1403764287434079,,321.1037902832031,1089.586486206854,0.0190886997928222,0.0,0.228758171821634
EWA_9316097,3049 catchments,False,47.67041015625,9.85342693328857,652.0,697.097517730496,0.1674840549374121,,948.5429868536372,1438.3062322444266,0.0205464996397495,0.0,0.306372559862211
EWA_9316099,3049 catchments,False,47.8990936279297,8.17008781433106,223.04,965.639686684073,0.1677844553431146,,73.46174621582031,1568.9538155393034,0.0013718386180698,0.0,0.290032685734332
EWA_9316109,3049 catchments,False,48.3868370056152,8.2651834487915,126.15,649.932432432432,0.1329308868879186,,1064.9959716796875,1274.635791215537,0.0,0.0,0.0
EWA_9316111,3049 catchments,False,48.5385704040527,8.32766819000244,230.67,762.862068965517,0.1397635418482959,,1262.265380859375,1286.835495616919,0.0,0.0,0.392156870414813
EWA_9316139,3049 catchments,False,50.100269317627,6.94784259796143,176.0,371.447712418301,0.104450722370699,,323.5007019042969,800.0451323998265,0.0,0.0,0.0
EWA_9316184,3049 catchments,False,51.6147727966309,10.3164033889771,894.0,319.228980322004,0.1329503029622564,,406.4762268066406,864.0325460364493,0.0011606944026425,0.0837242401795674,0.2267156924062869
EWA_9316185,3049 catchments,False,51.7495384216309,10.266131401062,211.0,339.5,0.1369258467114045,,579.9533081054688,908.0986168380324,0.0192465726286173,0.204324693987456,0.7843137544114139
EWA_9316186,3049 catchments,False,51.6384963989258,10.3046569824219,1119.0,321.862101759391,0.133052097338013,,437.61572265625,876.9445296956708,0.0047778700478375,0.115593612522895,0.338235304807313
EWA_9316191,3049 catchments,False,51.5685691833496,10.3420848846436,127.0,247.273076923077,0.1296847096030792,,583.0988804581245,859.0061571552367,0.0,0.0,0.147058826405555
EWA_9316199,3049 catchments,False,51.3784904479981,10.089635848999,319.0,342.619528619529,0.1055023395141433,,257.3624911811676,823.7777496615906,0.0036868946626782,0.0,0.829248378674189
EWA_9316205,3049 catchments,False,50.4586639404297,9.68075847625732,489.7,447.967105263158,0.1256099081399504,,672.595247049214,991.8170426154614,0.0010340652588638,0.0,0.609681394416839
EWA_9316206,3049 catchments,False,51.0230827331543,8.2540168762207,181.5,574.125364431487,0.155672046495583,,405.3051452636719,1105.1791549046377,0.0,0.0,0.0653594809894761
EWA_9316208,3049 catchments,False,50.5641403198242,9.99868965148926,182.0,598.696428571429,0.1312135635912691,,489.20220947265625,918.1234926540257,0.0008716436568647,0.0,0.130718961978952
EWA_9316214,3049 catchments,False,51.1316757202148,8.64408206939697,139.0,505.041353383459,0.1545075010310952,,555.9677124023438,1025.7326052732462,0.0,0.0,0.049019610742107
EWA_9316216,3049 catchments,False,50.8681907653809,9.22890758514404,986.1,322.788196359625,0.1009892545056825,,211.1600769337864,771.2149983267032,0.0009932470206609,0.0,0.671856992823236
EWA_9316227,3049 catchments,False,50.5364151000977,10.8214311599731,271.0,589.068,0.1659482237193954,,338.6510925292969,890.7018595733209,0.807548022270203,0.253421770065373,0.210784319788218
EWA_9316228,3049 catchments,False,50.519775390625,10.651535987854,1170.0,508.234301780694,0.150244103270474,,388.2564488687783,880.3961141462587,0.206770185913358,0.052380749621137,0.822829141370243
EWA_9316229,3049 catchments,False,50.4347152709961,10.8288650512695,256.0,488.424242424242,0.1696002192166176,,559.4443969726562,878.2029115328464,0.0608867585659027,0.0,0.450980416499078
EWA_9316235,3049 catchments,False,50.7015609741211,10.132698059082,214.0,486.522388059702,0.1311720232817265,,331.98352149532707,879.958570596639,0.0,0.0,0.196078434237279
EWA_9316236,3049 catchments,False,50.6466598510742,9.96770763397217,399.0,484.66307277628,0.1319409314054833,,403.5165710449219,879.9665766339061,0.001316494477578,0.0,0.0735294161131606
EWA_9316238,3049 catchments,False,50.8992424011231,10.5265674591064,305.2,414.888157894737,0.1302780550268275,,301.6483796160666,788.0010080520684,0.0,0.0,0.772058853181079
EWA_9316342,3049 catchments,False,50.8851051330566,8.41058826446533,304.2,476.406690140845,0.1517738697077895,,572.0953979492188,965.987844258382,0.0,0.0,0.620915055818235
EWA_9316343,3049 catchments,False,50.8323669433594,8.79735279083252,1667.0,346.285528877352,0.1121934718026129,,299.1837490787557,820.2553640864646,0.005250365281808,0.0,0.993833053226192
EWA_9316378,3049 catchments,False,48.5098190307617,8.62983894348145,144.5,591.300380228137,0.1536300964806963,,340.869384765625,1284.1524538889137,0.0246025044471025,0.0,0.0980392214842141
EWA_9316389,3049 catchments,False,48.9701232910156,10.1669969558716,329.16,499.917525773196,0.1275349811361751,,269.3453369140625,1004.009335940966,0.716160639934242,0.0,0.549019617028534
EWA_9316418,3049 catchments,False,50.2759284973145,9.65915679931641,457.0,455.839951865223,0.1283986469561215,,407.177001953125,953.7475428558852,0.0,0.0,0.0833333365153521
EWA_9316436,3049 catchments,False,50.1326484680176,10.6715850830078,383.0,349.154401154401,0.1104902302896699,,184.149658203125,763.0956533854708,0.0,0.0,0.0980392181580619
EWA_9316441,3049 catchments,False,49.6104011535645,11.1739673614502,185.0,386.464615384615,0.1309207354436775,,255.00863647460935,831.4785225202584,0.971288820107778,0.0,0.653594778850675
EWA_9316447,3049 catchments,False,49.4486770629883,10.0514249801636,1013.0,378.815116911365,0.1051818138331022,,194.73520056409532,828.203521232638,0.768093863630202,0.0,0.533088244847022
EWA_9316466,3049 catchments,False,48.2627716064453,8.59415531158447,1119.0,656.608316221766,0.1589294369579347,,403.5096740722656,1300.026626777416,0.0197357222437859,0.0,0.794117674813606
EWA_9316471,3049 catchments,False,48.3776931762695,8.47282314300537,202.0,658.493472584856,0.1562840077050967,,645.4385986328125,1390.433131229685,0.021409705048427,0.0,0.122549026855268
EWA_9316487,3049 catchments,False,48.6396522521973,8.65425491333008,705.0,591.762214983713,0.1358673157625452,,376.15939696048633,1241.842518378011,0.0193377011067544,0.0,0.74346407103197
EWA_9316505,3049 catchments,False,48.9417190551758,10.1837062835693,245.7,504.03488372093,0.1297499557246663,,455.9145202636719,977.4813721626234,0.88732068776153,0.0,0.686274521285668
EWA_9316529,3049 catchments,False,50.5720481872559,10.7847461700439,114.0,606.225961538462,0.1567175938941234,,613.1756591796875,922.849007980188,1.48611104488373,0.0,0.0
EWA_9324001,3049 catchments,False,51.1840515136719,14.8869886398315,135.0,239.583011583012,0.1432975781107928,,195.91665649414065,805.3870716352117,0.0,0.0,0.0980392214842141
EWA_9324002,3049 catchments,False,51.0279541015625,14.8164739608765,162.0,304.720779220779,0.1459967325142983,,210.4222060606061,869.9489533440195,0.0,0.0,0.032679740494738
EWA_9405001,3049 catchments,False,47.4194526672363,17.9107856750488,227.0,249.423076923077,0.1233211878447884,,74.72942352294922,706.7488542720869,0.0,0.0,0.0
EWA_9405008,3049 catchments,False,48.0366821289063,19.9176273345947,168.0,338.077464788732,0.114910534850063,,53.27243423461914,768.6733961415677,0.0309606691201528,0.0,0.0
EWA_9405016,3049 catchments,False,46.2184562683106,18.1308097839355,461.0,222.990990990991,0.1088442270639237,,79.30352020263672,738.4148780936938,0.0,0.0,0.617647066246718
EWA_9405022,3049 catchments,False,47.3876037597656,18.1656246185303,104.0,204.960674157303,0.1216634882578042,,71.3031005859375,690.7960720953317,0.0,0.0,0.7843137718737131
EWA_9425005,3049 catchments,False,49.6337089538574,18.9054775238037,107.6,700.828125,0.1984961938245137,,779.4410400390625,1131.6035666361013,0.0,0.0,0.245098047889769
EWA_9505007,3049 catchments,False,46.1421737670898,14.1334667205811,558.0,739.824864864865,0.1540080136013031,,1175.8734130859375,1610.6192501309192,0.0,0.0,0.0122549026855267
EWA_9505008,3049 catchments,False,46.5854911804199,15.7608108520508,477.8,297.712672521957,0.1311868678635236,,343.0063781738281,972.3573174758662,0.474641475412581,0.0,0.0
EWA_9505011,3049 catchments,False,46.0897331237793,14.5404767990112,7168.0,694.654689957778,0.1580202191684678,,975.295194144518,1327.2404757666372,0.552561000952947,0.0,0.892494940740891
EWA_9505014,3049 catchments,False,46.3048896789551,15.0589485168457,1663.6,627.574422735346,0.1395721717935676,,749.5258178710938,1121.175166022167,1.88125786323238,0.0,0.518336972325212
EWA_9508002,3049 catchments,False,46.0587387084961,13.9425239562988,442.0,690.373779637378,0.1145924915598109,,1768.0706787109375,1851.3761495103015,0.0,0.0,0.0
EWA_9600005,3049 catchments,False,57.1332397460938,-3.86446475982666,2861.2,469.763290521866,0.2101391328234572,,715.8446044921875,1087.5914388888605,0.0246609684139017,0.0,0.122549023020953
EWA_9705003,3049 catchments,False,45.5022277832031,25.0981884002686,260.0,1421.51954022989,0.2007611898018635,,583.8718872070312,1135.5438044596033,0.0,0.0,0.049019610742107
EWA_9705013,3049 catchments,False,46.7167205810547,27.5914649963379,3952.0,224.155677928263,0.1704499175653755,,56.47895431518555,668.5174294161591,1.85313217926484,0.613614414536255,0.153846159899751
EWA_9705023,3049 catchments,False,46.6851959228516,22.3479042053223,2216.0,441.141954174348,0.1451681383941857,,362.2471923828125,999.029864971016,0.0,0.0,0.067873305390374
EWA_9705031,3049 catchments,False,45.0742568969727,22.6036071777344,545.0,1039.25522041763,0.2397425025770229,,784.8922729492188,1188.150878974151,0.0,0.327826563799676,0.0294117664452642
EWA_9717003,3049 catchments,False,60.3143463134766,10.8283443450928,262.0,487.111111111111,0.3472930125884484,,615.56591796875,936.8053895160774,0.521634197235107,0.0,0.0
EWA_9717010,3049 catchments,False,62.3022232055664,11.5570440292358,119.0,940.831501831502,0.4242624949622277,,602.0887355412754,758.6746623801407,0.0,0.0,0.0
EWA_9717031,3049 catchments,False,59.7290382385254,8.12021446228027,116.0,907.574803149606,0.4735556116887168,,703.3076782226562,1137.672245177713,0.0,0.0,0.0
EWA_9717033,3049 catchments,False,59.7352447509766,9.42268753051758,150.0,547.795795795796,0.361508777051835,,621.9738719999999,1089.2470276665174,0.26374077051878,0.0,0.0
EWA_9717072,3049 catchments,False,61.0844955444336,8.02979755401611,557.0,1282.20830244626,0.5780572316201473,,809.0068969726562,1183.623826920249,0.0112028333048026,0.324542663615799,0.0
EWA_9717103,3049 catchments,False,58.5536613464356,7.56761026382446,180.0,456.283887468031,0.2986709760520377,,1353.4037527272728,1499.3015211855577,0.0,0.0,0.0
EWA_9717107,3049 catchments,False,58.7372131347656,8.04463195800781,1794.0,420.520937188435,0.3409075253715353,,1043.3118896484375,1308.4894582258703,0.0711852687721451,0.0,0.0
EWA_9717109,3049 catchments,False,58.4644241333008,8.04858493804932,250.0,315.383763837638,0.2915017744678763,,1168.730991627907,1317.953666077589,0.137113785743713,0.0,0.0
EWA_9717116,3049 catchments,False,59.7102737426758,8.67620372772217,810.0,806.068872017354,0.416810691197641,,900.2210666666666,1161.248776610352,0.276492986608954,0.0,0.0
EWA_9717122,3049 catchments,False,61.1238250732422,9.44889450073242,557.0,925.934438583271,0.4212682323999715,,538.6044401731967,916.5542041885352,0.009995084007581,0.0,0.0
EWA_9717129,3049 catchments,False,58.9781188964844,7.56618404388428,3668.0,734.040948813983,0.4794573643370745,,1242.7359619140625,1473.3965376436956,0.193408852006182,0.311109661377407,0.0
EWA_9717134,3049 catchments,False,62.0761528015137,8.96864795684815,1755.0,1144.86500685244,0.5963563875873079,,580.3348647963801,911.4250399368232,0.12583236591447,0.0,0.0
EWA_9717178,3049 catchments,False,61.8821258544922,10.0679769515991,465.0,1119.22338568935,0.4556681898870777,,684.3156127929688,798.3901525830846,0.0,0.0,0.0
EWA_9717179,3049 catchments,False,61.3055953979492,9.91829013824463,866.0,806.637822070977,0.4117472731202967,,525.0927734375,865.2284344069425,2.01318487565479,0.0,0.0
EWA_9718019,3049 catchments,False,62.4611320495606,9.02248764038086,473.0,1310.13389830508,0.625938671334906,,818.5034450739956,1184.7978133799484,0.0,0.0,0.0
EWA_9718021,3049 catchments,False,62.8437843322754,7.86269903182983,138.0,266.214492753623,0.3023401043449299,,1472.435791015625,1692.6960557315178,0.0,0.0,0.0
EWA_9718026,3049 catchments,False,62.2645111083984,8.05448055267334,1142.0,1178.99682427664,0.6355118621093326,,999.1258427526528,1385.9019322840088,0.0,0.0,0.0
EWA_9718044,3049 catchments,False,63.5483283996582,11.6718673706055,491.4,521.728514056225,0.3836523024512788,,1312.7762451171875,1378.8606857228935,0.0,0.247238745313792,0.0
EWA_9718047,3049 catchments,False,67.0153427124023,15.0325002670288,143.8,489.83135391924,0.4686557665171425,,1144.4046630859375,1465.4304751858751,0.0,0.0,0.0
EWA_9718050,3049 catchments,False,62.3509826660156,9.404953956604,738.0,1342.57841573631,0.5623934589860772,,685.9419305595411,921.7752908386094,0.0115501614553588,0.0,0.0
EWA_9718055,3049 catchments,False,68.7571792602539,18.1383876800537,524.0,584.97003058104,0.5748037776473007,,1302.5233154296875,1328.2983375032372,0.0238058301620185,0.0,0.0
EWA_9719025,3049 catchments,False,69.5862426757813,30.5305233001709,124.0,202.765432098765,0.4326475299104629,,602.7382202148438,621.148457173192,0.0,0.0,0.0
EWA_9719026,3049 catchments,False,62.2411804199219,12.0381622314453,1769.0,800.789212367411,0.4217554031002551,,432.0446166992188,744.1795539411534,0.0,0.0,0.0
EWA_9719027,3049 catchments,False,61.9920845031738,11.9325590133667,4410.0,792.379030023095,0.4069195993563509,,480.0139465332031,779.4530789164904,0.0314198797399348,0.0,0.0053475937933068
EWA_9721001,3049 catchments,False,61.9920845031738,11.9325590133667,4410.0,792.379030023095,0.4100673300004781,,473.294677734375,750.9835742365821,0.0314198797399348,0.0,0.0053475937933068
EWA_9805001,3049 catchments,False,48.2756576538086,24.5346660614014,365.3,1047.36234177215,0.2521952387688813,,625.5079956054688,1263.1605365120197,0.0,0.0,0.0
EWA_9805005,3049 catchments,False,48.4384727478027,23.8814563751221,201.4,1109.55153203343,0.2788405018444003,,1331.129638671875,1432.62751496405,0.0,0.0,0.0
EWA_9822006,3049 catchments,False,63.739559173584,26.2344036102295,122.0,141.932692307692,0.3364921991684197,,332.5375061035156,707.5977109947031,0.385145679116249,0.0,0.0
EWA_9822035,3049 catchments,False,62.405387878418,24.3138446807861,565.0,174.440433212996,0.3234595051316835,,314.7841186523437,716.7914054665523,0.0240465737879276,0.0,0.0
EWA_9822039,3049 catchments,False,61.5402641296387,22.6448936462402,660.0,90.1326650943396,0.2757810354186175,,333.8388061523437,722.7707293801195,0.725568127352744,0.0,0.0428921586717479
EWA_9822067,3049 catchments,False,62.7215423583984,31.3511028289795,4183.0,177.202111304704,0.3608704565837426,,358.300048828125,741.7640667104106,0.0043857336789369,0.0,0.0147058831062167
EWA_9822072,3049 catchments,False,62.2869186401367,24.2242698669434,6102.0,156.157606182707,0.3089589893334467,,286.29025941845765,710.8391737120181,0.131632836149564,0.0,0.363454600645989
EWA_9822073,3049 catchments,False,60.8747444152832,23.351978302002,2652.0,108.934668574154,0.2845262090838147,,276.9507141113281,705.4070283840219,2.74978087602123,0.0,0.411527518055312
EWA_9834001,3049 catchments,False,50.4202194213867,36.2938804626465,202.2,190.567039106145,0.2556940000614203,,95.77083587646484,708.4128082867035,0.0,0.0,0.0
EWA_9837002,3049 catchments,False,44.9285125732422,34.6038513183594,198.7,655.07476635514,0.1511496028050682,,180.80130004882807,586.9072646245826,0.0,0.0,0.0
EWA_9840019,3049 catchments,False,48.9723205566406,27.2589111328125,236.8,288.147806004619,0.1798118189548126,,103.2689208984375,744.6369723560928,0.0,0.0,0.0
EWA_9904029,3049 catchments,False,55.3284492492676,12.0961723327637,131.0,28.5896551724138,0.1220442471653001,,218.47073364257807,668.5382615703411,1.67662145694097,0.0,0.0980392176037033
EWA_9910004,3049 catchments,False,46.3422966003418,7.0913724899292,132.0,1557.0,0.3251157083770622,,1170.961166798419,1768.8313881341771,0.0,0.0,0.343137269373983
EWA_9916003,3049 catchments,False,46.6862297058106,6.70496320724487,105.0,683.783625730994,0.1426177627920702,,473.1419982910156,1434.9725926454828,0.0,0.0,0.0
EWA_9916004,3049 catchments,False,46.961353302002,8.09284973144531,477.0,1054.59675405743,0.2131100851040552,,1006.3565063476562,1659.3451313708329,0.0,0.0,0.1225490210345019
EWA_9916013,3049 catchments,False,46.8090209960938,9.64899063110352,263.0,1857.56561085973,0.4626043909686921,,713.6400474524714,1507.0957862257667,0.0,0.0,0.318627455271781
EWA_9916030,3049 catchments,False,47.4217529296875,8.82254886627197,342.0,657.13275862069,0.1317886824173708,,724.9576640732266,1259.8048289373164,0.20374957844615,0.0,0.833333365153521
EWA_9916066,3049 catchments,False,47.4333686828613,7.80660343170166,261.0,583.16404494382,0.104629097848593,,453.70659310344826,1355.977775103746,0.0258439213037491,0.0,0.82352944649756
EWA_9916067,3049 catchments,False,47.2450714111328,7.26936054229736,183.0,919.169329073483,0.1121211018224061,,560.2538452148438,1521.3192260564294,0.0,0.0,0.359477141561608
EWA_9916078,3049 catchments,False,46.5178184509277,7.41436910629273,344.0,1630.71111111111,0.3793565665525282,,1092.103108998989,1869.9192584420905,0.01236741989851,0.0,0.137254907749593
EWA_9916079,3049 catchments,False,46.7932357788086,7.50048780441284,124.0,840.378109452736,0.2016947164233322,,674.255126953125,1639.017607774511,0.0,0.0,0.245098047889769
EWA_9916081,3049 catchments,False,46.7605667114258,7.35874080657959,352.0,1076.05472636816,0.1894048229441707,,782.8707885742188,1492.8402599226465,0.247212563242231,0.0,0.0140056030691733
EWA_9916099,3049 catchments,False,47.1166763305664,7.80017852783203,115.0,711.925,0.1426855219428969,,600.7824096679688,1253.3191888264685,0.0,0.0,0.0
EWA_9926001,3049 catchments,False,54.4777755737305,22.47536277771,1360.0,128.778348623853,0.1859439183730717,,222.11032104492188,764.6044281425684,0.146146033649091,0.0,0.170660860560558
EWA_9927001,3049 catchments,False,56.6145973205566,32.1595993041992,2180.0,238.604772234273,0.2940685022424915,,317.3463134765625,834.2373937295072,0.0192187404381516,0.0,0.0
EWA_9929002,3049 catchments,False,58.9565696716309,31.2897777557373,833.0,51.3666323377961,0.2747089421037262,,210.7408599853516,734.5205177062411,0.0237038829210704,0.0,0.0
EWA_9929004,3049 catchments,False,59.3671607971191,29.9256649017334,920.0,108.832762836186,0.2867811261079254,,259.8145751953125,767.9027917612493,0.460100233681839,0.0,0.0
EWA_9929006,3049 catchments,False,59.6197509765625,28.9345188140869,573.0,93.9398496240601,0.2770733763846803,,361.3060302734375,773.5322002329204,0.181264167030652,0.0,0.0
EWA_9929007,3049 catchments,False,59.315559387207,29.5182285308838,948.0,111.990732159407,0.2905611521021443,,232.4062957763672,774.1578031618518,0.261828734243119,0.0,0.0
EWA_9929011,3049 catchments,False,55.7370834350586,30.3822250366211,398.0,171.28125,0.2641334570971816,,209.8619537353516,782.6379925815306,0.303605519235134,0.0,0.0
EWA_9929012,3049 catchments,False,56.4349708557129,31.0759010314941,2480.0,155.91954459203,0.2664405260274028,,237.1378326416016,801.2680817108534,0.0281036260555713,0.0,0.0
EWA_9929013,3049 catchments,False,57.8660354614258,30.803071975708,138.0,83.5973154362416,0.2552539431712664,,150.39564514160156,733.1622096153822,0.0058330919904013,0.0,0.0
EWA_9929014,3049 catchments,False,59.0636177062988,28.5849380493164,777.0,67.6885043263288,0.2667740545757927,,249.79248046875,758.0689037179192,0.279148066183552,0.0,0.0
EWA_9929015,3049 catchments,False,58.8932571411133,28.3671951293945,219.0,80.4016736401674,0.2720531448152534,,302.632080078125,761.936175310115,0.0,0.0,0.0
EWA_9929016,3049 catchments,False,56.4660720825195,29.2052707672119,3500.0,172.622770919067,0.2624168950998825,,262.5348205566406,792.9382019323901,0.02400598999751,0.0,0.0011956002620026
EWA_9929018,3049 catchments,False,58.5242424011231,34.5045928955078,1750.0,175.846518237802,0.3079470928302166,,286.5998840332031,760.1099598658925,0.0030566356877291,0.0,0.0
EWA_9929020,3049 catchments,False,60.0179061889648,34.5495491027832,1110.0,171.243931088489,0.3320775806358607,,405.0319519042969,834.022662289167,0.162882618643343,0.0,0.0
EWA_9929021,3049 catchments,False,60.4081764221191,35.2633743286133,693.0,233.937722419929,0.339031323460882,,344.9166564941406,795.3767741284915,0.0,0.0,0.0
EWA_9929026,3049 catchments,False,61.6003875732422,33.7181854248047,355.0,182.298265895954,0.3328101522691417,,312.6333923339844,762.3958229998221,0.0,0.0,0.0
EWA_9929029,3049 catchments,False,61.5198631286621,32.6261978149414,977.0,94.40353200883,0.3526603844836015,,373.7578125,804.039244302941,0.0,0.0,0.0
EWA_9929032,3049 catchments,False,60.2441596984863,29.9843120574951,390.0,80.3003533568905,0.3160047041344819,,353.6413879394531,729.0250273157999,0.328126787208021,0.0,0.0
EWA_9929036,3049 catchments,False,56.795654296875,27.904972076416,2970.0,109.116958071635,0.2470724350018844,,173.96212768554688,726.2859410657342,0.0187081894011829,0.0,0.0178253129971298
EWA_9929037,3049 catchments,False,57.5494728088379,27.6388549804688,739.0,135.66935483871,0.2542703041858247,,236.91702270507807,748.308572638934,0.0151008486894793,0.0,0.0
EWA_9935010,3049 catchments,False,43.6090545654297,42.6872367858887,1540.0,1999.19097502015,0.2648204166654813,,293.48126220703125,1372.6822619240004,0.0,0.0,0.0392156871967018
EWA_9938001,3049 catchments,False,55.7935447692871,33.695743560791,247.0,242.023210831721,0.2895962303506492,,274.0028381347656,784.2943634599724,0.0026388117403257,0.0,0.0
EWA_9938004,3049 catchments,False,52.8260269165039,34.9212303161621,1560.0,205.518911745189,0.2612908677837455,,154.2195281982422,740.8912521015643,0.105946527238214,0.0,0.0664136635379926
EWA_9938005,3049 catchments,False,53.0967521667481,33.2054557800293,150.0,186.63475177305,0.254507692036838,,145.3512420654297,743.1575564824766,0.161148950457573,0.0,0.0
EWA_9938007,3049 catchments,False,50.6305122375488,36.0492515563965,1870.0,185.129779837775,0.2489513125352046,,100.39894104003906,687.9949742391293,0.321669273755767,0.0,0.0089126564985649
EWA_9941007,3049 catchments,False,57.9123039245606,38.0150680541992,185.0,140.713942307692,0.3009897007024523,,228.3254852294922,741.7350205710268,0.205460466444492,0.0,0.0
EWA_9941008,3049 catchments,False,58.5985832214356,40.4532089233398,1800.0,170.319780493889,0.3330560980295937,,264.71466064453125,772.2557735634248,0.0496029630542184,0.0,0.0
EWA_9941010,3049 catchments,False,58.4919700622559,43.018196105957,954.0,179.370982986767,0.345456439288055,,270.10565185546875,764.3353177649169,0.0500746781250373,0.0,0.0
EWA_9941011,3049 catchments,False,59.4931755065918,46.7441444396973,1910.0,197.190094015134,0.3596834851179408,,283.1329345703125,755.0563721255431,0.0,0.0,0.0
EWA_9941012,3049 catchments,False,57.8750152587891,42.0439071655273,820.0,158.148002250985,0.3343906147360404,,238.2465362548828,770.305467930539,0.0584696574430717,0.0,0.0
EWA_9941013,3049 catchments,False,56.7575798034668,44.1430130004883,1010.0,123.324581258488,0.3235072728580573,,203.3421173095703,727.9089279550828,0.255103348585015,0.0,0.0
EWA_9941014,3049 catchments,False,58.1031188964844,46.7201538085938,1670.0,137.469325997249,0.337097745163706,,209.5665740966797,756.3351448361861,0.0026852271120463,0.0,0.0
EWA_9941017,3049 catchments,False,55.7178955078125,41.4372406005859,1140.0,144.587096774194,0.3033114711620593,,128.09039306640625,706.9232708011244,1.05374038815498,0.0,0.0098039221484214
EWA_9941019,3049 catchments,False,56.3603134155273,39.8470115661621,1380.0,169.250915141431,0.3067634394439879,,161.99676513671875,728.2685053675254,1.11283424695333,0.0,0.124183013103902
EWA_9941021,3049 catchments,False,54.2672958374023,39.7095985412598,816.0,157.08843967151,0.291300034243335,,127.13717651367188,700.3546656546638,0.341649547219276,0.0,0.0
EWA_9941022,3049 catchments,False,53.9547004699707,35.0132293701172,1900.0,207.055810191426,0.2757598545319145,,157.23048400878906,748.1138458987956,0.266437828540802,0.0,0.0105988344404142
EWA_9941023,3049 catchments,False,54.4617309570313,38.4915008544922,3020.0,188.210491367862,0.2981793597287314,,128.52232360839844,710.4847949475333,1.5436340276215,0.0,0.1080093078583609
EWA_9941024,3049 catchments,False,53.8495292663574,44.5201606750488,1790.0,210.056988942444,0.3264587434720732,,127.36309051513672,679.311319853195,0.499934600716507,0.0,0.100688925768073
EWA_9941026,3049 catchments,False,54.0548210144043,45.0626449584961,1610.0,205.477517416086,0.3322351863782787,,152.2698974609375,693.0157643933273,0.652234596590842,0.0,0.154965215798227
EWA_9941027,3049 catchments,False,55.6412658691406,43.7130661010742,1810.0,156.339357971405,0.311069643198637,,91.61048126220705,697.1258504148371,0.182160495263007,0.0,0.0
EWA_9942006,3049 catchments,False,53.5879898071289,57.2928123474121,353.0,622.466380543634,0.4071162139147257,,339.9683532714844,816.394661758051,0.0,0.0,0.0
EWA_9942010,3049 catchments,False,58.6257438659668,53.3358383178711,5030.0,256.880025526484,0.3663572532324435,,246.23956298828125,722.307202628385,0.0512099815400774,0.0,0.0
EWA_9942015,3049 catchments,False,55.5761528015137,56.0373420715332,1210.0,174.012340764331,0.3951603278850041,,327.3072814941406,755.6317031203138,0.24088873124371,0.0,0.0
EWA_9942018,3049 catchments,False,59.6432800292969,47.7876129150391,6070.0,182.246133927929,0.3537724113343676,,255.8585662841797,730.7845025517398,0.0030590961858958,0.0,0.0
EWA_9942023,3049 catchments,False,54.7291374206543,54.6334075927734,3570.0,196.235220822373,0.3492003144633575,,71.55149841308594,603.268022107089,0.272952820098883,0.0,0.2606650864755789
EWA_9943001,3049 catchments,False,54.901798248291,48.6650810241699,181.0,159.080428954424,0.3389776281106996,,141.7805938720703,643.0489414306398,0.833426892757416,0.0,0.0
EWA_9943004,3049 catchments,False,56.1823883056641,50.0332069396973,650.0,155.704613095238,0.3743779408092811,,173.662841796875,692.0767366558099,1.01899210044316,0.0,0.0
EWA_9943006,3049 catchments,False,55.0436058044434,50.6082305908203,1230.0,146.824476650564,0.3528730903097563,,115.2571029663086,666.6821270226656,0.791552565637089,0.0,0.0
EWA_9943007,3049 catchments,False,54.2155532836914,51.0130195617676,2390.0,147.523409615788,0.3588039631629275,,86.38935852050781,642.2735136742057,1.60631413575676,0.0,0.0
EWA_9943008,3049 catchments,False,51.9938583374023,54.0410003662109,1340.0,221.953396524487,0.4110606557679408,,85.94477844238281,522.4097642627536,0.406696670585209,0.0,0.0
EWA_9943010,3049 catchments,False,53.2265701293945,53.778491973877,908.0,194.073198847262,0.3964675090091816,,97.17542266845705,604.7644264899583,0.406690040055443,0.0,0.0
EWA_9944001,3049 catchments,False,54.245532989502,59.100772857666,2650.0,596.298481973435,0.3481112026362924,,88.34771728515625,574.4968808707409,0.025908423169535,0.0,0.8188275366128249
EWA_9944004,3049 catchments,False,52.3973922729492,57.4326705932617,334.0,571.317965023847,0.4423069762485797,,210.06741333007807,680.1031796283008,0.0,0.0,0.0
EWA_9944011,3049 catchments,False,51.9741172790527,52.1182975769043,545.0,141.696116504854,0.3820161986216246,,56.55552673339844,509.84691132603626,0.406697382529577,0.0,0.0
France_O001531001,2339 catchments,False,42.86730042,0.747757634,598.261201799843,,0.294298011013592,38.6212253373182,,,0.167417948258137,0.0,0.0419
France_O017402701,2339 catchments,False,42.95653055,0.380714395,613.225482924065,,0.313903209608588,39.9260622714072,,,0.250683100027506,0.0,0.0
France_Q440000201,2339 catchments,False,42.8855734,-0.016029177,401.657846610274,,0.352783757299518,47.1829522185578,,,0.156183162856618,0.0,0.0
France_V000201001,2339 catchments,False,45.91586051,6.859323241,198.683764879824,,0.555225849538593,73.4581389868567,,,0.0127535537969259,0.0,0.968058
France_V014000301,2339 catchments,False,46.11422724,6.552017739,331.843719489931,,0.404040485149028,56.8284619527005,,,0.0549045514289098,0.0,0.649016
France_V020501001,2339 catchments,False,46.06487252,6.456175611,1326.71893042894,,0.437790160635037,58.9951718043058,,,0.0790701039830067,0.0,2.7958993000000003
France_V032501001,2339 catchments,False,46.26510787,6.620492166,171.475482652744,,0.307744451795418,52.7642949906517,,,0.0144747686753939,0.0,1.0233449
France_V033401001,2339 catchments,False,46.3262975,6.585798102,502.445680824901,,0.2743986886154,47.1356196032662,,,0.0672178794217166,0.0,0.3491757
France_W022000201,2339 catchments,False,45.44961784,6.583765183,332.821198185518,,0.610245982732474,66.5681200283366,,,0.0126630809282292,0.0,0.083
France_W103000301,2339 catchments,False,45.21014419,6.514799208,947.026680497389,,0.580910854041802,65.0132444446841,,,0.116740994484936,4.08868042673393,0.2645555
France_W211401001,2339 catchments,False,44.82454371,6.149005935,130.805860879026,,0.529913125236956,59.1385537319813,,,0.193928782720964,0.0,0.0
France_W231401001,2339 catchments,False,44.90034685,5.94445407,143.446427573979,,0.462029422814352,54.301294171223,,,0.250316633444208,0.0,0.0
France_W271000101,2339 catchments,False,45.03860839,6.182965878,228.237755177193,,0.55339800503056,64.2460276894953,,,0.0053159347564164,0.0,0.0
France_X001001002,2339 catchments,False,44.9244878,6.679418537,207.239073818295,,0.629043040659003,63.217099719167,,,0.106087473935758,0.0,0.0
France_X001561301,2339 catchments,False,44.88652241,6.624926345,540.814348797949,,0.609660112379987,62.4764727882735,,,0.199298955205803,0.0,1.7715827
France_X013001001,2339 catchments,False,44.7765337,6.559183105,956.185131162444,,0.606249475836463,62.2436607188429,,,0.339336358826142,0.0,1.2149161
France_X045401001,2339 catchments,False,44.44945836,6.39901426,941.618008130479,,0.478708540529627,53.4298173570594,,,0.756551515270943,0.0,0.2927721
France_X122501001,2339 catchments,False,44.21734306,6.275708475,164.446717210706,,0.240914480562725,32.6081222985937,,,0.0282973540040583,0.0,0.0
France_Y620581301,2339 catchments,False,44.25044634,6.933298965,168.03558299586,,0.442230830530363,51.859903131301,,,0.0624774578010016,0.0,0.0
GRDC_1309810,3049 catchments,False,33.3946075439453,-4.63739728927612,3471.8,1729.38579416028,0.1812428115642472,,56.47815908959984,677.175963488183,0.673191671468774,0.0,0.0
GRDC_2421300,3049 catchments,False,37.5025100708008,48.9004974365234,349.4,1131.67184035477,0.2628389208394105,,492.23201063324063,1406.970053962368,0.0,0.0,0.0
GRDC_2428800,3049 catchments,False,29.0621070861816,56.8927154541016,8470.3,2252.1274025745,0.2286342060281837,,34.70877566250518,264.2642795238509,2.09464932516613,0.883110652696495,0.0
GRDC_2517920,2339 catchments,False,39.0,70.33,19560.4886605337,,0.736179201044201,72.8418271054946,,,1.02093284713699,0.0,0.0716
GRDC_2901201,3049 catchments,False,64.8486175537109,169.619369506836,105314.1,390.186994756673,0.521982895040437,,276.33436440948685,520.4651117089445,0.0,0.0,0.0
GRDC_2902850,3049 catchments,False,55.6345252990723,159.579162597656,51136.9,560.690674560018,0.5970523220056068,,564.3166450967627,916.4531857718785,0.015229522150208,0.0,0.0
GRDC_2903050,3049 catchments,False,55.4300994873047,115.249702453613,194180.2,1139.4252900572,0.2949347220365224,,252.46193792754295,597.4577156964111,0.0,0.0,0.0108250086191052
GRDC_2903400,2339 catchments,False,55.98,124.75,443.953410754565,,0.283288922389711,66.378089388549,,,0.0,0.0,0.0
GRDC_2903420,3049 catchments,False,60.7446823120117,120.275054931641,2422653.8,567.463440940672,0.3776329397096383,,224.0485226031274,497.5915012095237,0.0023157522801362,0.0672049589093099,0.0074767745858937
GRDC_2903426,3049 catchments,False,55.7703437805176,106.627265930176,138455.8,722.812868479142,0.3870584822620311,,256.78938480918214,611.1817531397564,0.000122744723467,0.0,0.0072982471379109
GRDC_2903427,3049 catchments,False,56.0550498962402,111.635177612305,446038.2,894.210303657147,0.3667302928298472,,295.2748309586992,641.8575173769511,3.77838217133645e-05,0.0013731223728594,0.0069633414704455
GRDC_2903428,3049 catchments,False,56.6030883789063,113.54695892334,765891.0,800.615565697463,0.3631022855200801,,283.319446038867,621.1964622984359,2.14274677036592e-05,0.0009334180841016,0.0039966989014556
GRDC_2903429,3049 catchments,False,57.4300079345703,115.872543334961,896667.4,726.577198827142,0.362957929497713,,250.67685712036123,579.6252385340775,0.0004500653801977,0.0008934244729352,0.0033536833470562
GRDC_2903430,3049 catchments,False,61.1748161315918,120.498176574707,2444557.0,562.823201544991,0.3848193519267069,,198.2209263802856,494.4239279037157,0.0022855303906727,0.0744560523132863,0.00737919840859
GRDC_2903600,3049 catchments,False,60.0143127441406,133.124755859375,694095.6,700.933745753835,0.3630505305427974,,241.14330904790611,533.3557106375035,0.0054422068926457,0.0,0.0105241483703108
GRDC_2906201,3049 catchments,False,51.1295967102051,114.247734069824,197189.8,964.214142832361,0.198921926870039,,84.32025601324207,492.197022378409,0.0170055350245882,0.0,0.068239335118694
GRDC_2906300,3049 catchments,False,50.888313293457,132.338989257813,67645.4,684.351261964153,0.2002445741531511,,409.8246919696264,901.0881545195105,0.0,0.0,0.025784313455224
GRDC_2906700,3049 catchments,False,49.2719078063965,122.974655151367,1578538.5,598.673779014714,0.1686356615571275,,167.23828016454053,629.0808107277641,1.99498648844587,0.324851215128049,0.30413591506897
GRDC_2907400,3049 catchments,False,49.7512283325195,104.399002075195,437774.5,1421.92870309956,0.2434456209128797,,68.21845049487855,486.33704550788576,0.138411228036018,0.0,0.0751203118062991
GRDC_2908100,3049 catchments,False,53.3661880493164,103.522964477539,1032144.0,965.205554526682,0.3244268249935723,,135.83646960342062,549.164941227764,0.0551366645938321,1.94248079326588,0.106274110537628
GRDC_2908101,3049 catchments,False,53.1363067626953,104.445541381836,862680.6,1068.6683842055,0.3095521805289663,,117.6555980278217,530.2839544604827,0.066970046765374,2.50916288884002,0.123865490457147
GRDC_2908305,3049 catchments,False,55.8401184082031,97.6041793823242,125087.9,549.334052054879,0.3667571018754784,,198.8225499870597,621.1580630101095,0.0013830464943851,0.0,0.035674546372454
GRDC_2909150,3049 catchments,False,57.2488174438477,99.3883895874023,2419866.5,696.583723895378,0.4003172231416377,,231.6016780736812,593.4913491855768,0.0286839148024018,0.60257624911691,0.0514105070553049
GRDC_2909160,3049 catchments,False,51.7821197509766,96.9489822387695,116570.5,1593.3760599093,0.3885303360884382,,280.61152637145534,646.9262552953572,0.011687241865068,0.0,0.0391377003186128
GRDC_2909705,3049 catchments,False,63.3547897338867,100.627029418945,437867.7,454.555593783997,0.4488975418997549,,248.61597942940296,524.2502018326711,0.0,0.0,0.0001045512678423
GRDC_2910300,2339 catchments,False,56.5,84.92,57753.5780648104,,0.435426552116351,55.750948143997,,,0.0959438286446405,0.0,0.8304827000000001
GRDC_2910310,3049 catchments,False,56.1609611511231,88.4701309204102,129967.9,291.947117961733,0.4101906382200274,,191.39808249969127,646.2141964186713,0.0465531345233904,0.0,0.0373875330052453
GRDC_2910601,3049 catchments,False,53.9022483825684,86.0950241088867,481251.3,545.910263721343,0.4056714506578185,,245.30674779003667,713.7395371667742,0.141873740511326,0.0708887738433515,0.377572879423203
GRDC_2911097,3049 catchments,False,53.5505065917969,72.238655090332,986276.5,329.548434620433,0.3477551160134249,,65.5447555377284,520.0510582495849,0.387386842002805,0.83792156085904,0.224847114907325
GRDC_2911109,3049 catchments,False,47.9357719421387,87.6858596801758,55984.8,1486.80639504476,0.4931332998848627,,163.770263671875,478.5285944186634,2.48349362645394,0.0,0.094167926766647
GRDC_2912602,3049 catchments,False,54.9261016845703,74.2898559570313,2177635.5,279.027560308477,0.3754910346577896,,143.61767155247054,584.1897225496359,0.210616791739206,0.197674603386667,0.175483509445004
GRDC_2917920,3049 catchments,False,39.2649803161621,72.0871124267578,19759.1,3698.62149249714,0.7480397746497074,,510.1111450195313,736.8570589252031,0.964753421308145,0.0,0.0
GRDC_2919200,3049 catchments,False,51.7654914855957,56.2972030639648,189223.3,273.46664763267,0.3865445359469465,,46.17892837524414,477.4811030622161,0.333506815504144,0.355790407605731,0.278712475891383
GRDC_2969010,3049 catchments,False,27.2763271331787,98.5205612182617,190622.7,2832.60298315072,0.1043065890642152,,443.7615228215927,1435.0507756024297,1.49746032976529,0.0125251915883176,0.0536825449345894
GRDC_2997200,2339 catchments,False,65.62,72.67,48125.2825129102,,0.416878395028149,59.0307319367693,,,0.0,0.0,0.00837
GRDC_2998702,3049 catchments,False,67.5730056762695,167.338272094727,29922.8,570.908638763486,0.4922038356147555,,184.78662694884383,393.51214423679926,0.0,0.0,0.0
GRDC_2998720,3049 catchments,False,66.8142242431641,164.719635009766,48899.9,447.91854253705,0.4574015797910581,,167.0415950060504,372.2786972150301,0.0,0.0,0.0
GRDC_2999150,3049 catchments,True,70.3273010253906,113.413116455078,78922.0,220.032819013708,0.5142083482147892,,181.6298752276398,349.2373275699699,0.0,0.0,0.0
GRDC_2999910,3049 catchments,False,69.176399230957,115.086532592773,196409.1,262.463371883162,0.4687618602932551,,174.09281224012392,370.3504137536129,0.0,0.0,0.0
GRDC_2999920,3049 catchments,False,67.8027496337891,110.946937561035,127503.8,320.246509304295,0.4629839432546834,,166.68826805390043,384.7661984719011,0.0,0.0,0.0
GRDC_4101200,2339 catchments,False,67.8754,-163.6774,1858.42099317965,,0.507899689483068,66.4114465047079,,,0.0,0.0,0.0
GRDC_4101400,3049 catchments,True,69.5040130615234,-149.568634033203,8529.3,245.134824710206,0.4994512712635234,,157.8097358115136,330.7528592584792,0.0,0.0,0.0055233362576806
GRDC_4101451,2339 catchments,False,69.01,-148.82,4812.87103560411,,0.491573067411583,70.6615458805602,,,0.0,0.0,0.0
GRDC_4101900,2339 catchments,False,66.973,-160.1336,24563.9694536414,,0.426321482540621,65.2365323910342,,,0.0,0.0,0.0
GRDC_4102100,2339 catchments,True,61.8704,-158.1032,80597.7273958392,,0.385987633600608,59.9841188406777,,,0.0003732983265887,0.0,0.0
GRDC_4102200,2339 catchments,False,59.9348,-158.19,3962.0709272008,,0.5143883472917,55.7546825105156,,,0.0,0.0,0.0
GRDC_4102700,3049 catchments,False,61.7720832824707,-144.129318237305,56818.3,1296.31286906726,0.6822382532294098,,600.9581909179688,981.9779638849078,0.0,0.0,0.0
GRDC_4102850,3049 catchments,False,60.4362373352051,-149.966842651367,5156.2,541.49850249584,0.5758663054391149,,1049.6004638671875,1585.0569168198078,0.0008943322718245,0.0,0.0
GRDC_4103550,3049 catchments,False,64.1203536987305,-139.055099487305,499470.3,860.986981413978,0.4132777819983022,,217.95074087845023,496.28542645748655,0.0018697844200341,0.0024487439230302,0.0
GRDC_4103600,3049 catchments,True,63.5963096618652,-144.524063110352,64095.4,853.293007486263,0.3953742653095186,,343.47471761543375,580.3757546204431,0.0130116855902619,0.0,0.0249173299872898
GRDC_4103602,3049 catchments,True,63.473331451416,-144.110565185547,51264.3,947.113026977356,0.4038450832683374,,357.5947545011727,609.9331297163208,0.0026783125361236,0.0,0.00168025487029
GRDC_4103630,2339 catchments,True,64.8454,-147.7035,5577.64771602737,,0.297402059454188,56.387278021791,,,0.0093911763596503,0.0,0.0
GRDC_4103631,3049 catchments,False,64.9676818847656,-145.949523925781,3772.2,581.144908116386,0.2882482711114383,,216.1709277603417,525.9407656177502,0.0,0.0,0.0
GRDC_4103633,2339 catchments,False,64.9024,-146.3594,2419.56891609969,,0.308399941939801,59.0022116576559,,,0.0,0.0,0.0
GRDC_4103635,2339 catchments,False,64.8857,-147.2496,964.091968490962,,0.288883684057056,55.5266639043747,,,0.0,0.0,0.0
GRDC_4103650,2339 catchments,False,64.4724,-146.9263,5734.3232978721,,0.296556070070491,59.2473276738345,,,0.0,0.0,0.0
GRDC_4103710,3049 catchments,True,67.1538772583008,-138.981292724609,58373.0,574.599470086739,0.3906983920921434,,190.4654283166408,436.63471778702615,0.0101050645123666,0.0,0.0
GRDC_4103750,3049 catchments,True,62.6965637207031,-142.582061767578,21008.6,1081.91538215422,0.4729119471405538,,344.8155319332547,578.21636018732,6.59249793246107e-05,0.0,0.0
GRDC_4103800,3049 catchments,False,62.1380386352539,-135.967056274414,287595.6,1100.45909639314,0.44667108768277,,262.36162214728904,554.1502356451739,0.0008940634714513,0.0034947485937969,0.0
GRDC_4105310,2339 catchments,False,61.6086,-149.073,5329.73207479477,,0.659025625617441,80.4701378034417,,,0.0027457699204146,0.0,0.00472
GRDC_4105450,2339 catchments,False,62.3464,-150.0192,5203.9755151115,,0.440560295607908,71.9552709628082,,,0.0102339190043172,0.0,0.0
GRDC_4105700,2339 catchments,False,61.4651,-144.4579,55153.4154558093,,0.667783094741592,75.4142513803668,,,0.0,0.0,0.0
GRDC_4105820,2339 catchments,False,62.7673,-149.6934,15801.1381914721,,0.460690407033392,68.2686844421451,,,0.0017869202759381,0.0,0.0
GRDC_4106500,2339 catchments,False,58.4297,-134.5728,212.36421191597,,0.550191470062605,84.7455817926526,,,0.0011824275049042,0.0,0.0
GRDC_4106600,2339 catchments,False,58.54,-133.7,16717.2328369948,,0.654601582341982,73.0224298010023,,,3.50518589106725e-05,0.0,0.0
GRDC_4113308,2339 catchments,False,48.28,-97.37,1601.77332798287,,0.216144549619895,33.8580124445798,,,0.532712234010224,0.0,0.0
GRDC_4113309,2339 catchments,False,48.42,-97.41,1795.01830322166,,0.222647476692812,34.7463734226106,,,0.247448287761438,0.0,0.0892
GRDC_4113310,3049 catchments,False,46.1540184020996,-97.3707275390625,5580.9,356.023832322588,0.1947965412927972,,29.891761752712696,673.3365850508118,1.7154353028664,0.107255032813854,0.0189753328149598
GRDC_4113321,3049 catchments,False,47.9779968261719,-95.3693542480469,13632.4,367.235934282953,0.2063510072655362,,91.38662718984604,723.055863614304,0.564981900913687,1.42665964603429,0.0165467035567647
GRDC_4113330,3049 catchments,False,45.8680381774902,-96.4634857177734,4810.0,325.383181078714,0.1749554724358639,,74.24008682985718,745.2635254875801,1.42286426206574,0.421219019514437,0.0035868007860078
GRDC_4113350,2339 catchments,False,48.9139,-97.917,8084.40039269157,,0.241997783763598,35.9635612234286,,,0.16581204175212,0.0,0.0092
GRDC_4113351,2339 catchments,False,48.9897,-97.557,8270.75012306343,,0.241588162735742,35.9276797008861,,,0.169238310446594,0.0,0.0151
GRDC_4113360,2339 catchments,True,47.8056,-98.7162,4894.72305627804,,0.228956513258691,31.3345689178034,,,0.417394287089449,0.0,0.0306999999999999
GRDC_4113361,2339 catchments,False,47.4328,-98.0276,6790.50473479836,,0.224393044527933,31.6263475821703,,,0.506274808427627,0.0,0.0222
GRDC_4113404,2339 catchments,False,48.13,-100.53,1502.38557449,,0.236262541834111,29.9021190528373,,,1.24290430097273,0.0,0.0
GRDC_4113405,2339 catchments,False,48.58,-100.44,2480.90839102857,,0.233264989519301,34.9784941400184,,,0.185571958611791,0.0,0.0708
GRDC_4113410,2339 catchments,False,48.9811,-103.0766,4456.77821749228,,0.254488580003937,29.3478895439127,,,0.296457645691025,0.0,0.0
GRDC_4113900,2339 catchments,False,47.9227,-91.5351,635.353776633491,,0.260142256398552,40.3619641278835,,,0.0034761840444137,0.0,0.0
GRDC_4114615,3049 catchments,False,49.4553565979004,-79.4696197509766,11062.3,291.742278913273,0.320424641572784,,456.75974757838463,868.2895387613153,0.0,0.0,0.0
GRDC_4115082,2339 catchments,False,46.6129,-121.6793,730.742817663477,,0.594217844795909,61.5423718274886,,,0.0024999522478971,0.0,0.0
GRDC_4115202,3049 catchments,False,48.924919128418,-117.01008605957,248850.5,1346.24519403256,0.5179643137074689,,432.0694631540509,888.5168787460092,2.03552322514335,0.510451343269111,0.0735572146500262
GRDC_4115203,3049 catchments,False,48.962215423584,-117.040634155273,232739.9,1400.05121374096,0.5154259592954998,,445.2679912920323,917.5266101471276,1.24159859110084,0.520432699615996,0.0758272072652494
GRDC_4115204,3049 catchments,False,49.0218238830566,-116.903297424316,228593.2,1404.66487156916,0.5144286206469783,,443.3371913810209,911.5145842228052,1.2235577406571,0.534155917087374,0.0725572330906554
GRDC_4115205,3049 catchments,False,49.0500373840332,-116.813575744629,224289.6,1407.7862921676,0.5040939855705793,,443.295585205273,901.9953796996158,1.22107313805857,0.545453806922214,0.0737079572222876
GRDC_4115211,2339 catchments,False,46.2648,-121.2451,394.46881473714,,0.602188610179563,55.4039967129831,,,0.0,0.0,0.0
GRDC_4115223,2339 catchments,False,44.8138,-119.4317,6542.558590911,,0.419675192838089,36.7690128845073,,,0.854690157448625,0.0,0.00653
GRDC_4115224,2339 catchments,False,44.8888,-119.1414,1355.6201109598,,0.471751377551764,42.7158241638109,,,0.433352238276055,0.0,0.0
GRDC_4115230,2339 catchments,False,47.5832,-120.614,2597.55289136385,,0.636511295883026,62.7734414017485,,,0.501635173402032,0.0,0.2413236
GRDC_4115235,2339 catchments,False,48.0774,-119.9851,4639.2940175404,,0.661600747467589,59.6402206331969,,,0.569646376296971,0.0,0.0865
GRDC_4115236,2339 catchments,False,48.4735,-120.1773,2689.3179592806,,0.686363950456381,63.8717683821199,,,0.297874515940436,0.0,0.0
GRDC_4115300,3049 catchments,False,49.4849052429199,-119.862411499023,18760.0,1247.52551218203,0.5244579065201899,,144.79664157660673,825.5611179217439,2.09118729842512,0.0611864698716648,0.187763897290008
GRDC_4115301,3049 catchments,False,49.3775138854981,-119.826225280762,20954.5,1209.25949638361,0.506167635453223,,132.44787195113224,790.1522395896326,2.1330718213798,0.0648662403282858,0.174762725432532
GRDC_4115305,2339 catchments,True,48.9846,-119.6184,9156.23035236586,,0.594815574884122,59.2244447294343,,,0.892918597253833,0.0,0.0959
GRDC_4115310,2339 catchments,True,48.9813,-118.7664,5684.22131835919,,0.487904616578626,53.980979516424,,,0.665545873214397,0.0,0.0662
GRDC_4115311,2339 catchments,True,48.9843,-118.2164,10039.1034909279,,0.47993982183498,52.8547606544421,,,0.672252797671385,0.0,0.0974
GRDC_4115330,3049 catchments,True,48.3572807312012,-113.515686035156,2907.6,1728.26019302738,0.6131266327711943,,899.0843451683274,1004.7082964821382,0.0,0.0,0.0020424837809211
GRDC_4115331,3049 catchments,False,48.155403137207,-114.057151794434,23235.2,1479.39358622226,0.4989809910426298,,450.8958063404266,863.8247903625593,2.39299733582852,0.156253112928431,0.0226942636647526
GRDC_4115332,3049 catchments,False,48.2988243103027,-113.979232788086,18305.6,1552.3438125,0.5482618585252484,,570.8866277997678,927.7143335476844,0.844411199406944,0.148651170705706,0.0257391365811369
GRDC_4115346,3049 catchments,False,47.3961219787598,-114.138244628906,57049.2,1565.07846076962,0.5162924501021051,,354.4435938182682,828.2681107124514,2.73879812049731,0.0902227732452597,0.0483700110568503
GRDC_4115347,3049 catchments,False,47.3207054138184,-113.966949462891,51551.4,1594.70650210037,0.5170589512987349,,342.8387386046326,809.4492326396314,2.97832740598587,0.102035376443765,0.0533756814924298
GRDC_4115350,2339 catchments,False,47.5546,-116.324,3130.40818668284,,0.441676880925464,48.9567848822216,,,0.0058854300791512,0.0,0.7609069
GRDC_4115351,2339 catchments,False,47.5688,-116.2527,2314.64570457856,,0.439907988711409,48.6906185591902,,,0.0001083468367743,0.0,0.0
GRDC_4115401,2339 catchments,False,47.6593,-117.4491,11096.2740212476,,0.423585019095802,42.1171369178198,,,0.501083850505051,4.97997819846705,2.6745922
GRDC_4115410,2339 catchments,False,47.2749,-116.1885,2656.68432897948,,0.530153816774972,54.0309827267347,,,6.71263559405054e-05,0.0,0.0
GRDC_4116150,2339 catchments,False,45.6199,-117.7266,622.009988570578,,0.531826050566779,54.2216721663124,,,0.0022728186184989,0.0,0.0
GRDC_4116170,2339 catchments,False,44.8804,-117.2538,403.11562402443,,0.611846861442577,54.076806286649,,,0.0061613003186335,0.0,0.0
GRDC_4116193,2339 catchments,False,44.0891,-110.6947,1299.56277339068,,0.727088931638936,65.9746108869323,,,0.0,0.0,0.0
GRDC_4116301,2339 catchments,False,46.4785,-116.2574,14271.5835989765,,0.504188169061527,51.8186893381362,,,0.110521317056847,0.0,0.0315999999999999
GRDC_4116311,2339 catchments,False,46.8405,-115.6507,3599.90453924486,,0.559586026369078,56.5110795546684,,,0.0,0.0,0.0
GRDC_4116320,2339 catchments,False,46.0867,-115.5139,4957.26634586018,,0.59618000355379,59.3643139300733,,,2.91136506660108e-07,0.0,0.0
GRDC_4116325,2339 catchments,False,46.1508,-115.5872,3058.15779919442,,0.583589846545783,58.5904726954048,,,0.0,0.0,0.0
GRDC_4116350,2339 catchments,False,42.771,-115.7204,6954.10854017615,,0.423684810846241,26.4899228989631,,,0.358196351500208,0.0,0.0
GRDC_4116407,2339 catchments,False,44.9074,-116.1187,374.951990146174,,0.630816803152522,60.0917726713783,,,0.150923806674584,0.0,0.0028799999999999
GRDC_4116461,2339 catchments,False,43.6591,-115.727,2154.06538967512,,0.65712000762872,56.8879422187422,,,0.0,0.0,0.0
GRDC_4118100,2339 catchments,False,38.7696,-119.8338,169.761661270837,,0.708402887001549,53.6935804142701,,,0.0,0.0,0.0
GRDC_4118400,2339 catchments,False,43.7151,-119.1774,2364.2429429303,,0.480395772207441,37.3088727141725,,,4.84971205658853,0.0,0.0
GRDC_4118420,2339 catchments,False,42.791,-118.8677,531.438810149069,,0.420610464554606,29.5696503473989,,,0.0002158791414196,0.0,0.0
GRDC_4118800,2339 catchments,False,37.6511,-112.4302,869.117007881429,,0.499326492340837,38.74196309753,,,0.592282780309285,0.0,0.0569999999999999
GRDC_4118900,2339 catchments,False,42.4027,-111.0257,293.380035257151,,0.658173333047353,55.996614223545,,,0.0405769854462741,0.0,0.0
GRDC_4119080,2339 catchments,False,45.4069,-92.6472,16240.5697434565,,0.186823028152071,33.4464922016057,,,0.423517210258562,4.24042347744896,0.1796216
GRDC_4119090,2339 catchments,False,44.1111,-94.0413,2859.70840528077,,0.153880469441964,23.9506248425933,,,0.319274511558648,4.16877148920495,0.181556
GRDC_4119100,3049 catchments,False,45.6591758728027,-94.6788864135742,95297.5,366.89678648722,0.1785606451834025,,146.5225458577013,800.8960511626213,1.73787977250596,0.332165888081504,0.407020675304651
GRDC_4119101,3049 catchments,False,47.1347770690918,-93.9501037597656,14887.7,410.226577995566,0.2050690276632543,,176.97104462878752,778.9361080097814,0.446449857008445,0.604244412469448,0.0539215703440063
GRDC_4119150,2339 catchments,False,42.74,-91.2618,4045.46175364509,,0.133992361661181,21.3522839021041,,,0.107171796509029,0.0,0.0344
GRDC_4119170,2339 catchments,False,41.767,-90.5349,6046.82670130552,,0.118183641730035,17.712933869752,,,0.224156708970648,0.0,0.1549931
GRDC_4119201,3049 catchments,False,43.2064437866211,-88.8520126342773,8695.2,278.059771610292,0.1505437002233212,,241.30452505816007,883.1442684744841,1.16000933054944,0.152521142841655,0.778186281197978
GRDC_4119210,2339 catchments,False,42.3028,-89.6196,3435.67748765255,,0.132939622069427,20.53462154213,,,0.86784884830034,0.0,0.3368630999999999
GRDC_4119250,3049 catchments,False,42.4450302124023,-92.4606018066406,32194.3,303.367903908634,0.1205307236111404,,265.59853587001425,955.500343228733,0.343716464110207,0.0112227185790475,0.1912819955647429
GRDC_4119252,2339 catchments,False,42.0658,-92.9077,3982.52031260556,,0.123649993392443,18.4209512294129,,,0.103714190210181,0.0,0.0925
GRDC_4119260,2339 catchments,False,41.9706,-91.6671,16777.9536521242,,0.130423492212033,20.0477312168557,,,0.30598290698484,0.521456985807722,1.046527
GRDC_4119261,2339 catchments,True,42.4955,-92.3344,13268.8858648677,,0.135112672586954,20.9827266814721,,,0.358962723717528,0.586336257687501,0.8189013
GRDC_4119262,2339 catchments,False,42.6483,-92.4652,4327.91047226797,,0.142243368006755,22.5590086373992,,,0.606373612140477,0.0,0.4282827999999999
GRDC_4119263,2339 catchments,False,43.0625,-92.6732,2777.83797320213,,0.147477952133576,23.4387446210659,,,0.695362179954125,0.0,0.5651334
GRDC_4119264,2339 catchments,False,41.41,-91.2852,20058.3988461576,,0.126165157301789,19.1451912711633,,,0.371509851251369,0.379207938388656,1.1548746
GRDC_4119265,2339 catchments,False,42.7119,-92.583,4414.58388077112,,0.139525094488376,21.7823828883674,,,0.370246041561516,1.81616622043792,0.6808243
GRDC_4119270,3049 catchments,False,41.5428314208984,-92.6123886108398,11208.7,259.091407151096,0.1013942094779235,,248.12501417648792,969.2523276900262,0.149923600288628,0.0,0.0921280298601179
GRDC_4119271,3049 catchments,False,41.9053115844727,-93.3181838989258,4325.9,296.1340191036,0.1068821050643757,,243.8264451473352,964.9829817114816,0.211746806361,0.0,0.135164362419506
GRDC_4119283,2339 catchments,False,42.7239,-94.1919,3594.92983881028,,0.14588201468291,21.3499816794273,,,0.136389459120923,0.0,0.0487999999999999
GRDC_4119286,2339 catchments,False,41.988,-94.3769,4197.43801548552,,0.127238270539757,17.3165342805468,,,0.109621258267685,0.0,0.1592228
GRDC_4119288,2339 catchments,False,42.4336,-93.8036,2183.95114078893,,0.130661452471846,19.1564052934327,,,0.0981740100215724,0.0,0.1605472
GRDC_4119300,3049 catchments,False,44.5424652099609,-92.5148239135742,308753.1,332.441762339905,0.1563340179589884,,228.5696894113591,883.2563964011015,1.2944269283951,0.100364783530497,0.301446681604881
GRDC_4119430,2339 catchments,False,44.0602,-91.2874,5433.10998115425,,0.163750697963405,29.4521151429268,,,0.325300397481853,1.13449572945714,0.3009105
GRDC_4119431,2339 catchments,False,44.5597,-90.6151,1946.78954723766,,0.174265427862183,32.1546443926207,,,0.0943250822346299,0.0,0.2091827
GRDC_4119450,3049 catchments,False,44.6094970703125,-89.760986328125,27290.2,379.762834044464,0.1811491733907823,,296.8700403908467,888.8382963466725,2.65095906462238,0.168420282545172,0.1486150069001749
GRDC_4119460,3049 catchments,False,44.8415718078613,-95.3271408081055,41961.9,354.624124095019,0.1706436010189963,,125.06271310362156,804.5760948103757,1.35908091273619,0.126794549405472,0.0543276920642563
GRDC_4119650,3049 catchments,False,45.0145378112793,-92.8053207397461,221927.4,354.297534753489,0.1721794144397248,,218.2146673621837,858.5046326497768,1.41221390830987,0.132272162692299,0.281551097708023
GRDC_4119800,3049 catchments,False,43.5375595092773,-91.7465438842773,445218.8,306.615044769416,0.1476351629532316,,219.90269993086176,886.9039432216061,1.3553969525625,0.0844115854834549,0.419501208556457
GRDC_4120112,2339 catchments,False,44.8494,-107.3045,533.793294335435,,0.494270339731515,61.0695185375196,,,0.0,0.0,0.0939
GRDC_4120200,3049 catchments,False,48.8398704528809,-109.695220947266,56349.9,915.073854636592,0.2891690586309655,,11.127258175081058,437.3217644033147,1.38503327064177,0.0204778249629614,0.0022549020010046
GRDC_4120950,3049 catchments,False,45.2338180541992,-107.461990356445,177951.0,1512.80989694234,0.4142111561406393,,60.24722740337028,541.6573947035416,2.61386111528693,0.176117888962019,0.0379250821781507
GRDC_4120952,2339 catchments,False,45.5972,-110.566,9209.71385892925,,0.666131192631391,62.7812654204822,,,0.829266923080347,0.0,0.0408
GRDC_4120953,2339 catchments,False,45.1119,-110.7944,6786.15599616627,,0.706462619024882,63.4830437469678,,,0.0077188559918539,0.0,0.027
GRDC_4120960,2339 catchments,False,44.9269,-105.3533,3204.18473866395,,0.316775780978405,21.4902600674649,,,0.376029893777554,0.0,0.0156
GRDC_4121100,2339 catchments,False,47.5958,-103.262,21545.3560706264,,0.266760398707677,20.8719421412286,,,0.327239605671893,0.0,0.0116
GRDC_4121101,2339 catchments,False,46.2978,-103.9175,12064.5451513862,,0.281645364625603,20.5267701797392,,,0.414434214643606,0.0,0.000774
GRDC_4121102,2339 catchments,False,45.5469,-103.9735,5084.59222214336,,0.296922470972951,20.6489054084698,,,0.451665840441798,0.0,0.0
GRDC_4121110,2339 catchments,False,47.2853,-101.6221,5878.30552116685,,0.23624739417081,23.4834382472603,,,0.406869074599534,0.0,0.0254
GRDC_4121111,2339 catchments,False,47.1545,-102.0599,3169.86506875163,,0.237956477188468,22.712351602288,,,0.237303330861484,0.0,0.0204
GRDC_4121120,2339 catchments,False,46.3761,-100.9344,10605.4866880705,,0.234609977655426,20.653538488861,,,0.325488658491096,0.0,0.000695
GRDC_4121121,2339 catchments,False,46.4267,-102.5518,1503.78221030643,,0.244152061494652,20.9310236420551,,,0.240122857874208,0.0,0.0
GRDC_4121125,2339 catchments,False,46.0917,-101.3337,4598.61168102742,,0.234728652352154,19.9042306933298,,,0.234851817141353,0.0,0.0
GRDC_4121126,2339 catchments,False,46.1542,-102.474,1440.88315776958,,0.242753904084325,19.8315855759412,,,0.228326946782363,0.0,0.0
GRDC_4121131,2339 catchments,False,45.2558,-100.8429,12646.3229226562,,0.234873484657168,18.1098623406513,,,0.576653486797851,0.0,0.0
GRDC_4121140,2339 catchments,False,43.3055,-103.821,18582.9240918217,,0.329313463776492,19.3811266577386,,,0.407254970714262,0.0,0.0135
GRDC_4121145,2339 catchments,False,44.3219,-104.9405,4370.16119914944,,0.344931662521204,21.485228477139,,,0.858105408838696,0.0,0.0916999999999999
GRDC_4121150,2339 catchments,False,44.3266,-100.3843,8148.73704830869,,0.215636317045707,15.9002456055756,,,0.231011668839858,0.0,0.0154
GRDC_4121300,3049 catchments,False,45.596492767334,-98.5326766967773,51136.4,456.229512647097,0.196716801268165,,18.31778957387916,642.2703884979027,0.920832963633283,0.105781632639879,0.023091882340821
GRDC_4121301,3049 catchments,False,45.8347091674805,-98.5915985107422,42911.0,461.26132136164,0.202397424130111,,15.886302363762873,630.8924953154542,0.996712825093296,0.0943613072937106,0.0242718456354349
GRDC_4121320,2339 catchments,True,42.8372,-96.5617,19870.366058984,,0.171564277420199,23.2530012002957,,,1.53050678159338,0.0,0.6018327
GRDC_4121321,2339 catchments,False,44.18,-96.7489,8152.45636331957,,0.194349327891972,25.4229115771843,,,2.25783843917951,0.0,0.2335855
GRDC_4121340,2339 catchments,False,42.4722,-95.7972,6374.99843907617,,0.146240425317186,20.2551577306911,,,0.285866567957094,0.0,0.2004364
GRDC_4121341,2339 catchments,False,41.9644,-95.9728,9018.68754186071,,0.140832589110266,19.1882254792895,,,0.988481243748909,0.0,0.1472255
GRDC_4121801,3049 catchments,False,45.6935348510742,-104.156364440918,811636.8,1042.44086196331,0.2980218378347278,,38.49515022865963,556.7279318726877,2.19637868928556,2.54637335176516,0.0295609757231609
GRDC_4121802,3049 catchments,False,46.6914520263672,-107.679206848145,475355.3,1253.52189302407,0.3648105151832713,,43.161331463229416,518.1833856671294,2.38029631324189,2.33887039569537,0.0220682379504519
GRDC_4122636,3049 catchments,False,42.1413078308106,-100.506935119629,6223.4,909.393957950602,0.2101185811106233,,75.78894543451216,633.5820485000241,1.35200138464474,0.0,0.0
GRDC_4123135,3049 catchments,False,41.0867614746094,-85.6545486450195,2014.0,255.036392914654,0.1058625075287433,,353.70621739253795,1017.2421219475464,1.1959667434295,0.0,0.0163398698593179
GRDC_4123268,3049 catchments,False,37.4775505065918,-80.744010925293,21250.2,797.846212193041,0.1007329368751387,,528.6626448025363,1237.4812409927438,0.149485376606641,0.0216052754968284,0.198939201247229
GRDC_4123271,3049 catchments,False,38.1333618164063,-80.1308364868164,3377.5,843.940740740741,0.1289316779501664,,534.7760047575341,1296.695030185403,0.0207744898044086,0.0,0.0340136060282132
GRDC_4123350,2339 catchments,False,42.1565,-78.7153,4123.05166941358,,0.195085101787957,29.2799989255759,,,0.0827677516144301,0.815667329644468,0.3279362
GRDC_4123351,2339 catchments,False,41.9634,-78.3861,1421.56582031921,,0.185324800061407,28.4310750254763,,,0.0494658507869514,0.0,0.0
GRDC_4123355,3049 catchments,False,41.8290710449219,-79.9438858032227,2688.1,422.9837437246,0.17045126875402,,661.4679539600462,1354.9846676305938,0.259568194837071,0.0,0.1367989093671699
GRDC_4131030,2339 catchments,False,47.2598,-68.5948,14691.9577883949,,0.30357840851977,44.3794328146222,,,0.0669647516884106,1.47706350177084,0.033
GRDC_4131031,2339 catchments,False,47.1123,-69.0898,6979.3035537388,,0.301129333701337,45.2176046527965,,,0.0013410521942211,0.0,0.00449
GRDC_4132010,3049 catchments,False,48.096981048584,-90.0557022094727,1546.7,478.045977011494,0.2759765522895452,,283.2535320876706,773.2422082327582,0.0125132118499515,0.0519209692372885,0.0
GRDC_4132100,2339 catchments,False,46.6333,-92.0941,1088.9342618474,,0.197893874346538,36.1178670343136,,,0.413584940212348,0.0,0.0
GRDC_4132300,2339 catchments,False,46.4863,-90.6963,1548.05496448484,,0.245829822250524,39.6439814126823,,,0.0379768952661194,0.0,0.0970999999999999
GRDC_4132900,2339 catchments,False,46.575,-85.2696,1949.2537779951,,0.240964468259691,38.04691033045,,,0.0202129211817314,0.0,0.1028833
GRDC_4133100,2339 catchments,False,45.7555,-87.2015,1174.06814182559,,0.22582875626937,36.7789737424543,,,0.106525755053614,0.0,0.0
GRDC_4133260,2339 catchments,False,44.3922,-88.7404,5842.36993681784,,0.186635082796779,30.1820720658062,,,0.734701991371766,1.50613103773547,0.4969513
GRDC_4133450,2339 catchments,False,46.0305,-86.1612,2923.83391624418,,0.246871030707824,36.9239102411054,,,0.0115031796180201,4.27906055391347,0.0
GRDC_4133800,2339 catchments,False,44.4364,-85.6987,2302.74516469401,,0.227727087489118,33.6299104057244,,,0.644058651051917,0.0,0.0326
GRDC_4134500,3049 catchments,False,42.763671875,-83.91552734375,1329.6,270.084256138662,0.1538803337488703,,258.84352666322854,904.7093821503788,0.859211072325707,0.113350219371724,0.401960790040903
GRDC_4134600,2339 catchments,False,43.5842,-83.1761,963.052037533204,,0.168794289601228,22.2250177138966,,,0.780292404989221,0.0,0.1281239
GRDC_4135800,3049 catchments,False,42.4518852233887,-78.6354522705078,1158.6,490.837024417944,0.2105037101459163,,584.9510216764075,1285.5954990364562,0.291498687337427,0.0,0.0115340260569664
GRDC_4136300,3049 catchments,True,42.5074348449707,-77.8823623657227,6378.6,419.499400958467,0.206134424254008,,405.1056647300776,1076.2081749283016,0.936963424466333,0.0235025957925013,0.39905768771683
GRDC_4136301,3049 catchments,False,42.2322502136231,-77.9911804199219,2528.9,570.500876533934,0.2075199066968307,,475.71325815967407,1113.0519659433714,0.644219321309633,0.0272566714327634,0.0070028012574073
GRDC_4136411,2339 catchments,False,43.247,-76.1696,3554.23857191416,,0.192921132031972,29.1094850318511,,,0.239200884659086,0.8789403393873,2.2810199
GRDC_4143500,2339 catchments,False,44.8637,-74.7788,1578.03115260514,,0.241867062602912,36.4881168722812,,,0.0407857298656022,0.0,0.1746393
GRDC_4143550,3049 catchments,False,45.6548538208008,-84.0759658813477,771628.9,258.846692989102,0.2094998116082854,,300.7815936729467,953.0264443921072,0.577386958567018,0.218504965042679,0.8077423600168009
GRDC_4143750,2339 catchments,False,44.0131,-73.1679,1674.8423609652,,0.224731304724098,33.6598992008797,,,0.0656971458576098,2.91668100669267,0.8838535999999999
GRDC_4143770,2339 catchments,False,44.6792,-73.0726,1779.83944956333,,0.236832892562836,38.3482873743862,,,0.120853118194338,1.81604580244664,0.5280171
GRDC_4143790,2339 catchments,False,44.96,-72.6965,1236.77410698817,,0.234370517700542,38.4148279354781,,,0.135381008068351,0.0,0.1418119
GRDC_4145080,3049 catchments,False,48.6214714050293,-121.35391998291,8039.6,1132.82255213856,0.5105222606382983,,1868.25244140625,2158.504354171311,0.0958952984360951,0.136530028510151,0.0490196099828767
GRDC_4145081,3049 catchments,False,48.6598663330078,-121.191879272461,7074.9,1224.25420711974,0.5556645218094778,,1945.0517578125,2124.057482549332,0.002760152710147,0.150395468518786,0.0162112097600547
GRDC_4146085,2339 catchments,False,48.4246,-121.5685,1855.88980250103,,0.522530903864144,66.7634030476842,,,0.0057253405926455,0.0,0.027
GRDC_4146140,2339 catchments,False,42.5649,-121.8795,7750.23294863862,,0.533472753793373,38.5469771960847,,,2.24128091677896,0.0,0.0259
GRDC_4146141,2339 catchments,False,42.7401,-121.8345,3386.29716655348,,0.553670949692097,41.3618213611785,,,0.723699902404575,0.0,0.0
GRDC_4146145,2339 catchments,False,42.5846,-121.8497,4141.58248640168,,0.513880166053641,36.4547072629774,,,3.50086230718632,0.0,0.0
GRDC_4146370,2339 catchments,False,48.6726,-121.0729,273.998388314492,,0.667317397505397,71.562319559938,,,0.0,0.0,0.0
GRDC_4147030,2339 catchments,False,47.2598,-68.5948,14691.9577883949,,0.30357840851977,44.3794328146222,,,0.0669647516884106,1.47706350177084,0.033
GRDC_4147031,2339 catchments,False,47.1123,-69.0898,6979.3035537388,,0.301129333701337,45.2176046527965,,,0.0013410521942211,0.0,0.00449
GRDC_4147210,2339 catchments,False,43.9909,-71.0909,981.225128609343,,0.246048944163847,41.3550759212446,,,0.0472358059214639,0.0,0.4961901999999999
GRDC_4147460,3049 catchments,False,43.6176338195801,-72.1564102172852,24969.5,389.600887913404,0.2198373214680874,,635.483730348511,1184.1882242334686,0.134660473419249,0.150714672547202,0.285907468862896
GRDC_4147461,3049 catchments,False,43.851676940918,-72.1015853881836,20282.2,424.464893714917,0.2331565495500381,,652.6395567795547,1180.328426379443,0.0879531604243649,0.0499587872629868,0.1018386111611719
GRDC_4147462,3049 catchments,False,44.4466323852539,-71.9183197021484,10529.4,461.28408492718,0.2504397536540287,,611.8053235300343,1186.250948271599,0.0455871076270448,0.04622320796838,0.034025376320214
GRDC_4147463,3049 catchments,False,44.9856491088867,-71.5016784667969,2051.2,538.518256772674,0.2656154939278611,,715.778934611099,1287.824148061699,0.0239074290421901,0.161464362250494,0.0057670130284831
GRDC_4147465,2339 catchments,False,44.3656,-72.0393,1123.54622566141,,0.241526583874106,39.1778618212778,,,0.0658718880181029,0.0,1.873465
GRDC_4147470,2339 catchments,False,42.2373,-72.8957,245.051990829506,,0.167484719704567,27.0228719211574,,,0.0974244575970078,0.0,0.2044555
GRDC_4147480,3049 catchments,False,41.974983215332,-72.9839324951172,1487.6,280.77932232841,0.1568880147495073,,647.893774583403,1276.5513504818746,0.741958508667137,0.165937488039435,0.387488336612781
GRDC_4147491,2339 catchments,False,41.65,-73.49,2583.61899565416,,0.160790096430294,23.028531026543,,,0.266617521328753,0.87373855354349,2.0656978
GRDC_4147600,3049 catchments,False,41.2961692810059,-75.1275253295898,17495.3,390.031943831789,0.1461057304243746,,620.8959578479445,1194.227394925187,0.436818349987907,0.131542863204637,0.410584610998976
GRDC_4147700,3049 catchments,False,41.5514793395996,-76.9481353759766,62213.8,428.731024074591,0.1571746093528789,,505.9875042507336,1131.6418531955603,0.189206097704446,0.042946166448631,0.316433675985768
GRDC_4147703,3049 catchments,False,41.3560218811035,-76.858757019043,69925.8,401.735451881071,0.1422248451670261,,527.0588632994641,1151.4599436099973,0.258741888042628,0.0379610480348511,0.427370035995242
GRDC_4147720,3049 catchments,False,40.3478736877441,-78.0956268310547,8711.0,383.636384249112,0.1284295384266612,,447.8861907565149,1091.6149849103106,0.108039593942857,0.164456678205807,0.350301666812112
GRDC_4147725,3049 catchments,False,41.2324104309082,-77.6706848144531,17652.4,486.382792562887,0.1526888205379142,,561.3429165296827,1155.8545423245644,0.124110357119751,0.0080712989996802,0.110473024725139
GRDC_4147900,3049 catchments,False,39.1701316833496,-78.4038543701172,30013.8,389.950973404018,0.1060181472427217,,366.9096951676514,1040.800968903691,0.386700727539329,0.0199967696761349,0.354382296856119
GRDC_4147904,3049 catchments,False,39.1687431335449,-78.4083404541016,30013.2,391.069160166233,0.1060181472427217,,352.02669568704056,1040.800968903691,0.387768799058774,0.0208459774910724,0.347514014668247
GRDC_4151421,2339 catchments,False,35.652,-105.3189,197.53579830432,,0.230226733998058,26.2763478340999,,,0.780390976100906,0.0,0.0
GRDC_4151511,3049 catchments,False,34.3335609436035,-104.879127502441,38433.6,1600.07484012425,0.1503795706350509,,4.067620146657389,432.4125036479314,1.39971096664111,1.46665414349573,0.0066315377483542
GRDC_4152450,3049 catchments,False,39.2367858886719,-108.87865447998,279271.3,2161.14377817994,0.4588793135712761,,42.9603248488477,455.9253338192031,2.10950234699464,0.215954654297143,0.0273005826342824
GRDC_4152465,3049 catchments,False,35.1608123779297,-109.982498168945,66463.9,1921.56141717365,0.2404518096391532,,2.741220583547718,324.9613216327864,0.125112752940013,0.410053146053346,0.0156301930443171
GRDC_4152580,2339 catchments,False,40.5472,-108.4243,10461.3568437142,,0.529601968880164,40.1316228442604,,,0.832272102255636,0.0,0.0
GRDC_4152601,3049 catchments,False,36.7715606689453,-107.878173828125,37695.9,2136.64628325866,0.3667978402490164,,43.64907199913236,480.0960127951116,1.86263740304127,0.0241879675211149,0.0313975960424129
GRDC_4202110,3049 catchments,False,61.0410995483398,-137.196746826172,7828.4,1210.85995364131,0.5503162105620693,,177.3615264892578,530.8245246820683,0.0,0.0,0.0
GRDC_4202600,3049 catchments,False,58.7177352905273,-132.482788085938,15272.9,1135.56043665039,0.669683108483914,,567.342041015625,1027.692784127943,0.0,0.0,0.0
GRDC_4203050,3049 catchments,False,67.1771850585938,-138.859573364258,54136.4,579.540714581185,0.4303406272770725,,182.247347054086,427.8183879217258,0.0112931439279129,0.0,0.0
GRDC_4203060,2339 catchments,False,67.634445,-139.6964,13852.3369600677,,0.452204159435722,62.9071542495082,,,0.0507124730234762,0.0,0.0
GRDC_4203152,2339 catchments,True,63.281944,-139.24889,50907.2485917486,,0.407801378597063,61.6049896593655,,,0.0001162260289763,1.77778316509278,0.0
GRDC_4203165,2339 catchments,False,63.611111,-137.26944,4806.20169087207,,0.397469414628707,61.7352972449868,,,0.0,0.0,0.0
GRDC_4203200,3049 catchments,False,61.9199104309082,-135.395233154297,264573.6,1118.99101655778,0.4698454280208782,,233.12179537187384,536.2365631604836,0.0003959763128657,0.0037255209252327,0.0
GRDC_4203201,3049 catchments,False,62.1449012756348,-135.967193603516,287597.9,1100.21281539033,0.4414659780508578,,256.07911208874697,572.3910558983832,0.00089369233676,0.0033794802596093,0.0
GRDC_4203210,2339 catchments,True,64.042778,-139.40778,8078.51817861807,,0.372923036788098,61.1589898602477,,,0.0,0.0,0.0
GRDC_4203215,2339 catchments,False,64.021111,-138.58278,1044.17003202237,,0.379027341552549,64.8463981972929,,,0.0,0.0,0.0
GRDC_4203220,2339 catchments,False,63.771111,-139.62917,2212.78495033372,,0.280838572012709,55.3970627285157,,,0.0,0.0,0.0
GRDC_4203250,3049 catchments,False,61.4575576782227,-133.81282043457,148695.7,1120.28939416101,0.4869253229000166,,249.66076701804903,579.2065877100318,0.0003509487520911,0.0,0.0
GRDC_4203300,2339 catchments,False,61.986668,-140.55306,6162.41070063296,,0.688983247554431,80.5273066827503,,,0.0,0.0,0.0
GRDC_4203330,2339 catchments,False,61.426945,-139.04889,5466.80921426088,,0.691356000190692,71.3145855427636,,,0.0,0.0,0.0
GRDC_4203335,2339 catchments,False,61.360279,-139.15639,653.962885203295,,0.674725951742084,76.0871220475361,,,0.0,0.0,0.0
GRDC_4203340,2339 catchments,False,62.568611,-137.01611,1792.98865699135,,0.289826269827325,56.2632491377816,,,0.0,0.0,0.0
GRDC_4203400,3049 catchments,True,60.5280265808106,-133.623519897461,81702.0,1154.25002842994,0.5619869669470077,,294.5306735564502,634.4847829003636,0.0,0.0,0.0
GRDC_4203410,3049 catchments,True,61.5139503479004,-136.423553466797,6102.7,1061.85174109516,0.3862513198678179,,78.59831484424926,451.923423876995,0.0,0.0,0.0
GRDC_4203420,2339 catchments,False,61.872776,-134.83333,6809.04197627023,,0.471165103694984,62.6498440152207,,,0.0,0.0,0.0
GRDC_4203500,3049 catchments,True,62.4295310974121,-132.538619995117,49315.9,1129.90990547777,0.4158648673122725,,245.455781436914,532.412065880512,0.0010256760303051,0.0,0.0
GRDC_4203501,3049 catchments,True,62.086109161377,-131.236190795898,23580.0,1207.85638785984,0.4372458950761217,,266.25789910670784,581.6133374511331,0.0021593179585371,0.0,0.0
GRDC_4203510,2339 catchments,False,61.994446,-132.37778,7487.66715217072,,0.429608999012116,62.8298970797097,,,0.0044523149626147,0.0,0.0
GRDC_4203700,3049 catchments,False,60.7535705566406,-134.274078369141,1807.2,1098.26167778837,0.4637765046195567,,158.29070180815202,476.2843769719277,0.0,0.0,0.0
GRDC_4203750,2339 catchments,False,60.134724,-134.89583,834.827671288523,,0.702359355344257,71.2697981330775,,,0.0,0.0,0.0
GRDC_4203755,3049 catchments,True,59.7678413391113,-135.176223754883,226.0,1158.26962457338,0.7725547578859018,,1403.402581347856,1389.187609638447,0.0,0.0,0.0
GRDC_4203770,2339 catchments,False,60.484444,-133.30194,30089.5522001942,,0.503391139035414,63.381682922954,,,0.0,0.0,0.00167
GRDC_4203790,3049 catchments,True,59.9141693115234,-131.195510864258,3286.9,1302.06903353057,0.5160273202821953,,434.0115926861176,674.1455517304787,0.0,0.0,0.0
GRDC_4203810,3049 catchments,False,59.3351898193359,-134.283126831055,266.1,1435.66725043783,0.8069459058779399,,804.5183585118376,1551.7506237045532,0.0,0.0,0.0
GRDC_4203850,2339 catchments,True,59.599167,-133.81334,6906.58873497138,,0.665500005113836,63.7254684314291,,,0.0,0.0,0.0
GRDC_4203857,3049 catchments,False,60.1663322448731,-133.676696777344,1709.5,1025.3861715749,0.5001945242621751,,61.30916787611027,525.6943343710371,0.0,0.0,0.0
GRDC_4203860,2339 catchments,False,59.946667,-134.32472,930.2392368358,,0.718821006214668,69.9557957149579,,,0.0,0.0,0.0
GRDC_4203870,3049 catchments,False,59.6796607971191,-132.953811645508,1786.6,1262.73659003831,0.5808732668289608,,245.9874561676868,699.6711940338542,0.0,0.0,0.0
GRDC_4203900,3049 catchments,True,60.1863670349121,-134.84326171875,31475.8,1160.54137407478,0.6603202015273476,,318.9758854305258,739.1310527474507,0.0,0.0,0.0
GRDC_4203901,3049 catchments,True,59.9116821289063,-134.25862121582,20023.7,1142.81957028216,0.666969998532821,,385.1180973829594,836.8293497217774,0.0,0.0,0.0
GRDC_4203910,3049 catchments,True,60.3630447387695,-136.04280090332,7247.4,1306.15241399248,0.6503343372770657,,268.1110054460311,666.4995603587312,0.0,0.0,0.0
GRDC_4204010,2339 catchments,False,56.738888,-131.67362,9507.34038426055,,0.673545593541529,80.5270669784142,,,0.0,0.0,0.0
GRDC_4204100,2339 catchments,True,57.900833,-131.15445,28893.8239716644,,0.557235267428738,68.3565180170966,,,0.004146827703347,0.0,0.0
GRDC_4204900,2339 catchments,True,56.7077,-132.132,50684.5341094533,,0.632876348631014,74.4505021507495,,,0.0023639895642048,0.0,0.0
GRDC_4205100,2339 catchments,False,60.1192,-137.9742,16294.0684210806,,0.695614212371549,72.088351362822,,,0.0072284469114352,0.0,0.0
GRDC_4205110,2339 catchments,False,60.7483,-137.5053,8436.95199907617,,0.561270239201301,63.6194336253887,,,0.0020957632462529,0.0,0.0
GRDC_4205140,2339 catchments,False,61.5639,-137.5325,1228.20714823999,,0.472798911546165,64.5981471792482,,,0.0,0.0,0.0
GRDC_4205210,2339 catchments,False,60.0972,-136.9167,381.287501345172,,0.68386861565065,72.3001706931897,,,0.0,0.0,0.0
GRDC_4206500,3049 catchments,False,52.2384719848633,-125.74649810791,3662.4,1477.33076813453,0.6728945365749885,,784.1558837890625,1431.443471719734,4.15049554944477e-05,0.0,0.0
GRDC_4206650,3049 catchments,False,51.4337959289551,-124.780456542969,5648.1,1640.77479635841,0.7185543157979494,,1542.5079345703125,1816.682858362478,0.292100806577274,0.0,0.0
GRDC_4207130,2339 catchments,False,54.610554,-124.24445,141.079439432947,,0.390900822161535,47.3932434454669,,,0.0,0.0,0.0
GRDC_4207150,2339 catchments,True,54.416389,-124.26889,14629.1787617648,,0.468791249493373,52.656082454564,,,0.0,0.0,0.00687
GRDC_4207180,3049 catchments,False,54.3618545532227,-125.547439575195,42555.3,1003.935326613,0.4930059543273399,,205.70713035911928,808.2499931298366,0.0929530301261826,2.68997750113279,0.0
GRDC_4207190,3049 catchments,True,53.7438888549805,-121.305442810059,32323.2,1282.43300117693,0.5102302112348429,,794.8057134371419,1104.6802684548277,0.0282004523241879,0.0,0.0
GRDC_4207220,2339 catchments,False,54.096111,-122.67806,3963.23990745465,,0.386346166603962,47.3109757828688,,,0.0,0.0,0.0
GRDC_4207250,2339 catchments,False,53.311111,-122.8875,12294.8762634596,,0.385265727729988,49.1663109437594,,,0.0196358343843998,0.0,0.0
GRDC_4207300,2339 catchments,False,52.07,-123.53667,6904.22746467635,,0.683945167222659,65.1677629948362,,,0.401516025356247,0.0,0.00363
GRDC_4207305,2339 catchments,False,51.84861,-122.65334,19344.8291710835,,0.56344420650099,56.6416324384133,,,0.686003951811941,0.0,0.0143
GRDC_4207310,3049 catchments,False,53.8199691772461,-123.530410766602,113759.1,1118.99619057839,0.4765471768642669,,397.8271799166585,881.4554229471187,0.119380864973268,0.527651833281759,0.0096351149960959
GRDC_4207320,3049 catchments,True,52.6457099914551,-121.172843933105,11653.5,1270.53265269407,0.4926605590663457,,655.2143568394537,1067.602161384684,0.358883805841476,0.0,0.0
GRDC_4207321,2339 catchments,False,52.615555,-121.57111,5983.90122888186,,0.509189427347748,58.4246892000046,,,0.751528796654099,0.0,0.0
GRDC_4207330,2339 catchments,False,52.91861,-121.76167,127.33477747429,,0.444734492266253,63.8285022407594,,,0.0,0.0,0.0
GRDC_4207350,2339 catchments,False,53.444721,-120.21944,253.904998860858,,0.601738165778512,71.5863994574492,,,0.0418430445048352,0.0,0.0
GRDC_4207380,3049 catchments,True,52.8702201843262,-118.689170837402,1694.9,1910.89873025705,0.6360858428959738,,843.2893235362195,1035.4455272468165,0.0127293160185218,0.0,0.0
GRDC_4207390,3049 catchments,False,53.0902938842773,-118.899047851563,459.2,1975.75085324232,0.6593232829958094,,988.8246219512196,945.2179165225708,0.0,0.0,0.0
GRDC_4207600,2339 catchments,True,52.138889,-120.19167,2940.93478873367,,0.620818518346127,69.7012774723487,,,0.4055503373998,0.0,0.0
GRDC_4207710,2339 catchments,True,51.354168,-119.88055,165.650562544201,,0.428645627227035,61.41017736117,,,0.0,0.0,0.0
GRDC_4207750,2339 catchments,False,50.335556,-122.79945,2079.73608007582,,0.748044242524909,82.6894386371979,,,0.331941986012212,0.0,0.0
GRDC_4207770,2339 catchments,False,49.954166,-121.86112,718.163519285626,,0.678095759853826,75.8831447845146,,,0.0172708323535747,0.0,0.0
GRDC_4207800,3049 catchments,False,51.146110534668,-120.094215393066,55003.2,1251.41199827448,0.4841081259989023,,446.8471639910911,907.5340349092032,0.880717161834446,0.0332510582435781,0.0206869518934121
GRDC_4207820,2339 catchments,False,51.123611,-120.21111,127.277366542298,,0.414611730499426,51.8470572517435,,,0.0,0.0,0.0
GRDC_4207830,2339 catchments,True,51.041389,-120.24111,19664.5155452331,,0.516952865886729,59.5684755772306,,,0.34334846667222,0.0,0.0395999999999999
GRDC_4207850,2339 catchments,True,50.938332,-119.65444,3186.90611513157,,0.489694590801598,58.0990821466497,,,0.510497807058665,0.0,0.0
GRDC_4207880,2339 catchments,False,50.93639,-118.79972,939.057237048313,,0.529982613474171,63.3176232650872,,,0.446933409992187,0.0,0.0119
GRDC_4207900,3049 catchments,False,52.8877334594727,-122.860809326172,215706.6,1199.84648664885,0.49817421938788,,406.7213259916149,878.6831046192191,0.401800681241524,0.311636587311568,0.0112856883491936
GRDC_4207910,2339 catchments,False,49.097221,-121.9625,1223.85147086743,,0.481107000648311,64.2391508351112,,,0.304009278255269,0.0,0.0653
GRDC_4208025,3049 catchments,False,60.6808586120606,-119.032012939453,1689055.8,599.896363702664,0.3796520285467074,,170.07660628966337,499.5265854095936,0.0023859731478812,0.261601552469136,0.0016557226117941
GRDC_4208030,2339 catchments,False,67.753334,-133.85806,990.838361006143,,0.46647336865355,58.2524483229124,,,0.0,0.0,0.0
GRDC_4208040,3049 catchments,True,65.3661575317383,-135.244323730469,69822.7,902.669131635471,0.4318686981678812,,295.6249807186559,540.1812243969661,0.0006950886159526,0.0,0.0
GRDC_4208041,2339 catchments,False,65.894447,-136.03612,25472.5782755087,,0.39308831177235,65.2832954681389,,,0.0,0.0,0.0
GRDC_4208065,3049 catchments,True,65.707389831543,-132.228866577148,19344.7,770.635218518383,0.4397088184309178,,252.6308566465972,532.8987080651652,0.0,0.0,0.0
GRDC_4208070,2339 catchments,False,68.089165,-133.48416,612.812705706007,,0.474706665226827,57.7546643807692,,,0.0,0.0,0.0
GRDC_4208130,2339 catchments,False,56.919445,-117.61806,4663.24590485364,,0.31936852888493,46.8465212471505,,,0.0,0.0,0.0161
GRDC_4208140,3049 catchments,False,58.3014488220215,-117.25269317627,6762.5,364.473369239976,0.315204483886604,,12.7522095695073,415.519953630022,5.10405906000718e-05,0.0,0.0
GRDC_4208160,3049 catchments,False,65.6760177612305,-120.17497253418,147666.5,287.266252455571,0.4434734655461215,,102.61710525326568,345.7097044722145,0.0,0.0,7.06843674143499e-05
GRDC_4208168,2339 catchments,False,65.597778,-117.75972,32216.9478251229,,0.420209366937712,51.2224203460377,,,0.0,0.0,0.0
GRDC_4208210,2339 catchments,False,64.387779,-115.02194,1912.3815406214,,0.424990587774851,57.1877114323847,,,0.0,0.0,0.0
GRDC_4208221,2339 catchments,False,61.635834,-125.79528,14603.4978194337,,0.505794168897231,71.0792769810846,,,4.27631225611158e-06,0.0,0.0
GRDC_4208225,3049 catchments,True,61.4683609008789,-126.921676635742,8306.8,1270.43205661124,0.4395316443169593,,335.50124508162804,660.029457091427,8.01317838693757e-06,0.0,0.0
GRDC_4208230,2339 catchments,False,61.336945,-122.08667,568.018292838543,,0.327256574738038,52.7534593056475,,,0.0,0.0,0.0
GRDC_4208240,3049 catchments,False,61.1103210449219,-128.380889892578,9645.4,1263.31795709557,0.4936416033488039,,397.6622556601269,741.1781796440956,0.0,0.0,0.0
GRDC_4208245,2339 catchments,True,59.656666,-126.46306,3453.8616426765,,0.395187250226121,58.4742352971053,,,0.0,0.0,0.0
GRDC_4208251,3049 catchments,False,58.9066009521484,-129.885391235352,6870.6,1284.16368104508,0.5332309277803433,,471.03203563007605,702.6992854953986,0.0,0.0,0.0
GRDC_4208260,2339 catchments,True,59.691387,-126.95055,9583.1380469819,,0.44250941497484,64.515923411937,,,0.0,0.0,0.0
GRDC_4208265,3049 catchments,False,59.589225769043,-129.712615966797,1619.8,1308.96536678484,0.5089616917930445,,354.1163430670453,637.4100192521435,0.0,0.0,0.0
GRDC_4208267,2339 catchments,False,59.118889,-129.82306,840.306707533063,,0.552073671178356,67.801709624067,,,0.0,0.0,0.0
GRDC_4208270,3049 catchments,False,59.7205429077148,-128.471069335938,102908.2,1197.14323474514,0.4718765514093331,,341.1026178418368,661.9746033323047,0.0012695327288592,0.0,0.0
GRDC_4208271,3049 catchments,False,59.8346939086914,-125.01831817627,275138.7,987.872860849857,0.4095520369922659,,287.3806541936849,637.638800520451,0.0009005044125931,0.0,0.0
GRDC_4208275,2339 catchments,True,60.049999,-128.89999,32571.8288344975,,0.483272016228645,65.0728227809592,,,0.0005422867313145,0.0,0.00232
GRDC_4208288,2339 catchments,False,59.454166,-126.2275,208.982812604908,,0.400179853353089,59.6106709364283,,,0.0,0.0,0.0
GRDC_4208289,2339 catchments,False,59.335278,-125.93639,1198.97436111721,,0.454895173048327,65.0731084734711,,,0.0,0.0,0.0
GRDC_4208290,2339 catchments,True,60.473888,-129.1189,12890.205604128,,0.473228705098212,66.0962302750617,,,0.0013702861796045,0.0,0.0
GRDC_4208295,3049 catchments,True,59.9914207458496,-130.427398681641,5146.7,1266.50856620093,0.5018568372562996,,309.1678629024424,640.1607639019074,0.0,0.0,0.0
GRDC_4208311,3049 catchments,False,63.2284126281738,-126.56339263916,15039.8,1357.93041509046,0.3991717589792705,,303.19447381432786,626.4140015010929,0.0,0.0,0.0
GRDC_4208325,2339 catchments,False,58.855556,-125.38055,2554.06521781327,,0.52061806148576,69.6157079981049,,,0.0014678977761971,0.0,0.0
GRDC_4208333,2339 catchments,False,61.445835,-121.24111,1276.61438656713,,0.331139854243287,51.6763802047985,,,0.0,0.0,0.0
GRDC_4208335,2339 catchments,False,61.139721,-119.83583,9060.84054923392,,0.339812749680811,48.1557882946854,,,0.0,0.0,0.0
GRDC_4208345,2339 catchments,False,61.89389,-121.61166,2140.20206691412,,0.315726340080462,52.95226826762,,,0.0,0.0,0.0
GRDC_4208350,2339 catchments,True,63.108055,-116.97389,13814.0095280224,,0.392800022743224,46.2226909279857,,,0.0,0.0,0.0
GRDC_4208357,2339 catchments,False,63.974167,-115.43333,12101.5966983679,,0.427100033388146,55.9600032415,,,0.0,0.0,0.0
GRDC_4208360,3049 catchments,True,58.1633338928223,-123.67684173584,20121.6,1099.21754932503,0.3882857272614542,,323.60696646673944,686.2286152202382,0.0043200772282117,0.0,0.0
GRDC_4208376,2339 catchments,False,62.490833,-113.52306,3635.82621091433,,0.390640037112961,48.8788672990114,,,0.0,0.0,0.0
GRDC_4208379,2339 catchments,False,62.513332,-114.40945,145.743419311483,,0.386253736098545,48.3837534575433,,,0.0,0.0,0.0
GRDC_4208383,2339 catchments,False,58.89389,-123.31917,272.499199727225,,0.322242133197821,52.3611644800933,,,0.0,0.0,0.0
GRDC_4208386,2339 catchments,False,62.650555,-122.9,21255.3176068201,,0.348379198490944,52.353746314122,,,0.0,0.0,0.0
GRDC_4208399,2339 catchments,False,57.234165,-122.69417,2211.74353319259,,0.461143306521508,64.3763967228478,,,0.0159089990055655,0.0,0.0
GRDC_4208410,2339 catchments,False,62.894722,-108.4675,26802.8487293323,,0.464369957769408,50.2103758042902,,,0.0,0.0,0.0
GRDC_4208440,3049 catchments,True,58.8702011108398,-118.505966186523,51501.8,491.854962886242,0.3218865523059288,,66.07937810982999,452.0473836725228,4.79852967300734e-08,0.0058006237263878,0.0
GRDC_4208441,3049 catchments,False,58.429859161377,-119.311561584473,36654.4,522.965756372266,0.3117281932329409,,60.474641065690925,470.3138542906363,6.86604430989569e-08,0.0071355624139986,0.0
GRDC_4208450,3049 catchments,False,56.5790100097656,-119.245109558105,297412.7,880.092826714525,0.4005608199498784,,218.88562481982933,631.0166495118154,0.0121016814217296,1.14372165263792,0.0028313588338546
GRDC_4208457,3049 catchments,False,56.1883964538574,-124.169708251953,100282.7,1216.16734806814,0.5013751332099343,,439.2891544745861,790.4962820297557,0.0026576711524838,1.67254210480887,0.0
GRDC_4208458,3049 catchments,False,56.1672019958496,-124.193656921387,86779.5,1232.29492920645,0.4854923268963869,,447.1366970871929,800.6313681933937,0.0019552522101016,1.8546356470554,0.0
GRDC_4208461,3049 catchments,True,57.7277183532715,-119.024055480957,10349.1,694.472958500669,0.3156776011439669,,83.74877160673817,512.698379855555,0.0,0.0,0.0
GRDC_4208480,2339 catchments,False,56.458611,-122.35611,2188.07312546091,,0.476373330522151,63.6445440594479,,,8.77877864756315e-05,0.0,0.0
GRDC_4208485,2339 catchments,True,56.467224,-123.93333,2191.9906380576,,0.535303815582811,67.1998844301748,,,0.0024562389467409,0.0,0.0
GRDC_4208487,2339 catchments,False,57.191113,-124.89889,1605.37189573378,,0.542320601283938,69.5084703492283,,,0.0059295957330887,0.0,0.0
GRDC_4208491,2339 catchments,True,57.127777,-125.25,15649.7493994386,,0.552270866590142,68.428992544564,,,0.0030476008030769,0.0,0.0
GRDC_4208495,3049 catchments,False,57.6558418273926,-125.10262298584,2428.4,1491.18689788054,0.5620736685859027,,588.6869250708718,816.6348953722369,0.0067864147788862,0.0,0.0
GRDC_4208500,3049 catchments,True,55.9167251586914,-125.545204162598,5538.0,1290.57830580337,0.5265647108990206,,506.5827455924358,884.4145107911892,0.0045762204490931,0.0,0.0
GRDC_4208505,2339 catchments,True,56.243889,-124.64333,2944.17244267477,,0.553220965132414,67.7565191278046,,,0.0009464494098242,0.0,0.0
GRDC_4208507,3049 catchments,True,56.0963516235352,-125.35612487793,1928.9,1387.82132056452,0.534875225804514,,576.9561218231198,857.668393477258,0.0,0.0,0.0
GRDC_4208510,2339 catchments,False,56.726944,-125.11056,4143.35136237642,,0.557132573000059,68.5337884345547,,,0.0004409369381567,0.0,0.0
GRDC_4208515,2339 catchments,True,55.200001,-124.23333,4287.52997191357,,0.499709881389102,59.6882829486232,,,0.0,0.0,0.0
GRDC_4208520,2339 catchments,False,54.995834,-123.03555,3660.30621435439,,0.416743538061805,51.4591553425626,,,0.0,0.0,0.0
GRDC_4208527,2339 catchments,False,54.529167,-122.6,315.356567249007,,0.421223424012294,55.8781129363173,,,0.0,0.0,0.0
GRDC_4208530,2339 catchments,True,56.677223,-121.22083,1776.15683144877,,0.324958477772737,48.3356516486328,,,0.000487413517635,0.0,0.0424
GRDC_4208536,2339 catchments,False,56.093056,-121.34695,1516.16154932525,,0.432686075071986,54.1192910562422,,,0.006721055928761,0.0,0.0
GRDC_4208540,3049 catchments,True,55.0329170227051,-121.146934509277,5519.7,1218.48648405927,0.4772037782108884,,484.36324785093217,884.1676429274328,0.0033328001250709,0.0,0.0
GRDC_4208541,2339 catchments,False,55.065277,-121.01667,2366.33395264112,,0.553372857105949,65.4312809004504,,,0.0082972182649389,0.0,0.0
GRDC_4208545,2339 catchments,False,55.542778,-121.62444,2498.71555576689,,0.503507258253229,60.2409937702601,,,0.0028401778379306,0.0,0.1894968
GRDC_4208561,2339 catchments,True,56.25111,-121.6275,9342.75716147916,,0.416153280677701,57.6874789311272,,,0.0048159392013853,0.0,0.0
GRDC_4208565,2339 catchments,True,56.279999,-120.7,15515.5415953105,,0.324592011649176,47.6755221173995,,,0.0240196158799339,0.0,0.0297
GRDC_4208570,2339 catchments,False,55.720001,-121.20778,12077.5833569942,,0.49931734993822,59.9326879020909,,,0.0075373325515466,0.0,0.0642
GRDC_4208580,2339 catchments,False,55.956944,-120.5625,3608.97831665985,,0.365934610811096,48.2958607007158,,,0.0499348556771628,0.0,0.0
GRDC_4208585,2339 catchments,False,55.864723,-120.02944,2859.58901127286,,0.335736232415361,43.6810103811414,,,0.140982920432762,0.0,0.2459726
GRDC_4208590,2339 catchments,False,55.078056,-122.90472,4889.60968738935,,0.516261873258923,63.1533511592095,,,0.0063877460168932,0.0,0.0
GRDC_4208596,2339 catchments,False,55.072224,-118.80278,11242.5711379793,,0.431668133324113,52.7917440983248,,,0.0759698373996135,0.0,0.00447
GRDC_4208640,2339 catchments,False,55.715557,-117.62195,50043.6416588293,,0.386406485510385,48.9258397248599,,,0.0274742546812442,0.0,0.0698
GRDC_4208645,3049 catchments,True,54.6172218322754,-117.246559143066,11008.4,855.631578947368,0.2871961239805908,,139.22011212183128,638.9235095508378,0.0011026765862821,0.0,0.0
GRDC_4208650,2339 catchments,False,56.055557,-117.12833,1958.53804908523,,0.278168964202167,41.3995539169109,,,0.0,0.0,0.0
GRDC_4208730,3049 catchments,False,55.2262077331543,-113.469177246094,131964.3,814.757035591377,0.3120994010038962,,148.44009331095072,600.9091005050691,0.0053865607735761,0.0075353736455408,0.0095621209864133
GRDC_4208733,3049 catchments,False,53.3661575317383,-117.590721130371,19604.1,1583.58554185253,0.4777892969711013,,360.44727623303294,811.5477512628569,0.002190396111673,0.0130089731207604,0.0097525925607132
GRDC_4208734,2339 catchments,False,53.423054,-117.57056,9772.50082491025,,0.598778129579776,69.3791430715004,,,0.0059458980698779,1.86581228454845,0.0803
GRDC_4208755,3049 catchments,False,54.562427520752,-115.464668273926,1672.2,1010.76689696606,0.2849551158076538,,161.9555594872297,672.1712394548011,0.0,0.0,0.0
GRDC_4208770,2339 catchments,False,55.316666,-115.40833,1967.67724085578,,0.282619526208761,45.2836359978489,,,0.0003977430409831,0.0,0.0
GRDC_4208780,2339 catchments,False,55.447224,-116.49167,1174.07191204463,,0.278321804986849,42.6865288642939,,,0.0145846277487051,0.0,0.0
GRDC_4208810,2339 catchments,False,54.750832,-117.20556,1047.80847111076,,0.282239848680163,42.5108121464753,,,0.0,0.0,0.0
GRDC_4208821,3049 catchments,True,56.5978584289551,-114.807121276855,35739.8,615.934299888576,0.265936321574561,,69.08038825511053,527.0862928875453,0.0,0.0,0.0
GRDC_4208843,3049 catchments,False,57.8575706481934,-110.169807434082,2711.2,441.426010485371,0.2968235821196502,,153.80321109471822,523.8074858689682,0.0,0.0,0.0
GRDC_4208850,3049 catchments,False,54.6028060913086,-113.007064819336,1461.3,623.071702053603,0.2444396470469753,,23.17487716416889,515.1351679786961,0.003932177892019,0.0,0.0
GRDC_4208858,3049 catchments,False,55.1783561706543,-111.569999694824,3065.3,647.192086790045,0.2469020560584928,,56.17029902456529,543.2392581974939,0.0008107562412004,0.0,0.0
GRDC_4208870,2339 catchments,False,54.722221,-113.28611,74594.7409167837,,0.34291706121944,45.6196563795887,,,0.0130608753778408,1.09004315701242,0.0843
GRDC_4208880,2339 catchments,False,56.685276,-111.25417,30773.1762177644,,0.277541020119355,44.4332629745174,,,0.0001116022686767,0.0,0.0080699999999999
GRDC_4208881,3049 catchments,False,57.1168212890625,-109.062767028809,16953.7,499.829171817058,0.2933230809849763,,121.9883612426786,515.4927569313129,0.0,0.0,0.0
GRDC_4208889,3049 catchments,False,57.2143135070801,-111.258987426758,1436.8,371.756041046011,0.2664376202350159,,81.85331582260096,493.1088546808286,0.0,0.0,0.0
GRDC_4208890,3049 catchments,False,56.9812278747559,-112.622947692871,5531.4,515.066905005107,0.263969225334908,,78.07791051090142,505.2378828763646,0.0,0.0,0.0
GRDC_4208916,3049 catchments,False,57.4341621398926,-110.453895568848,6364.0,448.224203449284,0.2831493953429782,,121.1111021947434,525.8837513425146,0.0,0.549014641854109,0.0
GRDC_4208920,2339 catchments,False,52.91,-118.05695,3850.0384145109,,0.661663740710605,74.2218529530067,,,0.0,0.0,0.0391
GRDC_4208921,2339 catchments,False,52.863888,-118.10584,646.6080691592,,0.609376950751099,71.7451217347883,,,0.0,0.0,0.0
GRDC_4208940,2339 catchments,False,53.470001,-116.62917,2567.52257092069,,0.380794165890649,54.9502938149951,,,0.0,0.0,0.0
GRDC_4208950,2339 catchments,False,53.59861,-116.27084,710.822125361088,,0.270741846941585,42.8434389118101,,,0.0,0.0,0.0
GRDC_4208960,2339 catchments,False,53.605,-115.00389,4396.06938099509,,0.279179732081617,43.2101003149365,,,0.0,0.0,0.052
GRDC_4208962,3049 catchments,True,53.6803665161133,-115.190353393555,12746.3,828.739613180516,0.2596053931665698,,82.98794159873847,593.71344563028,0.0109138260036707,0.042044703263581,0.0
GRDC_4208971,3049 catchments,True,58.7603492736816,-105.214241027832,50192.7,431.079406624021,0.3441940748717657,,182.7150129715865,516.0322464702156,0.0,0.0,0.0
GRDC_4208983,2339 catchments,False,58.322224,-109.78611,1784.79107777572,,0.307876883429246,48.3796465053949,,,0.0,0.0,0.0
GRDC_4208987,2339 catchments,False,58.966667,-108.175,8663.3266580213,,0.322812362780478,48.5290635655879,,,0.0,0.0,0.0
GRDC_4209150,3049 catchments,False,67.8321151733398,-127.249931335449,60395.6,255.371889638575,0.4656572117512407,,70.35568779844891,296.4701706156427,0.0,0.0,0.0
GRDC_4209400,2339 catchments,False,65.414444,-114.00806,20240.6320012018,,0.464488442805518,52.9609615172537,,,0.0,0.0,0.0
GRDC_4209500,3049 catchments,False,67.1322021484375,-112.768508911133,6377.1,413.368556565604,0.538933663084511,,159.75058695670958,345.5870304169527,0.0,0.0,0.0
GRDC_4209600,2339 catchments,False,67.708336,-104.14027,16962.385645384,,0.511722803998374,67.8700884171761,,,0.0,0.0,0.0
GRDC_4209805,2339 catchments,False,66.086113,-96.511108,93272.4155018319,,0.496233905054287,64.7273118453721,,,0.0,0.0,0.0
GRDC_4209806,2339 catchments,False,65.1872,-106.0858,18932.7945253743,,0.477295421836916,63.1829844602704,,,0.0,0.0,0.0
GRDC_4213011,2339 catchments,False,49.0994,-113.6961,315.865364616886,,0.558434404532729,57.9001909922191,,,0.0,0.0,0.0
GRDC_4213025,2339 catchments,False,56.5194,-94.2056,3257.88087568865,,0.36376432809923,53.160857070536,,,0.0,0.0,0.0042
GRDC_4213030,2339 catchments,False,52.001667,-116.46944,1906.30379656277,,0.68355306047038,74.1583235573387,,,0.0,0.0,0.0
GRDC_4213031,3049 catchments,False,52.7840156555176,-115.27653503418,28110.5,1406.7122378206,0.397461053890231,,232.43912433330703,712.1503642196478,0.0096595366137908,0.371511552898648,0.329007534744607
GRDC_4213045,2339 catchments,False,51.174999,-115.56944,2213.10579039993,,0.628983860368138,69.7800139174573,,,0.0152077761782965,0.0,0.0226999999999999
GRDC_4213050,2339 catchments,False,52.272221,-114.93056,817.420288753764,,0.296952610750104,44.8833070988617,,,0.0,0.0,0.0
GRDC_4213060,2339 catchments,False,52.252499,-114.85389,2272.72903172478,,0.42279318934712,57.0496121035779,,,0.0,0.0,0.0
GRDC_4213070,2339 catchments,False,50.948055,-114.56944,796.230281212807,,0.45662329962142,60.6019015069196,,,0.125654764273455,0.0,0.0
GRDC_4213080,2339 catchments,False,50.284443,-114.59028,166.567063736002,,0.51541519225512,64.6915101169421,,,0.0,0.0,0.0
GRDC_4213095,2339 catchments,False,49.488335,-114.14445,824.695176168737,,0.553227852520101,58.4506123317654,,,0.209121653622695,0.0,0.0
GRDC_4213100,2339 catchments,True,49.813889,-114.18333,1447.82970314347,,0.493832505581908,58.1058889288669,,,0.0227945738550612,0.0,0.0
GRDC_4213105,2339 catchments,False,49.113888,-113.83889,614.2949802409,,0.577375302836375,59.8095455325239,,,0.517366857984217,0.0,0.0
GRDC_4213110,3049 catchments,False,48.8208694458008,-113.523628234863,1212.9,1746.15855354659,0.5649970034537254,,496.0118471573443,802.8016907806776,0.262013676846188,0.0,0.0401069537143816
GRDC_4213111,3049 catchments,False,49.0709495544434,-113.247215270996,3582.9,1379.6282920675,0.461474648346962,,115.3491174507482,626.1098744052134,2.39429123338539,0.875533572323616,0.0137867653393187
GRDC_4213120,2339 catchments,False,49.200001,-113.29583,305.457709352219,,0.474821010704419,44.7772864570413,,,0.981757233376502,0.0,0.0
GRDC_4213131,2339 catchments,False,50.5856,-113.8686,1952.7653052536,,0.443439468414314,53.5805239260084,,,0.357283944962193,0.0,0.025
GRDC_4213132,3049 catchments,False,50.445858001709,-114.453178405762,2317.9,1574.21911589008,0.4390751620799868,,172.68607943236506,728.1593669431634,0.35122430643865,0.0,0.0
GRDC_4213134,2339 catchments,False,50.7833,-113.8203,3937.31893187147,,0.406000968721298,48.7723366297843,,,0.517402611947948,0.0,0.2097819
GRDC_4213140,2339 catchments,False,50.4,-105.3972,3625.28236353593,,0.259754533214232,29.7590970306137,,,1.07937805139441,0.0,0.2787546
GRDC_4213150,2339 catchments,False,52.027779,-114.13889,2587.61904397973,,0.29307108307317,37.788249003715,,,0.231338496397872,0.0,0.1896518
GRDC_4213160,2339 catchments,False,52.353889,-113.79305,1784.85795890245,,0.258485257327188,36.0570401972271,,,0.180062834448733,0.0,0.0423
GRDC_4213170,2339 catchments,False,53.654999,-113.76167,1925.00966378745,,0.242442046691017,34.0087541487929,,,0.113072364628717,0.0,0.0
GRDC_4213171,2339 catchments,False,50.1722,-91.5417,162.472458706996,,0.256269130400183,39.638979656093,,,0.0,0.0,0.0
GRDC_4213172,2339 catchments,False,50.3556,-94.4583,1390.82366642965,,0.241511269109943,39.6545188463528,,,0.0,0.0,0.0
GRDC_4213180,2339 catchments,False,52.662224,-113.58222,1829.77862091464,,0.254101397655969,34.247442488506,,,0.261753966194748,0.0,0.2765813
GRDC_4213191,3049 catchments,False,49.0674476623535,-99.3798217773438,4309.8,494.867209027687,0.2489212301759808,,32.72989927366819,587.49958485525,0.0810025163108292,0.0,0.0050276523838058
GRDC_4213193,2339 catchments,True,49.0314,-98.2778,7297.73909717875,,0.242811959389778,35.962134694171,,,0.165162014932002,0.0,0.0102
GRDC_4213200,2339 catchments,False,50.7056,-104.7972,11271.2983489161,,0.249926849075946,33.4600585475953,,,0.150515228851126,0.0,0.0261
GRDC_4213201,2339 catchments,False,50.7864,-104.2892,33024.941401161,,0.252766215769266,32.3312634027552,,,0.549351545601338,0.0,0.3523076
GRDC_4213202,2339 catchments,False,50.4911,-101.5578,48279.9657692773,,0.25375606969236,33.5554418086926,,,0.446111669525537,0.0,0.248267
GRDC_4213203,2339 catchments,False,50.65,-104.86,17959.3368182216,,0.254897684167895,31.0497576449281,,,0.816023446805459,0.0,0.6101733
GRDC_4213205,2339 catchments,False,50.63,-104.9,4553.98700452576,,0.249866687577456,33.1411995527547,,,0.21112729381859,0.0,2.1474429
GRDC_4213210,3049 catchments,False,48.5456237792969,-91.7967300415039,38069.1,427.815825212291,0.2416298270805675,,244.50369615069533,804.9224906137366,0.0022527861269775,0.128899290688394,0.0138438390200089
GRDC_4213211,3049 catchments,False,48.4497489929199,-92.0921401977539,49978.1,419.945386857325,0.2349441157929993,,238.4334823822065,798.997222529022,0.0154827992490288,0.111749529598381,0.0203551277698392
GRDC_4213240,3049 catchments,False,50.2461128234863,-99.1737670898438,5961.5,344.117538688283,0.2406083719968393,,37.12936405267131,582.2731036021568,2.79952453343017,0.0,0.0
GRDC_4213260,3049 catchments,False,51.1055450439453,-102.637519836426,2466.3,536.766088293433,0.2577481306119726,,12.9947429683563,532.4341485800489,0.055630619736745,0.0,0.141322487925595
GRDC_4213335,3049 catchments,False,51.5145149230957,-103.946197509766,728.6,634.028867505552,0.2595035593456875,,18.40986647788838,542.8742121649013,0.0478145071538165,0.0,0.0
GRDC_4213340,2339 catchments,False,49.844166,-108.47945,1435.65342262216,,0.309513782187271,28.1672169279978,,,0.529413339274965,0.0,0.0
GRDC_4213355,3049 catchments,False,51.372486114502,-95.2632522583008,9019.6,328.197472260132,0.2370794024484968,,188.4023575324848,692.2744436913216,0.0,0.0,0.0
GRDC_4213415,2339 catchments,False,50.8722,-93.4833,4400.58653137787,,0.259150599061253,39.6577536074649,,,0.0,0.0,0.0741
GRDC_4213435,2339 catchments,False,51.3556,-97.5139,1805.00036353464,,0.239640586577818,39.7551219957351,,,0.0,0.0,0.0
GRDC_4213485,2339 catchments,False,49.6792,-97.4294,309.3897956299,,0.209380150967536,34.759898095514,,,0.0308867540455537,0.0,0.0
GRDC_4213510,3049 catchments,True,53.0354156494141,-103.912742614746,12753.1,433.293300388853,0.2591180885720811,,54.15103966878641,551.2544206259558,0.0335188098325734,0.0,0.0
GRDC_4213511,3049 catchments,False,52.8397254943848,-104.802139282227,4509.5,470.163329452852,0.2610888312481376,,30.19963264853564,505.0570760682228,0.0358950432210443,0.0,0.0
GRDC_4213531,3049 catchments,True,52.0656585693359,-101.828308105469,4250.8,532.104336895035,0.272823215246805,,55.526733678366426,567.5224265925094,0.0021446321465191,0.0,0.0
GRDC_4213540,2339 catchments,True,50.961113,-101.31805,1975.36644342306,,0.274303094551418,42.9058423763182,,,0.0357042184954777,0.0,0.00344
GRDC_4213550,3049 catchments,False,52.4041366577148,-108.68741607666,314797.2,795.118120960797,0.3025303736051049,,62.71263490998559,519.4178762105741,1.83968544930684,0.931046467554841,0.180258561284011
GRDC_4213555,2339 catchments,False,50.02,-100.2,3892.05298054305,,0.261878000776786,39.492261602887,,,0.0056012088507458,0.0,0.058
GRDC_4213557,2339 catchments,False,50.3578,-99.9,2608.02875348014,,0.268642155982661,40.2583456064639,,,0.0004761295741579,0.0,0.0673
GRDC_4213564,2339 catchments,False,51.6461,-115.0181,2242.92415709187,,0.490614569568894,64.1237817565741,,,0.0,0.0,0.0
GRDC_4213566,2339 catchments,False,52.86,-102.1942,10931.4686389848,,0.26348424775162,42.3156399416229,,,0.0178803857040933,0.0,0.0412
GRDC_4213570,3049 catchments,False,50.9772644042969,-103.48999786377,79637.9,568.149687314992,0.2505413276604648,,18.59512832960186,537.2010490428225,0.221722739989085,0.316476856497507,0.0776838979822025
GRDC_4213571,2339 catchments,True,51.5647,-101.9161,13160.2952456556,,0.254870688312568,38.6274215169947,,,0.0164836436705351,0.0,0.0553
GRDC_4213591,3049 catchments,False,49.2209091186523,-102.154891967773,58292.9,562.507363260598,0.2462539592228429,,10.04529630816556,542.572041761557,0.178176760025726,1.60979261500517,0.0283292095830403
GRDC_4213592,3049 catchments,False,49.8753433227539,-103.923835754395,3730.5,589.971066368382,0.2583791851057878,,12.384869407070614,490.2983744680556,0.0764585226774216,0.172687415005676,0.207390644802497
GRDC_4213603,2339 catchments,False,51.852779,-99.547226,54631.0105320114,,0.264510162999205,36.5008875382325,,,0.011099414141569,0.0,0.0192
GRDC_4213640,2339 catchments,False,51.8844,-116.6881,245.90561475041,,0.673435608168957,72.892036171957,,,0.0,0.0,0.0
GRDC_4213650,3049 catchments,False,50.3363761901856,-102.25910949707,147112.7,555.288354483419,0.2526802052645663,,12.570635436447215,523.3499248858009,0.327315378586904,0.930031957303942,0.0650086396805388
GRDC_4213675,2339 catchments,False,51.45,-99.9667,8707.67794302146,,0.270177702509289,38.7879868061052,,,0.036140537594339,0.0,0.0231
GRDC_4213681,3049 catchments,False,49.4861145019531,-100.597061157227,261795.6,467.846980169972,0.2341583785129837,,29.75832565558779,578.6394187030394,0.545539068340009,0.603480094681812,0.112863084901702
GRDC_4213683,3049 catchments,False,47.9343719482422,-97.650520324707,105238.8,359.59743315508,0.2079150091690774,,58.771101947313184,664.3068321103043,0.90444724666648,0.538873071663602,0.0534098265388121
GRDC_4213690,3049 catchments,False,48.9115028381348,-95.9936676025391,5288.6,330.973109063638,0.2127567564740409,,79.30055432223487,677.6955888861279,0.0337541662595938,0.0299814672117433,0.0021547081644882
GRDC_4213710,3049 catchments,False,51.1193885803223,-102.696914672852,938902.1,541.561859886749,0.2711673239098786,,72.79586316826855,568.5288354700402,0.836363824749602,1.37100693135839,0.10000348339195
GRDC_4213711,3049 catchments,False,51.5881500244141,-102.177536010742,992864.1,524.749580589654,0.2530765229424275,,112.84605261961562,606.3284930725688,0.789861929063764,0.907540785463635,0.0950006575302556
GRDC_4213712,3049 catchments,False,51.5705680847168,-102.213340759277,991520.8,525.275180914345,0.2529751091060376,,112.81977753036271,606.3708210309018,0.791497668336767,0.907037126315686,0.0950674736187233
GRDC_4213715,2339 catchments,False,56.3444,-94.6833,1093.91416001164,,0.352095039212696,51.1315505881098,,,0.0,0.0,0.2167781
GRDC_4213720,3049 catchments,False,51.3619613647461,-102.377952575684,948652.7,538.017385375563,0.2615738033459533,,78.18942767990858,589.889166748948,0.827506790425843,1.29467745006034,0.0989329356939364
GRDC_4213730,3049 catchments,False,53.6244163513184,-96.6410751342773,4597.4,250.232803644849,0.2666215948944602,,124.11145099404013,604.5390492498418,0.0,0.0,0.0
GRDC_4213750,3049 catchments,False,50.7707748413086,-95.6985092163086,779.0,292.199267399267,0.2428606783200828,,133.17701867572157,634.1311506805218,0.0,0.0,0.0
GRDC_4213765,2339 catchments,False,52.8203,-115.5194,867.328728171894,,0.306860194646761,47.7140916979573,,,0.0,0.0,0.0
GRDC_4213780,2339 catchments,False,49.938889,-95.955559,3694.89783249487,,0.220438011046919,39.8358695696766,,,0.0342307116147472,0.0,0.0
GRDC_4213795,3049 catchments,False,49.1350135803223,-95.7497634887695,474.4,345.594530321046,0.238498594630434,,98.90509927650548,640.7645031120566,0.0,0.0,0.0
GRDC_4213800,3049 catchments,False,49.3697013854981,-92.8237991333008,125279.1,397.68186285459,0.2425218669173007,,235.0994140557249,777.4791011205785,0.0110937833905031,1.08546804058471,0.0086839735966769
GRDC_4213801,3049 catchments,False,49.3850250244141,-92.9100875854492,134468.2,392.374074689486,0.231051723208397,,242.23739712167165,788.9066684932259,0.0109988199603658,0.939655591387032,0.008098537174429
GRDC_4213802,3049 catchments,False,49.4054641723633,-92.9473342895508,135964.5,391.175266330048,0.230874224863576,,235.4849701075047,787.979345194971,0.0110038393938551,0.957743566862123,0.0080052590827449
GRDC_4213804,3049 catchments,False,48.6455574035645,-92.734619140625,69496.2,399.563644385617,0.2316775603721276,,206.36814114041604,782.8858111032471,0.0201495042089545,0.0957167964410509,0.0157805587682712
GRDC_4213810,2339 catchments,False,55.9958,-97.3564,6107.25007078565,,0.33625132000528,51.7983866212095,,,0.0,0.0,0.0
GRDC_4213815,3049 catchments,False,53.1692619323731,-101.752784729004,3344.0,339.532663316583,0.2683148589159733,,87.33633236189648,571.1613041450236,0.0,0.0,0.0
GRDC_4213820,2339 catchments,False,51.4339,-116.1722,301.906408764716,,0.664815247441392,71.6623461573741,,,0.0,0.0,0.0
GRDC_4213835,2339 catchments,False,52.3653,-115.4258,1870.20812294694,,0.433100015369048,60.7340537848033,,,0.0,0.0,0.0
GRDC_4213840,3049 catchments,True,56.9146728515625,-94.2942123413086,2270.6,149.253398470688,0.3632960396787564,,209.16444569717248,560.1130125533649,0.0,0.0,0.0
GRDC_4213880,2339 catchments,False,48.849998,-92.724998,5142.79702420876,,0.240280289966324,38.5807266623416,,,0.0,0.0,0.0
GRDC_4213890,3049 catchments,False,48.1511497497559,-91.2707443237305,13086.5,460.056233328961,0.252335097474323,,267.6596932716922,799.4141425067722,0.0020215423275516,0.0159219035583185,0.008714597310043
GRDC_4213905,2339 catchments,True,48.7444,-92.2847,6019.24107441179,,0.259235158067603,38.7125141352406,,,0.0,0.0,0.075
GRDC_4213910,3049 catchments,True,49.4987640380859,-91.1907577514648,6104.8,451.404606772506,0.2617079448885406,,320.0169417226725,809.1703317645221,0.0,0.0,0.0
GRDC_4213935,3049 catchments,False,53.880916595459,-104.963485717773,4737.0,520.625269280483,0.2779625057580606,,62.11678507273638,524.176234279711,0.0,0.0,0.0
GRDC_4213945,2339 catchments,False,50.9083,-93.1,2338.51043569594,,0.26707674311074,34.6116452122181,,,0.0,0.0,0.0
GRDC_4213950,3049 catchments,False,51.276424407959,-100.743476867676,2942.1,536.515513552069,0.2761871502494016,,45.86970323821178,578.5082531910872,0.0133239109561128,0.0,0.0
GRDC_4213956,2339 catchments,False,49.9556,-93.3972,6712.73445360751,,0.242165844529017,38.1437463923142,,,0.0,0.0,0.1195883
GRDC_4213975,3049 catchments,False,51.4292449951172,-102.810768127441,8718.2,540.007568764999,0.2592703524206486,,15.16680097923228,529.7760372782968,0.0174024598445834,0.0,0.0405009569055059
GRDC_4214010,3049 catchments,False,62.2387886047363,-102.413063049316,64500.1,308.523594040968,0.4365019666512588,,142.81458490762031,431.64911062797165,0.0,0.0,0.0
GRDC_4214025,3049 catchments,False,54.9719734191895,-94.0846633911133,102707.1,191.194250074593,0.3127201195096844,,157.78656553545358,624.2032083861465,0.0,0.0,0.0
GRDC_4214035,2339 catchments,False,57.67,-69.62,40371.7531887102,,0.432249756823939,59.7180271518151,,,0.0,0.0,0.0
GRDC_4214050,3049 catchments,True,63.400936126709,-104.45011138916,71275.7,284.85425750054,0.4551575852079546,,133.69311216717085,395.78388245030806,0.0,0.0,0.0
GRDC_4214051,3049 catchments,False,63.1498260498047,-102.439323425293,156027.1,274.221594271364,0.4519465213625934,,176.72853952019508,415.48357875365593,0.0,0.0,0.0
GRDC_4214070,3049 catchments,False,60.0925331115723,-99.9975891113281,28504.8,321.031016829558,0.422994510737863,,221.78094701459196,515.765457904193,0.0,0.0,0.0
GRDC_4214080,2339 catchments,False,53.091667,-85.008331,37845.7690733142,,0.313222508596612,49.0255682939967,,,0.0,0.0,0.0
GRDC_4214090,3049 catchments,True,61.9461517333984,-100.081970214844,70597.9,256.156511070532,0.452588301572717,,189.19107415857448,442.5265845313938,0.0,0.0,0.0
GRDC_4214091,3049 catchments,True,60.3741683959961,-102.339332580566,21228.5,365.258184002403,0.4147280672953978,,171.08698777586733,482.9900373217182,0.0,0.0,0.0
GRDC_4214105,2339 catchments,False,58.891666,-96.275276,48060.9660183511,,0.395360857017224,51.0564364277809,,,0.0,0.0,0.0
GRDC_4214106,3049 catchments,False,57.9312553405762,-99.5742340087891,13042.3,346.095311568538,0.3743838860825355,,179.5282340538096,541.5655636741574,0.0,0.0,0.0
GRDC_4214210,2339 catchments,True,54.354168,-110.21667,14259.02415569,,0.253041586016676,38.0562269944925,,,0.0053826279305271,0.0,0.1183372
GRDC_4214261,3049 catchments,False,56.0906448364258,-104.567039489746,276021.1,435.189348138082,0.3039880550682567,,48.68612198125434,552.7881538991636,0.0006624438934383,1.20399780680908,0.0014954847081059
GRDC_4214262,3049 catchments,False,55.9388542175293,-105.44522857666,239625.2,457.293449039852,0.2914769781252799,,120.42235319192268,559.6173190167698,0.0007644806603812,0.533803313550437,0.0017258354232973
GRDC_4214263,3049 catchments,False,55.9765586853027,-106.010810852051,211903.8,473.920373625179,0.2972196451393174,,110.96386060898526,543.2017850996417,0.0008665847667224,0.679375051489376,0.0019563381589712
GRDC_4214264,3049 catchments,False,55.3219108581543,-108.146903991699,118257.4,520.313622296146,0.2680962379259066,,78.68259569023967,532.2633902623496,0.0015772343463664,0.0,0.0034797246545996
GRDC_4214270,3049 catchments,False,56.2034111022949,-103.754325866699,294422.7,421.579618185652,0.3023911582491216,,47.4586392354965,561.9690467315988,0.0006192900374729,1.26798635324434,0.0013980637305239
GRDC_4214280,3049 catchments,True,57.5832138061523,-96.2898941040039,4269.3,237.167172922543,0.3670674261287294,,213.6829476322888,552.8517943325662,0.0,0.0,0.0
GRDC_4214286,2339 catchments,False,57.5889,-104.2028,7900.25890631596,,0.333485352351377,46.0674600366642,,,0.0,0.0,0.0127
GRDC_4214287,3049 catchments,True,56.8368301391602,-104.258895874023,10197.8,446.797248170816,0.3215266795150514,,180.54978254213296,563.8496517319081,0.0,0.0,0.0
GRDC_4214290,2339 catchments,False,56.2444,-106.5611,3656.38292387748,,0.306540325097793,47.5780569584889,,,0.0,0.0,0.0
GRDC_4214295,3049 catchments,False,55.665641784668,-109.793426513672,2311.5,591.479700187383,0.2666970117096855,,119.27789460350422,562.4810322766662,0.0,0.0,0.0
GRDC_4214297,2339 catchments,False,55.4081,-108.0403,4770.83678643479,,0.265863495409397,39.2427980249812,,,0.0,0.0,0.0
GRDC_4214298,2339 catchments,False,54.9303,-107.7436,2832.02399116658,,0.257025716383777,29.3151800988784,,,0.0,0.0,0.0
GRDC_4214300,3049 catchments,False,54.3301277160645,-109.453140258789,44935.4,592.264942035926,0.252517306940838,,32.4279902894416,530.4642000337376,0.0042509886776928,0.0,0.009378612723131
GRDC_4214330,3049 catchments,False,53.6365203857422,-94.5191268920898,13683.3,266.198131814968,0.3065613177536452,,193.10710625190887,663.9763775705505,0.0,0.0,0.0
GRDC_4214351,3049 catchments,False,54.7136268615723,-93.1770858764648,66060.7,198.414030001736,0.3121892244760685,,161.15311104903407,635.8477220893624,0.0,0.0,0.0
GRDC_4214380,2339 catchments,False,52.655556,-92.537498,616.188963967796,,0.292552874915634,47.5131008435822,,,0.0,0.0,0.0
GRDC_4214400,3049 catchments,False,51.5461959838867,-92.0313110351563,5235.0,411.327235354574,0.2775556403095243,,274.05202631518625,755.0606195568569,0.0,0.0,0.0
GRDC_4214420,3049 catchments,True,52.1627502441406,-90.9449615478516,5619.8,377.471605404895,0.2940221838345265,,330.9934479371118,756.8814271268637,0.0,0.0,0.0
GRDC_4214430,2339 catchments,False,52.308334,-88.754166,5099.02953615785,,0.309010416797673,50.2790869396758,,,0.0,0.0,0.0
GRDC_4214450,2339 catchments,False,54.516666,-87.23333,49975.251952401,,0.322544731154656,47.9749869134224,,,0.0,0.0,0.0
GRDC_4214460,2339 catchments,False,53.8,-84.92,8403.01209339452,,0.338044061433014,52.5610020459835,,,0.0,0.0,0.0
GRDC_4214470,2339 catchments,False,53.7167,-87.9444,7899.99126217356,,0.323284512157889,46.7662228187607,,,0.0,0.0,0.0
GRDC_4214475,2339 catchments,False,54.2833,-85.65,4817.66490893274,,0.340807644870336,52.8004887367509,,,0.0,0.0,0.0
GRDC_4214480,2339 catchments,False,52.087502,-87.078331,24289.0529409463,,0.306650262151604,47.6667435441979,,,0.0,0.0,0.0
GRDC_4214490,2339 catchments,False,51.82,-89.6,8983.30664149788,,0.293785036514295,46.5843281624098,,,0.0,0.0,0.0
GRDC_4214500,2339 catchments,False,49.778889,-84.529999,2034.7713022252,,0.319905632409532,45.5477862259625,,,0.0,0.0,0.0
GRDC_4214505,2339 catchments,False,49.7667,-85.2333,1755.40336036898,,0.314112485453147,46.5395120525939,,,0.0,0.0,0.0
GRDC_4214507,3049 catchments,True,50.1707496643066,-89.8967895507813,11289.7,409.337899765991,0.283673447985371,,312.2408046489187,776.8956410686924,0.0,0.0,0.0
GRDC_4214510,2339 catchments,False,49.74,-84.1,4325.8474582085,,0.318541891864758,44.3276600694704,,,0.0,0.0,0.0
GRDC_4214513,2339 catchments,False,48.4,-81.44,5620.46698977873,,0.299121706762615,42.8240142206857,,,0.0,0.0,0.0
GRDC_4214515,3049 catchments,False,48.8099937438965,-80.3427886962891,21776.7,290.400858145885,0.3035018599984672,,428.9273721663312,890.2322628749214,0.0263374965278038,0.219999356444126,0.0421082268422834
GRDC_4214517,2339 catchments,False,49.31,-82.04,12411.798613238,,0.305614999332353,44.5445159289446,,,0.0,0.0,0.0121
GRDC_4214519,2339 catchments,False,49.41,-82.43,6685.02412284498,,0.308975463986026,44.90176598423,,,0.0,0.0,0.0253
GRDC_4214530,2339 catchments,False,49.616665,-83.263336,9937.01022395468,,0.312080899823934,44.9204331679026,,,0.0,0.0,0.0016799999999999
GRDC_4214531,3049 catchments,True,49.2648963928223,-83.4055099487305,24009.2,253.769381198491,0.3119623094609249,,312.8888062909218,820.6014532853873,0.0,0.0,0.0
GRDC_4214540,2339 catchments,False,51.64,-86.39,32452.4318924897,,0.299970210563241,44.1481516376915,,,0.0,0.0,0.00309
GRDC_4214551,2339 catchments,False,50.743332,-81.458336,61755.3319329425,,0.310094609460374,45.7510987463209,,,0.0,1.58192188548664,0.0423
GRDC_4214560,3049 catchments,True,50.2406349182129,-80.7618408203125,6595.5,200.106576531464,0.32253738889006,,456.5762727073776,867.1192664188885,0.0,0.0,0.0
GRDC_4214565,3049 catchments,True,51.098690032959,-82.1258010864258,4229.4,97.30515777468,0.3096809735933497,,298.68901349850245,755.4149895921074,0.0,0.0,0.0
GRDC_4214570,2339 catchments,False,50.42,-84.38,28054.282484972,,0.314523850191702,46.0556290345912,,,0.0,3.29831567201241,0.0206
GRDC_4214580,2339 catchments,False,50.66,-86.53,4897.43006695737,,0.31514975411337,44.8620468615134,,,0.0,0.0,0.0
GRDC_4214610,3049 catchments,True,48.2120552062988,-77.9018325805664,3666.6,321.154850746269,0.2929297052934605,,508.0567389017464,962.6131257444998,0.0,0.0,0.224089643193616
GRDC_4214621,3049 catchments,True,48.7822113037109,-76.5805130004883,22911.5,357.023282887078,0.3076251315242649,,513.4762740289284,998.7175107261264,0.0,0.0,0.0
GRDC_4214655,3049 catchments,True,49.6714859008789,-75.5545501708984,31460.3,359.188522425118,0.3197050859821777,,540.0971764414198,1017.4870558889772,0.0,0.0,0.0
GRDC_4214680,3049 catchments,False,51.2358207702637,-74.0712890625,39678.3,406.852751752471,0.354245414192706,,656.8520186759911,1016.151639247253,0.0,0.0,0.0
GRDC_4214690,3049 catchments,False,51.7682838439941,-76.9353790283203,6074.7,227.491742471077,0.3263583080200393,,450.3303598202381,903.5613799814556,0.0,0.0,0.0
GRDC_4214760,3049 catchments,False,52.9676666259766,-73.1866455078125,12956.5,446.05891534921,0.3807514139691693,,607.6178234862812,924.139803247379,0.0,0.0,0.0
GRDC_4214810,3049 catchments,False,54.7875480651856,-75.9512481689453,4534.2,279.960899956313,0.3970624276441473,,474.9421774513697,740.3924964709281,0.0,0.0,0.0
GRDC_4214820,3049 catchments,True,55.6331214904785,-72.939323425293,10184.7,384.647813935863,0.4209703873013474,,310.2217487221544,772.3199354496205,0.0,0.0,0.0
GRDC_4214940,3049 catchments,False,58.0035667419434,-73.1398620605469,40985.5,248.630079184894,0.4694248182402553,,339.5888133608228,639.5614394630953,0.0,0.0,0.0
GRDC_4215011,2339 catchments,False,49.4575,-120.5181,1780.28162402423,,0.599961125964306,59.4918334078085,,,0.186502201804167,0.0,0.0837
GRDC_4215040,2339 catchments,False,49.209167,-119.98972,1053.85387323308,,0.626115552527007,65.1370817607845,,,0.0,0.0,0.0
GRDC_4215050,3049 catchments,True,49.3682174682617,-120.611488342285,5679.5,1419.18278728606,0.6021797954080925,,269.8999086539308,978.420841840888,0.151655969689193,0.0,0.0
GRDC_4215051,2339 catchments,False,49.4597,-120.5019,1812.01076175411,,0.682659186609506,66.625475575769,,,0.0,0.0,0.0745
GRDC_4215070,2339 catchments,False,50.212223,-119.53861,110.258637026925,,0.438287332760819,52.2863158473097,,,0.0,0.0,0.0
GRDC_4215090,2339 catchments,False,49.249443,-119.32111,117.341460057892,,0.481664099604091,56.0579879444536,,,0.0,0.0,0.0
GRDC_4215120,2339 catchments,False,49.8789,-119.4131,789.018221936546,,0.438233673016308,52.5188350318833,,,0.270329118222448,0.0,0.3651392
GRDC_4215125,2339 catchments,False,49.0442,-118.4386,2039.43505791042,,0.501288057576007,56.4367168163548,,,0.595607794626291,0.0,0.00323
GRDC_4215150,2339 catchments,False,49.907501,-118.12528,182.809652306293,,0.480772030798116,57.6387881112117,,,0.0,0.0,0.0
GRDC_4215160,2339 catchments,False,50.2775,-117.7481,332.76173044925,,0.525631086549171,64.5315373036478,,,0.0,0.0,0.0
GRDC_4215165,2339 catchments,False,50.7358,-117.7289,164.430016269274,,0.567854937009375,65.7068987747389,,,0.0,0.0,0.0
GRDC_4215180,2339 catchments,True,48.984444,-118.21528,10039.086532932,,0.479939925031711,52.8547716229307,,,0.672253933238865,0.0,0.0974
GRDC_4215200,3049 catchments,False,50.426872253418,-116.981674194336,87105.3,1586.75262144233,0.5673102728528169,,742.5550643383846,1035.675284660785,0.201853263663854,0.793310266221651,0.010975927543331
GRDC_4215210,3049 catchments,False,49.1100997924805,-115.87183380127,154793.3,1545.99930023785,0.5428339599515651,,582.9234651856988,961.0390335942512,1.10538212699876,0.605726686545305,0.0303992743734034
GRDC_4215220,3049 catchments,False,47.6195755004883,-114.711143493652,65468.9,1497.54309925002,0.5114034102005508,,383.3812451825479,868.2730293407907,2.40033073247242,0.133155305355908,0.0435633622085208
GRDC_4215230,2339 catchments,True,49.046944,-117.29361,1245.02443344869,,0.53946023593748,59.132399490959,,,0.191307343052469,0.0,0.0805999999999999
GRDC_4215250,2339 catchments,False,49.697498,-117.45,180.702566943321,,0.558172256646689,62.8192708948775,,,0.233411496299008,0.0,0.0
GRDC_4215260,2339 catchments,False,49.460556,-117.56445,3319.09606441406,,0.53859154220118,61.5344229780805,,,0.0967462057496854,0.0,0.0075599999999999
GRDC_4215270,2339 catchments,False,49.907501,-116.95194,444.274857826123,,0.582984570243578,67.1825234923116,,,0.0,0.0,0.0
GRDC_4215300,2339 catchments,False,48.997223,-116.56805,239.008808456106,,0.512029313500633,58.0227082717365,,,0.0,0.0,0.0
GRDC_4215340,2339 catchments,False,48.999443,-116.17861,1556.15673007656,,0.535192045738907,55.5054113528382,,,0.0,0.0,0.0322
GRDC_4215350,2339 catchments,False,50.0814,-116.7847,585.072107355877,,0.656770084946946,66.5227792371014,,,0.007641529433153,0.0,0.0
GRDC_4215400,2339 catchments,False,50.773613,-117.67667,1016.30567275459,,0.65593848034415,70.898865348274,,,0.0054847014328588,0.0,0.0
GRDC_4215430,2339 catchments,False,50.263054,-116.96722,1567.04536580383,,0.605045224048553,67.3872517586191,,,0.0075294796900518,0.0,0.0
GRDC_4215450,2339 catchments,True,49.741665,-116.45,206.373399717179,,0.653686209367151,66.2660437717782,,,0.0,0.0,0.0
GRDC_4215460,3049 catchments,False,49.7058753967285,-116.44637298584,1478.0,1867.65519877676,0.6321947244951471,,867.6258585311847,1002.4811755567024,0.977757478201831,0.0,0.0
GRDC_4215610,2339 catchments,False,52.728054,-119.40833,296.285345094085,,0.618831177263121,73.8866206237194,,,0.151159294095946,0.0,0.0
GRDC_4215650,2339 catchments,False,51.676945,-117.71667,429.136026921839,,0.621121409830963,71.2062974575473,,,0.0365988846192424,0.0,0.0
GRDC_4215660,3049 catchments,True,50.9227905273438,-116.538291931152,9590.8,1773.27086738432,0.5648484263076193,,566.7290396153458,892.8665630476904,0.0768592843178953,0.0,0.0
GRDC_4215670,2339 catchments,False,51.298332,-116.94444,1839.37669937004,,0.592664632454368,67.5823021156482,,,0.0056929036908228,0.0,0.00193
GRDC_4215680,3049 catchments,True,50.2521820068359,-116.124320983887,877.3,1751.1050257732,0.5370715217963928,,375.6495429157643,917.0939244619626,0.156445075483883,0.0,0.0
GRDC_4215700,2339 catchments,True,49.910557,-115.73556,7154.30404347855,,0.559777990053124,64.0694744784856,,,0.183620729208861,0.0,0.00974
GRDC_4215706,2339 catchments,False,49.6119,-115.6344,11427.6942351637,,0.560895652708308,62.2546199661582,,,0.292067212633901,0.0,0.2300202999999999
GRDC_4215710,2339 catchments,False,49.51,-115.0714,3170.45606664193,,0.583260464949517,64.2796140878012,,,0.295876304929136,0.0,0.3002166
GRDC_4215750,2339 catchments,False,50.886112,-116.04305,434.906497714373,,0.517211369239421,61.3834300648426,,,0.0,0.0,0.0
GRDC_4215900,2339 catchments,False,49.000557,-114.47639,1123.4746747757,,0.592598257782345,61.4558601433962,,,0.463785104345347,0.0,0.0
GRDC_4220100,2339 catchments,False,48.9694,-106.8389,829.048402453996,,0.275731198800741,27.801907062394,,,0.453193748138545,0.0,0.0
GRDC_4220200,3049 catchments,False,49.4133071899414,-108.399635314941,5301.6,963.045824411135,0.2950645051205313,,11.526950656405614,455.7017535402744,0.932008068362365,0.179403025266539,0.0
GRDC_4220420,3049 catchments,False,49.3210945129395,-110.040916442871,2145.4,1040.59206059023,0.3155320375781182,,8.353358397446796,449.1941208868734,1.25393842039882,0.0,0.0
GRDC_4220500,3049 catchments,False,49.0190467834473,-111.895721435547,6787.3,1156.59192071891,0.3675134433713634,,47.88084267297537,494.13742793281966,1.23682447159105,0.0,0.0
GRDC_4220501,2339 catchments,False,49.1436,-112.0789,2737.23986310378,,0.410177464009634,32.2232965369364,,,1.30651965730931,0.0,0.0
GRDC_4231100,3049 catchments,False,45.4389610290527,-67.6735305786133,3561.9,126.454023958158,0.221321924384016,,673.5589599609375,1175.322856550307,0.371538369315831,0.494459452347084,0.0722616654017876
GRDC_4231200,3049 catchments,True,46.867733001709,-69.3270492553711,14690.8,361.98470241415,0.3048006701197008,,607.913599726165,1144.3020729976154,0.0569170415163255,0.0141622426214408,0.0007874636263792
GRDC_4231250,2339 catchments,True,47.206389,-68.955556,1343.75963197291,,0.324958529597235,46.1106873587483,,,0.0210853523601651,0.0,0.0
GRDC_4231590,2339 catchments,False,45.943333,-67.320278,232.871080783348,,0.241244844064868,35.7532150031827,,,0.0,0.0,0.0
GRDC_4231601,2339 catchments,True,46.47,-67.5897,34196.9246445238,,0.297736204345573,43.7864056254764,,,0.158094747398029,2.48020046816074,0.1079425
GRDC_4231602,2339 catchments,False,47.038889,-67.739722,21898.6781147432,,0.304796597738832,44.623585747021,,,0.0737423236091734,1.90988006751059,0.1239237
GRDC_4231610,3049 catchments,False,47.724006652832,-68.6861419677734,2680.3,293.948651564186,0.3276345934562495,,591.1022563526947,1075.4280933926584,0.0113737376852204,0.0,0.0
GRDC_4231620,2339 catchments,True,46.7917,-67.6833,4312.79314206634,,0.298553717558393,44.4630225875417,,,0.0399875072655249,4.41063465246334,0.0174
GRDC_4231650,2339 catchments,False,46.125832,-66.611111,1466.68539665079,,0.252468508007566,40.5847438359548,,,0.0013760263551061,0.0,0.0
GRDC_4231680,2339 catchments,False,45.673611,-66.682778,557.261847085151,,0.234722734774692,33.2090052065929,,,0.0,0.0,0.0
GRDC_4231800,2339 catchments,False,46.072222,-65.366389,649.806661642269,,0.272641003344092,34.941496268587,,,0.0,0.0,0.0
GRDC_4232010,3049 catchments,False,48.0970306396484,-90.0855560302734,1545.6,477.807458143075,0.2800551266899537,,286.7056462162505,770.9708760386725,0.0125132118499515,0.0517046853174182,0.0
GRDC_4232030,2339 catchments,False,48.382221,-89.307777,200.389390509607,,0.272848120325859,41.5261622014326,,,0.643070905655787,0.0,1.6771653000000002
GRDC_4232300,2339 catchments,False,48.926109,-87.690834,647.518823623198,,0.293236012859892,44.8195017760088,,,0.0,0.0,0.0
GRDC_4232600,2339 catchments,False,48.9036,-88.3772,2698.18378828434,,0.297862384489198,44.0366331243088,,,0.0,0.0,0.0
GRDC_4232700,2339 catchments,False,48.7739,-86.2969,3752.87294251499,,0.302854486981046,45.8315112960212,,,0.0,0.0,0.0
GRDC_4232750,2339 catchments,False,48.6553,-85.7422,4367.51704514869,,0.310772137697935,43.4452200831799,,,0.0,0.513444237995607,0.0516999999999999
GRDC_4232900,2339 catchments,False,46.860279,-83.971664,1135.47559712587,,0.27875386044796,43.2748337864306,,,0.0,0.0,0.0
GRDC_4234010,3049 catchments,False,48.1322288513184,-87.9210739135742,209396.7,292.039482218436,0.271881392742249,,333.3035054493929,864.1516777397719,0.0097160652427307,0.213928542530249,0.0611568357449265
GRDC_4234100,2339 catchments,False,46.213055,-82.509163,1309.47893237663,,0.24541591426925,36.980770640323,,,0.025395269672796,0.0,0.3254649
GRDC_4234400,2339 catchments,False,46.0683,-80.6011,11926.5940823301,,0.247659715297973,35.1947905597747,,,0.0156667670870859,0.0,0.3584066999999999
GRDC_4234550,2339 catchments,False,45.669445,-79.378609,311.584820516597,,0.258249888900108,38.2394511559314,,,0.0004077952668094,0.0,0.0
GRDC_4234600,2339 catchments,True,44.712776,-79.28167,1431.75376344677,,0.215434262564017,34.081361663661,,,0.0108381600740225,0.0,0.0
GRDC_4234670,2339 catchments,False,44.522499,-80.930832,178.180073882033,,0.23694157536308,33.0838809321545,,,0.0903179870077759,0.0,0.0
GRDC_4234680,2339 catchments,False,44.669445,-81.252777,925.947752307717,,0.226485189215828,30.165387300704,,,0.107191961037678,0.0,0.0528999999999999
GRDC_4234700,2339 catchments,False,44.45639,-81.326668,3789.30923034873,,0.231079015257146,33.2836072400268,,,0.0496429869805775,0.0,0.2388733
GRDC_4234701,2339 catchments,False,44.1203,-81.1153,2147.6671540481,,0.237516575993083,34.1984577934697,,,0.0441820915723075,0.0,0.3032741
GRDC_4234720,2339 catchments,False,44.113056,-81.019997,158.380403576773,,0.22374071664398,32.6823508487593,,,0.0327085614397098,0.0,0.0
GRDC_4235190,3049 catchments,False,42.9436721801758,-81.6548080444336,707.7,236.149122807018,0.1533445053207417,,334.0699418882093,1003.5149360638356,1.01211910620332,0.0,0.8406862616538999
GRDC_4235191,3049 catchments,False,42.8624649047852,-81.7293319702148,1128.7,227.391806116561,0.1401322011616195,,338.6308907592805,1015.718304570547,0.744242563405458,0.0,0.6718569709097639
GRDC_4235300,2339 catchments,False,42.545,-81.9678,4473.23074880245,,0.163567522687388,23.2133044684244,,,0.933037175090981,3.85540578589797,4.8657181000000005
GRDC_4235490,2339 catchments,False,43.377499,-80.711388,528.11997807938,,0.19696469694186,29.4277916481801,,,0.313164277633921,0.0,0.3710972
GRDC_4235500,2339 catchments,False,43.190556,-80.45472,1000.39724443952,,0.187444036223907,27.5281854824293,,,0.666298289708648,0.0,0.6651765
GRDC_4236010,3049 catchments,False,45.9244194030762,-85.4440307617188,682276.9,263.767944045113,0.21215940087245,,279.311942032417,933.5570028184292,0.595683903184014,0.0981572751979891,0.627065217674591
GRDC_4236600,2339 catchments,True,44.3706,-77.7783,9145.83244641367,,0.209547136346942,31.1569566484747,,,0.105841826043079,0.0,0.6190928
GRDC_4236700,2339 catchments,True,44.2539,-77.4194,2602.20293671975,,0.205119790005859,31.3581374796169,,,0.0280421755976684,0.0,0.0583
GRDC_4243050,3049 catchments,False,47.5391502380371,-78.5803298950195,51264.2,333.151277967901,0.2898357880731933,,420.4941283557949,927.3380288559208,0.0081044196334322,0.584065881438102,0.0232430059316286
GRDC_4243070,2339 catchments,False,45.4969,-76.5639,2681.58446511548,,0.250943761109353,35.0023600406361,,,0.034123987634402,0.0,0.2117262
GRDC_4243080,2339 catchments,True,47.0836,-75.7536,7018.5937763272,,0.300288434797432,46.0744595686103,,,0.0,0.0,0.0107
GRDC_4243100,3049 catchments,False,46.9317131042481,-78.2398529052734,88199.5,326.255466152414,0.2780791987608396,,412.0783508873736,938.3190368485838,0.0101750415708944,0.413204948813761,0.035553041063175
GRDC_4243101,3049 catchments,False,46.8336372375488,-77.5945739746094,143979.3,315.380323780712,0.2746445451123689,,423.8278565043726,974.0734655775708,0.0456186596907598,0.350153810912146,0.127763234374747
GRDC_4243141,2339 catchments,True,45.791668,-75.091393,1255.00502238176,,0.248734318858073,38.225445008957,,,0.0041710970026755,0.0,0.2995818
GRDC_4243150,3049 catchments,False,45.6517066955566,-84.0818023681641,771631.5,258.860729633928,0.21388147022491,,300.73385028993766,944.5723732338176,0.577365165646409,0.21261623411054,0.807809334903916
GRDC_4243151,3049 catchments,False,46.0105934143066,-83.5327072143555,932592.4,267.824793688513,0.2190129431412402,,288.09520102656444,963.8525771554756,0.495065343762338,0.277096839104101,0.6898958017671211
GRDC_4243160,2339 catchments,False,45.155277,-74.638336,370.071246026473,,0.193678274344331,30.9579445631451,,,0.154108910674713,0.0,0.0121999999999999
GRDC_4243210,2339 catchments,True,46.010277,-73.427498,1295.84336073113,,0.291778770235012,42.9933079848187,,,0.236816567607514,0.0,0.8069685999999999
GRDC_4243215,2339 catchments,True,45.7364,-74.6897,5509.30013812389,,0.267345171087835,41.8767349362311,,,0.0049951358767799,0.0,0.254911
GRDC_4243240,3049 catchments,False,44.3731994628906,-73.2052841186523,21877.9,299.247353901588,0.2257447370912927,,531.3167027652825,1164.7975456281886,0.158242337573961,0.0164981923826881,0.217193530206865
GRDC_4243250,3049 catchments,True,45.8719062805176,-72.7088470458984,310.0,53.0123203285421,0.2081149001385762,,528.2126627703985,1156.2877537827203,0.86055950447917,0.0,0.0
GRDC_4243270,3049 catchments,True,45.4109725952148,-71.7167053222656,9719.1,345.792361584723,0.2448410061512759,,636.8842838983409,1251.940981555378,0.0592753025593544,0.0178149440372569,0.3420781855827859
GRDC_4243280,2339 catchments,False,45.467224,-71.655281,646.666857753208,,0.253823995363553,41.4585896821372,,,0.0142796414658254,0.0,0.1550128
GRDC_4243290,3049 catchments,True,45.4237365722656,-71.1904678344727,762.8,506.159215686275,0.2584942257738101,,766.0415093864709,1333.3826614987154,0.0150872960969407,0.0,0.0
GRDC_4243300,3049 catchments,False,47.8120574951172,-73.7180633544922,41149.8,433.895126836716,0.3076952688566848,,516.5834629042712,1040.1455474444822,0.0015800561283766,0.494150077776832,0.0
GRDC_4243301,3049 catchments,False,48.4599876403809,-74.7106018066406,8758.6,439.904368205195,0.3100584528865704,,603.600548780108,1033.2638009846398,0.0,1.70753259776182,0.0
GRDC_4243310,2339 catchments,False,47.767223,-72.736664,1572.12630879791,,0.299755621263831,46.8709470676958,,,0.0,0.0,0.0
GRDC_4243320,3049 catchments,True,46.4465789794922,-71.2875595092773,685.9,198.11231884058,0.2381262734845822,,576.3092990315124,1291.27336371647,0.0942251366478476,0.0,0.0
GRDC_4243330,2339 catchments,True,46.852779,-71.877502,1597.15800613268,,0.292890842219934,49.3449381816278,,,0.0010337457346346,0.0,0.1726698
GRDC_4243340,2339 catchments,False,46.30611,-71.451385,921.146489082647,,0.248654204699314,41.2197192773527,,,0.221030650786838,0.0,3.3735215
GRDC_4243360,2339 catchments,False,46.5878,-71.2164,5785.54141361403,,0.272250468849004,42.5574941805801,,,0.0295376195669394,0.0,0.3812157
GRDC_4243370,3049 catchments,False,46.746337890625,-70.5128631591797,812.5,402.222734254992,0.2833369987182162,,782.2808227539062,1278.315934988471,0.0031591810208434,0.0,0.0
GRDC_4243400,3049 catchments,False,49.6827354431152,-72.0811614990234,72559.1,453.270144856746,0.337605556466475,,627.0496826171875,1064.687532745281,0.0157380009411831,0.305658629499559,0.0131702836015171
GRDC_4243410,3049 catchments,False,50.4302558898926,-71.2348098754883,27127.2,531.444605242,0.3553342061731458,,710.6705322265625,1085.6630004654792,0.0,0.451693229208461,0.0
GRDC_4243550,3049 catchments,False,48.1315116882324,-68.4536437988281,1607.8,295.134903640257,0.3318006012301511,,608.83251953125,1083.2047005016495,0.041293916568436,0.0,0.0
GRDC_4243800,3049 catchments,False,51.9315528869629,-66.5225219726563,18936.1,579.944664253444,0.4182882180043242,,680.36376953125,1031.9913184146333,0.0,0.0,0.0
GRDC_4244370,2339 catchments,False,46.820557,-70.756943,820.696065992312,,0.284762756493927,45.6250657994549,,,0.0036592056152316,0.0,0.0
GRDC_4244420,2339 catchments,False,48.814167,-72.047775,1014.98692778965,,0.275586605465525,46.8259057885337,,,0.0,0.0,0.0
GRDC_4244460,3049 catchments,False,54.2319068908691,-62.1139335632324,4722.3,406.59142550911,0.4896480513810251,,553.7328967202039,960.802604635498,0.0,0.0,0.0
GRDC_4244520,2339 catchments,False,48.413334,-68.556114,1603.58283227278,,0.336814607263819,46.1852790462819,,,0.0503692304969134,0.0,0.0
GRDC_4244550,2339 catchments,False,52.649166,-56.871387,2290.26693833587,,0.502584084147575,58.0051972014958,,,0.0,0.0,0.0
GRDC_4244610,2339 catchments,True,52.228333,-61.322498,4469.22692643839,,0.456458977297523,59.3628725430443,,,0.0,0.0,0.0
GRDC_4244635,2339 catchments,True,50.427223,-61.713612,15328.5530854207,,0.436696553095019,56.5683537728564,,,0.0,0.0,0.0
GRDC_4244720,3049 catchments,True,50.6011161804199,-56.9304466247559,643.8,265.576629974598,0.439409711119851,,1217.1686649045882,1255.7788423634563,0.0,0.0,0.0
GRDC_4244730,2339 catchments,True,49.240555,-57.362499,2128.66535271271,,0.39482297137126,51.1387772023996,,,0.0,0.0,0.0
GRDC_4244740,3049 catchments,True,49.5025100708008,-56.4940567016602,959.7,222.00307503075,0.426120694998839,,636.1158757233587,1123.4537875214044,0.0,0.0,0.0
GRDC_4244750,2339 catchments,False,48.622223,-57.933334,479.128416214676,,0.374713143364708,46.7417908767041,,,0.0,0.0,0.0
GRDC_4244770,3049 catchments,True,48.6673049926758,-55.1276359558106,4422.4,178.935278030994,0.3447329851340865,,867.1994358073187,1181.622629631839,0.0,0.0,0.0
GRDC_4244780,2339 catchments,True,47.746666,-55.441666,1186.6994367216,,0.291875576383173,36.2078094231209,,,0.0,0.0,0.0
GRDC_4244785,3049 catchments,False,47.2753486633301,-55.160831451416,213.7,123.5,0.2312264702406788,,1333.7541341947565,1399.7256413094492,0.0,0.0,0.0
GRDC_4244788,2339 catchments,True,47.946945,-54.285557,804.217559283679,,0.305740104373163,37.6387613680355,,,0.0,0.0,0.0
GRDC_4244795,3049 catchments,False,47.3671569824219,-53.5278015136719,294.3,79.8012958963283,0.2441806918460002,,1205.2817950196593,1265.7650887954626,0.0,0.0,0.0
GRDC_4244810,2339 catchments,True,48.979722,-64.698611,634.058833418599,,0.411787056341755,51.5622557586447,,,0.0,0.0,0.0
GRDC_4244820,2339 catchments,True,48.834167,-64.625,1008.01363505768,,0.419719594283291,52.6862114762534,,,0.0,0.0,0.0747
GRDC_4244830,2339 catchments,True,48.157222,-66.349444,1138.15254683739,,0.336595230655633,51.2988957920551,,,0.0017127523423086,0.0,0.0
GRDC_4244840,2339 catchments,False,47.832222,-66.886944,2266.5499652127,,0.331168327548344,46.5031667069746,,,0.0,0.0,0.0
GRDC_4244850,2339 catchments,False,47.666944,-67.483056,3175.06573462182,,0.315643801658749,47.2799759824648,,,0.0070544614253854,0.0,0.0237
GRDC_4244870,2339 catchments,False,46.935833,-65.907222,1323.30460153281,,0.320720679830138,45.6914200435258,,,0.0008623858446216,0.0,0.0
GRDC_4244880,2339 catchments,False,46.735833,-65.825556,5107.5009039318,,0.279086047123794,41.493123323527,,,0.0039290764490667,0.0,0.0
GRDC_4244890,2339 catchments,False,50.350277,-66.190277,19015.0902868104,,0.412929412943401,56.9473277673626,,,0.0,0.0,0.0
GRDC_4244910,2339 catchments,False,46.223331,-61.136665,358.982407182496,,0.251775513654881,33.0622025220785,,,0.0,0.0,0.0
GRDC_4244915,2339 catchments,False,46.369446,-60.976665,367.355796512936,,0.306020256904384,43.4819592718228,,,0.0,0.0,0.0
GRDC_4244920,3049 catchments,False,45.7663154602051,-60.581111907959,123.5,77.710843373494,0.1818058393521126,,1152.842164151638,1469.5487927577235,0.0,0.0,0.0
GRDC_4244930,3049 catchments,False,45.614803314209,-63.5907173156738,297.0,164.494758909853,0.2555823096144231,,942.8966673796792,1145.5882941672808,0.027188320333759,0.0,0.0
GRDC_4244940,2339 catchments,False,50.685833,-64.580833,7158.61630903098,,0.433217480902114,58.4768713179149,,,0.0,0.0,0.0
GRDC_4244960,2339 catchments,False,45.173332,-61.981667,1346.38127432208,,0.220423616577499,29.5169786288943,,,0.0,0.0,0.0
GRDC_4244980,3049 catchments,False,44.7254638671875,-64.4596328735352,368.0,173.2071197411,0.2068030589475227,,941.298833941094,1235.4775706268326,0.0675942420959473,0.0,0.0
GRDC_4244985,2339 catchments,False,44.446667,-64.591667,1240.21349478847,,0.211239030329608,27.3678241678241,,,0.0757417206090951,0.0,0.0202
GRDC_4245100,2339 catchments,False,55.263889,-129.08611,18424.2577861037,,0.629746691512503,74.204078463972,,,0.0022848593975102,0.0,0.0
GRDC_4245210,2339 catchments,False,54.363056,-129.31139,369.699108115468,,0.556396083162172,79.7000707142166,,,0.0,0.0,0.0
GRDC_4245250,2339 catchments,False,54.630554,-128.43195,41930.1120921405,,0.563269600783742,65.6924523052194,,,0.0312452164548705,0.0803854201717973,0.0192
GRDC_4245280,2339 catchments,False,54.602779,-127.495,363.264776357893,,0.632142782280312,73.2314697246109,,,0.0,0.0,0.0
GRDC_4245295,2339 catchments,False,55.32,-126.63,6317.47590770541,,0.454905284625505,52.1976342794318,,,0.0,1.58068069010083,0.0
GRDC_4245500,2339 catchments,False,52.422222,-126.15722,3606.86179382079,,0.681641440259402,72.8053302027022,,,5.43396113871918e-05,0.0,0.0
GRDC_4245550,2339 catchments,False,51.679165,-127.17917,162.026759260022,,0.457687042275564,70.8277333470465,,,0.0,0.0,0.0
GRDC_4245650,2339 catchments,False,50.984722,-124.91695,5682.3696525986,,0.721007583175858,79.2818187059358,,,0.423663508628932,0.0,0.0
GRDC_4245920,2339 catchments,False,55.71611,-127.68472,12254.5064635908,,0.603000589895602,71.7396561414797,,,0.0009786709346485,0.0,0.0
GRDC_4245950,2339 catchments,False,49.794445,-123.2,2359.91285223433,,0.641820277995699,80.9500887938474,,,0.0420075792859334,0.0,0.0
GRDC_4247500,2339 catchments,False,45.209722,-67.2625,113.66843124808,,0.211386634164022,30.6887551814493,,,0.0,0.0,0.0
GRDC_4247700,2339 catchments,False,45.169722,-66.468056,237.318927541952,,0.196990388056291,29.6897524767956,,,0.0,0.0,0.0
GRDC_6128100,3049 catchments,False,42.8943099975586,2.17995047569275,1824.8,742.636620714033,0.1162295480888046,,739.6136376589216,1036.566017555196,0.943933595644517,0.0226048377644666,0.131626727697612
GRDC_6128701,2339 catchments,False,43.907608,7.195276,1826.29512708334,,0.286712767137592,33.1667360589826,,,0.156174936222801,0.0,0.0
GRDC_6128710,2339 catchments,False,44.252,6.9339,168.03558299586,,0.442230830530363,51.859903131301,,,0.0624774578010016,0.0,0.0
GRDC_6139255,2339 catchments,False,44.21644,6.275064,164.483715322361,,0.240905973761794,32.6066577234199,,,0.0282909889443869,0.0,0.0
GRDC_6139260,2339 catchments,False,44.449121,6.400326,941.611865799745,,0.478709263821375,53.4299034586323,,,0.756556450414385,0.0,0.2927746
GRDC_6139261,2339 catchments,False,44.383261,6.651729,542.833678733862,,0.523689188643966,56.9607652791478,,,0.83952859551628,0.0,0.2769872
GRDC_6139283,2339 catchments,False,44.9173,6.675,212.504691510731,,0.628923981191752,63.1424787225699,,,0.103458750420382,0.0,0.0
GRDC_6139725,2339 catchments,False,45.04,6.18,228.432340681061,,0.553364906967938,64.2442355263668,,,0.005311406484106,0.0,0.0
GRDC_6139740,2339 catchments,False,44.83,6.15,131.373465857955,,0.529704465330199,59.1202847469698,,,0.193090904676785,0.0,0.0
GRDC_6139840,2339 catchments,False,46.11,6.55,331.736309563589,,0.404066550089874,56.8318064724039,,,0.054922328481511,0.0,0.6492371
GRDC_6139960,2339 catchments,False,46.149704,6.270442,1641.71177843062,,0.404866343600768,55.6656478081917,,,0.186472888438424,0.0,2.9618888
GRDC_6140101,2339 catchments,False,50.4832,16.1808,247.079635095248,,0.191779169815065,22.3443440014683,,,0.0,0.0,0.2222408
GRDC_6140150,2339 catchments,False,49.1974,13.8855,383.91267194461,,0.186384110463783,25.2270000797585,,,0.0,0.0,1.7644977999999998
GRDC_6140250,3049 catchments,False,49.7430458068848,13.2829856872559,8296.4,495.776069518717,0.1451927352902703,,133.68484985570333,739.9296601447489,0.0806097786312234,0.0662796347007998,0.826618321039012
GRDC_6140300,3049 catchments,False,49.1504936218262,13.7928667068481,2887.4,633.249468599034,0.1773353729526797,,250.70737133753556,928.6200628953388,0.117629022509963,0.0,0.393518529125248
GRDC_6140450,3049 catchments,False,49.6277847290039,15.5527839660645,1492.3,526.207227989235,0.1654086885521743,,194.6525046017173,796.8529227635405,0.0,0.0,0.77103760074048
GRDC_6140500,2339 catchments,True,50.6399,15.2744,792.917455214449,,0.220976438446388,28.5975656805421,,,0.0,4.65600249548637,1.5054484
GRDC_6140600,3049 catchments,False,49.875,16.1941814422607,621.1,404.246788990826,0.1559490741112246,,176.0594224624514,808.7788928281171,0.0,0.0,0.578431377653033
GRDC_6140700,2339 catchments,True,50.0651,16.5404,182.717741019543,,0.20004357121686,25.3906331780542,,,0.0762930459669735,0.0,0.0
GRDC_6142100,2339 catchments,True,49.7558,16.9755,1560.28376574997,,0.203755073694143,24.19645516031,,,0.0,0.0,3.4888054000000004
GRDC_6142101,2339 catchments,False,50.041,16.9114,349.917415419233,,0.220034217812057,30.4505956133871,,,0.0,0.0,0.358557
GRDC_6142110,3049 catchments,False,49.1362953186035,16.1301727294922,11930.6,433.049766718507,0.1244028909099331,,87.64159581244866,724.7450091042533,1.81934516639158,0.436524004945099,0.9684873978230388
GRDC_6142270,2339 catchments,False,49.678,16.1911,127.856754423446,,0.168198910309039,20.5749500150519,,,0.0,0.0,0.0
GRDC_6142551,3049 catchments,False,49.3908233642578,18.7932567596436,947.8,654.217600964436,0.2246862866622564,,539.8746829515642,1090.9214146946078,0.160798089578748,0.0712045953454099,0.306372556628452
GRDC_6142600,3049 catchments,False,48.2373695373535,19.3300628662109,4832.2,326.122763063708,0.1501990552564913,,124.2110068764893,746.4794366004037,1.39440243245988,0.0669424863442249,0.257950748470271
GRDC_6142620,3049 catchments,False,49.0020599365234,18.7772274017334,10441.7,684.879841381933,0.2259611605541605,,426.060059480793,981.2046954147656,1.70106871993722,0.190607546709897,0.826496402120316
GRDC_6142640,3049 catchments,True,48.9071769714356,18.879207611084,830.9,699.15672178289,0.2146341782558641,,377.1709516923746,940.7323798002444,0.0167078077793121,0.0,0.667420840069938
GRDC_6142650,2339 catchments,True,48.73,19.13,1810.99992643685,,0.209047545102452,32.8949911280542,,,0.0,0.0,1.6928516
GRDC_6142660,2339 catchments,True,48.40703,18.64649,3873.96680260097,,0.189548798215438,28.35336492341,,,0.0,0.0,2.0391475
GRDC_6142680,3049 catchments,True,49.0276336669922,19.8967056274414,1110.5,1097.67561983471,0.2582790272331163,,566.4961006404269,980.9048700731348,0.0309927096884502,0.0,0.515995883554416
GRDC_6144100,2339 catchments,True,48.3043,20.3142,1780.46185207053,,0.164396191716336,23.6125478275696,,,0.668212719731905,0.0,0.6901145
GRDC_6144150,3049 catchments,False,48.6387825012207,20.9902362823486,707.4,375.193798449612,0.1518395999636188,,92.0950684744218,779.0608792274887,0.237484757716839,0.260169526512702,0.10558069558241
GRDC_6144350,2339 catchments,False,48.7326,21.33654,1298.7774641767,,0.169344870075632,24.2425396343582,,,0.158520554264865,0.0,4.0361886
GRDC_6144400,2339 catchments,True,49.033333,21.5,1001.78195769872,,0.176356939944942,25.0894564334248,,,0.0345146159756535,0.0,1.2047044999999998
GRDC_6158100,3049 catchments,True,49.1746940612793,20.4006423950195,1242.0,882.279028697572,0.2276468120755656,,381.2960218040234,902.5037468502449,0.132630311263104,0.0,0.468750011835558
GRDC_6172011,2339 catchments,False,59.344167,25.340278,909.878187115439,,0.242781949986102,30.7650592101606,,,0.0,0.0,0.0638
GRDC_6172012,2339 catchments,False,59.466111,24.879167,759.625068426259,,0.232508862055742,29.2513185323898,,,0.0426604839420003,0.0,1.1428831000000002
GRDC_6172013,2339 catchments,False,59.308611,24.434722,640.953669918268,,0.223265865428282,28.2479962594946,,,0.207367266832895,0.0,0.04
GRDC_6172014,2339 catchments,False,59.508611,25.594444,108.871936201859,,0.23226690449611,27.9052620225449,,,0.0,0.0,0.0
GRDC_6172016,2339 catchments,False,59.383889,27.039167,818.445267708112,,0.252207675564595,32.3642772460382,,,0.0,0.0,1.0700031
GRDC_6172020,2339 catchments,False,58.891944,25.669444,220.683550154892,,0.252363360783163,31.4536650375024,,,0.0,0.0,0.0
GRDC_6172023,2339 catchments,False,58.726389,23.996944,2646.07296868656,,0.214943221482584,26.7074596135245,,,0.15495378383071,0.0,0.0284999999999999
GRDC_6172026,2339 catchments,False,59.4675,25.789167,355.402198428529,,0.250608363759989,31.3797507707085,,,0.0,0.0,0.2220218
GRDC_6172028,2339 catchments,False,59.253333,23.866389,473.106158948671,,0.210428407999384,23.5543074542854,,,0.0,0.0,0.0
GRDC_6172033,2339 catchments,False,58.003611,25.921111,275.138426439074,,0.222859063428162,27.7040866915384,,,0.0120210868121543,0.0,0.0
GRDC_6172036,2339 catchments,False,59.373056,26.582778,416.525025038708,,0.2588186315558,32.4958385474295,,,0.0,0.0,0.0
GRDC_6172037,2339 catchments,False,59.023767,27.105428,339.074317343587,,0.253203589651373,33.6591991673288,,,0.0,0.0,0.6518465
GRDC_6172039,2339 catchments,False,58.799167,25.476389,228.964218710511,,0.241169380250274,29.4135688899473,,,0.0,0.0,0.0
GRDC_6172040,2339 catchments,False,58.364444,22.822222,164.759291876427,,0.19895007147243,19.0677116345322,,,0.0,0.0,0.0
GRDC_6172041,2339 catchments,False,58.515278,25.061667,1094.41418097065,,0.230839620740611,28.6890582835431,,,0.0876678657896788,0.0,0.0
GRDC_6172042,2339 catchments,False,58.479722,24.994444,1854.88127362164,,0.216735246988726,26.9738148515029,,,0.100497103414789,0.0,0.3501238
GRDC_6172050,2339 catchments,False,58.463056,24.7675,5086.43127969631,,0.226726325320512,28.3585591644523,,,0.0696328151933357,0.0,0.1968647
GRDC_6172052,2339 catchments,False,58.518333,24.915556,2001.61335217521,,0.234851683110151,29.564107836043,,,0.0358847419266424,0.0,0.1758166
GRDC_6172053,2339 catchments,False,58.83,25.472778,582.524809923736,,0.245427389116773,30.9291621350809,,,0.0,0.0,0.3884248
GRDC_6172058,2339 catchments,False,58.700556,26.848889,276.716495128979,,0.237943503635819,28.844208664941,,,0.112395104133172,0.0,0.0
GRDC_6172200,2339 catchments,False,58.38,26.726111,7933.14675312551,,0.23672498160634,28.0166161951135,,,0.103978907573761,0.0,0.1745958
GRDC_6172220,2339 catchments,False,57.850833,26.1325,1099.74883734656,,0.226923376644062,28.4294721230403,,,0.0001253809268955,0.0,0.3884304
GRDC_6172230,2339 catchments,False,59.035303,27.088608,231.589828781824,,0.257223799285977,32.7072547603393,,,0.0,0.0,0.0
GRDC_6172236,2339 catchments,False,58.703056,25.927778,1077.58350940046,,0.258542087491165,31.292878468411,,,0.0276924006278537,0.0,0.0
GRDC_6172240,2339 catchments,False,58.602222,26.374722,788.713526325963,,0.256014720135026,31.174731516747,,,0.110589796289466,0.0,0.0
GRDC_6172260,2339 catchments,False,58.209167,27.112222,909.718765989151,,0.231234649804675,29.8436937441252,,,0.0035984128535026,0.0,0.1105162
GRDC_6172280,2339 catchments,False,58.095556,27.454444,1424.66098141793,,0.234114891789028,29.9576086279561,,,0.0,0.0,0.1234883
GRDC_6172351,2339 catchments,False,59.000833,27.740278,47860.3442137239,,0.235944908148823,28.8531482094196,,,0.0447103152192764,0.0,0.1790069
GRDC_6213800,3049 catchments,False,40.6990509033203,-2.03319811820984,3258.8,1273.98259109312,0.1345545147089941,,163.62574279700064,656.753094773751,0.243484254302259,0.0,0.127242389878139
GRDC_6213900,3049 catchments,False,40.4703178405762,-1.79498565196991,401.2,1578.31597222222,0.1914451353538115,,370.5795782800852,775.5955282609644,0.552311506122351,0.0,0.0
GRDC_6229100,3049 catchments,False,58.8263397216797,11.6172485351563,630.3,142.139007092199,0.1665753353399206,,568.2273231522406,884.893215606681,0.145960623489892,0.0,0.0
GRDC_6229500,3049 catchments,False,60.0415534973145,12.8250312805176,48423.9,255.105688874573,0.2504628169157594,,350.2999267578125,823.592585172624,0.518638715897624,0.628576072457998,0.185197400234038
GRDC_6232100,2339 catchments,False,68.3588,18.8125,1263.92047275682,,0.625745430467882,72.7249040893363,,,0.0,0.0,0.0
GRDC_6232101,2339 catchments,False,68.1936,19.9859,3407.46200316719,,0.570970760854794,64.3948180812172,,,0.0,0.0,0.0
GRDC_6232900,2339 catchments,False,67.2238,23.5488,14428.8200533245,,0.44449587064144,60.3767405001507,,,0.0022748803365336,0.0,0.0
GRDC_6232901,2339 catchments,False,67.2233,23.5512,14428.8769593673,,0.444495690077181,60.3767238381881,,,0.0022748713646339,0.0,0.0
GRDC_6232905,2339 catchments,False,68.4437,22.4779,5851.75430603361,,0.488547415401901,64.4886598077594,,,0.0,0.0,0.0
GRDC_6232910,2339 catchments,False,66.0307,24.0211,39523.8103682743,,0.450933082846841,59.3250613608393,,,0.0092922842652195,0.0,0.0
GRDC_6232911,2339 catchments,False,67.2074,23.3959,14428.6828157923,,0.44449630622661,60.3767860259625,,,0.0022749019739185,0.0,0.0
GRDC_6232915,2339 catchments,False,67.4279,22.546,5541.26824111762,,0.44221833913939,61.3175627008701,,,0.0014800816695763,0.0,0.0
GRDC_6232916,2339 catchments,False,68.3607,18.7841,593.981420263548,,0.638486909247657,76.9365885181105,,,0.0,0.0,0.0
GRDC_6232930,2339 catchments,False,68.0356,21.9758,3601.09415429576,,0.458257882688409,62.8163190143062,,,0.0,0.0,0.0
GRDC_6232960,2339 catchments,False,68.3706,22.1698,375.071930312072,,0.42219908738546,59.6785075883242,,,0.0,0.0,0.0
GRDC_6233100,3049 catchments,False,57.5288467407227,12.8128252029419,2136.4,151.934213373729,0.1505484676641105,,550.5900431700858,934.036073727977,0.401803881550829,0.0,0.51776961433158
GRDC_6233110,2339 catchments,False,61.73,16.93,1811.91196481447,,0.328935910487243,37.5672317553828,,,0.0612909087010256,0.0,0.0
GRDC_6233112,2339 catchments,False,60.68,17.11,2275.16362765139,,0.282857384642357,33.7881418712753,,,0.172970127126147,0.0,0.320536
GRDC_6233113,2339 catchments,False,60.6794,17.1122,2275.23974323672,,0.282856703971001,33.7880110980625,,,0.172964340605184,0.0,0.3213914
GRDC_6233114,2339 catchments,False,62.08,16.78,631.045714689878,,0.33709871692592,44.6582197918607,,,0.0038982358784016,0.0,0.0
GRDC_6233116,2339 catchments,False,64.8347,20.9857,909.144236301347,,0.388418196337776,50.7705164061004,,,0.0711793733009661,0.0,0.0
GRDC_6233122,2339 catchments,False,60.8604,16.8109,975.072881645817,,0.302788381909599,38.3495193615109,,,0.0343702787367668,0.0,0.0
GRDC_6233124,2339 catchments,False,64.9556,21.1848,3623.83941126105,,0.402810449167998,52.9948930412187,,,0.0038014906825531,0.0,0.0
GRDC_6233126,2339 catchments,False,63.5635,18.5983,3015.77231519412,,0.387529494309982,50.6774770681657,,,0.0109355557411943,0.0,0.0
GRDC_6233132,2339 catchments,False,58.82,16.93,4012.62751981115,,0.201660622309325,22.5763274011062,,,0.923236632002253,0.0,0.2317758
GRDC_6233133,2339 catchments,False,58.8132,16.9375,4022.08614801524,,0.201643380242298,22.5701828971416,,,0.921065482075288,0.0,0.2312287
GRDC_6233150,3049 catchments,False,56.8140144348145,13.2757148742676,262.6,166.80608365019,0.1444671542920686,,693.9033959308018,958.585352750971,0.114943601191044,0.0,0.0
GRDC_6233170,3049 catchments,False,57.0776824951172,14.0105857849121,5470.1,194.827562564278,0.1810426507699049,,369.0942920260011,824.7122868685574,0.499802084992929,0.0,0.218264036912246
GRDC_6233200,2339 catchments,False,61.8203,12.4391,567.562169560539,,0.379645623975125,54.6240354850545,,,0.0,0.0,0.0
GRDC_6233201,3049 catchments,False,60.9367446899414,14.6626853942871,28359.0,399.050240497419,0.3160225009120072,,395.6927174634315,782.8178176377809,0.063044563279768,0.0782321820365699,0.182489911539425
GRDC_6233205,2339 catchments,False,61.3076,13.011,1086.58181802753,,0.360310171689358,53.9884193915481,,,0.0,0.0,0.0
GRDC_6233220,2339 catchments,True,62.5211,12.3812,230.437986499118,,0.45506268354345,59.9375505595747,,,0.0,0.0,0.0
GRDC_6233221,3049 catchments,False,61.940372467041,14.6872053146362,20161.7,459.59554395825,0.3523166164354702,,353.88702728009264,738.530267619443,0.0227418815645246,0.135921226772669,0.0627726057958687
GRDC_6233227,2339 catchments,False,62.5454,12.6109,340.065643771747,,0.476083374248312,61.7980908129111,,,0.0,0.0,0.0
GRDC_6233250,3049 catchments,False,56.4535484313965,13.9732141494751,3514.2,124.129559578492,0.1566513525280286,,321.5094269421206,785.1387555861003,1.5244366042316,0.0,0.262221333743009
GRDC_6233320,2339 catchments,False,58.38,12.32,48173.0496212199,,0.239813821738322,28.6497139200308,,,0.831769739813316,4.68175605093797,0.1888856
GRDC_6233360,2339 catchments,False,57.1431,16.4513,4569.71395192562,,0.217732907984335,22.9235157479282,,,0.732150368986057,0.0,0.1913999
GRDC_6233366,2339 catchments,False,57.5789,14.8627,147.838473271393,,0.221099939756772,24.6376766046054,,,0.512026883803906,0.0,0.4776645
GRDC_6233400,2339 catchments,False,63.4719,15.4369,2366.99449715849,,0.370091505065427,50.4694519101274,,,0.0213346301819988,0.0,0.0
GRDC_6233401,3049 catchments,False,63.2891273498535,14.5959005355835,25590.2,504.251811295282,0.412931118609758,,549.1677360012108,918.2945973493212,0.0170411450397891,0.220633557367998,0.0954013890503267
GRDC_6233412,2339 catchments,False,59.3221,16.4659,4125.17602014713,,0.206558138642491,20.358231474129,,,0.927029995570014,0.0,0.9932754
GRDC_6233414,2339 catchments,False,59.7749,16.1873,2802.91121355144,,0.273304606209452,33.6915164423483,,,0.0907678018105341,0.0,0.2062975
GRDC_6233440,2339 catchments,False,58.8585,16.6994,2435.1129966288,,0.203044312971231,22.1828388242655,,,0.626227089505854,0.0,0.3406423
GRDC_6233450,2339 catchments,False,64.8361,14.2388,415.08060198813,,0.571508014267849,64.6533327445377,,,0.004207917316139,0.0,0.0
GRDC_6233460,2339 catchments,False,63.7355,13.0134,157.73477653644,,0.482569737148599,54.6698665132771,,,0.0,0.0,0.0
GRDC_6233465,2339 catchments,False,63.5227,12.3969,227.466062907516,,0.455821571675008,59.4048878873536,,,0.0,0.0,0.0
GRDC_6233470,2339 catchments,False,64.0641,14.1126,1118.90716864362,,0.476192406388557,58.9273296562087,,,0.0341878984667362,0.0,0.0
GRDC_6233500,2339 catchments,False,65.7413,15.0544,353.404091637844,,0.571140430742078,66.5442202832557,,,0.00391921593517,0.0,0.0
GRDC_6233510,2339 catchments,False,64.2233,19.7036,11869.5701343176,,0.451960955637469,57.4405317721539,,,0.0035476909888271,0.0,0.0
GRDC_6233520,2339 catchments,False,65.748,15.3907,1081.46104550349,,0.564704918165238,67.8494188943648,,,0.0,0.0,0.0
GRDC_6233530,2339 catchments,False,65.8315,14.9033,204.058876737143,,0.593071239355558,69.5089526022423,,,0.0,0.0,0.0
GRDC_6233550,2339 catchments,True,62.6617,16.2902,162.600911542342,,0.337027705340936,46.2414617449208,,,0.0,0.0,0.0
GRDC_6233551,3049 catchments,False,62.6735496520996,14.8938608169556,12095.7,436.50612271626,0.359231842433141,,326.3262965351323,737.1551891065266,0.0393714549429289,0.19090015916353,0.0340413953119804
GRDC_6233600,2339 catchments,False,60.0194,17.7307,263.028311197447,,0.23012917169924,27.2216300509197,,,0.905885879384388,0.0,0.0
GRDC_6233650,3049 catchments,False,64.2615966796875,15.8932065963745,30725.5,469.306088346411,0.4309857037930182,,504.34227889816975,849.3131850285092,0.0101699600442115,0.300265979670915,0.0277777782669573
GRDC_6233680,2339 catchments,True,65.5317,17.4761,6134.78807760689,,0.497200257364957,63.6610340528973,,,0.0011309909161329,0.0,0.0
GRDC_6233690,3049 catchments,False,65.7114639282227,18.2772636413574,11639.9,489.623168581677,0.4558532934797141,,432.9931119801658,776.0786066643442,0.0041029743459585,0.426245504816378,0.0990076905957177
GRDC_6233700,2339 catchments,True,63.4332,18.3034,1416.46400582298,,0.368905093805869,48.2430999280055,,,0.0213454566413038,0.0,0.0
GRDC_6233710,2339 catchments,True,65.5328,21.2088,10795.3755854799,,0.461940602574271,57.1767131174048,,,0.0054370434354913,0.0,0.00933
GRDC_6233720,2339 catchments,False,63.701,19.6072,2513.78725894045,,0.384865832824871,51.5038122573541,,,0.0302167253112562,0.0,0.0
GRDC_6233750,3049 catchments,False,66.9673690795898,18.8770313262939,24917.0,604.126691547632,0.5287594293345642,,639.972709395192,931.7322103902076,0.0044150072806602,0.668083127904052,0.0370604011677106
GRDC_6233780,2339 catchments,True,66.0206,21.97,3749.62537705492,,0.405307443236117,55.2467666928016,,,0.000701757136396,0.0,0.0
GRDC_6233800,2339 catchments,False,66.1675,21.8128,983.429124530785,,0.406058368695922,54.6417709722581,,,0.0,0.0,0.0
GRDC_6233850,2339 catchments,False,66.1697,22.812,17138.8885079913,,0.445061110499855,59.0065994647459,,,0.0159425960402591,0.0,0.0
GRDC_6233870,2339 catchments,False,66.1117,23.3236,488.475751057105,,0.402521478458856,51.3161915513959,,,0.073097684700937,0.0,0.0
GRDC_6235100,3049 catchments,True,47.2912216186523,9.97359466552734,227.5,1455.15342465753,0.3510085974860704,,1861.638841548017,1872.2360175411409,0.0199182201176882,0.0,0.130718958098441
GRDC_6235101,2339 catchments,False,47.33,9.9728,148.543891457825,,0.368546989546149,57.3908211795612,,,0.0279353516744386,0.0,0.0
GRDC_6235400,2339 catchments,False,47.26083333,9.579166667,1291.47369843593,,0.425516070807656,61.0459943252706,,,0.0346578647661438,0.0,1.4237544
GRDC_6235500,2339 catchments,False,47.476944,9.775278,823.73396279597,,0.302687652891477,47.485137680289,,,0.0050375801343422,0.0,0.4719768
GRDC_6242100,2339 catchments,False,48.31,14.3,79498.8797602382,,0.233190951673085,28.5567005687169,,,0.475414387174353,2.97421095553189,3.6333458
GRDC_6242200,3049 catchments,False,47.1418685913086,15.788179397583,195.5,397.914110429448,0.1263574868979939,,178.22800537517884,797.4293759656985,0.593012355268002,0.0,0.0
GRDC_6242240,2339 catchments,False,47.7417,15.3056,280.081288318466,,0.278266695317603,40.5666854162822,,,0.0,0.0,0.0
GRDC_6242250,3049 catchments,True,47.6078567504883,14.4113512039185,5929.9,1153.39966718872,0.3146650155739328,,1080.5527282538876,1526.7552573090863,0.0334687543103891,0.0,0.782871987058909
GRDC_6242251,2339 catchments,False,47.3828,13.4258,132.606577866788,,0.414511229449764,56.4950273263917,,,0.0067053034511943,0.0,0.0
GRDC_6242260,2339 catchments,False,47.7653,14.1706,190.248083453176,,0.31332961727316,50.3696934647631,,,0.0014530613656631,0.0,0.1317469
GRDC_6242281,2339 catchments,False,47.7236,14.2964,148.114712514277,,0.292195173316864,46.5919354858925,,,0.0156940506961834,0.0,0.0
GRDC_6242290,2339 catchments,False,47.5483,14.3061,373.068228033437,,0.326090851354087,50.2219777244103,,,0.0,0.0,0.268602
GRDC_6242420,3049 catchments,False,48.4448318481445,15.3397054672241,302.4,674.37339055794,0.1527096169342008,,193.40386749482403,893.3072160907159,1.08793804345187,0.0,0.1372549100779
GRDC_6242500,3049 catchments,False,48.1583824157715,11.8469190597534,101356.0,798.721666374776,0.2463237378263398,,596.0422992225423,1179.792274752373,0.413162971014934,0.0373105375675473,0.980794880415178
GRDC_6242510,2339 catchments,False,47.4975,10.71,1002.95059268264,,0.398978011450441,61.5087868714456,,,0.0,0.0,0.0994
GRDC_6242600,2339 catchments,False,47.8061,13.7675,1222.21604158085,,0.329361018619446,49.9202459073502,,,0.0097932456660614,1.25598038881584,0.4384952
GRDC_6242951,2339 catchments,False,47.39,11.26,203.024339594485,,0.33532752396278,56.4093861579119,,,0.0,0.0,0.0
GRDC_6243030,3049 catchments,False,46.8720932006836,10.4903593063355,5755.1,2125.62633560598,0.5149456251753692,,906.0861502803184,1452.912902513958,0.382596896955452,0.070224258870889,0.790255521471151
GRDC_6243110,2339 catchments,False,46.8628,10.9186,166.221026465029,,0.557012391505221,91.4525253768649,,,0.198472483886229,0.0,0.0
GRDC_6243200,2339 catchments,False,47.4553,12.39,153.92271633652,,0.368984110198293,56.0991086952684,,,0.0504210738808736,0.0,0.4985555
GRDC_6243201,2339 catchments,False,47.52,12.4192,331.502275707411,,0.352237244854016,54.6548087564979,,,0.0457511094369657,0.0,0.4135553999999999
GRDC_6243210,2339 catchments,False,47.52,12.4031,146.258090795353,,0.343252902046946,53.6121012795132,,,0.0506341098934938,0.0,0.0
GRDC_6243220,2339 catchments,False,47.5197,12.4425,168.18709978275,,0.330988718480354,54.3537811901677,,,0.0253687960077487,0.0,0.0076
GRDC_6243230,2339 catchments,False,47.4414,12.8197,105.341530223216,,0.339298149821092,54.504227239305,,,0.0785026362465699,0.0,0.0
GRDC_6243235,2339 catchments,False,47.4281,12.8389,118.918822116048,,0.356461592352199,56.0397513876806,,,0.0190432742569677,0.0,0.5307101
GRDC_6243240,2339 catchments,False,47.7264,13.0428,431.170215106831,,0.301601704569588,53.3838884925634,,,0.0021873708874303,0.0,0.3489916
GRDC_6243245,2339 catchments,False,47.81694444,13.0375,4421.3109609341,,0.388892493943963,57.9922904409487,,,0.0265499852785481,4.09266342047258,0.9286318
GRDC_6243250,2339 catchments,False,47.81222222,12.975,1138.03516042894,,0.312836455768949,52.1212309019491,,,0.10987713627584,0.0,1.4807525
GRDC_6243300,2339 catchments,False,47.4911,12.1044,323.575666429127,,0.357341655752845,55.2408453183298,,,0.0251116101815122,0.0,0.3874132
GRDC_6243355,2339 catchments,False,47.0631,11.5003,109.656846960078,,0.487949797124465,67.1141330025615,,,0.0,0.0,0.0
GRDC_6243360,2339 catchments,False,47.0933,11.4658,112.748134467664,,0.496240006297288,65.2149833135437,,,0.0,0.0,0.3061892
GRDC_6243400,2339 catchments,False,47.1633,10.9108,782.489434492719,,0.52304830599723,75.2549913873617,,,0.0421606970553159,0.0,0.0
GRDC_6243450,2339 catchments,False,46.9381,10.49,108.154408538401,,0.567287019530287,71.2828257613243,,,0.401827573679929,0.0,0.0
GRDC_6243800,3049 catchments,False,48.1745719909668,13.51291847229,166.3,525.551724137931,0.13086039166528,,496.8975310204189,1125.4041094786114,0.0358906174078584,0.0,0.514705898240209
GRDC_6243850,3049 catchments,True,47.3801460266113,11.7900848388672,24264.6,1302.60421890068,0.3394450012676213,,947.4503941867004,1512.052406779672,0.140282673074342,0.0375196198548998,0.8138783296739919
GRDC_6246100,2339 catchments,False,47.39,14.91,268.902767042295,,0.289752711152449,46.5539792012923,,,0.0,0.0,0.3731903
GRDC_6246110,2339 catchments,False,46.6636,14.9456,953.15420739862,,0.179794898771786,30.4311494187066,,,0.209648355024616,0.0,0.8679418
GRDC_6246120,2339 catchments,False,46.7581,14.5333,312.615167920825,,0.199799111383861,33.2864490053836,,,0.167997779207485,0.0,0.0377
GRDC_6246130,2339 catchments,False,46.6239,13.2544,598.108577133357,,0.275644859691512,51.4900216200542,,,0.0928254467242249,0.0,0.2417173999999999
GRDC_6246160,2339 catchments,False,46.9744,12.5525,516.588542135072,,0.548349667893854,72.6582164525936,,,0.0,0.0,0.1456368999999999
GRDC_6246161,2339 catchments,False,47.02,12.34,106.885320529079,,0.5420749234829,73.5327936190935,,,0.0,0.0,0.0
GRDC_6246170,2339 catchments,False,46.9181,12.5139,268.022239015002,,0.506202241658356,66.1147905271968,,,0.0002602707418139,0.0,0.0
GRDC_6246590,2339 catchments,False,46.71166667,15.79333333,9777.17609850483,,0.255220785017275,36.532812610975,,,0.160172780321607,0.0,2.4125403
GRDC_6246600,2339 catchments,False,46.7106,15.6356,9537.66012841282,,0.257878395553779,37.0745382267176,,,0.148973316045768,0.0,2.4547415
GRDC_6246610,2339 catchments,True,47.266666,15.316667,6548.84225779748,,0.297501221604184,43.8484513080501,,,0.054850560606155,0.0,1.201668
GRDC_6246611,3049 catchments,False,47.3167533874512,14.6798410415649,6805.2,1256.45124871707,0.2806856627173762,,540.6996361071482,1262.067629780105,0.0468681506162252,0.0,0.835446267818294
GRDC_6246612,3049 catchments,True,47.3322715759277,14.6509981155396,6194.3,1293.1254131646,0.3141263328051152,,552.9821962309231,1250.6346361050705,0.0466560244542332,0.0,0.832862011604727
GRDC_6246620,2339 catchments,False,47.4261,15.26,153.688949115683,,0.285882584913056,42.0815965230696,,,0.0,0.0,0.1330919
GRDC_6246630,2339 catchments,False,47.1353,13.8036,378.361904687751,,0.414740647931999,56.9884818521907,,,0.0,0.0,0.0
GRDC_6246631,2339 catchments,False,47.1339,13.6842,103.457212120341,,0.425442955464603,58.6127195880777,,,0.0,0.0,0.0
GRDC_6246633,2339 catchments,False,47.127222,13.788889,366.894247368927,,0.426656734967417,59.3847580002555,,,0.0,0.0,0.0
GRDC_6246700,2339 catchments,True,47.5261,15.4731,727.206881642372,,0.256713286880881,37.9936411312383,,,0.0861604546806905,0.0,0.8619058
GRDC_6246701,2339 catchments,False,47.6572,15.5939,241.063677669154,,0.269792978174361,40.0045874097537,,,0.0367960342846179,0.0,0.0
GRDC_6246710,2339 catchments,False,47.4733,15.2558,323.962000133555,,0.295526394974574,42.6920521166334,,,0.1817769825136,0.0,0.0686
GRDC_6335125,3049 catchments,False,48.2886848449707,8.22629070281982,957.2,596.592321755028,0.1236218241559863,,747.9900427675959,1261.462773806035,0.0040907761348145,0.0,0.602240917838312
GRDC_6335290,3049 catchments,False,49.0491981506348,9.73824214935303,1925.7,409.792464296566,0.1092073124104911,,365.9365284312198,950.9076033966612,0.199106382418369,0.0,0.8664936690098219
GRDC_6337100,3049 catchments,False,51.1496772766113,9.60066509246826,17575.4,344.913727052622,0.1132655153783822,,294.65972640330074,848.1202597079541,0.0215636563825234,0.0499653837413436,0.983039840026816
GRDC_6337505,3049 catchments,False,51.1052436828613,8.62559604644775,1434.3,463.349943374858,0.140851960768169,,453.8510308064661,930.9881823178596,0.0005210201936559,0.30973356564339,0.2488687880731259
GRDC_6337507,3049 catchments,False,50.9205131530762,9.16029930114746,6323.9,375.986376488733,0.1181382691407609,,285.1889719770575,850.7979614922402,0.001573014688282,0.115106088579225,0.7149422374953119
GRDC_6337511,3049 catchments,False,50.805606842041,10.3532772064209,5138.8,407.084538258575,0.1292942992460248,,282.11248235927184,826.4783828085117,0.0469857657654517,0.0156668626477966,0.769865854496234
GRDC_6337512,3049 catchments,False,50.7278175354004,10.4308500289917,4283.7,424.718554463032,0.13239422905753,,291.45696872824345,833.314645176846,0.0583205853334706,0.0182737012253214,0.891176484369983
GRDC_6337513,3049 catchments,False,50.852108001709,10.3109331130981,5465.6,401.991453840803,0.1274993020129023,,284.6636264127889,825.4942425169687,0.0455885792601062,0.0145777736932259,0.7420223125247469
GRDC_6337514,3049 catchments,False,51.0521812438965,9.6484432220459,15877.5,361.675701378982,0.1163943755897191,,289.6566053849787,844.745797701397,0.0210124429986044,0.0561695994563275,0.947933244153958
GRDC_6337516,3049 catchments,False,50.9650382995606,9.68240642547607,14744.1,372.34644976918,0.1180067024569915,,286.1757240232655,840.8168182174265,0.0222522815820412,0.0597928289548315,0.9712124718196192
GRDC_6342200,2339 catchments,False,47.730411,10.316864,955.476685201593,,0.326048017533148,49.4168064442331,,,0.0,1.93911598515354,2.7366588000000003
GRDC_6342210,2339 catchments,False,47.51,10.33,124.618060263074,,0.346345660166105,54.2889728835407,,,0.0,0.0,0.4024304
GRDC_6342520,3049 catchments,False,49.1004180908203,10.7120847702026,1405.2,481.365447154472,0.1139286423583461,,222.00313285348292,860.8976668981065,0.225403668880463,0.0443767004609749,0.2941176565364
GRDC_6342531,2339 catchments,False,47.82952,10.640759,443.077747630889,,0.252438697046868,36.6656631483084,,,0.0,4.09728699997779,0.3395586
GRDC_6342570,2339 catchments,False,47.6,11.06,115.694579514271,,0.255039922175193,46.9582620992321,,,0.0,0.0,1.2807865
GRDC_6342600,3049 catchments,False,48.5967903137207,10.7483463287354,35318.6,619.754829075611,0.1643766025550872,,393.1427261556234,1052.1177108955744,0.435284902281109,0.018792827515413,0.962167948206526
GRDC_6342625,2339 catchments,False,49.042548,13.000042,625.45575696323,,0.206517516133565,30.3272873470683,,,0.0921539931711445,4.64194249880293,1.3637136
GRDC_6342900,2339 catchments,False,48.5824,13.504361,76647.7469750548,,0.235328867027419,28.8785815967452,,,0.460575207539441,2.83320817920734,3.7245625
GRDC_6342910,3049 catchments,False,48.3166427612305,10.1720409393311,26360.2,651.747148371427,0.169527410145765,,419.6513740246742,1102.5185026337106,0.46619672880752,0.0201149821265227,0.960082531307669
GRDC_6342920,3049 catchments,False,48.5695724487305,10.7267217636108,37581.2,607.611830670878,0.1620474930459564,,380.0387233130244,1042.0342698382967,0.561026157988725,0.0182689275739056,0.939975097988917
GRDC_6342926,3049 catchments,False,47.4718894958496,11.3911933898926,1376.5,1367.5307145842,0.2868494668666023,,472.868648144881,1751.6835639945584,0.0,0.162699026065175,0.640451850410065
GRDC_6342928,2339 catchments,False,47.443334,11.270803,392.21545500669,,0.328754298509206,55.7849877934109,,,0.0,0.0,0.1907622
GRDC_6342930,2339 catchments,False,47.665754,11.362965,680.812165484161,,0.274403893809148,48.5096832356581,,,0.0,0.0,2.6238018
GRDC_6342931,2339 catchments,False,47.502472,11.0649,387.587026298585,,0.296915299565492,53.4383366659899,,,0.0,0.0,2.0339542
GRDC_6342950,2339 catchments,False,47.43,11.26,109.396151290078,,0.313711040444032,54.9595909477536,,,0.0,0.0,0.0026999999999999
GRDC_6343100,3049 catchments,False,47.195972442627,11.1453905105591,11889.2,1665.92372505543,0.4140105563567579,,942.4102185416778,1518.3218858981566,0.248545292932143,0.0567797700187079,0.879483525073383
GRDC_6343110,2339 catchments,False,47.8881,11.831,215.107027676912,,0.225593802899685,39.0274788147682,,,0.0,0.0,0.3614552
GRDC_6343111,2339 catchments,False,47.71,11.9354,112.914931156127,,0.241718102058737,44.1906556394745,,,0.0,0.0,0.6666725
GRDC_6343500,3049 catchments,True,47.5282516479492,12.8662042617798,6658.1,1265.53836688055,0.3372264789165062,,1195.3707236084078,1704.8834847196892,0.0333046411022039,0.0290177393410537,0.8892073958985889
GRDC_6343530,2339 catchments,False,47.99121,12.542419,340.566976701492,,0.224931488678687,36.6267435166071,,,0.0,0.0,4.0349008
GRDC_6343535,2339 catchments,False,47.82,12.65,153.423625281348,,0.248529313928187,42.9285664819856,,,0.0,0.0,0.6449669
GRDC_6343550,2339 catchments,False,47.64,13.01,354.440732724629,,0.305264856542178,54.6232671674881,,,0.0018989819248418,0.0,0.3993362
GRDC_6343555,2339 catchments,False,47.62,12.95,121.798135862141,,0.30061259871912,54.6844328189366,,,0.0,0.0,0.0
GRDC_6343560,2339 catchments,False,47.681177,12.822811,944.44042935078,,0.324340438628502,54.0028727562213,,,0.0658420051802776,0.0,0.2654563
GRDC_6343570,2339 catchments,False,47.78,12.48,967.546732158865,,0.305884692282526,50.7249403631434,,,0.0333534232904287,0.0,0.5439516
GRDC_6343900,3049 catchments,False,47.425666809082,11.8259229660034,25908.2,1251.3225683379,0.331209622040287,,902.709409778942,1472.7002077574678,0.14939024817223,0.0377520268215737,0.780146530390794
GRDC_6349210,2339 catchments,False,46.88,11.41,206.371702935037,,0.441556523175125,62.2981758222369,,,0.0953915311224594,0.0,0.3610882
GRDC_6372100,2339 catchments,False,57.5362,25.4234,6743.28497092669,,0.225381315512584,29.6183738075581,,,0.0058714828726687,0.0,0.0558
GRDC_6373300,2339 catchments,False,55.863856,26.514036,64731.5323057883,,0.246827269590584,32.8007821672787,,,0.269071147547458,0.0,0.2112239
GRDC_6373304,2339 catchments,False,56.49759722,25.89148306,70819.4567703946,,0.244448033721228,32.4014283145919,,,0.247651571715695,0.0,0.2139948
GRDC_6401080,3049 catchments,False,64.7950057983398,-20.5533714294434,1735.6,670.069991438356,0.5414184650881734,,1538.8400116235962,1260.801828843402,0.0,0.0,0.0
GRDC_6401090,3049 catchments,False,64.3736114501953,-20.2538471221924,5769.0,492.692585428756,0.4339959778931774,,2096.8969556496545,1631.9189442681095,0.0,0.0,0.0
GRDC_6401130,2339 catchments,False,64.9839,-15.0883,613.514192843854,,0.670822390236902,80.9778421823506,,,0.0,0.0,0.0
GRDC_6401160,2339 catchments,False,64.75281,-14.48605,106.463456259415,,0.501534796329018,69.5122659807048,,,0.0,0.0,0.0
GRDC_6401200,3049 catchments,True,65.1239776611328,-18.8959808349609,836.7,760.871904355252,0.6230200142039019,,846.775024330277,1018.4770599426274,0.0,0.0,0.0
GRDC_6401250,2339 catchments,False,65.30184,-20.10668,465.76526760268,,0.528478590222683,63.747671582365,,,0.0,0.0,0.0
GRDC_6401400,2339 catchments,False,65.8507,-17.89667,1126.94628344046,,0.653804981663527,74.7146663929132,,,0.0,0.0,0.0
GRDC_6401440,2339 catchments,False,63.78048,-19.4171,574.529461562623,,0.55094021403487,77.2699973983044,,,0.0,0.0,0.0
GRDC_6401460,2339 catchments,False,66.19809,-15.59652,267.134848711399,,0.624830290898649,64.1694150681283,,,0.0,0.0,0.0
GRDC_6401500,2339 catchments,False,63.9509,-17.63609,642.060406505737,,0.675376430837073,93.2577408033693,,,0.0,0.0,0.0
GRDC_6401600,2339 catchments,False,65.39387,-17.30439,1070.10668112672,,0.694833034703788,76.8268337460966,,,0.0,0.0,0.0
GRDC_6401601,2339 catchments,False,65.49459,-19.384,389.106449453971,,0.528720696211036,65.1716418206761,,,0.0,0.0,0.0
GRDC_6401610,2339 catchments,False,65.37076,-17.34691,2277.24064515282,,0.717777977532007,79.3149050185842,,,0.0,0.0,0.0
GRDC_6401703,2339 catchments,False,65.06074,-16.21187,2116.82839232074,,0.770920292054515,86.5242559738908,,,0.0,0.0,0.0
GRDC_6401800,3049 catchments,True,65.0404205322266,-14.8543720245361,2899.4,542.173362058041,0.6243901247052701,,1475.545839277092,1283.8289322883732,0.0,0.0,0.0
GRDC_6444090,2339 catchments,False,48.1034,22.8289,9221.08956557351,,0.238084996381606,37.5871583590401,,,0.15072375174701,0.0,1.0957142
GRDC_6444100,3049 catchments,False,47.2986602783203,22.1932315826416,138651.0,382.680273990979,0.1511507792290927,,191.9172519697452,851.9270121265783,1.83177849762097,0.0776231919466376,0.660331454549218
GRDC_6444110,3049 catchments,False,46.1959686279297,23.0721549987793,29876.3,575.938100532042,0.1562387326754517,,186.2673383250269,903.3447802702352,0.853672141358011,0.084115832641708,0.503470161438563
GRDC_6444380,3049 catchments,False,48.460578918457,20.4199028015137,6438.3,381.13449197861,0.159204715686639,,146.63079632822323,764.7702580871517,1.1670717982406,0.0305617404159148,0.6610962644812061
GRDC_6444600,3049 catchments,False,47.2400856018066,23.7041473388672,15234.0,528.223500536892,0.1613006089291659,,261.83049074438753,950.9251006138686,0.141490914571477,0.0968759059065713,0.52801394404014
GRDC_6457200,3049 catchments,False,53.0662460327148,17.2399921417236,16070.6,106.787184403963,0.122541195071335,,142.326738916704,688.974704160399,1.14583113949555,0.0,0.7048139897121399
GRDC_6457210,3049 catchments,False,53.6703262329102,16.9722175598145,1937.8,149.672566371681,0.1399257353352973,,186.80702180676167,728.6619260951284,0.109579300179201,0.0,0.4887543379000439
GRDC_6457240,3049 catchments,False,51.5380249023438,19.2606544494629,783.4,193.523415977961,0.1360177380299147,,167.29676438267975,719.9256051337206,0.382699603747044,0.0,0.668767523685736
GRDC_6457290,3049 catchments,False,51.6273384094238,17.9135551452637,418.6,144.224867724868,0.1187953695511653,,118.74409489187562,680.337632684812,0.417865222586053,0.0,0.294117656137262
GRDC_6457360,3049 catchments,False,52.9144134521484,17.3491268157959,230.8,93.9436936936937,0.1292273472283357,,95.38225892547658,650.6301248278339,0.0921165898442268,0.0,0.333333341404796
GRDC_6457707,3049 catchments,False,51.1796379089356,15.6855020523071,4359.0,320.904401735896,0.1584568258990716,,269.9840181932434,842.0579314473291,0.20195380553958,0.0771467797537888,0.915616263990246
GRDC_6457955,3049 catchments,False,51.1433715820313,18.2636318206787,1266.0,195.127741935484,0.1261543219623986,,125.190982897177,720.7973167957473,0.189508790895343,0.0,0.667647073511034
GRDC_6457990,3049 catchments,False,53.3286857604981,15.2879943847656,2221.9,65.496644295302,0.1075450186663575,,180.85562211738093,713.1668627221226,0.395174208941848,0.0,0.487916109552824
GRDC_6458203,3049 catchments,False,49.6872520446777,19.6622276306152,833.5,577.903846153846,0.2083198085659299,,468.1873002790746,1124.1728405752538,0.0202231957976307,0.434768360328404,0.3991596766614489
GRDC_6458402,2339 catchments,False,49.48444444,20.03111111,436.025596663687,,0.254280495885534,38.068644440504,,,0.463919943387162,0.0,1.0810433
GRDC_6458404,2339 catchments,False,49.42361111,20.325,1129.45580593813,,0.247834767196186,38.0872231575834,,,0.28849847247351,0.0,1.5546587
GRDC_6458406,3049 catchments,False,49.3347015380859,20.3916339874268,4528.0,783.607441060904,0.2229846455784453,,452.4702169611308,987.3542851340384,0.123241105360822,0.116928675204635,0.456057426414364
GRDC_6458440,2339 catchments,False,49.68055556,18.85027778,104.773865129359,,0.210791847715949,29.8305592096754,,,0.0,0.0,1.4367951
GRDC_6458530,2339 catchments,False,49.51388889,19.11638889,256.262618347636,,0.240639613873075,35.01537394382,,,0.202255542609514,0.0,0.4895693
GRDC_6458713,2339 catchments,False,50.98527778,23.17666667,2990.57092616679,,0.158612549542192,17.6699607067366,,,0.0903141806543362,4.97828118580641,0.7440888
GRDC_6458753,3049 catchments,False,50.7916793823242,19.8176784515381,2567.0,266.662447257384,0.1454527166466531,,183.66189895157603,770.3921734231029,0.167837286406026,0.0,0.345138067436614
GRDC_6458805,2339 catchments,False,52.94888889,22.955,3389.81141615284,,0.173088054297517,19.2563573141215,,,0.22530124732821,0.0,0.4866969
GRDC_6458863,3049 catchments,False,53.7215042114258,21.6183738708496,3451.9,137.027047220562,0.1635257217035643,,186.9250796473776,726.6471043860482,1.00009596206025,0.0,0.346429627944729
GRDC_6458924,3049 catchments,False,52.2406578063965,22.1329689025879,2419.3,153.455219001961,0.1585013771279205,,135.92918972250328,719.7920670657204,0.478298173464359,0.0,0.755110562362886
GRDC_6544100,3049 catchments,False,47.2627449035645,22.1485748291016,140692.9,378.7922976798,0.1412790679703336,,185.88335976934377,878.4826401245239,1.8316596615027,0.0784220727293402,0.684817786345333
GRDC_6545190,2339 catchments,False,46.34,14.1654,894.254697564569,,0.18328035791223,33.8946045381063,,,0.0,0.0,1.3634515
GRDC_6545300,3049 catchments,False,46.2859649658203,15.0670289993286,1843.7,603.877080665813,0.1330454181219545,,699.4757754849154,1126.5425470982818,1.69313207690914,0.0,0.473039223191639
GRDC_6545700,3049 catchments,False,42.91015625,19.7653770446777,3056.9,1193.92284013954,0.3034322883690998,,739.4694577840295,1193.7095693639592,0.0526839280310942,0.0,0.109543820976147
GRDC_6546610,2339 catchments,False,46.6811,15.9956,10161.2176494291,,0.251138330502937,35.6626466383083,,,0.21697462734777,0.0,2.3440525
GRDC_6559101,2339 catchments,False,46.2479,13.5866,447.498852218192,,0.148420594903894,32.0243105418662,,,0.0,0.0,0.0
GRDC_6559180,2339 catchments,False,46.3149,13.4942,337.276811175017,,0.159576930595102,34.1781438502102,,,0.0,0.0,0.0
GRDC_6573100,2339 catchments,False,55.93333333,21.48333333,1212.59635974806,,0.178753168929578,21.8578083087777,,,0.0217804366346007,0.0,0.3936397
GRDC_6574200,2339 catchments,False,54.4,23.2333,472.403806807011,,0.179783204260993,21.9374029949566,,,0.0029604415989635,0.0,0.0
GRDC_6574300,2339 catchments,False,55.1667,23.85,5511.34118041767,,0.1864844176023,22.8684018994324,,,0.274086116019727,0.0,0.588479
GRDC_6574360,2339 catchments,False,55.25,24.75,5300.87638015684,,0.208237444705013,26.3868185527303,,,0.0063962624263292,0.0,0.2001772
GRDC_6604150,3049 catchments,False,57.4948921203613,-5.30457544326782,143.9,376.049122807018,0.1053634782098475,,2355.55757460296,1904.2965101517957,0.0,0.0,0.0
GRDC_6604180,3049 catchments,False,56.5296974182129,-4.77979421615601,246.2,399.673553719008,0.1253388890963015,,2888.9175345436697,1972.2889965984557,0.0,0.0,0.0
GRDC_6604605,3049 catchments,False,56.5742454528809,-4.36117601394653,378.4,562.292011019284,0.1867213520034612,,1040.8289794921875,1552.790186091295,0.0208160706928798,0.316309892616986,0.0
GRDC_6604610,3049 catchments,False,56.6404571533203,-3.95395231246948,4587.7,409.911755599133,0.1880243535616715,,1180.6719970703125,1283.3931851917048,0.340939167473051,0.0792388934946062,0.171073483223227
GRDC_6604620,3049 catchments,False,56.8716850280762,-2.79689455032349,730.3,319.427590940288,0.155779113785464,,845.08544921875,1024.0839873013658,0.56330862431787,0.0,0.108762257150374
GRDC_6604630,3049 catchments,False,56.3579635620117,-3.98323011398315,780.7,277.858723958333,0.1272114248596133,,1188.46435546875,1323.469019323626,0.719849941553548,0.0519055756439767,0.41513481119182
GRDC_6604640,3049 catchments,False,56.2888145446777,-4.39133167266846,514.8,351.373869346734,0.1325786925849189,,1511.043212890625,1653.2907884964595,0.0669208526611328,0.122751938947051,0.0784313771873713
GRDC_6604645,3049 catchments,False,56.2576942443848,-3.89008712768555,166.9,225.548701298701,0.104556755750067,,1010.5477905273438,1197.237059988598,0.551602567856511,0.0,0.0
GRDC_6604650,3049 catchments,False,57.182300567627,-3.80299925804138,2862.9,456.274647887324,0.2004722676735347,,724.81787109375,1094.9562365690213,0.0373577693568879,0.0,0.131388624641495
GRDC_6604655,3049 catchments,False,57.2475547790527,-3.92769575119019,271.5,467.038961038961,0.1809240732544706,,704.4284057617188,1058.2871713379395,0.0888010784983635,0.0,0.049019610742107
GRDC_6604690,3049 catchments,False,55.5697937011719,-3.22001171112061,1489.9,363.125339673913,0.1134231406860632,,790.6317749023438,1092.8118444595366,0.0477873074289944,0.0669385781420947,0.227591045300609
GRDC_6604750,3049 catchments,False,55.5486526489258,-2.77991652488709,4383.8,262.886686821185,0.1027336080897461,,585.3380737304688,948.5085872769754,0.409359901843052,0.0307308211397618,0.235873928433785
GRDC_6604800,3049 catchments,False,57.025936126709,-3.19057559967041,1400.4,515.057312252964,0.2418111636145192,,845.3990478515625,1066.0514698015909,0.0249448875928747,0.0,0.125084519546864
GRDC_6604820,3049 catchments,False,57.0259513854981,-3.05740237236023,1851.5,448.418574736301,0.2171524377868514,,815.2398681640625,1065.0087765732185,0.0382581215940024,0.0,0.146413832829383
GRDC_6604830,3049 catchments,False,57.2328453063965,-2.75872302055359,1223.9,263.270450097847,0.153710794535165,,541.79345703125,930.7139982106772,0.250573195517063,0.0,0.8047385752433909
GRDC_6604850,3049 catchments,False,57.4371566772461,-2.85521197319031,949.1,245.286365940193,0.1125629744997258,,563.36474609375,940.8084186630334,0.317147175478749,0.0,0.205882359296083
GRDC_6604860,3049 catchments,False,57.3273048400879,-3.9498815536499,775.7,445.023493975904,0.1359219089234723,,801.0399780273438,999.816947052684,0.0024683078130086,0.0,0.0
GRDC_6604870,3049 catchments,False,57.2998237609863,-4.69978857040405,115.3,342.2,0.1507232289265228,,908.0275268554688,1368.9749381473414,0.0,0.0,0.0
GRDC_6604920,3049 catchments,False,55.3556251525879,-2.91692638397217,334.9,282.407290015848,0.1036044925416999,,832.9178466796875,1036.081463423429,0.115923694024483,0.0,0.980392191559076
GRDC_6605590,3049 catchments,False,54.5811347961426,-2.06193423271179,862.2,357.748059701493,0.1095128343827286,,672.4412254697286,989.9469806773652,0.283620778936893,0.13210791104468,0.41973040351877
GRDC_6642200,2339 catchments,False,48.1675,25.719166,666.219555124746,,0.194654756780718,27.5706633334766,,,2.67919480020769,0.0,0.349881
GRDC_6646800,2339 catchments,False,45.77464,18.17244,37854.0653415714,,0.225596291117281,28.3701716659904,,,0.375851184091885,3.56815806346102,1.7285704
GRDC_6729110,2339 catchments,False,62.00772,7.86636,159.002579995572,,0.665928239381033,80.7934211488618,,,0.0,0.0,0.0
GRDC_6729125,2339 catchments,False,61.87,7.77,239.700491157516,,0.674233722169497,80.9280982993264,,,0.0,0.0,0.0
GRDC_6729130,2339 catchments,False,59.68,6.02,131.213887834936,,0.324440376888927,58.3542595131429,,,0.951416038430388,0.0,0.0
GRDC_6729132,2339 catchments,False,61.72623,8.29603,255.864955246002,,0.650997994367716,76.8618566699838,,,0.0,0.0,0.0
GRDC_6729140,2339 catchments,False,60.38,6.74,231.41589679614,,0.582059527121382,73.8142934769866,,,0.0,0.0,0.0
GRDC_6729180,2339 catchments,False,60.79921,6.50157,156.710378885952,,0.519024407958396,72.8236716136352,,,0.232384576515458,0.0,0.0
GRDC_6729200,2339 catchments,False,60.63,6.28,1030.03457324667,,0.520264602469666,70.5969610464045,,,0.908063824232718,0.0,0.0243999999999999
GRDC_6729233,2339 catchments,False,59.07,8.02,120.666110256208,,0.399962746313143,49.0963824628023,,,0.0,0.0,0.0
GRDC_6729250,2339 catchments,False,58.4,7.23,267.170277816828,,0.306565671295743,42.4393629053074,,,0.53763422436721,0.0,0.0
GRDC_6729265,2339 catchments,False,58.44589,7.58499,182.27571919246,,0.302164401741018,38.8219192480272,,,0.179416390510193,0.0,0.0
GRDC_6729280,2339 catchments,False,58.85,8.1,276.113941566007,,0.400498186399078,50.8302225597553,,,0.0,0.0,0.0
GRDC_6729300,2339 catchments,False,60.93,9.63,598.056807065649,,0.411487409434563,59.9683470448127,,,0.0340950894849998,0.0,0.0
GRDC_6729315,2339 catchments,False,60.15176,9.43439,313.853445338171,,0.384359330584969,58.0847878420482,,,0.70874332985536,0.0,0.0
GRDC_6729320,2339 catchments,False,59.7,9.55,149.51152271372,,0.351364505524383,50.1081173699216,,,0.49000415787429,0.0,0.0
GRDC_6729371,2339 catchments,False,58.33046,8.20306,1778.11039765344,,0.305202559958138,38.3265733283404,,,0.116766391762828,0.0,0.0
GRDC_6729375,2339 catchments,False,58.38,8.11,299.047447854404,,0.261592243744823,32.3675413603308,,,0.159201871286039,0.0,0.0
GRDC_6729388,2339 catchments,False,59.34851,8.78597,117.337557826498,,0.353681675895853,47.3362023514414,,,0.0,0.0,0.0
GRDC_6729390,2339 catchments,False,59.67317,8.06739,116.035061874268,,0.459870781168297,55.6700904871365,,,0.0,0.0,0.0
GRDC_6729401,2339 catchments,False,60.88,11.56,15505.2713415186,,0.412521844970775,58.0322319070699,,,0.433476624839129,0.0,0.00158
GRDC_6729410,2339 catchments,False,61.85,10.22,488.731929581871,,0.451768020066319,64.3347628041087,,,0.0,0.0,0.0
GRDC_6729420,2339 catchments,False,59.89339,10.50839,191.660762639586,,0.294048481899502,40.6493231076392,,,0.374314350359621,0.0,2.2429974
GRDC_6729436,2339 catchments,False,60.23631,10.99044,261.579731849818,,0.316337183092339,46.0028171020285,,,0.692419247974227,0.0,0.0
GRDC_6729450,2339 catchments,False,61.333385,10.277533,11094.2499739023,,0.553085845030706,68.141734277649,,,0.182521416582729,1.79532445658016,0.0
GRDC_6729455,2339 catchments,False,61.83,9.27,3968.15205244744,,0.625671218317608,73.6115091986848,,,0.202390855211842,4.02984505798446,0.0
GRDC_6729465,2339 catchments,False,61.88428,9.06123,457.496344646798,,0.557991813828002,66.7682982859193,,,0.0491554232439917,0.0,0.0
GRDC_6729520,2339 catchments,False,59.43142,9.1337,152.616092384779,,0.345920644292582,49.7926116431229,,,0.713623214832167,0.0,0.0
GRDC_6729525,2339 catchments,False,59.61171,8.99323,807.813187581532,,0.408169994932218,57.2133214564483,,,0.404072464122449,0.0,0.0
GRDC_6729590,2339 catchments,False,62.08713,9.10184,492.08929885974,,0.599002315593371,70.4080583991059,,,0.0380863833384808,0.0,0.0
GRDC_6729595,2339 catchments,False,61.85857,9.40475,1737.10229208982,,0.582960929823048,69.5948925437874,,,0.211997076482832,0.0,0.0
GRDC_6729830,2339 catchments,False,62.36132,11.47878,119.808547071129,,0.422425681685346,58.0892583193017,,,0.0,0.0,0.0
GRDC_6730100,2339 catchments,False,69.69,29.37,2965.5610051172,,0.413540950313866,53.9590902968707,,,0.0,0.0,0.0
GRDC_6730105,2339 catchments,False,70.17,28.89,241.447423579193,,0.480577149272696,60.8471428466327,,,0.0,0.0,0.0
GRDC_6730330,2339 catchments,False,69.70071,29.32131,2960.08497760624,,0.413570059708323,53.9571363467713,,,0.0,0.0,0.0
GRDC_6730400,2339 catchments,False,69.836599,25.091496,927.108424304668,,0.474168680037752,62.4542389986812,,,0.0,0.0,0.0
GRDC_6730501,3049 catchments,True,69.4689559936523,25.7302074432373,14919.6,344.482683982684,0.4393964881287923,,362.9000414465012,604.0768752003726,0.0097570670334127,0.0,0.0013920376039512
GRDC_6731020,2339 catchments,False,62.47408,7.78195,1191.2204944103,,0.640826141251659,76.9663093306697,,,0.0,0.0,0.0
GRDC_6731050,2339 catchments,False,63.49,11.32,500.32505293761,,0.399215348200007,54.3451716623735,,,0.0,0.0,0.0
GRDC_6731070,2339 catchments,True,63.79,10.23,204.266721641426,,0.259066185847323,44.7177476152871,,,0.0494115958887071,0.0,0.0
GRDC_6731112,2339 catchments,False,62.90028,8.6049,138.616645664288,,0.446541261384279,64.5491835882811,,,0.0,0.0,0.0
GRDC_6731120,2339 catchments,False,62.28049,8.1178,446.486430077594,,0.655194500164633,78.488284716764,,,0.0,0.0,0.0
GRDC_6731123,2339 catchments,False,62.7932,7.72607,137.59906914263,,0.319585643564073,54.4659762049454,,,0.0,0.0,0.0
GRDC_6731135,2339 catchments,False,62.52,9.08,473.052953955057,,0.614136364011665,74.1762615477057,,,0.0,0.0,0.0
GRDC_6731137,2339 catchments,False,62.648739,8.69409,2423.86396908886,,0.568525437151475,70.8444024004318,,,0.147706728123826,0.0,0.0
GRDC_6731140,3049 catchments,False,60.246753692627,6.93048667907715,233.2,1273.18933823529,0.5784733872429565,,1623.6405029296875,1711.2079823629094,0.0,0.0,0.0
GRDC_6731160,3049 catchments,False,61.2316284179688,5.57012939453125,222.1,435.408983451537,0.2512012313093225,,2847.088751754641,2604.606496891793,0.0,0.0,0.0
GRDC_6731165,2339 catchments,True,61.33,5.87,510.12965622628,,0.499445881805561,71.4083943378767,,,0.275002701551253,0.0,0.0
GRDC_6731175,2339 catchments,True,61.92,6.09,395.459443673274,,0.468914377573815,67.7637677942862,,,0.425119282495408,0.0,0.0
GRDC_6731196,2339 catchments,False,61.93127,6.87895,470.569803947248,,0.62046216953077,78.9534130969757,,,0.635745515553147,0.0,0.0
GRDC_6731200,3049 catchments,False,60.7283630371094,6.64867353439331,1102.4,831.833785354514,0.5191024507274853,,1963.5726318359373,2053.852525215834,0.530605570836501,0.0,0.0
GRDC_6731260,3049 catchments,False,59.0318870544434,7.51361608505249,3720.3,769.525998581896,0.4787261186251741,,1220.4957275390625,1494.1277762115578,0.165858979786144,0.810267035027518,0.0
GRDC_6731280,3049 catchments,False,58.9991149902344,7.88585996627808,289.3,753.144329896907,0.4137398223365866,,1132.498779296875,1349.5523501758555,0.0,0.0,0.0
GRDC_6731310,3049 catchments,False,60.65478515625,9.13917350769043,16197.5,788.192064479345,0.4478730793385823,,582.7130737304688,995.4501137756332,0.853583275598402,0.128236807822964,0.0
GRDC_6731330,3049 catchments,False,59.6872215270996,7.71100378036499,2913.6,940.78484984312,0.535196893760781,,361.2164916992188,1363.3191787985563,0.0921431192846009,1.30029467096323,0.0
GRDC_6731350,3049 catchments,False,59.7255096435547,10.9548578262329,306.7,166.257396449704,0.2361483638590112,,480.2856140136719,920.9470585729532,1.86423336267471,0.0,0.0
GRDC_6731400,3049 catchments,False,61.4543876647949,10.4306011199951,39682.5,769.420187938868,0.433350846203934,,552.507080078125,892.7982232589711,1.25200416526524,0.0739049069530493,0.0417659279666957
GRDC_6731401,3049 catchments,False,61.9750480651856,11.0698194503784,14586.3,811.562655877626,0.417583264079334,,549.0328979492188,835.255103178424,0.274184870238598,0.0,0.0024307244675382
GRDC_6731403,3049 catchments,False,61.4801483154297,10.4075231552124,39660.3,771.44844822055,0.4440683154123381,,537.02978515625,904.4307855254298,1.2396713452695,0.0739109460752063,0.0418964464915916
GRDC_6731450,3049 catchments,False,61.7876663208008,8.86290264129639,11398.7,1162.19670902342,0.5672303470112414,,683.59326171875,971.7962150797874,0.103776228469578,0.0179389813525787,0.0
GRDC_6731455,3049 catchments,False,61.8845634460449,8.11704254150391,4015.8,1292.85888765519,0.6293294486756663,,865.7335815429688,1103.2722154792766,0.115829015839845,0.0403859030509616,0.0
GRDC_6731500,3049 catchments,True,62.8708076477051,10.7589950561523,3058.0,722.101153039832,0.4425204792153629,,781.719526272458,1146.000162619262,0.0164534064682905,0.0,0.0
GRDC_6731501,2339 catchments,False,63.108479,10.229018,3072.8520647489,,0.452113803177355,61.3786668364194,,,0.01612734935264,0.0,0.0
GRDC_6731502,2339 catchments,False,62.89011,11.18388,655.163267000431,,0.494785806706773,62.9298323401171,,,0.0184995540812496,0.0,0.0
GRDC_6731530,3049 catchments,False,60.8369598388672,12.1924152374268,1632.4,406.451278157429,0.3021719024710247,,448.0459289550781,861.5680393083948,0.434129134966777,0.0,0.0
GRDC_6731550,2339 catchments,False,64.25,11.08,234.158323721399,,0.278127969626255,47.6531738627386,,,0.0,0.0,0.0
GRDC_6731555,3049 catchments,False,64.6997222900391,13.2188777923584,5228.0,533.54648478489,0.4639803092727869,,1477.3244648330854,1516.205595657081,0.0100218571412067,0.059126268855197,0.0
GRDC_6731556,2339 catchments,False,64.56,12.6,256.209748926004,,0.447140635568093,61.0571911434221,,,0.0,0.0,0.0
GRDC_6731569,2339 catchments,False,61.3656883,6.23158979,204.280566575069,,0.545070095478951,74.1482517549453,,,0.549360975513057,0.0,0.0
GRDC_6731575,2339 catchments,False,60.837013,7.1216729,279.809833697396,,0.594986838693211,74.2001595116573,,,0.0,0.0,0.0
GRDC_6731600,3049 catchments,True,65.3960952758789,14.9694957733154,728.8,780.429883945841,0.546219085703084,,790.539911525796,1005.077393596114,0.0,0.0,0.0
GRDC_6731601,3049 catchments,True,65.4213104248047,14.1958522796631,3693.1,667.371973159584,0.5319779519914595,,1213.785217736733,1464.8007343822082,0.0075035800536473,0.0,0.0
GRDC_6731610,3049 catchments,True,65.897102355957,13.5093955993652,522.4,450.972438162544,0.4239376245513884,,1960.75271804342,1730.6673888089504,0.0365670919418335,0.0,0.0
GRDC_6731620,2339 catchments,False,62.51138,9.59264,733.135409178198,,0.554997185667469,69.9032186379472,,,0.0229752535897319,0.0,0.0
GRDC_6731640,2339 catchments,False,65.41,13.31,456.088560761418,,0.531575322892797,67.6801068058853,,,0.0,0.0,0.0
GRDC_6731680,3049 catchments,True,66.7910690307617,15.7347631454468,395.0,840.813028764805,0.584167282405329,,1157.6840542069997,1121.7400645352866,0.0,0.0,0.0
GRDC_6731690,2339 catchments,False,63.7642,11.76507,485.329260525104,,0.409374746539936,57.48275934939,,,0.109594368818234,0.0,0.0
GRDC_6731693,2339 catchments,False,63.7911797,11.8096905,876.168098288712,,0.417923394220131,58.1525556460216,,,0.0580677070896926,0.0,0.0
GRDC_6731725,2339 catchments,False,67.08398,14.98147,145.944082319552,,0.493093313793743,68.8274042408033,,,0.0,0.0,0.0
GRDC_6731730,2339 catchments,False,67.45069,15.76216,234.760640901423,,0.551946523876611,74.050239212644,,,0.0,0.0,0.0
GRDC_6731765,2339 catchments,False,69.52389,20.52562,202.638112035468,,0.610356873651129,74.8559312656691,,,0.0272621560427336,0.0,0.0
GRDC_6731772,2339 catchments,False,69.78563,21.91785,332.937428065713,,0.573169236202467,72.7950981859627,,,0.0,0.0,0.0
GRDC_6731780,2339 catchments,False,70.48684,23.95331,123.564013084872,,0.511549822055292,66.080104483482,,,0.0,0.0,0.0
GRDC_6731900,2339 catchments,False,69.23,17.78,191.326646691945,,0.386252366754166,57.4299165214083,,,0.0,0.0,0.0
GRDC_6731905,2339 catchments,False,68.88,17.88,527.877255730748,,0.572587879715565,74.5561775653337,,,0.0501080508392588,0.0,0.0
GRDC_6731906,2339 catchments,False,68.85762,17.94107,507.368906775533,,0.575157670160399,74.7955255845515,,,0.0400105358140233,0.0,0.0
GRDC_6731907,2339 catchments,False,69.034927,18.65834,3213.64936565799,,0.554817541093481,70.8750993196388,,,0.0057388550480427,0.0,0.0
GRDC_6731910,2339 catchments,False,69.420044,23.635048,5666.36819509563,,0.451810971178558,61.1805080107297,,,0.0,0.0,0.0
GRDC_6731930,2339 catchments,False,70.1066666,23.5534401,124.625670415199,,0.486182647683846,64.6160290805813,,,0.0,0.0,0.0
GRDC_6733570,2339 catchments,False,61.259,12.323,4423.32963024912,,0.396413824928977,52.5069578356638,,,0.0542606588870395,0.0,0.0
GRDC_6733571,2339 catchments,False,61.91996,11.94004,1765.47295693708,,0.412258917212665,49.0223778356374,,,0.0,0.0,0.0
GRDC_6733630,2339 catchments,False,64.92,13.48,688.544070354742,,0.582636134603985,67.4198638565186,,,0.0034789200190477,0.0,0.0
GRDC_6742200,3049 catchments,False,46.7222785949707,16.9215660095215,559035.9,497.574257819491,0.1896603148851348,,317.1219545649931,915.1520847880086,1.59696338124927,0.0553634738096367,0.779405614137993
GRDC_6742451,2339 catchments,True,45.385,24.299444,13878.6646653439,,0.190666121660324,26.0194014341788,,,0.605719543616194,2.13291701016421,2.4236392
GRDC_6742500,3049 catchments,False,46.5712661743164,17.3562660217285,634807.6,493.590869058964,0.1818259905195227,,298.8425484509007,916.0664055029991,2.51589593674761,0.0859613913831928,0.7828451021982701
GRDC_6742701,3049 catchments,False,47.5796318054199,26.0658092498779,11962.5,530.141360748751,0.1949811994805972,,216.56870363363777,865.6986236592088,1.41888711937857,0.0342787432070677,0.257114983995635
GRDC_6742912,3049 catchments,False,45.0522842407227,25.9232120513916,6343.6,491.705219963737,0.1576854349730184,,197.30114236711012,871.4449736850479,1.14622507889982,0.0912515294711658,0.697479014107514
GRDC_6744100,3049 catchments,False,46.6593589782715,22.1543369293213,3728.1,325.455139442231,0.1277414481632672,,248.49392092769145,928.5551464786894,0.338674608443398,0.0,0.04289215830795
GRDC_6744200,3049 catchments,False,46.1829261779785,23.4441509246826,27221.1,624.146308988519,0.1591445042796937,,216.06457746800407,944.3061053461204,0.740736056344775,0.0782046642103222,0.357766722729284
GRDC_6744201,2339 catchments,True,46.0375,23.581667,18007.799734238,,0.157760968485065,21.2856657011152,,,0.698216714142289,1.31545521770883,1.5403044
GRDC_6744400,3049 catchments,False,45.5046310424805,21.9701805114746,4579.2,471.655434203516,0.1612788324831817,,262.3182067871094,1047.2114513066597,1.71226240581935,0.0809759556677361,0.294117655522152
GRDC_6744600,3049 catchments,True,47.7733993530273,24.5401191711426,1546.0,1012.72641151952,0.2596392187011427,,717.3095118882991,1262.4873779765917,0.0,0.0,0.0480769251365788
GRDC_6830100,2339 catchments,False,68.908734,28.448915,14568.95140987,,0.396407703118942,50.3096220647999,,,0.0,0.0,0.0
GRDC_6830101,2339 catchments,False,68.85017,28.324885,331.37192433506,,0.376699274455429,53.5319887949675,,,0.0,0.0,0.0
GRDC_6830102,2339 catchments,False,68.554584,27.27446,3329.56302131875,,0.416225069836925,58.7774948026467,,,0.0,0.0,0.0
GRDC_6830103,2339 catchments,False,68.445601,25.937959,679.839003757144,,0.419592126239075,58.739834189673,,,0.0,0.0,0.0
GRDC_6830104,2339 catchments,False,68.889192,26.925178,5183.78844333053,,0.407525290441231,56.278655294396,,,0.0,0.0,0.0
GRDC_6830105,2339 catchments,False,68.919108,26.74755,2220.86610573042,,0.40844759874945,55.4910806863563,,,0.0,0.0,0.0
GRDC_6830200,2339 catchments,False,69.50945381,28.03785714,761.315678295181,,0.418093448741127,53.4023963731135,,,0.0,0.0,0.0
GRDC_6830510,3049 catchments,True,69.3731918334961,25.2393798828125,11633.7,364.387565930336,0.4451436946616937,,59.81187417342965,603.2606371547292,0.0115923594012273,0.0,0.0002559770795932
GRDC_6830511,3049 catchments,True,69.3609313964844,25.221887588501,11633.4,364.694100756983,0.4426574395075597,,372.9951471239469,607.1619487798821,0.0115923594012273,0.0,0.0002559770795932
GRDC_6830512,2339 catchments,False,69.395729,25.844883,3060.02438800615,,0.414825772191555,58.7062767607738,,,0.0065200658222959,0.0,0.0
GRDC_6832750,2339 catchments,False,67.9457,23.6601,9591.58655040269,,0.462010380459491,61.8410310944293,,,0.0004279301072091,0.0,0.0
GRDC_6832752,2339 catchments,False,66.38133608,23.78398235,2985.52148541013,,0.396808930693854,50.8809507921341,,,0.0057553722947969,0.0,0.0
GRDC_6832753,2339 catchments,False,68.9384,20.8522,283.626864133004,,0.564367018331364,64.7965468682266,,,0.0,0.0,0.0
GRDC_6832755,2339 catchments,False,66.0307,24.0211,39523.8103682743,,0.450933082846841,59.3250613608393,,,0.0092922842652195,0.0,0.0
GRDC_6832907,2339 catchments,False,68.44228041,22.49458129,5853.0916520304,,0.488535015375004,64.4873558454588,,,0.0,0.0,0.0
GRDC_6832909,2339 catchments,False,68.88047058,21.07643268,105.455322269631,,0.51882884815457,66.4713902328712,,,0.0,0.0,0.0
GRDC_6832917,2339 catchments,False,66.78523748,23.91239999,33811.7798869568,,0.458738436600506,60.5540267609365,,,0.0042955596635515,0.0,0.0
GRDC_6832918,2339 catchments,False,67.13438639,23.98197826,752.356670549639,,0.397843376952124,55.5573746412417,,,0.0,0.0,0.0
GRDC_6854103,2339 catchments,False,61.5003,23.7629,7105.14768030799,,0.304771990354511,38.6918472665715,,,0.248016504598675,0.0,0.0691
GRDC_6854104,2339 catchments,False,61.854155,23.910677,5562.59077966471,,0.307555931946303,40.1489805168607,,,0.244661884183998,0.0,0.0
GRDC_6854107,2339 catchments,False,62.279941,24.039172,547.550438987623,,0.312539122475833,41.7388427376339,,,0.0426966970006026,0.0,0.0
GRDC_6854108,2339 catchments,False,61.897869,23.061456,442.580566653086,,0.29567273792926,41.2368800985047,,,0.0253189260687929,0.0,0.0
GRDC_6854109,2339 catchments,False,60.706281,23.927032,125.000558994181,,0.285424357534968,34.6439264513435,,,0.467344647289988,0.0,0.0
GRDC_6854116,2339 catchments,False,61.2639765,24.02743238,4441.26282159568,,0.291500786385278,34.9669367798776,,,0.866476501231058,0.0,0.0104
GRDC_6854180,2339 catchments,False,62.50887855,21.37126606,935.166858632766,,0.264552700582091,37.7503134074303,,,0.938181161218168,0.0,0.0
GRDC_6854200,2339 catchments,False,63.3615,22.6985,3983.10407871237,,0.281223291489954,40.6926377059894,,,0.8014492761135,3.91768142647375,0.0189
GRDC_6854203,2339 catchments,False,60.69837868,26.8174654,36509.5773372779,,0.313510574322339,36.5613872840829,,,0.292175041353784,0.0,0.073
GRDC_6854205,2339 catchments,False,61.566581,26.044766,1477.49365656047,,0.306325499428995,33.2681751684976,,,0.0808561754849797,0.0,0.0
GRDC_6854220,2339 catchments,False,63.4985,23.7564,1432.00053567858,,0.305697097595201,44.6513892862494,,,0.277393594534763,0.0,0.0
GRDC_6854250,2339 catchments,False,62.245,25.8879,17905.9207260639,,0.319635818331297,38.3656602948143,,,0.221658008293772,0.0,0.00208
GRDC_6854260,2339 catchments,False,61.09316157,26.71287909,5188.52496871176,,0.309815232973223,35.8040607146752,,,0.209106097718254,0.0,0.0
GRDC_6854270,2339 catchments,False,63.01178,26.678072,2162.27248879298,,0.328288034609063,38.1997069409579,,,0.186824378392147,0.0,0.0
GRDC_6854272,2339 catchments,False,62.749581,24.84233,431.591689093566,,0.322248898407656,45.0660276794514,,,0.137429970510302,0.0,0.0
GRDC_6854280,2339 catchments,False,63.044145,25.525249,2215.70458013695,,0.321141118445613,39.6055493517604,,,0.107637879470143,0.0,0.0
GRDC_6854300,2339 catchments,False,63.583602,24.716923,329.035373212572,,0.311890654788372,33.1501052867958,,,0.193008695276296,0.0,0.0
GRDC_6854301,2339 catchments,False,63.9862,23.7608,1317.28562906616,,0.301404816453805,41.5707031472764,,,0.624944693445788,0.0,0.0
GRDC_6854320,2339 catchments,False,64.361195,24.399452,3583.5285895976,,0.313348092974851,44.7973008489019,,,0.373663728249353,0.0,0.00702
GRDC_6854360,2339 catchments,False,60.53333333,27.66666667,367.444898037181,,0.30820903559541,38.2424270189831,,,0.654147637264676,0.0,0.0
GRDC_6854400,2339 catchments,False,65.1934,25.4069,3875.30071768713,,0.349466897479259,50.1041453179095,,,0.0030272837938967,0.0,0.0
GRDC_6854580,2339 catchments,False,63.86333969,23.44839079,286.212104575197,,0.285153152829876,42.6880897157343,,,0.29245438776527,0.0,0.0
GRDC_6854590,2339 catchments,True,64.190256,29.583843,2057.94602558543,,0.372837588526093,46.9132180321599,,,0.0,0.0,0.0
GRDC_6854591,3049 catchments,False,64.5835037231445,29.0104217529297,20766.4,198.179095409139,0.3695132745106789,,336.3500876140578,719.5035061872213,0.0093441636879063,0.0,0.165067821733593
GRDC_6854592,2339 catchments,False,64.127452,29.502615,3452.62173450319,,0.372859278914084,47.9817605539196,,,0.0,0.0,0.0
GRDC_6854593,2339 catchments,False,64.396752,29.85232,386.072681888225,,0.373296465534942,46.875197155444,,,0.0,0.0,0.0
GRDC_6854600,2339 catchments,False,65.33485078,25.41127006,14191.2277755461,,0.378578560092296,51.8770541262835,,,0.0073210259945975,0.0,0.0
GRDC_6854601,2339 catchments,False,65.14455,28.069004,1318.33380797639,,0.37690624527464,52.8352879257889,,,0.0,0.0,0.0
GRDC_6854610,2339 catchments,False,65.618927,25.29097,1264.36371523394,,0.375159505769198,51.5393278200799,,,0.0257700094628592,0.0,0.0
GRDC_6854620,2339 catchments,False,65.6654,25.0894,3112.82623571287,,0.380272639136283,51.6969208427656,,,0.0165574023423789,0.0,0.0
GRDC_6854700,3049 catchments,False,67.2915344238281,26.5430736541748,53527.3,241.431339751453,0.407663777765827,,334.90151941372505,653.7132852741503,0.0017814887797403,0.244260299148114,0.0735902698903647
GRDC_6854701,3049 catchments,False,67.4172058105469,28.0693874359131,28729.0,261.837121908615,0.415736086979027,,347.2533549265276,661.9884730981455,5.65461430792405e-05,0.283491285761854,0.0572923697276547
GRDC_6854705,2339 catchments,False,67.1985,27.7855,8521.69086718793,,0.412518197473646,58.3120501635466,,,0.0,0.0,0.0
GRDC_6854707,2339 catchments,False,67.87863229,24.84437614,4513.41969669783,,0.420870559519214,58.0141948576865,,,0.0,0.0,0.0
GRDC_6854708,2339 catchments,False,66.492831,26.126963,3293.03391822962,,0.398661544757166,54.7066880868815,,,0.0020880059334781,0.0,0.0
GRDC_6854710,2339 catchments,True,66.79487644,25.42025441,12381.1323885438,,0.409958644430137,56.9697138438074,,,0.0,0.0,0.0
GRDC_6854712,2339 catchments,False,67.130472,25.747282,1100.77912280075,,0.40363559520241,54.4814309661211,,,0.0,0.0,0.0
GRDC_6854713,2339 catchments,False,68.39612,23.752431,365.221073034091,,0.421406181955287,57.4688927494798,,,0.0,0.0,0.0
GRDC_6854714,2339 catchments,False,66.61794,25.427109,305.160968041982,,0.393463966727408,52.1546409810192,,,0.0,0.0,0.0
GRDC_6854800,2339 catchments,False,64.200097,24.118913,3151.76804155101,,0.307426726694342,44.7972981597765,,,0.979226330048101,0.0,0.0559
GRDC_6854810,2339 catchments,False,60.80571971,21.60284837,340.235280495142,,0.226199754061712,30.2745008356586,,,3.08801896800903,0.0,0.0739
GRDC_6854900,3049 catchments,False,62.619384765625,22.4600982666016,4385.6,93.104119511091,0.2736240587006959,,316.16255337685885,664.6001253932004,0.728884305200425,0.0,0.273047815375193
GRDC_6854950,2339 catchments,False,62.2385,21.582,986.537975112748,,0.263124970085486,39.4643886054184,,,0.471988046487436,0.0,0.0
GRDC_6855270,3049 catchments,False,63.3073081970215,26.5274333953857,2373.6,134.871973466003,0.3385901111705327,,276.6783752441406,716.9067832376436,0.110770001691782,0.0,0.0614822218668158
GRDC_6855280,3049 catchments,False,63.1447982788086,25.0297679901123,2209.1,165.260713645329,0.3397053731548543,,301.6306457519531,675.8068966776649,0.0715032272107367,0.0,0.0647759123239666
GRDC_6855401,3049 catchments,False,63.3638381958008,30.4548206329346,20180.1,177.916828552927,0.3584526463373839,,374.1377298736355,771.6901899943304,0.0214756041976079,0.386590769642021,0.0505919355837592
GRDC_6855402,2339 catchments,True,62.5499,27.7686,506.161692909588,,0.319847964641028,38.5564258541488,,,0.0634660129925098,0.0,0.0628
GRDC_6855409,2339 catchments,False,63.097496,31.029471,602.000467136996,,0.365518853695206,50.2407931575356,,,0.0,0.0,0.0
GRDC_6855411,2339 catchments,False,63.151861,28.899157,128.87426791728,,0.344630575149118,48.7175561492824,,,0.0,0.0,0.0
GRDC_6855412,2339 catchments,False,61.835145,28.302772,777.225578990306,,0.317955225909708,41.4139782324132,,,0.741152272924205,0.0,0.0
GRDC_6855450,2339 catchments,False,62.56179644,28.62523042,2021.76075620578,,0.337535625027686,39.8582890213493,,,0.0515088616898134,0.0,0.0
GRDC_6855460,2339 catchments,False,63.04497925,28.30471008,4151.96858664058,,0.350682865970026,46.3154847706713,,,0.168176201578183,0.0,0.0
GRDC_6855470,2339 catchments,False,62.80100361,30.42903528,6359.46161501909,,0.358467181606892,46.2631391757337,,,0.0043745896071926,0.0,0.0
GRDC_6855480,2339 catchments,False,63.41781886,30.47066154,6185.09917990507,,0.373926102472462,43.7405580430541,,,0.0,0.0,0.0
GRDC_6855500,3049 catchments,False,60.4684257507324,24.0625267028809,2103.7,88.2581105896756,0.2909067194505789,,258.08074951171875,727.526231606842,1.04693159534066,0.0,0.7809496505240751
GRDC_6855662,2339 catchments,False,62.2143072,30.50072884,1841.4297740845,,0.347484361804916,47.3962011198997,,,0.0330870824483279,0.0,0.0
GRDC_6870640,2339 catchments,False,66.369275,29.315234,1953.19188252553,,0.403027003233509,56.1198705248477,,,0.0,0.0,0.0
GRDC_6934460,3049 catchments,False,56.8515739440918,9.87893676757813,214.7,50.3914988814318,0.1133468469515304,,357.44877492847166,755.6210404402568,2.14278447628021,0.0,0.238970597274601
GRDC_6935020,3049 catchments,False,46.6652526855469,7.77139806747437,2983.2,1599.574609375,0.4060177521292707,,1289.3959638919127,1846.2653647786617,0.0309146703506003,0.0526659024178707,0.895858366203932
GRDC_6935055,3049 catchments,True,47.2789916992188,9.42283439636231,11884.6,1234.75855820559,0.3264232555557322,,975.9161863983278,1518.638615955653,0.539554181652923,0.0461216069921252,0.933959030712388
GRDC_6935145,3049 catchments,False,46.6629486083984,9.3196382522583,3220.9,1989.22581247665,0.4880003375369273,,1129.0845110048906,1614.1832651197665,0.46886553366979,0.144831059470934,0.342683382849726
GRDC_6935301,3049 catchments,False,46.8415031433106,7.40519189834595,11472.3,997.927191985955,0.2404561912307923,,866.8094984054221,1543.7222796559554,0.799183901307689,0.0571261139611338,0.906735767219505
GRDC_6935302,3049 catchments,False,46.751766204834,7.25532960891724,9678.5,1090.98226648852,0.2629914770347158,,936.3370364164408,1571.819010456489,0.935388017177262,0.0628094261727743,0.8210032606965919
GRDC_6935310,3049 catchments,True,46.9408645629883,8.41205787658691,3398.3,1250.3632639126,0.3296528139189299,,1296.5596133719032,1827.2581843312591,0.0312593974042357,0.0229934146738736,0.737014132666222
GRDC_6935320,3049 catchments,True,46.8835487365723,7.84374475479126,458.9,1061.60737812912,0.2340848389787035,,824.0474689759066,1616.1743858764376,0.0,0.0,0.220588239608333
GRDC_6935330,2339 catchments,False,46.655,7.4394,342.707573189192,,0.414176373574167,61.5706666432926,,,0.0,0.0,0.0
GRDC_6935350,2339 catchments,False,46.8883,7.3514,348.818189979123,,0.2187928106541,37.6950616526848,,,0.0,0.0,0.0
GRDC_6935401,3049 catchments,False,47.3441963195801,9.21822547912598,1108.6,906.204780010864,0.1991340282260844,,1074.6939375789286,1800.4422703855234,1.13849523506666,0.0,0.922342647161139
GRDC_6935402,3049 catchments,False,47.286304473877,9.14853668212891,480.6,1006.87039390089,0.2262404178541832,,1341.0030273478906,1923.145294829045,0.0218138508498669,0.0,0.0857843173434958
GRDC_6935410,3049 catchments,False,47.3170738220215,9.37561416625977,269.8,1064.66357308585,0.1844929600531417,,1183.22054992302,1838.980097683484,0.0,0.0,0.882352977059782
GRDC_6935500,3049 catchments,False,46.8685722351074,9.48109245300293,6341.7,1754.22176820208,0.4373924533344396,,1154.735289670648,1685.999492642239,0.51624005548656,0.0739523508904699,0.447945861766736
GRDC_6935530,2339 catchments,False,46.6313,7.8997,164.053556424783,,0.578876790840169,79.3165793736694,,,0.0,0.0,0.0
GRDC_6935535,2339 catchments,False,46.6642,7.8715,380.749948365432,,0.546443266648075,76.7838587783076,,,0.0,0.0,0.3290866
GRDC_6935540,2339 catchments,False,46.9746,9.6121,617.846026482376,,0.466247935378224,65.3141969034772,,,0.0,0.0,0.1623018
GRDC_6935541,2339 catchments,False,46.858,9.9369,104.647757732236,,0.548837386263341,71.7108997793213,,,0.0,0.0,0.0
GRDC_6935590,2339 catchments,False,47.0004,8.5988,317.575417102416,,0.351690222704051,55.0793360247718,,,0.0,0.0,1.2840307
GRDC_6935600,2339 catchments,False,46.8598,9.5105,266.378852615932,,0.482496401702733,63.1675152493356,,,0.0,0.0,0.5073407999999999
GRDC_6939205,2339 catchments,False,46.3189,6.9709,130.664667992698,,0.363147212048511,56.4528924385984,,,0.0,0.0,0.8064395
GRDC_6939510,2339 catchments,False,46.3856,8.0067,190.029063114671,,0.621786403689475,91.7818945038229,,,0.0847381764691903,0.0,0.0
GRDC_6942200,3049 catchments,False,48.1332626342773,25.4026508331299,659.8,597.895359417653,0.1926313867223312,,311.1946716308594,991.7648955981548,2.33664004436948,0.0,0.0
GRDC_6943100,3049 catchments,False,46.6198387145996,10.1056995391846,1926.4,2328.82172002511,0.565931322746943,,889.9025811064568,1272.0281797198008,0.0135353230165713,0.0930708381739506,0.4471182611516929
GRDC_6943150,2339 catchments,False,46.4864,9.9062,106.457261782992,,0.527925595788737,73.48796359637,,,0.0,0.0,0.0
GRDC_6948100,3049 catchments,False,46.424446105957,8.89590644836426,1529.3,1697.26096822995,0.4187356739007341,,1369.8465180602664,1681.6592443392767,0.346453987635099,0.078419756984516,0.25358221341426
GRDC_6948110,2339 catchments,True,46.2954,10.08,172.855807618257,,0.482170443948213,65.0410281732274,,,0.0,0.0,0.0
GRDC_6970100,2339 catchments,False,63.82,38.47,55492.9985871281,,0.348420785873987,48.5385110863834,,,0.0144260142795085,0.0,0.0113
GRDC_6970400,3049 catchments,True,63.4642753601074,45.2207984924316,35492.3,139.928590728792,0.3906789044117174,,339.0869734977356,697.5453951432361,0.0011203266501603,0.0,0.0
GRDC_6970500,3049 catchments,True,63.9847679138184,47.9653358459473,56478.9,158.404203385321,0.4133585156350313,,355.2818990454843,701.5590456299941,0.0,0.0,0.0006514233830957
GRDC_6970701,3049 catchments,False,65.3654556274414,58.2668685913086,242872.0,175.889401708133,0.4809402123810932,,477.1545139826741,722.469486008672,0.0,0.0,0.0425215413403483
GRDC_6971130,3049 catchments,False,68.4198684692383,29.9126586914063,17419.5,208.239884026456,0.4025549398640451,,346.85568346384,609.4481703553929,0.0,1.88030997571803,0.0
GRDC_6971401,3049 catchments,False,68.1789398193359,35.2156143188477,8377.1,240.868741645981,0.4592116044013963,,375.68329744183546,613.1264747974835,0.0,1.22859494205836,0.0
GRDC_6971451,2339 catchments,True,67.13,39.66,9697.71349863928,,0.436078421647225,57.5881384470457,,,0.0,0.0,0.0
GRDC_6972350,3049 catchments,False,57.8119583129883,28.1226196289063,56083.3,88.3869341831426,0.2516424646200822,,211.6394500732422,766.5501836969684,0.0305109311149567,0.0,0.107325045382453
GRDC_6972430,3049 catchments,False,60.3173332214356,31.722972869873,283993.0,104.757894954221,0.3127790128265945,,272.8858947753906,762.0894178407821,0.0798040170199966,0.409655233421076,0.120871061871345
GRDC_6973300,3049 catchments,False,55.6600608825684,30.0723190307617,64157.8,174.858124262325,0.2638849853517754,,210.7772521972656,766.606782457819,0.187771100389091,0.0,0.185992705083414
GRDC_6974100,3049 catchments,False,55.9237289428711,21.8899726867676,1224.8,117.274833137024,0.1859085221154816,,419.4816284179688,831.9829551575777,0.0160051781891121,0.0,0.104393610834248
GRDC_6974150,3049 catchments,False,54.5144996643066,25.0177230834961,80419.5,149.83720466802,0.208248268187167,,201.0374755859375,743.6180752835774,0.302105005619746,0.108422713009672,0.505192114114239
GRDC_6974200,3049 catchments,False,54.3385620117188,23.0209522247314,474.8,188.628854625551,0.1920079930452144,,202.3204345703125,779.2070734312648,0.0025173448957502,0.0,0.0
GRDC_6974300,3049 catchments,False,55.5093383789063,24.0579528808594,5416.9,75.5689515036575,0.1919906343488096,,187.92173767089844,730.7501986685584,0.193998986376672,0.0,0.4315074698768829
GRDC_6974350,3049 catchments,False,54.9959526062012,26.1551933288574,24793.0,160.820182245036,0.2153851096435809,,206.4414520263672,766.0215923952361,0.269747243033737,0.261607963748203,0.594682661263856
GRDC_6975010,3049 catchments,False,57.979133605957,36.318904876709,150090.9,166.474409912385,0.3016975459073738,,209.1086799448315,767.1232406342792,0.142442784326731,1.09262727373244,0.128585955056196
GRDC_6976450,3049 catchments,False,54.9828796386719,57.491455078125,99578.7,376.174430600746,0.3766150198868214,,239.4708535861585,747.7375444298387,0.129449970484833,0.0579496841224249,0.190400812743252
GRDC_6977100,3049 catchments,False,56.1485939025879,44.8792495727539,1359594.8,183.274148989569,0.3350260797322917,,178.0941387831139,718.3768444213352,0.36962466408039,0.791267927219439,0.469696393518235
GRDC_6978251,3049 catchments,False,51.8693466186523,39.2160034179688,101557.1,168.124094567142,0.2822912365883802,,99.75675426049096,655.7980503672211,0.62756033410384,0.0,0.540468666864531
GRDC_6981800,3049 catchments,False,48.6850852966309,26.2238178253174,66431.2,308.832069487309,0.1872301274669052,,153.9840850830078,765.3988017789247,2.27742761159499,0.596985316397791,0.452960436707593
Japan_301011281104080,2339 catchments,False,44.36083333,142.4433333,1739.72740514203,,0.335297089968826,48.009757084339,,,1.85322940061383,4.8003728884964,1.5785
Japan_301011281104140,2339 catchments,False,44.16555556,142.3766667,622.131767400375,,0.311246951739353,46.9723846864645,,,0.0,0.659634708948069,1.5506202
Japan_301011281104150,2339 catchments,False,44.30083333,142.6494444,316.529459202842,,0.358171404382649,48.8623721866739,,,0.537693291012183,0.0,0.0
Japan_301011281109070,2339 catchments,False,44.95472222,142.055,196.51487116962,,0.310547590567282,43.167982813205,,,0.0,0.0,0.0
Japan_301011281109080,2339 catchments,False,44.91861111,142.0180556,255.84237187988,,0.313460656501299,43.2838004234041,,,0.0,0.0,0.2047213
Japan_301021281109020,2339 catchments,False,43.85611111,141.7591667,169.758262423709,,0.290185702843023,43.2844031805542,,,0.0,0.0,0.0
Japan_301021281109030,2339 catchments,False,43.91361111,141.6980556,240.934666165,,0.292570922912822,42.7396475913424,,,0.0,0.0,0.0
Japan_301021281109040,2339 catchments,False,43.93666667,141.6658333,265.540865295839,,0.293363789936962,42.5051054737678,,,0.0,0.0,1.6352019999999998
Japan_301031281104200,2339 catchments,False,43.74805556,142.3763889,337.241831210151,,0.380996028126176,54.8101585176589,,,1.06150744208532,0.0,3.0495246
Japan_301031281104210,2339 catchments,False,43.58583333,142.4561111,137.865456434134,,0.355796994305043,52.4707943692516,,,0.0,3.23146746234632,0.6059051
Japan_301031281104230,2339 catchments,False,43.68,142.3777778,643.007304488141,,0.344919560611627,50.6866524032,,,0.194842541717792,1.58504673519839,0.751211
Japan_301031281104240,2339 catchments,False,43.665,142.4033333,195.616333491239,,0.364135365742261,52.7726634129274,,,0.640463785991503,2.1562034676589,0.2040232
Japan_301041281103010,2339 catchments,False,42.78916667,140.9341667,241.283903697654,,0.254903532311638,44.3555442210536,,,0.0,0.0,0.0
Japan_301051281102020,2339 catchments,False,42.42833333,140.1536111,142.392272758603,,0.258188541046635,41.105633709335,,,2.45404867063537,4.93970323472904,0.1759834
Japan_301051281102030,2339 catchments,False,42.41111111,140.105,207.647694329615,,0.248481419536184,39.8130780521423,,,1.68283865997236,4.42696424193568,0.1206454999999999
Japan_301061281105010,2339 catchments,False,42.89027778,142.2552778,606.92383017259,,0.29540544404138,47.4372766021303,,,0.0,0.0,0.0
Japan_301061281105020,2339 catchments,False,42.75916667,142.1363889,946.816810447694,,0.270818483837954,45.0435770571152,,,0.255487883693141,1.03047005217236,0.0
Japan_301061281105030,2339 catchments,False,42.65777778,142.0713889,1055.74426241935,,0.261824620499405,43.9833717902758,,,0.966926758799253,0.950737680195386,0.0
Japan_301081281107220,2339 catchments,False,42.79777778,143.1566667,538.441101773058,,0.263604847454602,45.4641522401985,,,0.0,0.0,0.5603937
Japan_301081281107230,2339 catchments,False,42.83972222,143.1880556,578.885689165722,,0.262511617265184,45.1375983330497,,,0.0,0.0,0.5212354
Japan_301081281107320,2339 catchments,False,43.09444444,143.5163889,2305.64944158481,,0.267998013728896,41.7998830668826,,,0.0,0.930986435261582,0.4019695
Japan_301091281106010,2339 catchments,False,43.55472222,144.3575,346.320103754776,,0.292965096132477,35.2067973689974,,,0.0,0.0,0.3616488
Japan_301091281106020,2339 catchments,False,43.48833333,144.4505556,448.792323444902,,0.288708041524617,35.5750962929515,,,0.0,0.0,0.8892303
Japan_301091281106040,2339 catchments,False,43.29972222,144.6008333,894.752558052606,,0.268744636004378,36.1599164376698,,,0.0,0.0,1.9632705
Japan_301091281106090,2339 catchments,False,43.48305556,144.4627778,140.170826719253,,0.267186640408383,38.5615253429299,,,0.0,0.0,1.0713484
Japan_301091281106100,2339 catchments,False,43.28916667,144.5366667,139.231981142364,,0.237800326037019,36.4426772952006,,,0.0,0.0,0.0
Japan_301091281106120,2339 catchments,False,43.21638889,144.3430556,169.561794826213,,0.23891557107032,36.6515271178614,,,0.0,0.0,2.0691574
Japan_301101281108010,2339 catchments,False,43.71138889,144.0088889,570.448731050077,,0.29268267925817,40.7141910115287,,,0.0,0.0,0.0742
Japan_301101281108060,2339 catchments,False,43.82916667,144.1222222,204.668950102085,,0.299896890045044,39.0183998378121,,,0.480977555207641,0.0,1.2778893
Japan_301111281108070,2339 catchments,False,44.05666667,144.0347222,1901.50770650084,,0.312650709452929,44.0435772989879,,,3.93764641472761,4.16631117552755,3.5044339
Japan_301111281108100,2339 catchments,False,43.78805556,143.6208333,422.711691544975,,0.335511824705517,49.3847032937731,,,0.0,0.0,0.8771991
Japan_301111281108110,2339 catchments,False,43.78861111,143.8897222,567.814139945244,,0.329344483550109,47.4108699563782,,,0.094619635126177,0.0,4.7090847
Japan_301121281108010,2339 catchments,False,44.00583333,143.3383333,810.988555681459,,0.352130120463929,51.3897261544804,,,0.0,0.190863869458169,0.0349999999999999
Japan_301121281108020,2339 catchments,False,44.05277778,143.5191667,961.988527981078,,0.34783038193223,50.5194267037354,,,0.0,0.0990284482200602,0.5218226
Japan_301121281108030,2339 catchments,False,44.09944444,143.5441667,1338.69400646294,,0.340696993923335,48.8243699300059,,,0.0,0.0801258985230623,1.5906646
Japan_301121281108040,2339 catchments,False,44.19972222,143.5911111,1466.77881111822,,0.338138198954844,48.0553283295177,,,0.0,0.0716164043508902,1.5819995
Japan_301121281108050,2339 catchments,False,44.05277778,143.5438889,277.541549215377,,0.32165089723116,45.0986631838113,,,0.0,0.0,1.7248584
Japan_301131281108010,2339 catchments,False,44.19222222,143.0763889,252.498099905383,,0.384600524971389,51.6327694645602,,,0.0,0.0,0.0
Japan_301131281108020,2339 catchments,False,44.24972222,143.2591667,1042.36279662035,,0.360696149419531,48.5382973199965,,,0.0,0.0,0.5339298
Japan_301131281108050,2339 catchments,False,44.13694444,143.2005556,164.063064070248,,0.336425312205655,47.183541435164,,,0.0,0.0,0.0
Japan_302051282201040,2339 catchments,False,40.44444444,141.3480556,1808.93550450332,,0.215436956915097,34.2794387197335,,,0.0,0.0,0.0692
Japan_302051282201060,2339 catchments,False,40.13027778,141.3652778,385.510787168726,,0.213022001957819,36.2277279571363,,,0.0,0.0,0.0
Japan_302641281106010,2339 catchments,False,43.63777778,145.0813889,677.071064762875,,0.257645321955513,37.7837685284752,,,0.0,0.0,2.2844989
SHI_8091,2339 catchments,False,58.35,93.55,1507.60445824649,,0.470414978528258,61.1257372356376,,,0.0,0.0,0.0
Spain_9040,2339 catchments,False,42.43611111,0.778333333,650.970559930984,,0.324835234017792,35.0929789500187,,,0.820403902884812,0.0,0.0
Spain_9102,2339 catchments,False,42.27472222,1.034166667,1504.19938615049,,0.320525141939626,35.0153764577741,,,1.44717015897331,0.0,0.0
Spain_9137,2339 catchments,False,42.4,0.741111111,569.064082082227,,0.337395473881876,37.1809198098778,,,0.93848620014173,0.0,0.0
Spain_9143,2339 catchments,False,42.70194444,0.879166667,144.47159784404,,0.311821816315448,43.6085531632167,,,0.0,0.0,0.0
Spain_9145,2339 catchments,False,42.57888889,0.471388889,283.821199526993,,0.348671136174289,40.9934927343586,,,0.482853407880229,0.0,0.0
UNH_UCLA_10062,2339 catchments,False,51.28,87.72,16819.2582470555,,0.460784727020667,66.3999470901365,,,0.0,0.0,0.0
UNH_UCLA_10117,2339 catchments,False,52.17,85.17,4727.64017788891,,0.302592153065579,51.8130668774556,,,0.157764046085824,0.0,0.1804887
UNH_UCLA_10126,2339 catchments,False,51.02,84.32,3499.5792041269,,0.421197169799558,60.0430390494178,,,0.0,0.0,0.0
UNH_UCLA_10176,2339 catchments,False,53.73,84.95,15685.7946202773,,0.386349834020022,49.1938642323856,,,0.295512921539595,0.0,0.0898
UNH_UCLA_10219,2339 catchments,False,55.32,84.1,15392.4137834056,,0.378992828722601,47.8758221305655,,,0.401198066537988,0.0,0.8271123
UNH_UCLA_10259,2339 catchments,False,53.68,88.08,3326.6021922449,,0.532614435336562,66.1739834214639,,,0.0,0.0,0.0615
UNH_UCLA_10277,2339 catchments,False,53.33,87.23,6873.89409354181,,0.37534446842977,54.5455013485419,,,0.0,0.0,0.0767
UNH_UCLA_10317,2339 catchments,False,55.38,91.62,14386.0298177369,,0.417741555401846,53.553124937248,,,0.287078156546149,0.0,0.0
UNH_UCLA_10387,2339 catchments,False,56.2,87.78,10564.0907830419,,0.4452275855916,55.3848978208279,,,0.143530969612119,0.0,0.0958
UNH_UCLA_10407,2339 catchments,False,56.18,86.4,3403.14815350126,,0.421182617379368,53.2068026936567,,,0.0477108474285581,0.0,0.2224145
UNH_UCLA_10428,2339 catchments,False,57.78,82.63,24468.0270982859,,0.356615832137857,51.0302196361845,,,0.039055175582274,0.0,0.0
UNH_UCLA_10444,2339 catchments,False,56.85,83.07,2695.17370776782,,0.358807573419064,50.5048420373695,,,0.0,0.0,0.0
UNH_UCLA_10466,2339 catchments,False,59.37,82.83,6556.00455328133,,0.396194267566757,56.6343075614344,,,0.0,0.0,0.0
UNH_UCLA_10478,2339 catchments,False,59.22,78.22,31760.3062434631,,0.354633560523086,51.8067409222797,,,0.0,0.0,0.00158
UNH_UCLA_10489,2339 catchments,False,59.85,81.95,24058.2368695917,,0.400259384956774,57.5534582546805,,,0.0,0.0,0.0
UNH_UCLA_10505,2339 catchments,False,60.5,74.02,21958.2779665215,,0.362116439043071,52.6636502576699,,,0.0,0.0,0.0
UNH_UCLA_10524,2339 catchments,False,52.97,80.18,12028.2649755808,,0.35967885581745,41.9530750091136,,,0.565363346279442,0.0,0.00626
UNH_UCLA_10549,2339 catchments,False,54.7,78.67,6806.5478939233,,0.359422846096372,46.2947857487138,,,0.146873455121053,0.0,0.0
UNH_UCLA_1095,2339 catchments,False,61.9,147.42,10529.7514036804,,0.482811837784119,69.7317862015301,,,0.0,0.0,0.0
UNH_UCLA_11353,2339 catchments,False,56.38,75.25,16886.3145184605,,0.346084382744669,49.2014239427446,,,0.0422259123470011,0.0,0.0
UNH_UCLA_11496,2339 catchments,False,57.13,69.22,2164.47312262755,,0.320509017381922,45.7070417117078,,,0.0215544537311397,0.0,0.0
UNH_UCLA_1151,2339 catchments,False,61.13,149.67,3306.90789865566,,0.464487177198447,67.9311170363517,,,0.0032210231916585,0.0,0.0
UNH_UCLA_11548,2339 catchments,False,64.25,60.95,18447.866220534,,0.468690542648091,65.1449924487622,,,0.0,0.0,0.0
UNH_UCLA_11556,2339 catchments,False,66.87,65.78,1146.23915583638,,0.596794920998512,73.939926571398,,,0.0,0.0,0.0
UNH_UCLA_1176,2339 catchments,False,62.1,150.67,13440.6099007366,,0.489627109727626,68.5383637613508,,,0.0,0.0,0.0
UNH_UCLA_12430,2339 catchments,False,60.22,60.42,4385.62484808708,,0.356421028862963,55.1653193746865,,,0.0,0.0,0.2981201
UNH_UCLA_12517,2339 catchments,False,59.15,60.52,3096.67473449388,,0.330689809020993,51.5644063948885,,,0.0,0.0,0.0
UNH_UCLA_1623,2339 catchments,False,62.33,152.33,1569.52680773134,,0.499531045079687,68.7692205971762,,,0.0,0.0,0.0
UNH_UCLA_3003,2339 catchments,False,53.97,105.88,17267.3584107793,,0.28604831187415,50.1309240062783,,,0.0014157717330646,0.0,0.1451645
UNH_UCLA_3087,2339 catchments,False,57.63,108.12,46599.2762611378,,0.429955476173102,61.6369860396115,,,0.0,0.0,0.00485
UNH_UCLA_3156,2339 catchments,False,60.27,114.73,270.697729437409,,0.42689511346325,62.9262145801023,,,0.0,0.0,0.0
UNH_UCLA_3157,2339 catchments,False,60.17,116.8,25912.0472913283,,0.457623361227283,67.436312826555,,,0.0,0.0,0.0
UNH_UCLA_3198,2339 catchments,False,58.42,116.02,4843.08252738794,,0.400440624249005,67.0042992446413,,,0.0,0.0,0.0
UNH_UCLA_3202,2339 catchments,False,60.9,120.8,15984.9148832377,,0.385801103018528,59.6508444605829,,,0.0,0.0,0.0
UNH_UCLA_3206,2339 catchments,False,60.28,124.0,13404.334077151,,0.350235986932041,61.3442048300022,,,0.0,0.0,0.0
UNH_UCLA_3210,2339 catchments,False,61.05,128.65,12196.9607143268,,0.347404240185076,61.1581925471612,,,0.0,0.0,0.0
UNH_UCLA_3214,2339 catchments,False,61.93,129.55,163.860122099154,,0.311553228630997,56.5803794922045,,,0.0,0.0,0.0
UNH_UCLA_3219,2339 catchments,False,58.97,126.27,48677.720824616,,0.370739080153962,65.2758960912858,,,0.0046031181477613,0.0,0.00826
UNH_UCLA_3277,2339 catchments,False,60.68,135.03,24105.8574722705,,0.386899316828396,67.6196936169703,,,0.0,0.0,0.0
UNH_UCLA_3291,2339 catchments,False,59.67,127.05,23848.8623648281,,0.345745050222356,61.759950132297,,,0.0,0.0,0.0
UNH_UCLA_3307,2339 catchments,False,62.05,128.92,3597.9037039126,,0.334468813216597,58.3722105203875,,,0.0,0.0,0.0
UNH_UCLA_3414,2339 catchments,False,67.34,133.38,17183.0117130129,,0.364097869467232,65.9693016160844,,,0.0,0.0,0.0
UNH_UCLA_3507,2339 catchments,False,64.4,142.0,18215.1184381871,,0.344683011787101,68.3295076937836,,,0.0,0.0,0.0
UNH_UCLA_3510,2339 catchments,False,64.46,141.86,611.377346036709,,0.298189292832746,65.4264947268105,,,0.0,0.0,0.0
UNH_UCLA_3518,2339 catchments,False,64.43,144.37,22226.1270694831,,0.382983444690615,68.9723505090849,,,0.0,0.0,0.0
UNH_UCLA_49017,2339 catchments,False,66.9,30.33,2396.35343643426,,0.42737315559456,59.4534011893675,,,0.0,0.0,0.0
UNH_UCLA_49052,2339 catchments,False,65.22,31.15,360.093493952993,,0.37857961256177,50.2811464793498,,,0.0,0.0,0.0
UNH_UCLA_70016,2339 catchments,False,60.53,39.55,1619.78217832697,,0.343255783962922,48.5626315138193,,,0.0131461169550355,0.0,0.0
UNH_UCLA_70047,2339 catchments,False,64.38,39.4,1097.10117308883,,0.377845911555518,52.1913823933872,,,0.0,0.0,0.0
UNH_UCLA_70117,2339 catchments,False,60.55,40.42,1141.3134762468,,0.342429817838369,49.0823138500278,,,0.0003264593711176,0.0,0.0
UNH_UCLA_70129,2339 catchments,False,59.12,39.67,186.245429122521,,0.318232993151084,44.8177274621412,,,0.0230982776975553,0.0,0.0
UNH_UCLA_70146,2339 catchments,False,60.38,44.13,2302.12581261783,,0.348099944043003,49.3192144092495,,,0.0070547794112563,0.0,0.0
UNH_UCLA_7015,2339 catchments,False,55.85,110.15,19790.9552566164,,0.405141750697538,67.8012023419959,,,0.0,0.0,0.0317
UNH_UCLA_70231,2339 catchments,False,61.25,50.1,119.890121091882,,0.368780828658169,51.1908624446462,,,0.0,0.0,0.0
UNH_UCLA_70238,2339 catchments,False,62.98,50.88,17976.2388881439,,0.411873463502776,56.7126217556707,,,0.0,0.0,0.0014
UNH_UCLA_7024,2339 catchments,False,53.6,109.6,19479.9755409496,,0.36512488517493,62.1647485237153,,,0.0,0.0,0.2797656
UNH_UCLA_7036,2339 catchments,False,52.92,108.73,4499.83455091418,,0.387860337269624,62.051528401338,,,0.0,0.0,0.0223
UNH_UCLA_70363,2339 catchments,False,65.67,40.42,1801.1076167046,,0.425564374876666,56.259961952636,,,0.0,0.0,0.0
UNH_UCLA_70509,2339 catchments,False,63.62,53.9,14987.1787018518,,0.406705465360926,56.5973944459761,,,0.0,0.0,0.2199071
UNH_UCLA_70540,2339 catchments,False,67.03,51.13,8529.61163468159,,0.459645279772708,59.7647357433161,,,0.0,0.0,0.0
UNH_UCLA_7072,2339 catchments,False,50.3,108.63,15569.4124008887,,0.301681627820128,54.8556638183387,,,0.0,0.0,0.1611357
UNH_UCLA_7102,2339 catchments,False,51.2,106.97,38195.3636684518,,0.24334375827943,44.4265877853483,,,0.0,0.0,0.6696658999999999
UNH_UCLA_71067,2339 catchments,False,68.56,31.7,1605.46633090869,,0.407925753600479,58.2984356375857,,,0.0,0.0,0.0
UNH_UCLA_71139,2339 catchments,False,68.1,35.1,201.361449932137,,0.433134245207934,58.996043026712,,,0.0,0.0,0.0
UNH_UCLA_71192,2339 catchments,False,66.63,34.8,238.538634820408,,0.441169297841865,55.8472739088982,,,0.0,0.0,0.0
UNH_UCLA_71193,2339 catchments,False,67.53,34.28,2455.91397237698,,0.465593048403916,50.213769343873,,,0.0,0.0,0.0205
UNH_UCLA_71241,2339 catchments,False,67.56,31.01,1579.12602804866,,0.419633733782049,59.2249334573089,,,0.0,0.0,1.6429687
UNH_UCLA_71258,2339 catchments,False,67.96,32.86,1519.84294496461,,0.426722882960996,59.856946200232,,,0.0,0.0,0.0
UNH_UCLA_7156,2339 catchments,False,51.95,106.35,576.315371924376,,0.322250788505801,55.8340697447511,,,0.0,0.0,0.0
UNH_UCLA_7172,2339 catchments,False,51.53,104.07,973.06892558296,,0.316443648719824,64.0726544032433,,,0.0,0.0,0.0
UNH_UCLA_8233,2339 catchments,False,54.58,100.62,14586.9185251366,,0.313770281046931,57.769774705437,,,0.0,0.0,0.4273403999999999
UNH_UCLA_8291,2339 catchments,False,58.8,97.23,9570.40841610563,,0.37932897954101,56.4772408500032,,,0.0,0.0,0.0
UNH_UCLA_8331,2339 catchments,False,55.97,97.78,24684.0317992532,,0.357497149234286,59.4574775449787,,,0.0,0.0,0.1369925
UNH_UCLA_9166,2339 catchments,False,52.08,92.73,5753.43570562364,,0.386331928722729,59.2252305790948,,,0.0,0.0,0.1177944
UNH_UCLA_9207,2339 catchments,False,52.65,90.1,14704.9387063765,,0.43760022770631,66.9697163780866,,,0.007939943721824,0.0,0.0181
UNH_UCLA_9252,2339 catchments,False,53.8,92.87,31763.4960658021,,0.450589688925378,63.8578618595007,,,0.0028040865356005,0.0,0.0854
UNH_UCLA_9316,2339 catchments,False,55.9,92.5,9333.25631769218,,0.382909471670098,57.9136226402038,,,9.02645119081492e-06,0.0,0.0377
UNH_UCLA_9337,2339 catchments,False,56.22,95.7,23061.3069945455,,0.378120635306021,57.8834202420159,,,0.0133400314631675,0.0,0.4606062
UNH_UCLA_9372,2339 catchments,False,59.12,93.48,14699.8690181772,,0.433355074858322,61.9380634606693,,,0.0,0.0,0.0
UNH_UCLA_9404,2339 catchments,False,58.22,108.43,8217.37425689724,,0.39058668654451,57.5845447934758,,,0.0,0.0,0.0
UNH_UCLA_9419,2339 catchments,False,64.95,98.9,19354.4714492313,,0.490642303336607,70.970347326947,,,0.0,0.0,0.0
UNH_UCLA_9422,2339 catchments,False,65.65,90.12,9111.65023968918,,0.523087630327163,69.3890828840451,,,0.0,0.0,0.0
UNH_UCLA_9425,2339 catchments,False,65.98,84.27,10188.3754570486,,0.516432012834882,63.2572997268671,,,0.0,0.0,0.0
USGS_01011000,3049 catchments,False,46.6461328837437,-69.2753640854867,3186.83,364.893585465332,0.3042024352944572,,562.1618712086488,1098.0835154618371,0.0001441362082056,0.0708637851661423,0.0
USGS_01013500,3049 catchments,False,47.0192284368612,-68.5211549516345,2252.69,276.2209181012,0.2995366707791646,,603.7291265823598,1131.89646435508,0.315425847588436,0.0,0.0
USGS_01016500,3049 catchments,False,46.6246649789809,-68.7641588245871,847.769,327.343859649123,0.3024672802808517,,603.9433349183306,1100.8227122733188,0.0385745511087277,0.0,0.0
USGS_01017000,3049 catchments,False,46.5397684816025,-68.5791829281856,4278.9,270.865212782069,0.2901523766170841,,590.9286613870607,1116.528491340143,0.101550707297688,0.043805288301609,0.0
USGS_01018000,3049 catchments,False,46.064851019013,-67.9612592572967,450.471,179.281540504648,0.2613434940190615,,625.2928827280048,1138.820959191994,0.680472787735718,0.0,0.224089637465243
USGS_01019000,3049 catchments,False,45.2673056782923,-67.9712861955181,620.621,127.835294117647,0.2265359950993298,,596.4477926965541,1151.099942982412,0.0162318566690374,1.9546138045802,0.0
USGS_01021200,3049 catchments,False,45.0238102695793,-67.3664748589495,242.841,72.1471321695761,0.212173964211525,,707.2862792011332,1103.259889489396,0.557549939801296,0.0999260926191967,0.0
USGS_01022500,3049 catchments,False,44.788795593888,-68.0686735842022,573.599,100.259298618491,0.202294850149871,,794.7596226292226,1144.0381852281105,0.231463688115279,0.0,0.0
USGS_01029500,3049 catchments,False,46.1486959875103,-68.9806814734476,2816.29,310.352517985612,0.2974750831426574,,668.9624107792805,1101.7859135790486,0.0041036019419505,0.0762835256528729,0.0040016008769067
USGS_01030000,3049 catchments,False,45.99084533134,-69.334753655319,8732.99,337.058025621703,0.2843810216412858,,610.8338557771796,1127.7058408235416,0.0039854253392798,0.37222006431965,0.0505621845417142
USGS_01030500,3049 catchments,False,45.7985079789096,-68.1406485753672,3676.17,181.439310884886,0.2517477309999129,,659.9929102547499,1145.3420420249786,0.347293278099969,0.0121211919981395,0.0058823532890528
USGS_01033000,3049 catchments,False,45.3765924449731,-69.3721320091811,844.351,277.511047754811,0.2678483905064712,,708.5183496569616,1157.4696613089318,0.0064690032255991,0.132915101865204,0.0
USGS_01034000,3049 catchments,False,45.3098284444286,-69.3065588085311,3011.22,275.792145015106,0.2634687899018286,,743.2609208532939,1160.283467691865,0.023115444820481,0.0347017299499936,0.0081699351236845
USGS_01034500,3049 catchments,False,45.7747223046997,-69.1331107834909,17347.4,271.729306139395,0.2616481076376469,,662.2234810081947,1151.3331790898533,0.0987979709941901,0.0837339113729972,0.0429884010087211
USGS_01041000,3049 catchments,False,45.6236684225565,-69.9438646512443,3293.25,438.08688494604,0.3001785779133033,,574.17550906706,1090.32322190295,0.0007949363486945,0.914311774646324,0.0054466232002057
USGS_01042500,3049 catchments,False,45.5729407254527,-69.9454945234437,4124.35,426.849122807018,0.2904029322066304,,617.20207503531,1108.9726533667138,0.0010469771453829,0.710275316165687,0.0042016807544444
USGS_01043500,3049 catchments,False,45.1867771728298,-70.5043866341234,1343.69,533.223174030658,0.3112907600902219,,600.1264778636198,1115.2697327790706,0.000186041447013,0.442518330647636,0.0255754485766849
USGS_01046500,3049 catchments,False,45.4045930631015,-70.0842382645741,7056.89,446.171298364757,0.2908681830683127,,602.219744018082,1119.9556522329906,0.00093571255559,0.572790779782897,0.0078084333634943
USGS_01047000,3049 catchments,False,44.9930205640985,-70.1564724969859,909.094,376.93068640646,0.2713188009278561,,773.650644074048,1163.693752854587,0.0079155045373732,0.0,0.0
USGS_01049000,3049 catchments,False,44.8974105489319,-69.3417456457936,1488.61,132.830397378124,0.2225149325874566,,612.186389219313,1148.630103838618,0.115097457793756,0.0476964296240266,0.0603318272624165
USGS_01049500,3049 catchments,False,44.2566571937501,-69.9467865311081,561.314,87.6493936052922,0.1988680513969575,,631.1082245450054,1121.2005359382003,0.0954986935989423,0.192621729469813,0.0713012519885193
USGS_01053500,3049 catchments,False,44.9837170705635,-70.9160495092106,2701.49,597.083370887787,0.2958975071633072,,682.3239158674885,1180.787274629928,0.0035634161659092,0.238257121248884,0.0
USGS_01054000,3049 catchments,False,44.9115241545808,-70.9668596891381,3527.63,578.477524204703,0.2937803003223524,,672.0653842825345,1173.6040954863902,0.0045506809353371,0.182964884841675,0.0894392860987992
USGS_01054500,3049 catchments,False,44.7771040885546,-70.9271768150724,5349.33,543.703746002741,0.2868885252746299,,692.0338889673898,1179.96562965797,0.0435080724325636,0.124857803310722,0.118323195265371
USGS_01055500,3049 catchments,False,44.3400495349161,-70.3516579827794,439.503,194.042194092827,0.2313082153830618,,629.3746340649333,1133.3025243736065,0.380270668438503,0.0,0.0
USGS_01057000,3049 catchments,False,44.3448076719169,-70.6057246737244,190.919,286.970967741936,0.2459466586294278,,671.7943884909998,1177.5752287418582,0.348436549305916,0.0,0.0
USGS_01058500,3049 catchments,False,44.1965437073547,-70.4833751972418,851.431,188.063675832127,0.2406405932139876,,624.074484813931,1115.6133484527434,0.367723323977911,0.0,0.246983412832308
USGS_01059000,3049 catchments,False,44.5605752741727,-70.6030951004557,8444.24,430.004133430022,0.2687980458464258,,693.6703520052586,1168.813414923746,0.121222769948701,0.0952104392893119,0.222719522054726
USGS_01060000,3049 catchments,False,43.9255221300487,-70.2279892983278,364.828,77.3066439522998,0.1949144049204147,,663.790218394312,1098.158648857583,0.545659048216684,0.0,0.434173683502844
USGS_01064000,3049 catchments,False,44.0547393473183,-70.6510682146539,1145.67,164.278439869989,0.2247546583548918,,520.8939110275969,1137.5024443222708,0.259674656646032,0.735426047873759,0.0980392202587896
USGS_01064500,3049 catchments,False,44.0872066078638,-71.2547822156674,993.696,556.867206982544,0.2509253687796191,,905.2854190491948,1346.3552747216936,0.0417140967165324,0.0,0.128676474560052
USGS_01065000,3049 catchments,False,43.8021148838699,-71.2231688928798,855.258,303.589519650655,0.2335740640202244,,724.8949034370402,1206.7696642779324,0.0668466320203152,0.0468022231661741,0.0140056030691733
USGS_01065500,3049 catchments,False,43.7967431766145,-71.1380159704378,1172.3,273.775066312997,0.2277526734643019,,689.6237704991403,1193.034581088375,0.0919677917263471,0.0365496577372105,0.0103199180509699
USGS_01066500,3049 catchments,False,43.6587640755277,-70.8436079269252,423.931,168.275659824047,0.2172489074206858,,641.7419211688294,1146.0149270278482,0.213812833031019,0.0,0.0
USGS_01069500,3049 catchments,False,43.5077533921661,-70.7835371205,264.512,141.329355608592,0.1959180297293375,,660.0185381117744,1205.286730663178,0.242633363604546,0.279604142174093,0.941176507622004
USGS_01073500,3049 catchments,False,43.1081198677967,-71.1534916476163,471.137,115.885486018642,0.1834190002126697,,564.5013626730707,1097.9586578583423,0.247552755806181,0.0550150507194733,0.130718956804938
USGS_01077000,3049 catchments,False,43.7463363638983,-71.5448697011239,150.295,248.867768595041,0.2289527265640909,,533.240831699024,1217.4763836340164,0.0724547406037649,0.328300327508569,0.0
USGS_01081000,3049 catchments,False,43.588537043258,-71.3623345672718,1216.97,225.586577868852,0.2143465961888022,,550.5885095285488,1160.322186215378,0.100965358200483,0.427338305924174,0.200980401132256
USGS_01083000,3049 catchments,False,42.9257029794628,-72.0513644922748,116.851,402.826086956522,0.2179979815928237,,669.0608291606592,1114.0651086982798,0.0923468880355358,0.0,0.0
USGS_01087000,3049 catchments,False,43.4259773393747,-71.843347659608,331.851,327.843212237094,0.2264320134152356,,588.3399470889397,1117.2547374627534,0.146239042282105,0.0,0.0
USGS_01089000,3049 catchments,False,43.3393113155282,-71.4501587724333,201.075,215.693251533742,0.2139922487765871,,503.023218834584,1126.529621209727,0.163061903789639,0.0,0.171568628866225
USGS_01092000,3049 catchments,False,43.4558807769387,-71.6434190497029,7987.65,315.804403841649,0.2169049749757319,,626.0017442172715,1153.375736652865,0.128862477096043,0.0735121221915804,0.5150918764480219
USGS_01094400,3049 catchments,False,42.5870043578522,-71.8941540080652,166.161,305.370229007634,0.1648826603170501,,663.2083594861682,1204.3466357359898,0.176176570355892,0.0,0.751633996454378
USGS_01096000,3049 catchments,False,42.6789881192117,-71.7570572892355,173.136,202.916058394161,0.1847323860434813,,594.6705332665545,1180.9712544998874,0.509176075458527,0.0,0.0
USGS_01111500,3049 catchments,False,41.9590370795052,-71.6716174815864,237.239,152.451086956522,0.1382454255677756,,681.9108415652008,1140.076046294581,1.09217946231365,0.0,0.0245098053710535
USGS_01116000,3049 catchments,False,41.6730297845204,-71.6331336818145,168.258,109.045977011494,0.1136089375314323,,720.7063150597357,1143.7168339892155,1.08205048243205,0.0,0.130718961978952
USGS_01117500,3049 catchments,False,41.5041667814094,-71.5875862498321,260.437,68.1012345679012,0.1007289671853018,,693.0371686839786,1149.2082507837397,1.45926921069622,0.0,0.4901960841380059
USGS_01118000,3049 catchments,False,41.5913569726978,-71.7519966951622,193.211,112.397350993377,0.1059726303122066,,741.932082448657,1154.2005359460993,1.3812145665288,0.0,0.0
USGS_01119500,3049 catchments,False,41.9156744520011,-72.2925514783192,314.846,219.110882956879,0.1325190177578289,,635.7750007705755,1110.61717458909,0.409531990687052,0.0,0.032679740494738
USGS_01122000,3049 catchments,False,41.8777335305286,-72.1505940634704,453.29,194.20821529745,0.1355700490746377,,613.1480006528652,1126.607865224593,0.27201293533047,0.0,0.0
USGS_01124000,3049 catchments,False,42.0769280145133,-72.0977465006691,392.0,237.647058823529,0.1474206091040446,,648.1516541249304,1131.318606756205,0.243873142637312,0.0,0.502450999920256
USGS_01127000,3049 catchments,False,41.841266912703,-71.9417092409561,1838.7,169.623955431755,0.1299503184721032,,656.9800202412687,1164.5521365399338,0.333533425783289,0.0,0.366801907035426
USGS_01128500,3049 catchments,False,45.1608375477276,-71.1832763323075,215.652,649.217142857143,0.2878098594979546,,808.2023828143288,1306.0436703039377,0.0039714692684356,0.720358241578697,0.0
USGS_01129200,3049 catchments,False,45.1305038076669,-71.2744218525735,658.744,590.385253456221,0.2750531008795576,,775.3070988048391,1326.4790716073624,0.0056072114887435,0.45706562596354,0.0
USGS_01130000,3049 catchments,False,44.6082134038107,-71.3494896740116,597.955,584.036734693878,0.295908720630034,,716.2318328844947,1140.7108461236487,0.0120669788724626,0.0,0.0
USGS_01134500,3049 catchments,False,44.5782241858634,-71.8050330670584,195.13,543.566455696203,0.2472618287681358,,708.772264974623,1154.8825534555451,0.0045077941322233,0.0,0.0
USGS_01135000,3049 catchments,False,44.5235376001881,-71.8558087258659,334.305,476.622710622711,0.2555812395098771,,589.4358597416414,1122.616784050522,0.0209922996000387,0.0,0.016339870247369
USGS_01135500,3049 catchments,False,44.5634822494321,-71.9656007157737,1124.9,441.218171926007,0.2412851720321299,,633.9703417351045,1179.5791147358611,0.0582572946900894,0.0,0.11351909610982
USGS_01137500,3049 catchments,False,44.2526378623476,-71.4757693629654,228.554,753.260869565217,0.2726483749038355,,850.1238053556064,1284.9003657745156,0.0041455626240349,0.0,0.0
USGS_01139000,3049 catchments,False,44.2225713949299,-72.2224763111195,246.333,422.143576826196,0.2358414672548231,,567.6242698508764,1143.199575514882,0.0374224383849651,0.0,0.0
USGS_01141500,3049 catchments,False,43.8902542759819,-72.3097750524791,338.451,396.034990791897,0.2468440361302837,,510.06294394548576,1110.0993084825066,0.0462188860401511,0.0,0.016339870247369
USGS_01144000,3049 catchments,False,43.8705563768541,-72.6461238064304,1790.24,453.555325034578,0.2334452416036977,,634.4717533990791,1195.7816522750686,0.0641827973470624,0.0,0.0105042018861111
USGS_01150500,3049 catchments,False,43.662542716548,-72.0515257189806,397.679,391.6046875,0.2378983416599646,,494.1513290136217,1073.3092544367275,0.0596891477083166,0.0531138337594665,0.0
USGS_01152500,3049 catchments,False,43.4112149278878,-72.1547375626842,700.379,389.088731144632,0.228583126515105,,558.6472118983762,1076.133073698112,0.0737231793728742,0.0646687947244379,0.160427814857526
USGS_01153000,3049 catchments,False,43.4366683104755,-72.6430945986775,411.577,462.628614916286,0.2389910080276903,,664.5968425594118,1203.25038098217,0.0786852567855801,0.0,0.0
USGS_01153500,3049 catchments,False,43.2688432197292,-72.6498134202609,263.33,408.283018867925,0.2428786918964766,,617.8471739848576,1198.112199055528,0.0987553559243679,0.0,0.0
USGS_01153550,3049 catchments,False,43.2584817934397,-72.6250248235908,289.55,394.912017167382,0.2118754132767881,,667.9761407016031,1241.490583079715,0.0987553559243679,0.0,0.0
USGS_01154000,3049 catchments,False,43.1506064122416,-72.6099585316696,187.328,402.634228187919,0.2453848820144615,,590.429323289503,1171.890464925135,0.0683470988260524,0.0,0.0
USGS_01154500,3049 catchments,False,44.1967457924736,-72.0001223343362,14220.1,443.620070285045,0.2454287597493954,,630.5692806478794,1174.908953569654,0.0543518614013707,0.0420469130726718,0.063829790067641
USGS_01155500,3049 catchments,False,43.2158797046224,-72.8606182294369,459.812,543.245231607629,0.2353969081163898,,731.7625770900574,1211.155605568784,0.0573817046492228,0.0,0.0
USGS_01156000,3049 catchments,False,43.1560766512808,-72.8079780686588,792.068,514.09587955626,0.2341081065524537,,738.5469760840784,1222.3648925475402,0.0557630732267474,0.0,0.0
USGS_01157000,3049 catchments,False,43.1519931920461,-72.1713790111206,182.578,465.093425605536,0.2463997717850456,,634.1986758001512,1029.9071883135423,0.0527835236862302,0.0,0.0
USGS_01158000,3049 catchments,False,43.1251470739617,-72.2151730715441,263.925,426.799043062201,0.2339902026497568,,604.2795066277395,1041.111310412113,0.0633870319773753,0.0,0.0
USGS_01158600,3049 catchments,False,43.0145268240841,-72.1756040877076,122.396,424.19587628866,0.2247363739198382,,582.991804851402,1052.4507455391756,0.0608530193567276,0.0,0.0
USGS_01161000,3049 catchments,False,42.9597473251968,-72.2495180217982,1089.69,340.972222222222,0.2115173433074577,,609.3027355247272,1063.1839979632157,0.0768647244614032,0.0,0.255991292781093
USGS_01162000,3049 catchments,False,42.7158858561363,-72.0064976651603,212.624,346.340298507463,0.1923114096221079,,639.5634819440388,1145.3238310913073,0.0874241255223751,0.0814061695971389,0.392156885936856
USGS_01166500,3049 catchments,False,42.6458210371587,-72.1535143770896,965.455,305.693166885677,0.1894701477875029,,623.6111967748881,1110.2305757493314,0.18588557606563,0.0183602204881588,0.477941194549203
USGS_01168500,3049 catchments,False,42.8100860022869,-72.9465623192834,938.504,602.946837146703,0.209400150704914,,904.6493373669964,1327.1226483929229,0.101621894507844,0.262097551179642,0.0
USGS_01169000,3049 catchments,False,42.7297868263491,-72.7729118136883,230.641,439.868131868132,0.2003170987292721,,773.355743612558,1339.9109114744958,0.382528126239777,0.0,0.0
USGS_01170000,3049 catchments,False,42.7556628474874,-72.8822267128892,1451.38,522.62962962963,0.2035403113226546,,845.3856698246722,1334.1086396160686,0.195218547164889,0.178314430898353,0.0
USGS_01170500,3049 catchments,False,43.9127768378424,-71.8106313278271,20389.7,425.439953669837,0.233316590970167,,649.1998151021274,1180.402778633957,0.0877683135482168,0.0498991066419733,0.10889145199922
USGS_01171500,3049 catchments,False,42.3985510864191,-72.7268625229348,139.787,267.402714932127,0.1704226017094554,,659.6934099364732,1303.80475426792,0.182987399399281,0.0,0.0980392214842141
USGS_01172500,3049 catchments,False,42.4389560385506,-71.9652308156992,142.693,308.828828828829,0.1712653878703414,,611.1364316564303,1154.155980972327,0.170018348842859,0.0,0.0
USGS_01173000,3049 catchments,False,42.4608089019571,-72.0062523258663,248.973,303.943298969072,0.1714683646284358,,619.7529558504491,1139.1497797195111,0.205237621441484,0.0,0.0
USGS_01173500,3049 catchments,False,42.4009077099047,-72.0904764124564,510.333,275.996264009963,0.1690071809496646,,549.5446127760358,1126.4868403261437,0.286077223718166,0.0,0.0840336150888886
USGS_01174500,3049 catchments,False,42.4677682724706,-72.1728187804562,113.036,288.423728813559,0.1756683782172243,,599.6092676292791,1102.683131140445,0.209306553006172,0.0,0.0
USGS_01176000,3049 catchments,False,42.2512626270875,-72.0873188965354,387.159,252.689655172414,0.1593308113660353,,611.4260929293847,1125.526451041064,0.452511121829351,0.0,0.016339870247369
USGS_01177000,3049 catchments,False,42.3286689237653,-72.2010380157534,1785.37,241.923598714745,0.1640985425849817,,469.393007377676,1115.2641554212917,0.308450010318596,1.88662856515507,0.067873305390374
USGS_01179500,3049 catchments,False,42.4626561597979,-72.9185446175262,422.132,451.214814814815,0.1911702232259098,,723.1798873764985,1369.7437394815258,0.196713788168771,0.0,0.0
USGS_01181000,3049 catchments,False,42.3083216170477,-73.0364688771741,243.494,442.926892950392,0.1756946955642505,,737.801159790569,1321.9349605222756,0.104263519247373,0.0,0.0
USGS_01183500,3049 catchments,False,42.2966809371838,-72.9155260577822,1292.8,369.290053895149,0.1719949423431276,,678.5193949337436,1345.5261153551644,0.228004583290645,0.115985920228197,0.256769385721002
USGS_01184000,3049 catchments,False,43.7023723748538,-71.8920108311339,25049.5,391.616727689357,0.2201717822834003,,633.4553238741906,1184.3909871246858,0.134552922900346,0.150582528416997,0.28516098037707
USGS_01185500,3049 catchments,False,42.1820929150706,-73.1032086391235,237.425,460.545454545455,0.1647282230718436,,720.433060733549,1282.8797379685018,0.0499453048687428,0.162658562550304,0.0
USGS_01186000,3049 catchments,False,42.1388068624031,-73.0812812259903,333.584,430.020992366412,0.1650760402452559,,692.5837390186964,1291.147935030857,0.0581111526116729,0.372858723120222,0.0
USGS_01186500,3049 catchments,False,41.9726870818915,-73.1215926112103,221.487,377.028653295129,0.1430343247474622,,719.9434492170546,1339.0850446955926,0.152990656594435,0.0687596638437288,0.163398698593179
USGS_01188090,3049 catchments,False,42.0079143558893,-73.0393784343098,977.783,347.715123859192,0.1379041870804635,,629.0267577917476,1324.6272271712132,0.229995037142474,0.250314013419932,0.0377073919830414
USGS_01189995,3049 catchments,False,41.9817184536266,-72.9941297972959,1492.97,279.35319331333,0.1330905667047683,,695.5762873458037,1313.020866580653,0.741958508667137,0.14752327037102,0.387488336612781
USGS_01197000,3049 catchments,False,42.4599789224601,-73.1061272045223,149.554,512.424242424242,0.1891843088550137,,648.0411499390025,1262.539323887424,0.0211058352142572,0.0,0.0
USGS_01199000,3049 catchments,False,42.2452420363553,-73.26484461992,1643.04,387.713731574864,0.1764123967454575,,625.9445762169113,1156.4914997968044,0.0928531480580568,0.0123872890953846,0.472549029160291
USGS_01200000,3049 catchments,False,41.7965730304472,-73.5526524678874,532.584,253.462829736211,0.1542653383820381,,533.6267088155389,1094.249668874097,0.656977806985378,0.0,0.0098039221484214
USGS_01200500,3049 catchments,False,42.0903835157373,-73.3579734834865,2583.36,348.901505801037,0.1650675596861737,,612.3361060722169,1144.9119910864626,0.248437556670979,0.0079527889750296,0.297794123762287
USGS_01205500,3049 catchments,False,41.9374056537722,-73.3349818567587,3998.59,302.277626739165,0.1494212972599989,,620.6161771156022,1171.9593700415282,0.491367731633927,0.100559551828991,0.558981670051693
USGS_01312000,3049 catchments,False,44.0204869223846,-74.1460843887496,498.219,667.31141439206,0.2899007894017448,,708.0150296481065,1150.3855205259204,0.0020203415918201,0.0,0.0
USGS_01315000,3049 catchments,False,43.615084600499,-74.4256256300091,337.525,649.237569060774,0.268978248350994,,805.9690223015327,1251.2212299298203,0.004988321607622,0.0,0.0
USGS_01315500,3049 catchments,False,43.8106515771482,-74.2505263538493,2058.55,635.451749095296,0.2717195298949205,,716.617480859508,1185.2117586923075,0.007029288590114,0.0,0.0028835065142415
USGS_01318500,3049 catchments,False,43.7562283735256,-74.0495779432369,4332.63,529.17335243553,0.2502771058669126,,628.5622614260554,1193.9583026623338,0.0239553750182584,0.0125506592145927,0.0082850044685035
USGS_01321000,3049 catchments,False,43.4604819983473,-74.3323603958969,1263.69,589.99603960396,0.2502392105808839,,798.5203190600962,1285.537416562482,0.0133178282106344,0.0,0.0
USGS_01325000,3049 catchments,False,43.3448973506176,-74.2420096407721,2776.65,499.481431767338,0.2303799245683789,,712.7503596100422,1260.7759664622074,0.0326403317912164,0.459363996187153,0.0111408206232061
USGS_01327750,3049 catchments,False,43.5930508889729,-74.0631749074844,7334.23,507.837775891341,0.2256933595121317,,668.962585949769,1239.282117776155,0.0341993858281951,0.200840150125448,0.0697906302698588
USGS_01329000,3049 catchments,False,43.1233881044054,-73.0747314908143,389.387,527.183441558442,0.2389017043080746,,778.1333190019462,1167.7381187643848,0.0798459112827134,0.0,0.252100845266666
USGS_01330500,3049 catchments,False,43.1024534750605,-73.9369026841189,219.881,260.401146131805,0.1876749401594137,,563.5103321365003,1272.8545442777634,0.113311037421227,0.0,0.318627466913313
USGS_01331095,3049 catchments,False,43.447609848208,-73.8367585528522,9784.65,441.916183313149,0.2124056822555546,,635.2494160783393,1229.8542950471451,0.0936539122940766,0.153208016570354,0.122392909663617
USGS_01331500,3049 catchments,False,42.555149041809,-73.1460582276341,121.046,476.776595744681,0.1944061844328489,,679.1553331149204,1274.9882665205614,0.0411308240145445,0.0,0.245098047889769
USGS_01332000,3049 catchments,False,42.7648061155272,-73.0764655789536,105.512,574.887573964497,0.2200915515516047,,818.6728843448914,1322.275434285711,0.0307096596807241,0.0,0.0
USGS_01333500,3049 catchments,False,42.7035189146292,-73.3390050480811,140.916,443.427947598253,0.1959422425638527,,594.7283945630472,1137.0512550959438,0.0450063515454531,0.0,0.0
USGS_01334000,3049 catchments,False,42.8915824130594,-73.1596673821951,299.563,490.286315789474,0.2122867428722152,,678.5802381419556,1250.909779270825,0.0979411010630429,0.0,0.600490222374598
USGS_01334500,3049 catchments,False,42.7733309487579,-73.209405995179,1324.34,436.106972301815,0.200319785106661,,684.4566146342015,1227.4643583815125,0.099006166725996,0.0,0.498366026606943
USGS_01335754,3049 catchments,False,43.3550303273689,-73.7938146731228,11970.2,422.641055105772,0.2071251292635484,,643.5674136106028,1228.433834640458,0.11484586321536,0.145550240304579,0.171951597985753
USGS_01336000,3049 catchments,False,43.3904464216573,-75.4077942072865,386.425,361.073170731707,0.2007671854470916,,872.6118084072999,1459.3510801434695,0.0983622022904456,0.201687632579471,0.0
USGS_01346000,3049 catchments,False,43.3605587793325,-74.8734213232942,1439.44,505.686137750654,0.2294349849721996,,856.0714326944559,1410.5688476500884,0.0319549478641104,0.0765692408665639,0.0
USGS_01347000,3049 catchments,False,43.2376562958645,-75.0682145296779,3450.5,384.387443130118,0.210981871638316,,760.761326687086,1384.0704566140355,0.118174552469884,0.0627613086348404,0.246365795088611
USGS_01348000,3049 catchments,False,43.2126825350877,-74.6757466705575,756.463,475.981887511916,0.2225408803115457,,804.5031279481238,1339.6087433545736,0.0236423411406577,0.0,0.0
USGS_01349000,3049 catchments,False,42.9156482510164,-74.7517354608782,157.662,277.268,0.2123360014611756,,477.1156442274443,1237.7558846137104,0.13049989938736,0.0,0.049019610742107
USGS_01350000,3049 catchments,False,42.2527896516364,-74.260044596887,612.515,658.222222222222,0.1984851040109899,,722.4079984674573,1256.0982713323,0.162440045177937,0.0,0.0196078442968428
USGS_01350355,3049 catchments,False,42.3609775647963,-74.3666506959011,1153.14,606.050577240242,0.1913664772343022,,469.3977969789487,1225.1650415221875,0.139817176386714,0.191650999965331,0.0108932468315793
USGS_01351500,3049 catchments,False,42.5284527705337,-74.3465189612514,2320.99,504.275362318841,0.2033454471792165,,449.9457772546723,1177.7067890110357,0.193769650390515,0.102184681018208,0.0075414785757087
USGS_01357500,3049 catchments,False,42.943194768826,-74.6405916647269,9113.44,383.919703990594,0.2044553371576597,,594.4720787953344,1282.0425510559958,0.155485376942909,0.0733824699676218,0.403404516671874
USGS_01358000,3049 catchments,False,43.1427181636054,-74.2147423131155,20981.1,404.71598553021,0.2200850641368044,,589.1107875039226,1224.7071053397362,0.133927468238221,0.106976378626139,0.269973665309041
USGS_01362200,3049 catchments,False,42.0990077039778,-74.4368343108188,169.19,685.992537313433,0.1907860279666258,,806.8369108549699,1332.4887043282545,0.135840943083167,0.0,0.0
USGS_01362500,3049 catchments,False,42.0846473811601,-74.3176561533524,493.161,608.233160621762,0.1866952071830118,,1321.5688122463546,1342.256006592471,0.102472540456802,0.0,0.0
USGS_01364500,3049 catchments,False,42.027923616646,-74.2184037452877,1084.42,418.555555555556,0.1561173767434589,,432.651507733425,1388.214213852175,0.464367656735703,0.969135956695215,0.140931375790387
USGS_01367500,3049 catchments,False,41.7938134305418,-74.3651576822424,940.121,370.256987048398,0.1425381984457064,,612.1899238053244,1374.212311991319,0.500400185272156,0.322884033871628,0.0245098053710535
USGS_01368000,3049 catchments,False,41.1515457530149,-74.6220881953041,364.958,226.790408525755,0.1397537594901517,,538.350033799611,1145.1362655571113,0.908299612147468,0.0,0.0140056030691733
USGS_01371500,3049 catchments,False,41.5381237751709,-74.3284910816436,1866.35,200.343933632907,0.1314716363933391,,543.4506704998594,1206.3169258481944,1.29930327267482,0.0,0.5493576835102311
USGS_01372500,3049 catchments,False,41.8192875358011,-73.7527930548537,441.813,169.584057971015,0.1414445402635173,,557.8728652553124,1061.5246591043142,0.320174240640232,0.0,0.0
USGS_01377000,3049 catchments,False,41.0951651277217,-73.9854392936046,146.506,71.3842794759825,0.1031809087769852,,520.6181709636437,1190.322182462232,0.0,0.276852548157773,0.490196095779538
USGS_01378500,3049 catchments,False,41.0363036694477,-73.9970787784543,300.346,67.85,0.1013522808605548,,215.1764409539836,1188.7886797222134,0.444398835301399,0.274076150609919,0.98039218573831
USGS_01380500,3049 catchments,False,40.9547050256785,-74.5121183374737,304.163,256.79443254818,0.1102527510186677,,697.622802734375,1209.983230947193,0.309414555132389,0.0,0.745098071638495
USGS_01381000,3049 catchments,False,40.9490508167064,-74.5033765735774,314.354,253.0,0.1103956714759112,,428.923946615828,1206.9370890102905,0.309414555132389,0.0,0.745098071638495
USGS_01382500,3049 catchments,False,41.0836020836737,-74.4585723176025,164.146,325.376984126984,0.1187489939627242,,230.48740718439063,1197.0615497921474,0.205586138181388,0.612888560868912,0.0
USGS_01384000,3049 catchments,False,41.1664209625252,-74.3251605612714,111.066,261.094674556213,0.1263974408803241,,692.386170428136,1189.8436094219971,0.295939200557768,0.0,0.0
USGS_01387400,3049 catchments,False,41.2339671366576,-74.1708538490628,231.678,255.87675070028,0.1101883073219094,,661.2092793681527,1207.150903484937,0.139571951702237,0.0,0.156862747389823
USGS_01387420,3049 catchments,False,41.231115901938,-74.1695521869104,247.65,253.926315789474,0.1101883073219094,,641.9822762920845,1207.150903484937,0.139571951702237,0.0,0.156862747389823
USGS_01387500,3049 catchments,False,41.2078781316448,-74.1511912945009,318.794,236.1,0.1138439878651959,,658.2460671342359,1204.7548211812202,0.191633228523036,0.0,0.35947712797982
USGS_01388000,3049 catchments,False,41.1604724808373,-74.1726418021306,420.578,216.435857805255,0.1112046268141019,,621.1961818988207,1205.6060366565985,0.479171620149698,0.0410858009755621,0.322128855623305
USGS_01388500,3049 catchments,False,41.134132618271,-74.27947308458,923.086,236.599719101124,0.1140632242024723,,500.2394384952767,1204.5055155105813,0.458643322677485,0.0858540005426546,0.224089639128319
USGS_01396500,3049 catchments,False,40.7956805549505,-74.777410423518,162.524,261.404,0.1089753435343044,,697.7297447097396,1149.6384460211227,1.82677771151066,0.0,0.0
USGS_01413500,3049 catchments,False,42.1972571250481,-74.552215634498,424.102,671.794602698651,0.2123047592084712,,677.4163564776037,1233.8787333398757,0.106256817068372,0.0,0.0
USGS_01417500,3049 catchments,False,42.1491232988222,-74.7589484283461,1183.97,625.103448275862,0.1870903490460357,,328.4542557179842,1233.561944633674,0.0598802400850936,1.09067343176601,0.0
USGS_01420500,3049 catchments,False,41.9533391436807,-74.7689275312898,627.047,656.370522006141,0.1850290435453832,,833.4167102901368,1256.403632551309,0.106940536167134,0.0,0.0
USGS_01420980,3049 catchments,False,42.081244357711,-74.7750627031355,1982.69,629.128709677419,0.2042215574025281,,515.0205356410572,1217.678002710319,0.0748125512092825,0.422871952474349,0.0
USGS_01421000,3049 catchments,False,42.0801735016163,-74.7926652822932,2029.48,627.4872199432,0.1980218390756609,,538.6334323809349,1228.2637357954325,0.0730866783706006,0.421897762651627,0.0
USGS_01423000,3049 catchments,False,42.2954782034777,-74.8854501687161,859.681,596.175425610659,0.2098895127851241,,637.9205107524737,1167.6989931822193,0.0470389573333355,0.0,0.0075414785757087
USGS_01425000,3049 catchments,False,42.2519859830817,-74.976416137735,1180.56,576.752827140549,0.2022940838950198,,497.7002215717409,1171.5736145013027,0.0430167831170062,0.643167627746025,0.0108932468315793
USGS_01426500,3049 catchments,False,42.2145886230363,-75.0824093750813,1539.33,557.1659081506,0.1950491059383859,,529.035556574975,1179.250211304882,0.0501425424978758,0.434991256117683,0.0081699351236845
USGS_01427500,3049 catchments,False,41.7961692780904,-74.9336406262701,286.609,445.514476614699,0.1856644347034846,,551.192370395436,1171.214814068328,0.15890427082777,0.0,0.0
USGS_01427510,3049 catchments,False,42.0673284583371,-74.9909777399047,4725.0,562.992291046795,0.1764676089445413,,568.9418251405411,1218.9296620479156,0.0669794452168342,0.339975616734408,0.0077399383850493
USGS_01428500,3049 catchments,False,41.995571914127,-75.0004774766751,5242.79,543.397437461867,0.1878313857868779,,569.4878917748927,1195.0220939070873,0.0681482553204876,0.296966287269809,0.007002801395997
USGS_01428750,3049 catchments,False,41.7309406167373,-75.4098860282936,107.902,535.29696969697,0.1517933593301364,,723.7148229691422,1162.4929495347692,0.10111715272069,0.0,0.0
USGS_01429000,3049 catchments,False,41.6964027025122,-75.3893186983521,151.376,506.497854077253,0.1642997537608645,,660.3221705683737,1135.0085532350524,0.10111715272069,0.0,0.0
USGS_01429500,3049 catchments,False,41.7097143937716,-75.2907200261844,167.224,452.515151515152,0.1660305482936897,,629.6095723916529,1127.0870137997274,0.0709023103117943,0.0,0.0980392214842141
USGS_01430000,3049 catchments,False,41.6700685730185,-75.3400373781589,425.022,466.258751902588,0.1503223993938512,,657.8809617624944,1148.717099667591,0.0957796052098274,0.0,0.0392156885936856
USGS_01431500,3049 catchments,False,41.6196704735991,-75.318318274844,748.657,446.245266781411,0.1619168647551825,,615.6319223304048,1126.5452989855132,0.101785007119179,0.0,0.1960784418042749
USGS_01432000,3049 catchments,False,41.3597878087275,-75.3190446945678,592.626,487.240395170143,0.1539852351177442,,567.5360909670248,1164.3837996891111,0.115291731940074,0.491685691178502,0.0
USGS_01433500,3049 catchments,False,41.6664106679009,-74.7686101501569,523.678,422.01717791411,0.1584890206148226,,593.0751294429235,1194.229859029758,0.188282469546215,0.190196549693759,0.0871459733591312
USGS_01434000,3049 catchments,False,41.8344864221217,-75.0254889910741,7967.64,504.428513959289,0.1771468479179966,,575.9874627065767,1182.2534704787763,0.0823729599027761,0.239612264316345,0.036570185237372
USGS_01435000,3049 catchments,False,41.9663449193478,-74.4931393024571,172.458,778.355555555556,0.185979070554886,,1026.7853494482106,1364.8112447624585,0.125308454036713,0.0,0.0
USGS_01436000,3049 catchments,False,41.932169363109,-74.5473357036868,240.691,712.701846965699,0.182268668808112,,319.5204752222979,1345.0257040356653,0.110819752017657,1.51041858298497,0.0
USGS_01437500,3049 catchments,False,41.7448658210499,-74.5753306387447,793.959,490.114886731392,0.1612779123123705,,544.8669731462363,1279.0188751613746,0.120768139075319,0.303942965261145,0.0267379684373736
USGS_01438500,3049 catchments,False,41.8089393390276,-74.9652838681074,9016.39,504.600142608145,0.1743856432195437,,577.608031259741,1192.1195472403426,0.0793770517108016,0.241281713093382,0.0357920960855802
USGS_01439500,3049 catchments,False,41.2036830064953,-75.100435464755,305.878,395.564853556485,0.1366495154313704,,716.1359793125914,1228.8862290258242,0.0157159164664336,0.0,0.0
USGS_01440000,3049 catchments,False,41.1979892931129,-74.811406059696,167.72,282.697318007663,0.1345229849832567,,618.3905756363732,1140.4109235063645,0.305033899843693,0.0,0.0
USGS_01440400,3049 catchments,False,41.1861487808046,-75.250025809437,175.208,429.921933085502,0.1364650696770129,,729.2033416316243,1271.103453104863,0.120600995918115,0.0,0.0
USGS_01442500,3049 catchments,False,41.0815878523995,-75.2943638886788,677.555,352.186781609195,0.1282432072128573,,761.4516991912,1263.129109532652,0.233007437239091,0.0,0.141612204930021
USGS_01443500,3049 catchments,False,41.0729992840197,-74.7888054479778,326.427,219.496,0.1181668377432993,,604.6434958086294,1169.3131285350112,0.51306351646781,0.0,0.58823530562222
USGS_01445500,3049 catchments,False,40.9064481108101,-74.8785275688026,269.534,207.974937343358,0.1152827771394977,,557.9604734918244,1137.9785573814286,1.37241015831629,0.0,0.032679740494738
USGS_01446500,3049 catchments,False,41.6139491577823,-74.9810047506795,11769.2,453.614576078009,0.1637793144196049,,610.0854514789893,1199.0207879150444,0.193713538334031,0.153613694052963,0.0867862903085426
USGS_01447500,3049 catchments,False,41.209447501988,-75.5345517384815,240.189,564.5,0.1466571248123653,,718.5537581167459,1166.4344807675725,0.0575060043483973,0.0,0.0
USGS_01447720,3049 catchments,False,41.130708330121,-75.465774826667,308.122,572.194560669456,0.1365164161822875,,793.6247461710776,1228.3124296864144,0.133598133921623,0.0,0.473856225532169
USGS_01447800,3049 catchments,False,41.1651757967226,-75.5698454185581,752.664,563.283993115318,0.14310564264128,,763.2641287526274,1190.4856623902806,0.101379323440293,0.0,0.245098047889769
USGS_01449000,3049 catchments,False,41.0234540426572,-75.7203481823759,1521.78,505.865843270869,0.1238597972345987,,787.6163385558325,1231.3082414446865,0.102890618969686,0.0,0.531372566707432
USGS_01449360,3049 catchments,False,40.9450848043672,-75.4652639260306,129.486,328.168316831683,0.1174286099391545,,731.9071540681527,1299.2032728935517,1.04696297645569,0.0,0.0
USGS_01449800,3049 catchments,False,40.927523124736,-75.5310971013742,249.486,338.328165374677,0.1116823557756923,,628.9555725028405,1316.200433822027,0.50084666411082,0.594303141647338,0.0
USGS_01450500,3049 catchments,False,40.856932017015,-75.4438535223176,198.113,271.512987012987,0.111672495810997,,699.3729912384906,1281.2958764707394,0.895442515611649,0.0,0.312500004656613
USGS_01451000,3049 catchments,False,40.9795254910305,-75.6646635233284,2297.01,433.401241534989,0.1270178946851927,,741.479092146168,1231.7327553410692,0.244457773615707,0.0540954727911895,0.437864349727091
USGS_01457000,3049 catchments,False,40.8500835428717,-74.8078823757956,366.774,250.46017699115,0.1050580832301949,,617.0831076493319,1162.9600097329887,2.21205521871646,0.0,0.1143790897913279
USGS_01463500,3049 catchments,False,41.2289563084153,-75.1644927668638,17579.7,390.031464551896,0.1461461731347183,,617.9161363726791,1194.250508992119,0.442657544194149,0.131672391418647,0.437301766642657
USGS_01469500,3049 catchments,False,40.8287661767271,-76.0327347544757,114.343,419.219653179191,0.1215464033943344,,695.4955348490729,1224.7741665536953,0.232314992696047,0.13196047011278,0.261437923957904
USGS_01470500,3049 catchments,False,40.7077944162561,-76.0686679294283,924.729,314.642907551164,0.110589182652747,,713.3449686133329,1223.9721406216245,0.349953020523701,0.0158145415934065,0.558473405960415
USGS_01496500,3049 catchments,False,42.8199650147452,-74.9931604708819,264.987,469.822115384615,0.2115088822691946,,582.0346110832419,1264.9357089636533,0.0893100230023265,0.0,0.0
USGS_01500000,3049 catchments,False,42.3536874120212,-75.0673878025216,267.191,553.990521327014,0.2075564489788817,,606.8552805226232,1166.151794064882,0.0297250192379579,0.0,0.0
USGS_01500500,3049 catchments,False,42.5903759624382,-74.9436502620325,2553.3,503.954883490332,0.2167440228376305,,545.3615921199219,1173.2260611557178,0.0647718230057962,0.301847147924316,0.0167384028162171
USGS_01502000,3049 catchments,False,42.6554823931905,-75.1659781990381,152.235,481.867219917012,0.2155212932717572,,591.086819025734,1221.3683077852409,0.0640590103964011,0.0,0.0
USGS_01502500,3049 catchments,False,42.7178234482521,-75.2541236179593,1346.2,455.98452883263,0.2134607930519031,,564.5098871977391,1236.3576241865471,0.0984421484172344,0.0,0.0
USGS_01503000,3049 catchments,False,42.3725754198332,-75.3074651683395,5790.8,476.6,0.1968502118732747,,569.5920691725726,1191.4152452135252,0.0794522468010885,0.128745728939376,0.024779143124041
USGS_01505000,3049 catchments,False,42.8227907461021,-75.5466582292241,661.422,442.088403041825,0.2150937105464081,,535.4399314678869,1312.5509905169238,0.115490298718214,0.0,0.0089126564985649
USGS_01509000,3049 catchments,False,42.7284940685012,-76.046298779831,759.842,465.173588039867,0.2074264167185817,,609.7738124110534,1312.8192188921116,0.172515411240359,0.0,0.171568632746736
USGS_01510000,3049 catchments,False,42.7053917960695,-75.8033528158812,382.984,490.185737976783,0.1970826328386852,,665.9827793404138,1325.8153172943926,0.046683244407177,0.0,0.0
USGS_01512500,3049 catchments,False,42.6484165145033,-75.8214977765898,3833.72,449.095890410959,0.2015197034609384,,585.8533639768151,1254.4999680242809,0.0965358388299743,0.0069363118780411,0.0473856225532169
USGS_01515000,3049 catchments,False,42.4408570630039,-75.6436906073388,12369.8,450.834231460098,0.2025666159392198,,547.2972423445451,1187.2710864285943,0.0999761301107205,0.0615889088557683,0.145795431825784
USGS_01516350,3049 catchments,False,41.7158121129622,-77.0396248982632,395.157,570.876644736842,0.1587047904594356,,493.24416979499705,1084.558355215115,0.0283360477270825,0.0,0.0
USGS_01518000,3049 catchments,False,41.772205514918,-77.0279683913805,724.503,541.915555555556,0.1746318157294779,,519.1215793825298,1053.8561313533378,0.0419701903413695,0.032776245213769,0.0
USGS_01518700,3049 catchments,False,41.8095902889101,-77.1319280609066,1142.42,527.483361534123,0.1624757547482482,,428.40375991363857,1061.1273391094362,0.0529701869883057,0.0473337024664074,0.0
USGS_01518862,3049 catchments,False,41.9301386925259,-77.6248817939675,233.911,604.667582417582,0.17617494188113,,425.4711747489323,1106.417502977396,0.0347836804576218,0.0,0.0
USGS_01520000,3049 catchments,False,41.9640408855547,-77.4653864420863,776.265,547.604132231405,0.1910186609776322,,361.8000547278494,1037.9852286121377,0.135983886973312,0.0,0.0
USGS_01520500,3049 catchments,False,41.8748894967051,-77.2703095174355,1987.25,532.173449612403,0.195024940031696,,373.3493646572189,1030.6936677222895,0.0882086227347534,0.0310994263375842,0.0
USGS_01523500,3049 catchments,False,42.3016645101285,-77.7804516735407,151.682,570.095833333333,0.2077081023623911,,406.6843429374056,1056.3621632372085,0.530113279819489,0.0,0.0
USGS_01524500,3049 catchments,False,42.3551973414404,-77.7278324468644,407.664,534.038880248834,0.2069587828053039,,358.8684522300954,1054.2516870914596,0.858783591538668,0.0,0.0
USGS_01526500,3049 catchments,False,42.0264439784606,-77.3855066180923,3557.48,528.550565834381,0.1900850084369175,,367.1898843098541,1040.2909872667858,0.29000830777985,0.0179734452844405,0.0266227182723453
USGS_01528000,3049 catchments,False,42.5023863463346,-77.2813004190208,174.892,490.134545454545,0.20399718295036,,395.4747286597236,1092.9261286022609,0.572155147790909,0.0,0.0
USGS_01529000,3049 catchments,False,42.4058777130014,-77.090671337685,202.821,423.669781931464,0.2094558430869293,,182.8619237107682,1044.189975146475,0.451929897069931,2.43416635083374,0.0
USGS_01529500,3049 catchments,False,42.4439210540194,-77.3117753332325,1222.19,486.588204862907,0.1956134826289978,,354.1970259301381,1067.6605322498458,0.983812952742857,0.218700180136906,0.0461361042278654
USGS_01531000,3049 catchments,False,42.1703342048233,-77.2462773101043,6508.15,497.285812200137,0.1886534907973005,,373.84151748763264,1044.1151381196084,0.410566713336819,0.0486607396216935,0.12735486824942
USGS_01531500,3049 catchments,False,42.3317675791681,-76.3335767155762,20157.2,463.333175564811,0.1908571403668154,,492.0587826202944,1136.8140702577718,0.199593973119834,0.0567845962157998,0.133914766393966
USGS_01532000,3049 catchments,False,41.6668990930304,-76.696653791099,553.939,494.633640552995,0.1673895577102239,,475.9036520202256,1087.932129187593,0.0288718023803085,0.0,0.0
USGS_01533400,3049 catchments,False,42.3031655083458,-76.324503603399,22604.2,457.820985046887,0.1737514317437562,,510.5764116250954,1144.5314058531897,0.184818353608224,0.0483505250647721,0.121513395701391
USGS_01534000,3049 catchments,False,41.6857396281215,-75.6980811626296,1016.9,409.250157927985,0.1621282124174187,,504.5531770294839,1099.3815303824108,0.198693717726403,0.0,0.0490196100953552
USGS_01534500,3049 catchments,False,41.6753596124008,-75.4948330116424,281.839,530.756880733945,0.1625856996473381,,660.0002278433258,1105.7373366159586,0.0923289166142543,0.080445690076474,0.718954267601172
USGS_01536500,3049 catchments,False,42.2090161620736,-76.282870507607,25795.5,454.344048825085,0.1842972949372614,,495.7192028992548,1127.788882472817,0.185538258378244,0.04600192750616,0.352154444259258
USGS_01538000,3049 catchments,False,41.112514188347,-75.9503150040894,103.052,412.216049382716,0.139816608932618,,590.4263304716823,1107.0693069808171,0.138733193278313,0.0,0.0
USGS_01539000,3049 catchments,False,41.2471121620764,-76.3451729777084,701.778,410.622467771639,0.1340730532616164,,630.1369946102644,1182.1624957356464,0.549112801253796,0.0,0.0
USGS_01540500,3049 catchments,False,42.171602520377,-76.2038367935605,29041.5,443.289721683988,0.1784236042739961,,497.0697075882728,1131.4410892380388,0.210030017819788,0.0413582298083855,0.378959279041737
USGS_01541000,3049 catchments,False,40.7270242760207,-78.7396734960831,817.745,528.020700636943,0.1437227912698814,,621.4885746466745,1228.3855523095604,0.136670202355493,0.0,0.0089126564985649
USGS_01541200,3049 catchments,False,40.7792073433984,-78.7100666266743,951.967,522.843365253078,0.144682037418179,,629.0248565703911,1225.468984433297,0.135104855522513,0.0198401597343055,0.0070028015345867
USGS_01541303,3049 catchments,False,40.8343097700525,-78.6828092681973,1242.98,529.295811518325,0.1307879920934509,,637.5285405796163,1246.1304033810547,0.108583287728068,0.0151572476375959,0.0051599590254849
USGS_01541500,3049 catchments,False,40.732763063408,-78.5155096282527,960.147,526.249830278344,0.1470753493432492,,555.8849862627677,1181.2624050445936,0.119719713839004,0.0601279423821879,0.0
USGS_01542000,3049 catchments,False,40.8116965689842,-78.3218001897127,178.152,559.629496402878,0.1540499928001951,,563.9945828012908,1130.487465208837,0.0570528492874776,0.0,0.0
USGS_01542500,3049 catchments,False,40.8740998977118,-78.4726888669295,3792.61,527.013018156903,0.1566536599663249,,594.0595086156035,1161.2266759675072,0.0914887592621278,0.0195512696101039,0.0395596848408643
USGS_01543000,3049 catchments,False,41.5371200586301,-78.3012413022853,705.497,545.4478976234,0.1720608972157876,,582.0783209374282,1173.5839854387295,0.0237840628807052,0.0,0.3743315644731579
USGS_01543500,3049 catchments,False,41.3903728556257,-78.3734936058228,1778.26,535.984408992023,0.1653486607451291,,586.4070296653495,1175.9089621385356,0.0186087816806061,0.0,0.147058828900169
USGS_01544000,3049 catchments,False,41.5851156861095,-78.0116384231727,635.023,581.616243654822,0.1770268379011036,,582.4039903142522,1137.859980389018,0.0050445414769152,0.0,0.0
USGS_01544500,3049 catchments,False,41.5903288752799,-77.7130737401843,355.063,593.097122302158,0.1721174672574539,,582.310791009093,1135.8801458492808,0.0041487663576845,0.0,0.0
USGS_01545000,3049 catchments,False,41.5216139530648,-77.7963072701036,604.305,563.01912858661,0.1692605610936295,,562.9426220267792,1122.0258152567867,0.0110113519181141,0.0,0.0
USGS_01545500,3049 catchments,False,41.1568105637212,-78.2889307579928,7709.96,533.435081829627,0.1560058163222152,,588.5196048486353,1170.3544307874304,0.0537852438359955,0.0096746234779278,0.0603318270136657
USGS_01545600,3049 catchments,False,41.4786773757108,-77.6327074227944,119.997,570.245989304813,0.1560605724080692,,562.9072585251097,1132.975184303581,0.0013070600107312,0.0,0.0
USGS_01546400,3049 catchments,False,40.7898911396962,-77.7858927205299,156.69,411.074380165289,0.1210244559352751,,399.291134432848,1118.371922579302,0.31644245237112,0.0,0.0
USGS_01547100,3049 catchments,False,40.8260410262467,-77.8149218233411,377.321,385.981067125645,0.1281541473974839,,557.3354007782938,1134.6845749224144,0.38043949753046,0.0,0.702614383772016
USGS_01547200,3049 catchments,False,40.8441243031458,-77.9055733289978,694.273,404.84990619137,0.1395815549796505,,534.2708735874342,1118.8452150005148,0.245082584396005,0.0,0.421568630263209
USGS_01547500,3049 catchments,False,40.873933675718,-77.8626555680785,878.157,386.280948851001,0.1398399073146367,,487.413733113829,1118.5565897514157,0.227878356495729,0.0845930730878634,0.346907996572554
USGS_01547700,3049 catchments,False,41.047257681285,-77.7354215677311,113.539,401.329479768786,0.1448331906276428,,475.9803154915607,1122.9967820473537,0.0405918788164854,0.0,0.0
USGS_01547950,3049 catchments,False,41.0990217380871,-77.8558219783274,395.067,513.385993485342,0.137809834480317,,604.2791220545867,1162.8804194722268,0.0047954450835407,0.0,0.0
USGS_01548000,3049 catchments,False,40.9448906617839,-77.8535697075351,1445.87,420.185168539326,0.1573757665783291,,529.2486932250958,1102.2532385332686,0.13987138671192,0.0487932123794225,0.204991088883782
USGS_01548500,3049 catchments,False,41.7083795243287,-77.500143978154,1557.04,582.29550144449,0.1779009704672067,,511.478014453703,1120.9107290504116,0.0277894895814825,0.0,0.0705882385373116
USGS_01549700,3049 catchments,False,41.6203377151021,-77.468998259506,2452.37,556.317514420556,0.1711155590277014,,518.7381720023669,1123.7657554289435,0.0294276407550665,0.0,0.0464396306166523
USGS_01550000,3049 catchments,False,41.53394924616,-76.9413043951386,452.676,534.716524216524,0.1588200265482003,,597.833207808947,1145.1116727598685,0.0345855730452708,0.0,0.0
USGS_01551500,3049 catchments,False,41.2155151766336,-77.9146627312664,14703.8,511.019961453745,0.1555090116476619,,562.9147101338667,1150.6440749566225,0.0793262017977277,0.0097274559476252,0.106589150030253
USGS_01552000,3049 catchments,False,41.4612276522096,-76.5985725243575,1129.49,517.614945807188,0.1395381823746732,,639.999807223032,1211.231319225397,0.0268059821272105,0.0,0.0
USGS_01553500,3049 catchments,False,41.2660875643949,-77.9491673819145,17703.4,486.224758783907,0.1523526950463321,,559.7267902232115,1156.827450621336,0.12508422133374,0.0080908920789406,0.1146454992957169
USGS_01554000,3049 catchments,False,41.8438902947746,-76.79446614178,47364.2,456.312078537576,0.1680345570941875,,525.305385757311,1139.952574093778,0.180990008706312,0.0269178333166713,0.288299497885256
USGS_01555000,3049 catchments,False,40.8596326560057,-77.41688634152,792.616,431.253278688525,0.1291710971009118,,529.272299972701,1164.871459059492,0.183769719496083,0.0,0.0
USGS_01555500,3049 catchments,False,40.6607181777311,-76.6180772389715,421.708,286.196946564886,0.1122451301483353,,513.2873944724824,1134.545758868081,0.999085169285536,0.0,0.0
USGS_01557500,3049 catchments,False,40.7451890167349,-78.2076855559034,115.296,499.545977011494,0.1422181580807011,,588.1262788396516,1143.6612763103542,0.0421150953043252,0.0,0.833333376795054
USGS_01559000,3049 catchments,False,40.5439850612795,-78.2348981162082,2111.3,436.243410852713,0.13753711624169,,480.2598609297253,1114.8094860044273,0.164119611028582,0.0,0.881672130910576
USGS_01560000,3049 catchments,False,40.1955363746764,-78.5817263939379,444.641,485.658246656761,0.1413053396509813,,488.9196440546728,1139.2393554413875,0.0650835278987264,0.0,0.016339870247369
USGS_01562000,3049 catchments,False,40.0619505286362,-78.4815490125595,1944.0,461.389245857288,0.1314627804293069,,435.3918310293333,1086.818124865756,0.0895433583022428,0.0,0.157563029538973
USGS_01563200,3049 catchments,False,40.114870893738,-78.4111869182976,2485.09,449.144785600847,0.130663631454504,,423.2812750879232,1083.614243345085,0.0796942084012294,0.620208327873872,0.125272334682652
USGS_01563500,3049 catchments,False,40.3189673634445,-78.2774326771196,5261.85,431.599975068561,0.1353942094702118,,442.2797430553105,1083.2130022135252,0.111982718119903,0.278288024677564,0.455350824210972
USGS_01567000,3049 catchments,False,40.252264579813,-77.988092371384,8657.29,384.153462352585,0.128012000930458,,450.6656837656822,1089.9083681376926,0.109335104468341,0.16473030865684,0.34569798848842
USGS_01568000,3049 catchments,False,40.3107406779609,-77.4119593343155,534.395,311.214987714988,0.1117561363185213,,511.2317514271562,1107.0872190969592,0.124139970168471,0.0,0.0
USGS_01570000,3049 catchments,False,40.140130215143,-77.4452250772699,1206.58,230.445111960677,0.1004935087997863,,472.3132503980887,1112.021205547411,0.546952491160482,0.0,0.621323537779972
USGS_01573000,3049 catchments,False,40.5135299412935,-76.400522382866,871.672,234.856498873028,0.1036761346843863,,625.318011241928,1178.7620201759703,0.632095122443778,0.0,0.8298319415189329
USGS_01595000,3049 catchments,False,39.2543559163717,-79.4012097993563,190.139,864.811188811189,0.1549344224878944,,826.2497060101119,1364.7161722257783,0.0211547737708315,0.0,0.0
USGS_01595200,3049 catchments,False,39.1762225339788,-79.2882972823941,126.364,1022.80952380952,0.1462592734267402,,694.5025109415855,1240.1952860782667,0.0012850266357418,0.619431299872876,0.0
USGS_01595500,3049 catchments,False,39.2491802110978,-79.307141368703,587.535,872.738933030647,0.1599907417081647,,686.2668713954532,1263.156384409491,0.0240412335648822,0.134173503486413,0.0
USGS_01597500,3049 catchments,False,39.5724910125813,-79.1215894005638,276.005,738.125,0.1470926125577729,,557.4638226470001,1245.526643150968,0.0414331739768386,0.163184902520361,0.0196078442968428
USGS_01598500,3049 catchments,False,39.3879379042062,-79.2163612295048,1049.92,796.672808132148,0.1467813705330684,,635.7594485700745,1259.416574290897,0.0305358632940624,0.299350775918819,0.0061274513427633
USGS_01599000,3049 catchments,False,39.5821369467573,-78.9842704727155,188.473,657.785964912281,0.1419239197058379,,419.8618707234365,1160.8699151354213,0.0678273799518744,0.0,0.0
USGS_01600000,3049 catchments,False,39.3889351484322,-79.1850281381506,1553.82,712.588537211292,0.1546303106094946,,522.8028145518015,1159.622757848384,0.059442112253843,0.244517372570468,0.0204248378092113
USGS_01601500,3049 catchments,False,39.7953571639806,-78.8202935035446,641.369,567.313524590164,0.1394927578296425,,487.5426853192197,1151.8891663472673,0.0223642149474472,0.0,0.0490196095779538
USGS_01603000,3049 catchments,False,39.7585143525679,-78.8848072007311,2267.21,658.907418224299,0.1411845555886132,,535.4429950036626,1174.4732264130143,0.0512805698788725,0.168673652936821,0.254901969871883
USGS_01604500,3049 catchments,False,39.2856442444684,-79.0076232758866,570.807,406.736842105263,0.1307950329700048,,278.0915236732892,1055.7449923058168,0.0759654420427978,0.0,0.0
USGS_01605500,3049 catchments,False,38.5269557439905,-79.4547654068323,463.849,877.06936416185,0.1220995351377426,,369.3343477666208,1227.8910251734271,0.0185552679467946,0.0,0.0
USGS_01606500,3049 catchments,False,38.6745635593891,-79.4536156426308,1684.55,845.529388403495,0.1406082504802701,,411.22232869989193,1209.367494311432,0.0172468059463426,0.0,0.0
USGS_01607500,3049 catchments,False,38.497417679945,-79.2983288285058,267.176,745.434673366834,0.1196140151481139,,353.0222306162564,1119.0150608112117,0.014251692162361,0.0,0.0
USGS_01608000,3049 catchments,False,38.6404309852554,-79.1790777661984,717.578,669.559813084112,0.1203084623647953,,304.4209285175231,1076.5937952207837,0.0187738333130255,0.0,0.0
USGS_01608500,3049 catchments,False,38.8019121635367,-79.2428874992561,3784.08,660.283115506888,0.1325982516042962,,331.88709719939766,1120.5232748710134,0.0229425537971441,0.0,0.0053475936874747
USGS_01610000,3049 catchments,False,39.1839362202097,-79.0807868506033,8066.72,587.167202837582,0.1330088337811705,,386.1577431799883,1103.079634186709,0.0427355641063326,0.0650154832625082,0.102900667789523
USGS_01611500,3049 catchments,False,39.1474155179163,-78.6015308470015,1748.49,487.552711993888,0.11738352009836,,310.69347905292454,943.7062820644792,0.0108163157934681,0.0,0.0
USGS_01613000,3049 catchments,False,39.1914263472882,-78.985798034263,10556.8,550.681517423908,0.1282651527089807,,362.4294060145954,1070.2283289889604,0.0376854144191743,0.0526641311022518,0.0843012391049771
USGS_01614500,3049 catchments,False,39.9828270928857,-77.691531803969,1309.48,268.085095669688,0.1048731763487771,,428.8810566157108,1054.3100109617078,0.724986042047385,0.0,0.522058845963329
USGS_01618000,3049 catchments,False,39.7159014437544,-78.3509540085443,15422.5,454.310756114364,0.1256770353419115,,358.8278041249086,1039.7934033235576,0.13337999885813,0.0359566865851035,0.195755940921229
USGS_01632000,3049 catchments,False,38.7088489040969,-78.9576327092523,543.356,607.932098765432,0.1103335123609715,,338.9234411274968,1006.916309382215,0.184991026995704,0.0,0.0
USGS_01632082,3049 catchments,False,38.5396648743172,-78.8703500673178,115.915,409.109826589595,0.1000253280542278,,292.687214196513,975.40512236879,0.840666711330414,0.0,0.0
USGS_01633000,3049 catchments,False,38.6554824604938,-78.8499943245676,1319.03,483.834352701325,0.1062243753716779,,278.708322029156,967.6230348195896,0.591423754428979,0.0,0.0245098047889769
USGS_01634000,3049 catchments,False,38.7378919157974,-78.7514621706571,1995.23,445.787827841291,0.1053013257959862,,281.0712025329545,966.2811937559696,0.515288397361855,0.0,0.028462999034673
USGS_01634500,3049 catchments,False,39.0708948999622,-78.4422004012823,263.982,426.143576826196,0.103396088694717,,348.1813248990496,988.1431981247036,0.0714009217917919,0.0,0.0
USGS_01638500,3049 catchments,False,39.2064015192727,-78.5650078325273,25001.5,434.164911906602,0.1103512326065646,,352.04955242961387,1037.1365297510386,0.320393708260556,0.0230808418629371,0.240222440208859
USGS_01646500,3049 catchments,False,39.2087092812392,-78.3621122648352,29952.1,389.252201565558,0.1056538251533191,,352.74543120110854,1038.856149363627,0.386065496565418,0.0208919617139033,0.372887471273857
USGS_01646502,3049 catchments,False,39.2087092812392,-78.3621122648352,29952.1,389.252201565558,0.1056538251533191,,367.6661648349114,1038.856149363627,0.386065496565418,0.020059141150653,0.372887471273857
USGS_02011400,3049 catchments,False,38.2056867529049,-79.724567316697,407.716,819.298679867987,0.1091971601833139,,372.8596129998128,1221.980621651518,0.0893801754961411,0.0,0.0
USGS_02011460,3049 catchments,False,38.3560586692673,-79.7126113250047,156.341,949.878260869565,0.125001645415844,,527.7107766582975,1292.5236269417987,0.0083882138133049,0.0,0.0
USGS_02011470,3049 catchments,False,38.3243680425463,-79.7310439406951,200.433,930.740740740741,0.1235432027610211,,509.69265326110985,1291.0571350731375,0.0318563096225262,0.373737842048689,0.0
USGS_02011500,3049 catchments,False,38.2608601698511,-79.7875174964152,348.031,876.162790697674,0.1257043499885947,,474.7913391008824,1236.9915251431676,0.122578255832195,0.231101844183626,0.0
USGS_02011800,3049 catchments,False,38.1784665435781,-79.8057827138474,895.073,816.89358490566,0.1100644003355573,,451.2333559844101,1241.3981317150435,0.103168325001995,0.482702664360304,0.0
USGS_02012500,3049 catchments,False,38.1539227335253,-79.8107768949894,1063.87,800.670902160102,0.1280109722189939,,416.8455964740601,1155.330507333913,0.119793928173535,0.434718682296233,0.0
USGS_02013100,3049 catchments,False,38.0085419012024,-79.943850287563,1590.76,761.855863539446,0.103465288247859,,409.8997910584779,1200.9616067811442,0.116548736701193,0.299646795172224,0.0
USGS_02015700,3049 catchments,False,38.3132348546337,-79.5335891637826,285.406,805.635933806147,0.1193225943197052,,486.333077055989,1172.5342634880756,0.0451856134459376,0.0,0.0
USGS_02016000,3049 catchments,False,38.1175300115955,-79.5908156253928,1194.55,665.993193420306,0.1040614550057678,,415.0496734207838,1093.4764206491775,0.0662091566140161,0.0,0.0
USGS_02016500,3049 catchments,False,37.9575048161922,-79.8771642407137,3558.25,709.02018278751,0.1040996986335182,,421.216774670993,1124.8385696953362,0.0973634296009001,0.131333221693016,0.123936371253979
USGS_02020500,3049 catchments,False,38.1831782420861,-79.4108136951696,365.61,718.748613678373,0.1087149385080502,,422.3840599892504,1043.7731697159552,0.0807379934936762,0.0,0.0
USGS_03007800,3049 catchments,False,41.7845639313248,-78.0924992409604,651.516,638.128078817734,0.1746213874868665,,631.7635712013933,1169.066732621801,0.0295284107430942,0.0,0.054466232864393
USGS_03010500,3049 catchments,False,41.7790571026595,-78.2510013886168,1412.97,612.513390830686,0.1870333646424788,,611.1483539981269,1172.5351224844203,0.0466090455246601,0.0,0.0233426712275971
USGS_03010655,3049 catchments,False,41.9188294529251,-78.0500957004172,254.441,629.276119402985,0.1828700010142496,,559.2921117448689,1134.8685230420708,0.0101183607378819,0.0,0.0
USGS_03011020,3049 catchments,False,41.9789706248726,-78.360894237377,4161.72,591.327755603316,0.1971614202091068,,603.7757755116008,1181.7168919709345,0.0665014775692147,0.0040516156801672,0.15300059564073
USGS_03011800,3049 catchments,False,41.7754834746535,-78.6238045026609,100.095,633.712418300654,0.1769662116059195,,707.4918130011621,1245.346945684502,0.0409380793571472,0.0,0.0
USGS_03013000,3049 catchments,False,42.2733505667108,-79.0440487723625,747.732,474.245943637916,0.2052095439789451,,652.9177932599979,1348.4830750376898,0.155634147043412,0.0,0.0
USGS_03014500,3049 catchments,False,42.1662610696043,-79.4023688332793,499.314,460.160256410256,0.1919214016224859,,684.1615817650268,1364.3343885757863,0.154351610158171,0.185449600308725,0.336134463681706
USGS_03015000,3049 catchments,False,42.0231898755954,-79.2493201278321,2083.34,468.027480916031,0.1956665084317354,,685.5587891872376,1360.6810850798872,0.1805900143403,0.0439860524535888,0.184194896737057
USGS_03015500,3049 catchments,False,41.9217107316678,-79.514492963516,784.849,494.560717196414,0.1824689694886578,,722.0729761760633,1388.6684627713505,0.158456817269325,0.0,0.058823530562222
USGS_03016000,3049 catchments,False,41.9907847393281,-78.8252380942842,9480.14,544.16052119014,0.196600803728991,,623.4418528732787,1247.0539795007414,0.0980720792461622,0.128919325010737,0.13098421449132
USGS_03020000,3049 catchments,False,41.6027292310534,-79.1297350031446,1237.44,525.559083810515,0.1773738851269866,,649.450742595509,1238.057533795297,0.0381932906392548,0.0,0.0
USGS_03020500,3049 catchments,False,41.6954321720101,-79.6561306810137,730.557,468.844425237684,0.166407760683834,,681.6650421682959,1334.7459368819466,0.0511952172964811,0.0,0.0871459720656276
USGS_03021350,3049 catchments,False,42.0874165367148,-79.6580501522639,239.667,490.923076923077,0.17646199083583,,849.3011304972946,1425.8409610719875,0.153983434041341,0.0,0.0
USGS_03023100,3049 catchments,False,41.865900917343,-80.0121561520378,2086.98,430.871046975745,0.1601527206448964,,725.5858262060901,1393.2653814662344,0.31065602295778,0.0,0.0920974480157549
USGS_03024000,3049 catchments,False,41.7706522147531,-80.0305405722987,2762.84,423.597818519378,0.1697311609641442,,643.5752037345544,1351.977015572434,0.256666736470328,0.0,0.130718957839741
USGS_03025500,3049 catchments,False,41.9102027550128,-79.0966203395262,15426.3,510.469696969697,0.1816664568149272,,648.2703518121386,1280.2403374994512,0.115150304682142,0.0808738786669111,0.127517225835388
USGS_03027500,3049 catchments,False,41.6199185046148,-78.5450824067674,187.928,629.477966101695,0.1873863225779644,,653.7769230864204,1202.4959185623716,0.0370610300451517,0.634693744751621,0.0
USGS_03028000,3049 catchments,False,41.6541950794103,-78.6706600463627,161.11,606.613445378151,0.1819458513300327,,702.3595096555874,1235.6449111533757,0.0588039001449943,0.0,0.0
USGS_03028500,3049 catchments,False,41.6083089029273,-78.6296329910781,527.413,602.159561510353,0.1841327591439446,,656.1275717736195,1217.7449840789263,0.0574899932726112,0.229273031688299,0.0980392214842141
USGS_03029500,3049 catchments,False,41.4493971251282,-78.8168839747747,2086.57,551.559123186169,0.1623387706241444,,652.3383699072285,1255.2722339809534,0.0473029880822651,0.0595791039642784,0.128676473832456
USGS_03030500,3049 catchments,False,41.4056001193656,-78.909703411914,2501.18,537.820941600206,0.1583629970215044,,646.6692486990162,1260.0057986567017,0.0514964311981358,0.0495334394364897,0.12673362351318
USGS_03031500,3049 catchments,False,41.7878828805856,-79.1253136547032,19836.9,506.905443841778,0.1743926413861714,,645.2141929326535,1278.2250640172506,0.105455266281325,0.0707993271372131,0.115316621119492
USGS_03032500,3049 catchments,False,41.1212581449354,-79.0152344275888,1376.62,480.401593252109,0.1389637664459332,,602.9448642931434,1267.7918773620745,0.0569292708349071,0.0,0.154798767088275
USGS_03034000,3049 catchments,False,40.9760774817383,-78.876123807733,407.59,485.440705128205,0.137210200102389,,633.5914036154816,1246.1284481982923,0.0710825031357152,0.0,0.196078432989972
USGS_03034500,3049 catchments,False,40.8182235092071,-78.9814628543702,226.071,482.324786324786,0.1343897441109032,,603.7531969836643,1232.0874078577326,0.471549894660711,0.0,0.0
USGS_03036000,3049 catchments,False,40.9102977699727,-78.9834883512845,890.772,469.298168498169,0.140383180178592,,612.9104488641108,1222.9793936496992,0.265272618138364,0.0219660841414827,0.098039216494986
USGS_03036500,3049 catchments,False,41.6744768816477,-79.1245766760842,23225.2,498.987259343148,0.1675441645888933,,628.9528711313501,1276.1758007800424,0.114041750442339,0.0623893550065678,0.111739923412326
USGS_03038000,3049 catchments,False,40.7129714473245,-79.184059811117,493.69,392.225593667546,0.1217299620926129,,532.1927471020133,1248.486222703751,0.520125721182142,0.129786044110132,0.0
USGS_03039000,3049 catchments,False,40.7031030781229,-79.257757475001,720.597,382.703535811423,0.1268656693143901,,519.555562042653,1225.4199097463238,0.431593484499238,0.0893482775619575,0.0
USGS_03040000,3049 catchments,False,40.1044548642094,-78.9044851375436,1171.48,662.252802690583,0.1538342375881297,,524.832054953677,1240.7027126056023,0.154320840484514,0.111653695963179,0.272331161088207
USGS_03041500,3049 catchments,False,40.238006374642,-78.871327791443,1863.59,643.03909827404,0.1499501025998126,,621.4224309399191,1230.7530958529806,0.121558000281421,0.0604235729565473,0.317782292078281
USGS_03042000,3049 catchments,False,40.5177780060349,-78.9186887398447,499.264,555.823759791123,0.140116753938851,,657.076800661974,1240.3442823940684,0.128193051687309,0.0,0.0140056030691733
USGS_03042280,3049 catchments,False,40.5921463117583,-78.9747725962398,154.498,509.217021276596,0.1245940417095796,,609.3482512683971,1263.5260397531924,0.260611941417058,0.183890037248446,0.0
USGS_03042500,3049 catchments,False,40.6275260753403,-79.026339368734,440.878,468.985250737463,0.1299045712980623,,589.4952801329571,1237.633695212554,0.357705263420939,0.14473162801627,0.477941182907671
USGS_03044000,3049 catchments,False,40.364902721775,-78.9839756076925,3525.93,563.66159554731,0.1493686126138308,,607.7283669567931,1216.7027886864332,0.222842877601612,0.0499863940301991,0.2477718409235499
USGS_03045000,3049 catchments,False,40.215170433335,-79.2533426777982,444.02,531.055882352941,0.1345596838939083,,617.2744628845488,1290.3207853438205,0.149031352135353,0.0,0.0612745119724423
USGS_03047000,3049 catchments,False,40.2777048500438,-79.3306358999218,752.009,463.306689834926,0.1315384551361565,,587.9708249178392,1247.375360362706,0.377889814213491,0.0,0.548642533473097
USGS_03048500,3049 catchments,False,40.3736630236314,-79.0837788175547,4728.98,528.452911077306,0.1326766201119831,,597.1347645357461,1251.5044933903018,0.265767541667765,0.0538165863854787,0.288409888202146
USGS_03049000,3049 catchments,False,40.8508122236965,-79.6978005482996,357.151,383.606557377049,0.1091114332077449,,491.230747442149,1269.1788494723608,0.374761158227921,0.0,0.156862754374743
USGS_03049500,3049 catchments,False,41.3752993246541,-79.1162491074318,29543.6,498.001866865799,0.1588684101217687,,611.0774298587448,1271.3367718234351,0.143528359851466,0.0605072799900053,0.1702820276597079
USGS_03050000,3049 catchments,False,38.6297671033591,-79.9872811460887,487.286,873.728650137741,0.1396275632487551,,701.7740676914628,1617.804290184131,0.0088201909010032,0.0,0.0
USGS_03050500,3049 catchments,False,38.7061594244425,-79.9422907445333,707.981,834.591856060606,0.1572175126812995,,662.7855796273337,1550.343158623212,0.0092692898340626,0.0,0.032679740494738
USGS_03051000,3049 catchments,False,38.7878823079307,-79.9404186371266,1076.02,785.523422860712,0.1499572453069313,,693.2898541250318,1523.5152616617584,0.0097790319714476,0.0,0.1190476210987459
USGS_03052000,3049 catchments,False,38.8590204237701,-80.065127842527,386.96,769.080479452055,0.1154125495339289,,858.2635612090755,1594.588173176272,0.0055369100300595,0.0,0.0
USGS_03053500,3049 catchments,False,38.860383142085,-80.2087314098722,697.781,638.79769894535,0.1169292505768807,,775.1866516074318,1515.2442070372604,0.0192907493245002,0.0,0.147058824077249
USGS_03054500,3049 catchments,False,38.8516272346822,-80.0632770933802,2360.57,717.640261215219,0.1307579004170941,,736.7773584607893,1529.0322507939356,0.0147057158046664,0.0,0.0980392168981559
USGS_03056000,3049 catchments,False,38.948859513633,-80.0309922292381,3053.8,673.295494313211,0.1378573777369618,,698.361110348135,1481.0774572021087,0.0211404583367893,0.0581854300010875,0.0752393990148639
USGS_03057000,3049 catchments,False,39.0234719396765,-80.0277641053879,3514.23,646.281826831589,0.1306089875112882,,684.4378653136431,1479.7774318034974,0.023436228068058,0.0515044350755456,0.0764705892652273
USGS_03065000,3049 catchments,False,38.9003319134929,-79.5509117896827,897.902,1003.86621823617,0.1580277299203826,,778.6372423856616,1312.8056912594036,0.0035886930709239,0.0,0.0
USGS_03066000,3049 catchments,False,39.113498315827,-79.4020128641596,222.785,1026.17964071856,0.1528619912024584,,857.779289958168,1351.1970482280894,0.0044402882364617,0.0,0.032679740494738
USGS_03069000,3049 catchments,False,38.7627629728574,-79.8195546585321,550.999,1025.115995116,0.1611964464320524,,890.6458032063506,1433.0171575423583,0.0025140886355075,0.0,0.0
USGS_03069500,3049 catchments,False,38.8397469577645,-79.6722193992194,1856.85,1001.3678326722,0.1536819404571232,,865.4873704862057,1382.1236936557225,0.0032388001141393,0.0,0.0037707392878543
USGS_03070000,3049 catchments,False,38.9054974205025,-79.6759946467023,2422.2,928.413764510779,0.1575030932106485,,871.0556539565025,1374.4295270709233,0.0065552912571417,0.0,0.0112044824553388
USGS_03070500,3049 catchments,False,39.6943164874855,-79.6120432706328,517.377,606.266242038217,0.1252370569940806,,716.6496383552831,1305.6337630271637,0.0244646465095381,0.0,0.0
USGS_03072500,3049 catchments,False,39.1627583077539,-79.9801895449086,11349.6,624.465008431703,0.1213816742735495,,658.7644324548445,1403.8023453288547,0.0319480961228273,0.0352281168021063,0.19846434583393
USGS_03072655,3049 catchments,False,39.169090180602,-79.9801304830489,11547.2,618.89436445907,0.1150717186883318,,662.1318430484027,1416.9211597386825,0.0344914692966305,0.0346778055478455,0.193331647234776
USGS_03075070,3049 catchments,False,39.3240389465839,-80.000340025185,13824.0,550.056432765206,0.1114498928856668,,608.0899880052053,1396.5527488288396,0.0895501087787569,0.031673341065061,0.291410175106098
USGS_03075500,3049 catchments,False,39.3869375117343,-79.4510971691723,347.602,795.226923076923,0.1516282923385139,,806.023786781662,1406.3060155050564,0.101715482305735,0.0,0.032679740494738
USGS_03076500,3049 catchments,False,39.4715300737859,-79.4020890827145,761.764,786.570931244561,0.1516048031331259,,764.6956969288725,1388.116389503611,0.106354700043224,0.198386027416315,0.0377073928785439
USGS_03076600,3049 catchments,False,39.6348784575215,-79.3192147046211,127.399,758.649746192893,0.1478575231574317,,653.3762515434959,1350.765996812907,0.0579396765679121,0.0,0.0
USGS_03077500,3049 catchments,False,39.5348732905407,-79.4028106348103,1122.04,747.071302298173,0.1578861268639388,,713.6902221674146,1345.565118532165,0.0976633418253378,0.379401515524425,0.0257997951274248
USGS_03078000,3049 catchments,False,39.647976208003,-79.1960793494843,161.482,792.15,0.1506651022141015,,683.7124070507397,1290.8738689961438,0.0580939017236233,0.0,0.0
USGS_03079000,3049 catchments,False,39.8246853797775,-79.1048930370747,990.836,720.496666666667,0.1520918874168804,,620.0259256700815,1296.0465634366567,0.172696260114511,0.0,0.1176470657810569
USGS_03080000,3049 catchments,False,39.9680580435408,-79.2636595966692,313.338,676.190677966102,0.1459203183765031,,785.5588425042237,1342.1790747646455,0.126365147531033,0.0,0.0
USGS_03081000,3049 catchments,False,39.7078942897985,-79.2624713544319,2659.89,724.712652249565,0.1507794549561175,,694.2885311452361,1335.573982893868,0.125385089544579,0.165006212833527,0.0563725523534231
USGS_03082500,3049 catchments,False,39.7426858351205,-79.3140358025039,3426.33,693.295344794282,0.1465423786954847,,705.0290852688146,1329.7717771837215,0.104455214657786,0.12853976431215,0.0708061028961782
USGS_03083500,3049 catchments,False,39.8547205170269,-79.2953400282358,4429.46,618.176453055142,0.1493811767336113,,628.1664596372221,1284.1609638318596,0.193918739519743,0.107275271522562,0.45076727097773
USGS_03085000,3049 catchments,False,39.3204451574282,-79.8889169107797,18994.0,563.610340611354,0.1208672080988262,,588.7216450161059,1357.3905227963917,0.124938775313394,0.0495042748018779,0.530176612190202
USGS_03086500,3049 catchments,False,40.868799055293,-81.0061238811712,231.694,357.806818181818,0.1235095585442823,,360.1048795588543,1100.532961564733,0.430992189794779,0.0,0.29411765281111
USGS_03092500,3049 catchments,False,41.1508597144381,-81.1537852385943,247.869,336.095607235142,0.1419084700497183,,375.2505920783349,1111.6779341569113,0.445002876222134,0.78751301290708,0.26960785035044
USGS_03093000,3049 catchments,False,41.2799797248233,-81.0793083449758,251.797,322.605670103093,0.1305501658287503,,442.0981541338239,1178.715521968214,0.278124451637268,0.0,0.0
USGS_03094000,3049 catchments,False,41.0760360422415,-81.0576409129045,1487.5,329.986086956522,0.1235232156794747,,397.39461746476417,1133.0381471655876,0.442275829937147,0.297433300496187,0.43052004488266
USGS_03101500,3049 catchments,False,41.5970103812397,-80.4866045663132,420.199,334.809968847352,0.1479180095212231,,480.1613809426231,1261.682542440467,0.201543080310027,1.20252262742181,0.0
USGS_03102500,3049 catchments,False,41.4382088248919,-80.2746269691831,241.733,373.916890080429,0.1418129038301029,,566.200622754887,1249.2302436984276,0.204142224043608,0.0,0.490196098689921
USGS_03102850,3049 catchments,False,41.5025779326208,-80.3738899842654,870.537,348.246119733925,0.1365567051606786,,507.8424318264716,1267.219237011647,0.247432598045894,0.531872842144704,0.301120457671849
USGS_03103500,3049 catchments,False,41.4520074497508,-80.4182960439545,1523.41,338.876689189189,0.1474000361775463,,461.6065351410452,1209.1882669689635,0.26661885626938,0.387572088422554,0.2301790356717029
USGS_03106000,3049 catchments,False,40.8283756004415,-79.9887694186289,921.444,364.515856236787,0.1065537539936423,,461.7326152034054,1236.2160625628155,0.412878508014338,0.0,0.908613465227453
USGS_03106300,3049 catchments,False,40.9599441351961,-80.0164410112461,132.704,402.325,0.1191320984713903,,476.8542190041284,1243.1124087335952,0.141490753740072,0.774872058082662,0.0
USGS_03106500,3049 catchments,False,41.0792095385621,-80.0481060006965,1043.36,400.632691112492,0.1224925555356787,,502.0020717468571,1255.379856834266,0.238367358843486,0.0913643090491206,0.202614382530252
USGS_03109500,3049 catchments,False,40.8272086111652,-80.681220952883,1304.17,346.430707876371,0.1090597626196393,,376.9602248310211,1149.3742216282476,0.362633728275174,0.0,0.1754386013520779
USGS_03110000,3049 catchments,False,40.5102054846023,-80.8789990230111,381.407,348.363636363636,0.1003428850374601,,390.5300557851587,1134.7112107379132,0.121663676308734,0.0,0.0
USGS_03117500,3049 catchments,False,40.7294236947814,-81.0805311762742,656.224,352.734452122409,0.1100061094051435,,400.9942514284781,1111.4067472218994,0.39601873755455,0.0410454038001553,0.107843143632635
USGS_03118000,3049 catchments,False,40.9083622547722,-81.298183971499,116.205,349.814606741573,0.1202549757865516,,323.966190129622,1068.931928514874,0.809957563877106,0.0,0.8823529584333301
USGS_03120500,3049 catchments,False,40.5041749329726,-81.1132346285054,124.707,352.542553191489,0.1091497471750862,,386.6207273358792,1097.8295503609752,0.193572908639908,0.500892334871104,0.0
USGS_03124000,3049 catchments,False,40.6625182304294,-81.7264187903393,775.183,338.077966101695,0.1161821620097663,,319.27248897368213,1058.704389336451,0.225318408147855,0.0,0.2317290615544399
USGS_03124500,3049 catchments,False,40.6597504592354,-81.7156508198879,803.089,337.005733005733,0.1059324945671435,,339.174175788698,1075.838774318093,0.238897932693362,0.0,0.212418306424903
USGS_03127500,3049 catchments,False,40.1951462574884,-81.2347189225617,949.892,330.080332409972,0.1004252363467667,,394.8361824310656,1116.3273208028704,0.0817395523190498,0.197198704001031,0.124183011551698
USGS_03128500,3049 catchments,False,40.3343205395055,-81.1072438041051,184.59,335.874100719424,0.1035712298362627,,372.2849277752063,1108.8100280838075,0.0713920220732689,0.625015559658161,0.130718961978952
USGS_03129000,3049 catchments,False,40.6288657558907,-81.4198018098647,6319.03,329.544301909308,0.1060232741115228,,391.03788942216335,1106.438153677225,0.275881898123771,0.0823324752273101,0.58478861956246
USGS_03130000,3049 catchments,False,40.8571978420243,-82.5274280223457,566.264,347.500571428571,0.130177152114108,,331.26120415829365,1058.0338848166753,0.254322594963014,0.0,0.833333368063904
USGS_03133500,3049 catchments,False,40.650821198901,-82.5265280964171,514.899,393.105196451204,0.1226158696416845,,344.3339928194859,1080.3032440274928,0.112256038401808,0.169607977977654,0.0
USGS_03135000,3049 catchments,False,40.867627878862,-82.209759319891,689.609,339.67044381492,0.1292476034853695,,320.47867878253265,1046.9605444269075,0.241280360519886,0.0,0.284313729498535
USGS_03136000,3049 catchments,False,40.7775403972942,-82.3802344662599,2447.95,357.725339005584,0.1323846425807226,,342.4332795580893,1042.812748855131,0.17939064030846,0.0369652906865907,0.565767980232421
USGS_03136500,3049 catchments,False,40.4971565541967,-82.6216724744974,520.657,370.256570713392,0.1063088800534621,,387.39249292629233,1106.3237179112364,0.129010005721024,0.0,0.0840336150888886
USGS_03138500,3049 catchments,False,40.653936995667,-82.3971846561745,3885.02,355.195228494624,0.1204655081566975,,364.82244583570446,1067.9478362566622,0.153667410672234,0.0327835023399063,0.4106467209854409
USGS_03139000,3049 catchments,False,40.7551101475681,-81.97051623965,1202.84,326.44678552134,0.1138489187751374,,350.8356071529914,1061.7665705088086,0.214855993539095,0.0,0.470588246826083
USGS_03140500,3049 catchments,False,40.6127742120671,-81.7919305621229,12559.7,335.271721764778,0.110064831577371,,373.5550795726181,1082.1263080308788,0.203141040843911,0.0515170043363569,0.470128687375109
USGS_03144500,3049 catchments,False,40.4971964163252,-81.7728465674561,15505.7,326.412413859573,0.1175808492159164,,376.94446290968426,1061.8652558880458,0.175694918576536,0.0592844480634788,0.395658272410298
USGS_03150000,3049 catchments,False,40.4041066836807,-81.8425003436664,19210.1,320.118224919401,0.1072748760721111,,365.24342190817896,1078.9682991174718,0.167579818402345,0.0544251487342285,0.396304684377705
USGS_03180500,3049 catchments,False,38.6066572426767,-79.7347728660019,345.051,1070.52631578947,0.1644399820981065,,699.0884010929213,1392.2709787561137,0.003282734088134,0.0,0.0
USGS_03182500,3049 catchments,False,38.3903987340911,-79.885064481575,1364.97,954.479546574667,0.1476648591576582,,598.8331410513306,1376.7046941177125,0.0082255742250708,0.0,0.0
USGS_03183500,3049 catchments,False,38.1585358139223,-80.0766699742714,3547.47,841.400533028746,0.1287219233141812,,509.1541707316648,1297.8650586639635,0.0214653513771568,0.0,0.0308641980626379
USGS_03184000,3049 catchments,False,38.0548330390663,-80.221446392299,4225.82,811.621301775148,0.1237216581446147,,498.7612139421257,1266.5417127549226,0.0257113773944683,0.0,0.0300442764250141
USGS_03185000,3049 catchments,False,37.7036162844623,-81.2050319783565,136.673,782.607843137255,0.1020560415546685,,407.20905924647366,1368.6127334837374,0.0349361412227154,0.0,0.392156885936856
USGS_03186500,3049 catchments,False,38.3264662207385,-80.2953896782882,329.681,1083.94512195122,0.1416761581029072,,938.6210781680538,1567.108076510417,0.0014901662580086,0.0,0.0
USGS_03187500,3049 catchments,False,38.2712574731369,-80.3796402144946,207.415,1094.56957928803,0.1305289101094387,,994.630333342763,1572.3322493889814,0.0001893442337556,0.0,0.0
USGS_03189100,3049 catchments,False,38.2857245903274,-80.4181561230906,1369.11,993.146653543307,0.1327756821206619,,912.4443638322904,1551.1626974943783,0.0033487889114966,0.0,0.0361197113402579
USGS_03192000,3049 catchments,False,38.1885580219456,-80.6499460282298,3407.8,837.375296912114,0.1197519108341664,,753.0843168226402,1509.6197764257377,0.0097198005548437,0.0949794111762788,0.0460184081837687
USGS_03193000,3049 catchments,False,37.4184721401143,-80.8189176279245,21703.0,798.109481946625,0.1006857375363096,,517.6338231686659,1237.984603084435,0.148904178879645,0.0216072170905068,0.203674125593727
USGS_03194700,3049 catchments,False,38.4875372993356,-80.2574486250338,689.069,925.511764705882,0.1317194584106558,,887.6466566263264,1605.55549915211,0.0043380080341276,0.0,0.0
USGS_03195500,3049 catchments,False,38.5349752290354,-80.3485347325808,1401.77,749.235040689325,0.1310385249873924,,746.7041980398221,1517.20823626807,0.0036950390924522,0.0721443813694544,0.0
USGS_03197000,3049 catchments,False,38.5014586452487,-80.6439305354089,2950.13,574.998402920374,0.1049948590700622,,642.7177339887946,1468.623545494777,0.005160870423424,0.0402025858342016,0.0
USGS_03198000,3049 catchments,False,37.5464666619529,-80.811895344313,27095.2,736.328347345966,0.1006406663024995,,510.6427293735435,1263.4522757476936,0.120371851076816,0.0227071326147624,0.208548335200946
USGS_03219500,3049 catchments,False,40.5803596419935,-83.4526675045361,1469.5,301.458593054319,0.1038282988512941,,318.6556677295287,1050.202216986624,0.187748201501866,0.0,0.4564951067247119
USGS_03221000,3049 catchments,False,40.5103339163964,-83.416969827466,2549.06,302.428277634961,0.1011638684093095,,328.8704378668151,1053.282874475822,0.221865268378723,0.0234586376440059,0.3742228702233149
USGS_03223000,3049 catchments,False,40.6898113513376,-82.8780579081943,409.949,325.782884310618,0.1184529935432817,,338.62328216738456,1063.5369300195227,0.0931373588740826,0.0,0.352941192686558
USGS_03225500,3049 catchments,False,40.5872107847143,-82.9254078419274,1019.56,318.35,0.1065987293925794,,346.25188400586256,1073.4055166863743,0.119878640274207,0.0510287065943591,0.379084982754042
USGS_03261500,3049 catchments,False,40.412267786388,-83.9145744952017,1403.33,324.867227676484,0.1013328874953913,,343.9598202941537,1052.448794409855,0.248018599560727,0.122907151378475,0.0937766461309208
USGS_03267000,3049 catchments,False,40.2393601384369,-83.7434984301146,421.167,358.106811145511,0.1030858750234796,,323.0273514863428,1045.9631538190995,0.928796209394932,0.0,0.032679740494738
USGS_03322500,3049 catchments,False,40.4448134408541,-84.6468580445778,798.62,282.708777686628,0.111116400549918,,223.4936788627772,990.8074555359358,0.0971486347799118,0.379158890661319,0.211161394746831
USGS_03323500,3049 catchments,False,40.5775559729635,-84.9451259882673,1987.01,268.111330049261,0.1098357010957749,,269.66447066135896,984.6390319506064,0.142498078321417,0.153572587988891,0.2418300734522439
USGS_03324000,3049 catchments,False,40.9441890541334,-85.2689243111316,682.678,249.631428571429,0.1061355606257741,,331.8346309470758,1006.3188288865928,0.251735761761665,0.0,0.381016049703414
USGS_03324200,3049 catchments,False,40.3930615453665,-84.932706790315,222.575,292.715542521994,0.1118158825982994,,302.2693102471914,1002.792875840216,0.198852067192396,0.0,0.196078435207407
USGS_03324500,3049 catchments,False,40.559382165807,-85.2966874178953,1440.65,268.59449706811,0.1114894938174315,,313.07414560167314,988.3360207646814,0.196505367268054,0.162295121503751,0.0326797393860207
USGS_03325500,3049 catchments,False,40.2502735899209,-84.8623787457555,345.31,319.956356736243,0.1022947460765283,,356.27491780500344,1022.8962769465124,0.0789460449346474,0.0,0.29411765281111
USGS_03328000,3049 catchments,False,41.1314520445152,-85.5113362561261,1086.36,262.849258160237,0.1094679122358692,,344.2174741046637,1012.7179703309416,1.09455417427752,0.0,0.0272331164321966
USGS_03328500,3049 catchments,False,41.0442206790562,-85.7300267398097,2044.05,253.383349161127,0.1058625075287433,,348.5068393856587,1017.2421219475464,1.04706326313317,0.0,0.0520833345944993
USGS_03329000,3049 catchments,False,40.7031458465213,-85.3885763264735,9911.67,262.068686735901,0.1011188707518954,,341.5038393828872,1020.1129305851164,0.415025841795489,0.0777731830208593,0.211675584092494
USGS_03335700,3049 catchments,False,40.5211124478636,-87.2456319956532,837.391,224.712168486739,0.1054600678445249,,288.4546911852051,994.5826054824124,1.60506148139636,0.0,0.0
USGS_03348000,3049 catchments,False,40.1168870984975,-85.2745812913798,1052.09,314.660826032541,0.1016866181657587,,346.1881772781434,1020.1866676480378,0.270713759958744,0.0716225216923318,0.633986941538751
USGS_03474000,3049 catchments,False,36.8629148972193,-81.4435183940196,341.92,799.932135728543,0.1063459534753767,,432.76508449881504,1065.9369253127568,0.165058600405852,0.0,0.343137273254494
USGS_04014500,3049 catchments,False,47.456691684948,-91.2820228730286,344.792,501.553480475382,0.2552322630607606,,445.0628630914015,798.1591908807326,0.0013739286659983,0.0,0.0
USGS_04015330,3049 catchments,False,47.0508309718983,-91.8095700781655,224.354,376.290237467018,0.2218779281662483,,361.3356714930949,836.003769525292,0.0329028349369764,0.0,0.0
USGS_04016500,3049 catchments,False,47.5366672418349,-91.9447947297114,774.459,490.949329359165,0.2479165250043569,,263.8396293839224,794.4074141255347,0.0058947742405247,0.120011866191023,0.0070028015345867
USGS_04024000,3049 catchments,False,47.222548241686,-92.3689837965967,8840.52,434.717336683417,0.2192560107651939,,257.6771128343202,814.0610096919853,0.030308702958852,0.193394346878692,0.0875817024304221
USGS_04024430,3049 catchments,False,46.4973349385265,-92.3601608236501,1091.25,327.116883116883,0.1958694214548531,,322.9946979659532,859.8260707932141,0.330393355758861,0.0,0.0
USGS_04025500,3049 catchments,False,46.4712014778521,-91.6949979054497,302.763,354.167315175097,0.2095841517268657,,508.2802436771733,854.4405573993214,0.0184659340418875,0.0,0.0
USGS_04027000,3049 catchments,False,46.3246645370464,-90.6530725916787,1619.85,403.742268041237,0.2457666008225193,,350.8798180684778,900.7560799602344,0.0339908821204315,0.0,0.0363108219095954
USGS_04027500,3049 catchments,False,46.4156853696659,-91.1979185707765,705.013,357.418975650714,0.2275158896869406,,355.4186532283547,894.0156221336223,0.0197106935064277,0.100315435113372,0.0
USGS_04031500,3049 catchments,False,46.2681366799189,-89.7079376021189,445.595,504.199464524766,0.2746154498133153,,364.82437082063166,914.019331225835,0.0915591023448441,0.0,0.0653594796959725
USGS_04033000,3049 catchments,False,46.2702726665719,-89.1559240259321,411.009,516.272594752187,0.2710534013463501,,371.4390928231353,893.3972692036328,0.0067955691234341,0.0,0.0280112061383469
USGS_04034500,3049 catchments,False,46.3034035578724,-89.1418753232682,502.936,506.332138590203,0.2711779514945039,,117.36536633921472,879.6930326568341,0.0057239307983157,0.0,0.0217864936631587
USGS_04035500,3049 catchments,False,46.4370119071445,-89.0407454394164,1758.93,422.939168638053,0.2739747339374151,,260.2912842780524,896.7939330926259,0.0066026389329401,0.0,0.0063251110634976
USGS_04036000,3049 catchments,False,46.460814276719,-89.5878409851351,419.081,442.29756795422,0.2723156153480241,,362.6156136690336,967.8138426353602,0.0007843365352268,0.290221286502699,0.0
USGS_04037500,3049 catchments,False,46.1906072784578,-89.3960101631328,132.298,529.064220183486,0.2672202026539757,,307.193507137021,880.276526390229,0.0821188551684221,0.0,0.032679740494738
USGS_04040000,3049 catchments,False,46.4277053225441,-89.2225199880583,3494.2,427.804284985547,0.2737417098905556,,349.8199546229236,920.873445963702,0.0087288590707587,0.0358705207093488,0.0050709942147007
USGS_04040500,3049 catchments,False,46.5693575330252,-88.3940080758289,419.822,494.091937765205,0.2805053540439877,,441.2079773421102,909.6283943222415,0.0004540802910923,0.0,0.0
USGS_04041500,3049 catchments,False,46.533939129019,-88.5368538562254,869.932,455.729877216917,0.2766651715113229,,423.3693994076682,905.2183386548224,0.0030964025809104,0.0,0.0
USGS_04045500,3049 catchments,False,46.3633421092696,-85.3252502143683,1909.59,242.256832298137,0.2449384567367457,,425.6484499838045,888.9483125512431,0.0168366254922603,0.0,0.0367647066013888
USGS_04056500,3049 catchments,False,46.3086127934557,-86.1083278905303,2945.89,236.389943457189,0.2518909374799489,,438.4289276015773,890.8653699107865,0.0105468718255558,0.0294802424341599,0.0020859408826428
USGS_04057510,3049 catchments,False,46.1458838813446,-86.7305374797979,473.573,243.393216080402,0.2482574009677876,,358.8474484120674,859.7228373542079,0.0020879848016193,0.0,0.0
USGS_04057800,3049 catchments,False,46.5406547683743,-87.9104223933141,115.87,505.035353535354,0.2841630315857099,,437.806381459132,930.8717846472524,0.0167782390490174,0.0,0.0
USGS_04058100,3049 catchments,False,46.4289086653495,-87.7987376815409,544.728,460.465498357065,0.2729081110955518,,302.2565554065267,906.1950691274104,0.0067863933181797,0.129342905902212,0.0245098053710535
USGS_04059000,3049 catchments,False,46.2962021150372,-87.6115015683439,2256.99,382.951302974467,0.2580696053675955,,308.31876734987907,856.880718219129,0.0313113133143863,0.073136075817426,0.0490196098230387
USGS_04059500,3049 catchments,False,46.0055806394774,-87.6288961692147,1184.36,329.543434343434,0.2292255536323349,,278.6448223923796,824.9101521784503,0.0685317046131547,0.0,0.0
USGS_04060993,3049 catchments,False,46.0323943405803,-88.6593067869094,975.558,482.590103848503,0.2495582310367593,,317.25693274159937,838.9991369328047,0.166859853020426,0.0,0.0466853430095528
USGS_04061000,3049 catchments,False,46.0283875775968,-88.6413866820881,993.212,481.263347330534,0.2500082093601092,,324.07807333145587,843.3291900790351,0.16326435103441,0.0,0.044563281963664
USGS_04061500,3049 catchments,False,46.2692438919628,-88.64254113077,1535.27,482.514408099688,0.2658227063708834,,350.3213034294503,872.8078622368704,0.0645092388888141,0.0,0.0
USGS_04062000,3049 catchments,False,46.2479193083994,-88.6094026974971,1665.84,478.626211849192,0.2623451770529444,,111.87296294309984,859.276190773409,0.063190876318711,0.0,0.0
USGS_04062500,3049 catchments,False,46.4236600459368,-88.1387505401554,1673.41,492.448226950355,0.2712687921365749,,368.2163464420018,882.9764500980245,0.0192430669746406,0.205241681169048,0.0270453024784039
USGS_04063000,3049 catchments,False,46.2893772791033,-88.4418994236658,4592.19,490.577177508269,0.2613280839243306,,338.8772244609044,860.7117613032151,0.0409659905333683,0.0799072078988704,0.0196078442968428
USGS_04063500,3049 catchments,False,46.2678492785426,-88.4204785736319,4705.53,486.769681890883,0.2610928162141658,,329.6522342634028,847.1688259287222,0.0415854672036567,0.0793673361182334,0.0241080052830035
USGS_04063700,3049 catchments,False,45.7595659647433,-88.667608228928,362.571,475.612479474548,0.2315116800772933,,279.6600475099001,843.6272277989697,0.0303846689348575,0.0,0.0
USGS_04065722,3049 catchments,False,46.1507048236522,-88.3467664031364,7600.86,453.906737417591,0.2488329891672967,,295.62530877201203,842.5181525096093,0.0761248903292595,0.062786084985491,0.0419038601384889
USGS_04066003,3049 catchments,False,46.1157254981015,-88.3146145720134,8177.98,445.962121813706,0.2448495156224853,,278.9595231138661,834.6223293921765,0.0808466996777286,0.0575668363881581,0.0858793167808895
USGS_04066800,3049 catchments,False,46.0301278693178,-88.2849208052174,9638.92,422.558841158841,0.2460710984945493,,294.1332964776237,829.4403820010223,0.0806130252076879,0.0486662296968618,0.0741744099190997
USGS_04067000,3049 catchments,False,46.0238509262868,-88.28959493935,9704.98,417.565072508485,0.2462268594607378,,292.1311856473786,829.6359354147445,0.0811928646131358,0.0475525555403979,0.0687470140713608
USGS_04069500,3049 catchments,False,45.3874581234008,-88.3261623661111,2882.1,339.241972717733,0.2047198705266186,,283.8589987956195,832.6663250867163,0.248810228502871,0.0569026356956308,0.0041718817652857
USGS_04071000,3049 catchments,False,45.1713470104717,-88.4840278935624,1814.37,333.854757929883,0.1976502586650629,,280.094184223235,842.9943541645721,0.199261071993181,0.0292597835742693,0.0253004442539907
USGS_04074950,3049 catchments,False,45.4608855264909,-88.9325102527485,1205.53,489.533033033033,0.2101901200316109,,316.6794429008088,872.9609303807431,0.65834003988476,0.0,0.0093370687127822
USGS_04078500,3049 catchments,False,44.8512802162058,-89.0404342339269,986.047,346.418792781581,0.1845379537249952,,269.3469579972653,872.9893944279447,0.314342991386851,0.0,0.0261437923957904
USGS_04079000,3049 catchments,False,44.9881951019804,-88.8178056726607,5811.95,348.262301962019,0.1899249417424724,,284.6629069830028,860.1206867354565,0.62386852467549,0.0092169582061936,0.0558823553146793
USGS_04084500,3049 catchments,False,44.5785345703195,-88.9132017270043,15584.4,303.065635080174,0.1769597631858559,,251.70555700013412,848.9222037811015,2.06489986533591,0.236736551041267,0.369937693434724
USGS_040851385,3049 catchments,False,44.5647279522379,-88.8064036923457,16449.8,295.457900246766,0.1676043598928507,,281.97871214711245,867.9262213102852,2.36605363933021,0.218629913965269,0.504538852643843
USGS_04086000,3049 catchments,False,43.7641322527246,-88.038747963102,1100.42,274.883511536297,0.1710010025201178,,223.50206611826823,846.0599144533802,0.153721085366081,0.0,0.435409466872978
USGS_04086500,3049 catchments,False,43.3525012036896,-88.149859222216,309.925,284.665995975855,0.1477556473458426,,314.3459920570436,897.4732665116493,0.322806976735592,0.0,0.0
USGS_04086600,3049 catchments,False,43.5185985574089,-88.1596477498884,1559.41,292.510458567981,0.1537214317941593,,286.207076259348,900.3951792185276,0.234982950302462,0.0,0.371732037456241
USGS_04094000,3049 catchments,False,41.5930741782782,-86.9747256113673,172.65,219.222222222222,0.1190744644068206,,427.97068231672137,1051.9204280367658,2.76048010587692,0.0,0.343137269373983
USGS_04096405,3049 catchments,False,42.0117951257121,-84.7460028750904,535.292,326.266903914591,0.1382450905103725,,306.31162714712667,986.1622438404904,1.78822084267934,0.0,0.388071911099056
USGS_04096515,3049 catchments,False,41.8903754669201,-84.7820131788226,126.602,332.8,0.1299794400060721,,313.95266739312405,1007.6865335721744,1.74566197395325,0.0,0.0
USGS_04099510,3049 catchments,False,41.6383414268981,-84.9817721681215,273.003,308.816860465116,0.1252594877254183,,289.1504938471971,998.242997520262,0.818067173163096,0.0,0.522875847915808
USGS_04103500,3049 catchments,False,42.1766552380171,-84.6873967148764,1061.35,310.397590361446,0.1618987519915735,,259.6451787228257,910.5092230266886,1.89589551091194,0.0,0.163398697299676
USGS_04105000,3049 catchments,False,42.4508349032823,-84.9524334213985,715.604,280.13055062167,0.1488024263571233,,278.91350325181,971.6097411045092,1.19976667811473,0.0,0.269607846469929
USGS_04105500,3049 catchments,False,42.2845991276521,-84.8626123332993,2132.01,294.348905109489,0.1462267667978854,,300.34664469004184,966.3036513456968,1.67356546223164,0.0,0.729638010335083
USGS_04106000,3049 catchments,False,42.3046785413198,-84.9468903493169,2733.1,289.851409978308,0.1303773901627911,,350.5918989368702,1018.9667399116216,2.32120595789618,0.0,0.603213510476053
USGS_04109000,3049 catchments,False,42.1809295104347,-84.3455073671599,426.5,304.325925925926,0.1438601728489278,,284.06787661835034,932.5626877303986,0.936762801238469,0.0,0.812324936435159
USGS_04111000,3049 catchments,False,42.3256549751909,-84.4260287468301,1808.12,294.508092892329,0.1642112337411728,,225.9043808784287,882.3094238172159,0.886343890002796,0.0,0.691526613081805
USGS_04112500,3049 catchments,False,42.6330114742778,-84.2063867744026,891.365,278.306874557052,0.1510376471491505,,232.8075565285764,915.4073578373452,1.01621317404967,0.0,0.935143309358794
USGS_04115000,3049 catchments,False,43.0793391064931,-84.4726414193236,1087.61,226.126443418014,0.1552774888497132,,240.19176098104867,885.145472285435,1.30833027993931,0.0,0.2595155787489869
USGS_04117500,3049 catchments,False,42.5874831352494,-85.0605299584836,1101.07,275.386098130841,0.1513423462057223,,281.54169498540983,971.0807212447564,0.862911475055358,0.0,0.0807381810291725
USGS_04118000,3049 catchments,False,42.6486762743746,-85.1516694172472,2077.9,269.430968726163,0.1707089435391676,,261.6676343826264,923.809916032554,0.942055691843448,0.0,0.0596760468476492
USGS_04118500,3049 catchments,False,43.2265579623717,-85.6376612245429,651.304,256.646493756004,0.1422999725519359,,374.13666623043457,1001.2213044649628,2.6817083792253,0.0,0.329768279863691
USGS_04121500,3049 catchments,False,44.2072945368319,-85.0304935641923,3714.38,364.696849087894,0.2102340875598503,,266.01815188868227,889.3525465251349,0.673736129572876,0.0351186108148776,0.190918476386159
USGS_04122000,3049 catchments,False,43.9324038155374,-85.2386801522431,6260.45,343.31962596961,0.2048674391166765,,307.7130754497302,903.2331864470152,1.68607173853305,0.0181984632619711,0.163873692914887
USGS_04122200,3049 catchments,False,43.5844616359449,-85.9774357702223,1048.28,261.80926916221,0.1711727961630608,,389.9444602176082,978.8897292900288,1.69360040363513,0.0,0.0206398361019398
USGS_04122500,3049 catchments,False,43.8399949362569,-85.9331441703817,1769.19,275.766479663394,0.184435206501773,,377.9931452189056,967.9032032372022,0.673658939594004,0.0,0.0035014007672933
USGS_04124000,3049 catchments,False,44.6170854724136,-85.2060050999344,2243.62,357.632647536546,0.2311238979728999,,423.69396945214487,933.111460336331,0.51574350183364,0.0,0.0245098047889769
USGS_04126000,3049 catchments,False,44.4622152252537,-85.4436028397963,4360.72,334.84438811435,0.2273707628902665,,424.8955146042253,951.592395916534,0.568095861736089,0.0,0.0125691306610138
USGS_04127000,3049 catchments,False,44.6652071656389,-85.2796309209642,481.9,314.150252525253,0.2422065180792411,,364.3429842437021,918.665381620662,1.14276514475932,0.0,0.110294122714549
USGS_04127800,3049 catchments,False,45.041586301705,-85.0181781548518,173.516,286.804195804196,0.2408262548921893,,964.0737556831648,927.8484091400652,0.480289556086063,0.0,0.0
USGS_04127918,3049 catchments,False,46.2688713193614,-84.8188221596629,548.285,239.833513513514,0.2260728728662768,,349.96642671863225,910.0627084847137,0.0350902078697056,0.0,0.0
USGS_04127997,3049 catchments,False,45.1775610698836,-84.6774473492837,487.16,335.61375,0.2432554118891917,,403.82807226728914,924.3118992497506,0.416014885529876,0.0,0.0
USGS_04128000,3049 catchments,False,45.1839350269943,-84.6730108405139,500.087,333.626974483597,0.2475655246926409,,396.6093439923636,921.02557357075,0.416014885529876,0.0,0.0
USGS_04128990,3049 catchments,False,45.0602460498123,-84.53068093708,150.958,355.673306772908,0.2429605265607378,,463.435835329244,919.5143280614184,0.76779168844223,0.0,0.0
USGS_04129000,3049 catchments,False,45.0701989669055,-84.5237225756176,162.317,351.925650557621,0.2478066929276023,,432.15337051173833,892.5222659005577,0.76779168844223,0.0,0.0
USGS_04129500,3049 catchments,False,45.164841059829,-84.503250800588,370.618,306.63961038961,0.2500897358211562,,343.7866227983315,880.7177552571219,0.16862688625697,0.0,0.0
USGS_04130000,3049 catchments,False,45.3498990328044,-84.6826412469955,2255.24,266.807991418611,0.2441432166546045,,331.3333435058594,887.1176597485344,0.275664103828603,0.0,0.0081699351236845
USGS_04130500,3049 catchments,False,45.1851857812647,-84.3064686074013,781.969,287.774844720497,0.2418445046674808,,318.2081335026857,862.7500802759034,0.0665554378647357,0.0,0.0
USGS_04135500,3049 catchments,False,44.8105145881304,-84.7463057109235,255.594,397.317191283293,0.2418560710528205,,265.6873441627403,936.527848774257,0.0611926710698754,0.0,0.490196095779538
USGS_04135700,3049 catchments,False,44.482167388031,-84.5129994614184,1011.48,371.934218467109,0.2029227134936239,,190.10427382066675,887.1718384846974,0.0847201829698558,0.0,0.0261437923957904
USGS_04136500,3049 catchments,False,44.6862939774359,-84.4468553062088,3524.81,374.579377499565,0.2248579235121915,,253.57703300330948,877.5096843110542,0.0921949158617041,0.0,0.123473922809902
USGS_04137500,3049 catchments,False,44.6463130184474,-84.2463416885885,4529.23,360.163555194805,0.2129549904248412,,278.15816016499537,890.9175007332306,0.103186320902494,0.0,0.0963131770898234
USGS_04140500,3049 catchments,False,44.4063544037664,-84.0920370089975,299.173,315.546012269939,0.2163751975462042,,427.794577861722,807.864856390607,0.0740456881932914,0.0,0.0
USGS_04142000,3049 catchments,False,44.2876071031591,-84.1193887152389,864.99,288.620933521924,0.1903687859712227,,340.45290376251035,837.9510636347679,0.0857644562896055,0.0,0.203619913484615
USGS_04144000,3049 catchments,False,42.707742752938,-83.8097601995573,941.818,288.072337575352,0.1738460996469732,,228.66055563305224,866.878265113266,0.862028858491353,0.163876403252159,0.665266112524218
USGS_04145000,3049 catchments,False,42.8555511082902,-83.934925829863,1584.06,266.625498007968,0.1716201166715238,,233.4876884454101,866.8241522022186,0.863266131877899,0.089753822972853,0.431372554507107
USGS_04146000,3049 catchments,False,42.9552102613059,-83.369252404644,130.846,291.234449760766,0.1591530779189454,,236.07368541720277,904.8743099597494,0.487499088048935,0.0,0.0
USGS_04146063,3049 catchments,False,42.9947201507198,-83.2970860249235,560.896,285.2,0.144580196630846,,272.5108425125029,940.6080516972906,0.601082102818923,0.0,0.2941176485778259
USGS_04147500,3049 catchments,False,43.1018357799974,-83.2912698386173,1395.16,266.917154434939,0.1742651574175719,,207.409002468471,861.6189714532862,0.6923797509887,0.059938685050173,0.178253120446408
USGS_04148140,3049 catchments,False,42.9168930531721,-83.4705468721209,276.311,282.604494382023,0.1551554625597994,,241.03902883262523,919.7346341455212,0.969601023197174,0.0,0.0784313771873713
USGS_04150500,3049 catchments,False,43.4769203031567,-82.99814295573,915.614,238.256673511294,0.1771712527636714,,225.3957301635716,873.0692609880913,0.604577511548996,0.0,0.096405230772992
USGS_04151500,3049 catchments,False,43.4190222631975,-83.213800279789,2164.86,233.305401459854,0.1681832720370769,,234.66511887667605,877.7182488950118,0.831623635582022,0.0,0.0788288310522566
USGS_04152238,3049 catchments,False,43.879039971124,-84.7895041606374,395.073,291.07785467128,0.1732564996048668,,309.94619440824914,864.1728644007952,0.461398990203937,0.0,0.261437923957904
USGS_04152500,3049 catchments,False,43.9612771949496,-84.7069414473723,1103.11,291.613265879708,0.2054787370361536,,306.1111534120308,813.1337601140355,0.269934270923075,0.0,0.113519097947957
USGS_04154000,3049 catchments,False,43.720410343636,-85.0096661984395,1038.25,297.320597014925,0.1796914427113279,,305.3963426258006,879.6961156257267,1.19119706593062,0.0,0.0877193015951074
USGS_04156000,3049 catchments,False,43.7800652186036,-84.6864861414028,6128.66,258.926470588235,0.1760915837617334,,277.76828729111327,857.5090658055158,1.03311324254319,0.0376784522362701,0.31489262856277
USGS_04159492,3049 catchments,False,43.3718972965279,-82.8011082411796,1197.79,235.697080291971,0.1634926470303973,,226.09261655712533,899.2560182535526,0.601082700822089,0.0,0.0422113309873061
USGS_04159500,3049 catchments,False,43.3458735923236,-82.7980939808271,1236.83,235.368873168267,0.1721110085251477,,210.44505460755448,880.4841773337887,0.587286306054969,0.0,0.0399896819879742
USGS_04159900,3049 catchments,False,43.0986921184023,-82.964838484103,438.738,250.061340941512,0.1434792973899769,,210.24955490040423,917.7886755235612,0.493682035378047,0.0,0.322128860612533
USGS_04160600,3049 catchments,False,42.9699237203251,-82.9947594602111,390.874,254.228295819936,0.1528746060571704,,224.55992014376744,912.1136758045344,0.593680310249329,0.0,0.411764718592167
USGS_04161800,3049 catchments,False,42.7869214550722,-83.1405553488632,168.186,296.573275862069,0.1509305125939203,,229.34817382699757,925.0012057962176,1.44946098327637,0.0,0.7352941320277749
USGS_04164500,3049 catchments,False,42.8149982498939,-82.9658548468661,511.916,232.332512315271,0.1466861286967903,,238.32174530219024,910.422243706195,2.16008859021323,0.0,0.826330562787397
USGS_04173500,3049 catchments,False,42.2733470073798,-83.9976311894622,326.32,289.88932038835,0.1594492482566984,,217.3330636101153,865.9181097317364,1.3675482571125,0.0,0.245098047889769
USGS_04175600,3049 catchments,False,42.100827131984,-84.2524920529589,330.797,306.606177606178,0.1258326357934378,,286.564822347475,968.723530016366,1.25494128465652,0.741285868786578,0.0653594809894761
USGS_04176000,3049 catchments,False,42.0311240908428,-84.1657462419233,1195.18,281.815747188002,0.1224226036059035,,302.7943520076943,963.5957141857244,1.06740141246054,0.213659408635637,0.483387823785759
USGS_04176500,3049 catchments,False,41.9892571895512,-84.0111570505228,2685.96,251.911729716869,0.1313787083310535,,263.05346546728936,924.3539346866849,1.40416700554931,0.100646227821506,0.446504704735201
USGS_04178000,3049 catchments,False,41.7039865773834,-84.7264493934331,1600.18,293.758828250401,0.1252078508834409,,312.84187337024633,985.886482514022,0.640098672073621,0.0408659123548044,0.0113122178635632
USGS_04180000,3049 catchments,False,41.3803927653517,-85.1625242375302,697.681,278.644651162791,0.1178387312540158,,336.1888938519395,1007.1788581267912,0.968607998556561,0.0,0.6535947943727181
USGS_04180500,3049 catchments,False,41.5639081279306,-84.849561625599,2716.03,283.473521728806,0.1075535288093743,,351.731207307772,1033.592933875438,0.647422429512848,0.0221526021185406,0.202762931109067
USGS_04182000,3049 catchments,False,40.6859308649672,-84.6807575658867,1849.11,255.924894217207,0.1022030047140013,,339.1329395475802,1016.6115313560836,0.169315399119148,0.0,0.159767615022483
USGS_04183000,3049 catchments,False,41.0956977921151,-84.7524107302421,5039.88,270.894811381486,0.1117298776778217,,337.365056828454,1010.4971069680486,0.440148892727765,0.0120649937399561,0.7203336005316829
USGS_04183500,3049 catchments,False,41.1450764084519,-84.7840445707259,5372.65,267.280782230806,0.1272588187747709,,286.1835413351362,952.418815772977,0.441584937637899,0.0129416656873638,0.8446915499672931
USGS_04184500,3049 catchments,False,41.8444329614951,-84.3175580003153,534.715,291.710714285714,0.1488629187438701,,270.3988479439193,907.7629006741064,1.11291255056858,0.0,0.0245098053710535
USGS_04185000,3049 catchments,False,41.7603330639001,-84.3484728429928,1064.0,263.649249249249,0.1276021751378089,,298.9287322045672,954.7140476405654,1.00346941873431,0.0,0.153186278475914
USGS_04189000,3049 catchments,False,40.9033994471883,-83.56916390442,909.293,263.849964106246,0.1072689120679271,,295.0564791180797,1028.258639761195,0.134068637226637,0.0806676096619829,0.571266964722711
USGS_04191500,3049 catchments,False,40.9046489445232,-84.1491025284249,6038.76,247.15493867011,0.1059947732785333,,307.046667986749,1008.8367618124704,0.171814859773104,0.0228139437945891,0.442523172299204
USGS_04193500,3049 catchments,False,41.1803935763634,-84.3108779037645,16409.4,248.695942212047,0.1108888398508334,,306.14423182629525,992.4050015930608,0.336774553866144,0.0126780376183684,0.502011571329948
USGS_04195500,3049 catchments,False,41.2324358880988,-83.5821131373861,1080.03,218.567342073898,0.1111120783963039,,319.623085314555,992.1818077364908,0.183341095224023,0.0,0.3370098165760279
USGS_04196500,3049 catchments,False,40.8047254507842,-83.0174529298562,764.826,301.603757472246,0.1268184817511698,,287.6121312389566,1007.3025235502312,0.143051978200674,0.0,0.1388888912818709
USGS_04196800,3049 catchments,False,40.7502992483368,-83.3893475812617,608.065,272.652777777778,0.1000072524261281,,309.8472814172241,1067.485511549026,0.20307207243009,0.0,0.106951875866137
USGS_04197000,3049 catchments,False,40.8231796252127,-83.1499772083352,2009.43,281.03003875969,0.1247449632940384,,272.3355362608859,1003.4972658999072,0.176980955131126,0.0,0.136660728391937
USGS_04197100,3049 catchments,False,40.9968129727142,-82.8882880841842,388.21,289.095477386935,0.1079104319257368,,332.4300236938351,1063.371145267738,0.372443061321974,0.0,0.392156870414813
USGS_04198000,3049 catchments,False,40.9189670979291,-83.149125657355,3243.82,270.561862882271,0.1101354636343876,,323.2742721357572,1035.4654027399365,0.211250850821243,0.0,0.226835839395576
USGS_04199000,3049 catchments,False,41.1247033691282,-82.6772152990586,947.368,264.469304229195,0.1061627344422581,,367.6440169077805,1065.3274093704845,1.02239356835683,0.0,0.418300664362808
USGS_04199500,3049 catchments,False,41.1423891605448,-82.3897349364962,672.357,296.438883541867,0.1356376977843144,,346.1507777549913,1053.777240130221,0.810739198868925,0.0,0.0
USGS_04200500,3049 catchments,False,41.1782136386784,-82.1284811153841,1026.93,276.207440100883,0.1232276464579961,,321.3677718363583,1092.7360027418715,1.10690410222326,0.0,0.0070028015345867
USGS_04202000,3049 catchments,False,41.4546330536682,-81.1741191713649,390.127,367.140752864157,0.1382280707409057,,520.9362197564536,1239.927402408765,0.367787015934785,0.114931428836955,0.163398696652924
USGS_04207200,3049 catchments,False,41.320451399696,-81.426483286838,222.104,324.08115942029,0.1309455549547406,,570.8442929969005,1187.7864120098295,0.672038242220879,0.0,0.6862745329272
USGS_04209000,3049 catchments,False,41.463029765744,-81.330825835533,637.393,329.391700404858,0.1513345367382801,,498.3751258227408,1220.6347195822375,0.762204065918922,0.0,0.519607865717262
USGS_04212100,3049 catchments,False,41.5813312342654,-80.9396892542708,1784.89,294.935181850918,0.132659401825749,,525.4860313818983,1275.0443788543034,1.00387545813013,0.0,0.108932464435283
USGS_04213000,3049 catchments,False,41.8317442772636,-80.4598696179148,455.297,311.343220338983,0.1534912564189431,,578.0207570462137,1306.935418256943,0.654788834708078,0.0,0.0140056030691733
USGS_04213500,3049 catchments,False,42.4773248180574,-78.5703782777567,1128.81,497.305446378439,0.2150252558122781,,594.7751106895558,1280.650775258806,0.249238424003124,0.0,0.0115340260569664
USGS_04214500,3049 catchments,False,42.7438359684767,-78.5250788903432,368.353,378.110344827586,0.2026463999612827,,510.00070242097627,1181.270130120287,0.606205964460969,0.0,0.0367647066013888
USGS_04215000,3049 catchments,False,42.8246771005617,-78.4636042981444,248.017,342.234848484849,0.1774540119313991,,557.106570137387,1123.38368195702,0.795222500960032,0.0,0.0
USGS_04215500,3049 catchments,False,42.689318271986,-78.6295442059022,350.725,390.664864864865,0.2011619241360215,,631.2058758589828,1200.3369752624087,0.276840094476938,0.0,0.196078442968428
USGS_04216418,3049 catchments,False,42.7400105134949,-78.291415593084,196.473,472.283870967742,0.1930082296484876,,543.6490710382959,1210.7004532806382,0.64424566924572,0.0,0.0
USGS_04217000,3049 catchments,False,42.8196788355083,-78.2388471915814,443.268,407.67760342368,0.2023983185398951,,434.3398446277808,1159.6285878383592,1.16559369117022,0.0,0.196078442968428
USGS_04217500,3049 catchments,False,42.875850555482,-78.2789510500376,588.329,371.789699570815,0.2053522163134648,,432.8976587002913,1132.6876192075604,1.46139895253711,0.0,0.174291949305269
USGS_04218000,3049 catchments,False,42.9018442487226,-78.3413502029368,896.972,325.575458392102,0.1792989551556179,,457.2534529227373,1149.0531519999051,1.5867026916572,0.0,0.1120448245533879
USGS_04223000,3049 catchments,False,42.2742925191223,-78.0179591388977,2547.67,570.097774443611,0.207855720363015,,472.2092859839548,1115.801030602487,0.690811902642823,0.0271769483118454,0.0075414782772079
USGS_04224775,3049 catchments,False,42.486379319833,-77.8104164026669,231.844,505.607046070461,0.1977800334601904,,391.4882268640583,1074.3597068848787,0.446301504969597,0.0,0.0
USGS_04227000,3049 catchments,False,42.5582808201937,-77.7847908497474,876.159,414.458423716558,0.1958734493464113,,331.53970007714446,1073.3914341360758,0.587605706774272,0.0,0.0603318286056702
USGS_04227500,3049 catchments,False,42.3564969081464,-77.9464004735509,3692.06,518.270897832817,0.2078304317022742,,441.8870487574386,1101.9738154959246,0.740237100299315,0.0204194356730672,0.019257704012229
USGS_04228500,3049 catchments,False,42.4097100450868,-77.9303288710687,4343.95,483.45726807889,0.2056041583402066,,416.3703663713841,1095.4846109202856,0.789673144604559,0.0174546860665636,0.0282234118926818
USGS_04229500,3049 catchments,False,42.7671942244286,-77.5434012043053,502.489,382.530226700252,0.1839417014209089,,255.24805975212735,1053.778324721222,0.179986824374646,0.237085552863031,0.0
USGS_04230380,3049 catchments,False,42.7146846208985,-78.1494655256467,107.074,471.573170731707,0.1989123015477551,,466.6552297220049,1170.8242472926893,1.33002400398254,0.0,0.0
USGS_04230500,3049 catchments,False,42.8744097382321,-78.0301877982447,524.699,341.724550898204,0.1949909134590407,,377.03170421805896,1096.8017434227963,2.1911968759128,0.0,0.1260504259594849
USGS_04231000,3049 catchments,False,43.047744870132,-78.0475170140571,340.879,226.314126394052,0.1820090340886718,,321.747110359374,1063.13968537144,2.1774395108223,0.0,0.0
USGS_04231600,3049 catchments,False,42.5538505760946,-77.890074586015,6383.73,419.555026297509,0.2008664866841765,,408.7932549349732,1081.0268681280402,0.957558626346666,0.0233369205150195,0.19236482959711
USGS_04232000,3049 catchments,False,42.5650154961669,-77.8854944067725,6402.27,418.648159144893,0.2056422915447928,,402.8669630694863,1076.9576826928876,0.957558626346666,0.0235022037642041,0.19236482959711
USGS_04232100,3049 catchments,False,43.2116273715664,-76.6272246823185,111.392,132.655555555556,0.188815206156565,,534.1261837557755,1228.9290058790032,0.166162401437759,0.0,0.0
USGS_04234000,3049 catchments,False,42.556578712817,-76.3132580242397,320.635,417.65157480315,0.1992604725333703,,530.1705433424983,1206.8589764378014,0.13832876086235,0.0,0.4248366147900619
USGS_04235250,3049 catchments,False,42.7633769877947,-77.1747284288642,260.577,341.105134474328,0.1887579254379401,,307.4087986485794,1100.7782834039688,0.377638849429786,0.0,0.0
USGS_04235500,3049 catchments,False,42.7476694895201,-76.4405142864292,532.471,357.601664684899,0.2052185168352338,,498.0280369051573,1191.3502091311066,0.189324243739247,0.0837054287602142,0.0
USGS_04237500,3049 catchments,False,42.777861144912,-76.8567311526706,8110.09,262.142384769539,0.1879013752739098,,385.3907567502055,1123.824228045632,0.35621429583744,0.32196438493685,0.20278638424842
USGS_04239000,3049 catchments,False,42.9121168770283,-76.1938059087761,245.619,322.685567010309,0.1991576127134331,,480.6457429577071,1296.8841453996315,0.556708589196205,0.0,0.0
USGS_04240180,3049 catchments,False,42.8618266578703,-76.2600697051598,116.927,359.907608695652,0.194192351484238,,324.7413110547795,1296.8390639171491,0.493472983439763,0.856345708524709,0.0
USGS_04240300,3049 catchments,False,42.9511802235764,-76.294464575962,289.471,281.83552631579,0.1750529744053183,,532.361813425267,1277.6038072205272,0.530329328775406,0.200200900418298,0.235294122248888
USGS_04242500,3049 catchments,False,43.5110672979686,-75.5897589211782,482.062,460.184176394293,0.2178594441620569,,1001.1865873114482,1555.0107150847964,0.0221254881325876,0.0,0.0
USGS_04243500,3049 catchments,False,43.0017657158846,-75.6031512493455,300.451,310.833333333333,0.188073416081248,,524.3400503752454,1315.646587140738,0.286610341072083,0.0,0.215686280280352
USGS_04245000,3049 catchments,False,42.9083188153593,-75.927523665788,222.022,359.34188034188,0.2174706049249014,,564.2523738749555,1309.9468901122325,1.07938584685326,0.116344234796209,0.0
USGS_04246500,3049 catchments,False,43.2246471259444,-75.7924486929041,3535.92,258.993078970719,0.2006781541098379,,632.0719783388058,1370.6089341034433,0.214830010947608,0.0064705081590614,0.395596841668808
USGS_04249000,3049 catchments,False,42.9675622861065,-76.4672387775255,13209.4,254.764171150933,0.1896271106306423,,482.3695589660732,1217.509221187025,0.314591041426822,0.173571409376175,0.653245266935325
USGS_04252500,3049 catchments,False,43.4956949628679,-75.0407356439689,784.469,505.310071371927,0.2377572059212516,,891.9472480717089,1421.326448705925,0.0265083335530521,0.0163855615645742,0.0
USGS_04256000,3049 catchments,False,43.799162515427,-75.125209757095,232.444,501.575268817204,0.2478423135959038,,777.9209832492594,1371.979446996651,0.004060718906112,0.0,0.0196078442968428
USGS_04257000,3049 catchments,False,43.9334921782411,-74.8519377488646,442.012,580.081232492997,0.2740506826337994,,818.0455906080379,1306.197321779513,0.0022741430402675,0.378985873114527,0.0122549026855267
USGS_04258000,3049 catchments,False,43.9271676185295,-75.0027173973564,754.814,523.568837592745,0.2538846995809413,,768.740128014037,1340.3594339452409,0.0035171903918336,0.236273901214252,0.0075414785757087
USGS_04260500,3049 catchments,False,43.7665202032996,-75.1731053058003,4842.85,478.238636363636,0.2369285137827819,,817.6309164536741,1420.7030615041058,0.0413578752967454,0.0057773988309665,0.0976237985384414
USGS_04261000,3049 catchments,False,44.1097727685617,-74.8515543600658,377.176,539.51821192053,0.2634934166061127,,695.2411084174755,1307.991650243483,0.0012129730797217,0.269253362303587,0.0
USGS_04262000,3049 catchments,False,44.1462135058673,-74.9190556554904,688.028,504.824797843666,0.2283836489488181,,772.6207626704283,1369.8579153261471,0.0028772236440669,0.145842854280559,0.0089126564985649
USGS_04263000,3049 catchments,False,44.2527098981554,-75.2234021759145,2548.6,297.777106411548,0.2152579201872037,,639.3946649429176,1233.189952212691,0.0164068134617992,0.0535224971692276,0.0063251110634976
USGS_04267500,3049 catchments,False,44.1254658250051,-74.5631601567785,2427.35,571.418699186992,0.2708577985176594,,670.1782672335568,1250.5279750910247,0.0100771717856659,0.0257633720699955,0.0276520881109322
USGS_04268000,3049 catchments,False,44.2396170345318,-74.6576078380698,2906.56,508.203088639729,0.2615078202977792,,658.778516559471,1241.0828465872182,0.0142179535467459,0.0218573998536694,0.0277067365064083
USGS_04269000,3049 catchments,False,44.5815836588384,-74.561637112646,1595.08,407.098740349451,0.243130236401784,,583.6810092009329,1219.0558932778324,0.0380953363068825,0.0,0.0089126564985649
USGS_04270000,3049 catchments,False,44.672558895579,-74.1346862352839,343.239,524.868231046931,0.2697060746896165,,590.7763425728283,1187.8025398095149,0.0162785595748574,0.0,0.0
USGS_04270200,3049 catchments,False,44.8122201557749,-74.4622898478578,235.869,238.958333333333,0.2277663376880002,,456.157610784376,1137.900460470905,0.46853639682134,0.10879610149229,0.0
USGS_04273500,3049 catchments,False,44.4919180586407,-73.9866147894337,1581.61,498.010509926041,0.2612551839784269,,520.1873403737051,1203.8528686218722,0.141782784679284,0.0277626977598122,0.10530138215809
USGS_04275000,3049 catchments,False,44.2325213159747,-73.7892760847369,512.806,631.39880239521,0.260077151406411,,559.5328795072012,1176.9343398562369,0.0364150123750733,0.0,0.0
USGS_04275500,3049 catchments,False,44.3014725415231,-73.8415113575477,1151.84,612.314102564103,0.2472351707524276,,628.565656427465,1231.062081120756,0.0484291619035907,0.0,0.0
USGS_04276500,3049 catchments,False,44.236724446615,-73.5830265183722,694.327,380.479928635147,0.223166429971401,,490.3307117820993,1192.6019324175215,0.087874596974311,0.0,0.0075414785757087
USGS_04280000,3049 catchments,False,43.5835030390281,-73.1699845555486,487.589,266.014102564103,0.2156486743263109,,496.2275243016201,1072.6866808954203,0.10242337686941,0.0,0.0367647080565803
USGS_04282000,3049 catchments,False,43.4936349727201,-72.9325974575526,798.148,500.36143637783,0.225459890566272,,650.0567879962088,1156.49330547969,0.058484863740607,0.0417938954089142,0.580693840479048
USGS_04282500,3049 catchments,False,43.6629065906999,-73.0076730871845,1632.86,409.039649256576,0.226114915157799,,589.1948829238877,1096.4812683382263,0.0609410496948,0.0228612191643627,0.297888398815233
USGS_04285500,3049 catchments,False,44.4031809325701,-72.5636688528914,181.896,449.748299319728,0.2411604890110052,,708.7284127542416,1276.039569220697,0.0362862211962541,0.0,0.0
USGS_04286000,3049 catchments,False,44.3001195083392,-72.4475522566995,1023.0,414.535628019324,0.2386412766745361,,559.7634703055438,1226.5319446241497,0.106499793806246,0.0205820519543532,0.294117659463414
USGS_04287000,3049 catchments,False,44.1304031280892,-72.6871031996375,198.516,447.871473354232,0.2373596963175198,,597.8121016566988,1247.8658047969277,0.0648408941924572,0.0,0.0
USGS_04288000,3049 catchments,False,44.1648079505754,-72.8375233413681,364.046,499.490662139219,0.2351887987006467,,689.0357640580862,1184.5658645240032,0.0440906215808354,0.0,0.016339870247369
USGS_04289000,3049 catchments,False,44.4664094971698,-72.7275549997376,286.876,458.297008547009,0.2407668923795574,,818.4097393557654,1282.7844365870126,0.0379832407149176,0.199261418814079,0.032679740494738
USGS_04290500,3049 catchments,False,44.3188958951959,-72.6836877436066,2625.0,417.583823183635,0.2358778801197697,,638.8612141491801,1204.690702106038,0.0843932398933075,0.0353256264868437,0.112044822890311
USGS_04292000,3049 catchments,False,44.5624676096632,-72.4387986950078,815.26,402.273684210526,0.2421096696013335,,625.7613021918407,1268.5503534148909,0.0830545175820589,0.0421110964351006,0.111111112249394
USGS_04292500,3049 catchments,False,44.6005231452604,-72.6234530492179,1787.56,371.468406593407,0.2351630754405479,,661.4566837967119,1241.319921931157,0.103247673374911,0.0179875618615699,0.0620915042236447
USGS_04296000,3049 catchments,False,44.7303545171551,-72.3324383386958,302.189,385.773737373737,0.2468276191763229,,626.6907942390214,1292.2492291545088,0.102371065566937,0.0,0.0
USGS_04296500,3049 catchments,False,44.8770522339634,-72.0057837021281,375.017,454.055555555556,0.2465916509251101,,654.7007735650714,1279.321120348344,0.0506377030784885,0.0,0.0
USGS_05017500,3049 catchments,False,48.7200867489963,-113.578141343064,711.154,1859.31020733652,0.6044083281362707,,949.0453281096128,878.8093805020969,0.0,0.0,0.0678733062858765
USGS_05051300,3049 catchments,False,45.8217944115709,-96.4719462265283,4021.73,327.975635276532,0.176089439528999,,88.79154032816177,743.1543562068641,1.20482735369188,0.425617602053003,0.0043898158873528
USGS_05051500,3049 catchments,False,46.2849674424114,-96.0923311603253,9602.12,370.432224428997,0.1862037415957463,,71.83258724649787,726.0209417614951,2.25514130763721,2.18985689780244,0.0623335771515597
USGS_05051522,3049 catchments,False,46.3320360383121,-96.1273354987353,10815.0,363.543859649123,0.178886751958743,,85.05275646921055,733.758215489093,2.29261581485969,1.65655830658055,0.0616093449258943
USGS_05053000,3049 catchments,False,46.100637968522,-97.5296413226141,5414.64,356.121055525014,0.1957552946131338,,30.80969304149442,670.8361368145818,1.7013783985947,0.107403747461171,0.0187734675722473
USGS_05054000,3049 catchments,False,46.3236002269798,-96.5211911417226,17195.9,356.410478233788,0.1889181258139656,,58.64136102932228,707.0219601120247,2.04518673222467,2.02498631847523,0.0564236125986402
USGS_05054500,3049 catchments,False,47.6147271440297,-100.273527567955,1170.56,558.293214462605,0.2438216448650987,,11.162368504235102,589.8669319506553,0.123432087898254,0.0,0.0
USGS_05056000,3049 catchments,False,47.8265365068857,-99.7176484112017,4862.02,503.24073411989,0.232922385591343,,18.65503478419473,590.0604940941485,0.353526204607861,0.0,0.0056999546020876
USGS_05057000,3049 catchments,False,47.8228196978282,-99.3055398028076,7582.45,479.219679633867,0.2276714662534399,,22.73737902872468,598.4393154226195,0.403990964085319,0.0,0.0164646019924517
USGS_05057200,3049 catchments,False,47.3929792108986,-98.4666198086124,1897.33,450.137676705593,0.2155678361072497,,18.01672089539009,620.2378817046211,1.18623327215513,0.0,0.0445632814345035
USGS_05058000,3049 catchments,False,47.7345478659247,-99.2041572996836,10296.6,469.790972534894,0.2231503279049965,,21.419258275394515,606.816881181046,0.581079744934542,0.40872630584902,0.0227494322880073
USGS_05058700,3049 catchments,False,47.5422932725549,-99.1175890794918,11635.5,465.835268795675,0.2199206397318223,,24.51473909985016,614.4549295599004,0.696003555158033,0.324207108291436,0.0229245937888079
USGS_05059000,3049 catchments,False,47.4750304099071,-99.0116778762477,12965.7,453.433211530654,0.2157584605144139,,24.647738448184523,620.6435396743972,0.900574679696211,0.283622755408222,0.0234057597694331
USGS_05059500,3049 catchments,False,47.3786213432301,-98.7090233949624,13980.7,448.535302203524,0.2155765391857188,,23.854402809500343,620.1363600656922,0.876268805905191,0.320520770983785,0.0255226069091519
USGS_05059700,3049 catchments,False,46.9637150539946,-97.7570562666778,2145.45,382.493559879419,0.1999916942376813,,33.604850644570064,658.5961442249697,1.0316068476273,0.0,0.0054466234157896
USGS_05060500,3049 catchments,False,47.1142901338602,-97.3644846640845,251.189,330.002320185615,0.1961544985828099,,57.13482295092568,660.1930154547968,1.14912149310112,0.0,0.0
USGS_05061000,3049 catchments,False,46.9341663533989,-95.9658634102548,924.623,409.563174603175,0.1836703645235474,,111.70591145680632,739.4597943840174,2.08741373036589,0.0,0.0560224114451557
USGS_05061500,3049 catchments,False,46.653423112112,-96.3607821777146,1232.66,338.680830516659,0.1738704932044019,,84.57982197277114,722.9484537576955,2.10283454543068,0.0,0.0046685343563911
USGS_05062000,3049 catchments,False,46.8337061485417,-96.1455460262599,2502.67,359.589205750648,0.1896174732864382,,77.43841938370792,709.1986839357534,1.96928248536296,0.0,0.0334768070521333
USGS_05062500,3049 catchments,False,47.2952737534802,-95.6941116084962,2407.05,424.176699029126,0.2175076666779104,,68.29594204673226,710.7321126012721,0.373938265974951,0.397998495251831,0.0334768073360731
USGS_05064000,3049 catchments,False,47.2747880536894,-95.8689458984579,4233.7,377.526614129683,0.1886644292844788,,105.04838493273414,722.4978406666627,0.628575254868829,0.236248239627357,0.0225225236971636
USGS_05064900,3049 catchments,False,47.8033822667961,-97.9733085986059,389.741,449.979228486647,0.2305318712628898,,26.27081486808338,627.2164346148928,0.331566527485848,0.0,0.245098047889769
USGS_05066500,3049 catchments,False,47.6323236253557,-97.6881669175064,3217.61,370.298421807748,0.2091204380101114,,40.322056406926485,650.4913098214025,0.943647980690002,0.0,0.0321162960909564
USGS_05069000,3049 catchments,False,47.5412134100367,-96.2014905010702,1335.65,327.517391304348,0.1877848285887363,,81.86660425629034,711.9711319075631,0.768854284942474,0.0,0.0341005982709644
USGS_05075000,3049 catchments,False,47.9892159424147,-94.895127462496,5822.75,376.076366877971,0.2155511631722823,,98.86541841904712,738.5984348089404,0.168755774583707,2.93724506343813,0.0
USGS_05076000,3049 catchments,False,48.3274495964383,-95.7390962532718,2490.87,356.848366313852,0.1943487595653079,,104.75716294902958,717.7744191568438,0.332954273322442,0.104256906854856,0.0130718961978952
USGS_05078000,3049 catchments,False,47.7458357644148,-95.4758432600269,1446.33,394.770524629555,0.1948808413477687,,110.26665104420356,732.3336927858254,1.56661999278973,0.242702785386717,0.0531045758786301
USGS_05078230,3049 catchments,False,47.7461188221226,-95.5858073363049,611.083,383.607040913416,0.1940349303404706,,106.1667418519163,729.4843840732556,2.49643743580038,0.0,0.0267379694956947
USGS_05078500,3049 catchments,False,47.6667080249604,-95.7165608215436,3517.64,382.115524060646,0.187030316743123,,98.11715887872256,730.9013102773185,1.43124581988354,0.172830937156555,0.0389044516764226
USGS_05079000,3049 catchments,False,47.8679213376288,-95.4685819923321,13644.6,367.778771892804,0.2062735593356142,,91.3050875267378,722.8591416129378,0.573559915190228,1.42978496883429,0.0183562792718727
USGS_05084000,3049 catchments,False,48.2044758159169,-98.0533611321033,1049.4,434.816337719298,0.2237941122060315,,42.19318771657299,622.7066989186458,0.283773825356835,0.0,0.0
USGS_05085000,3049 catchments,False,48.2970949910337,-97.9445993918244,1425.43,392.363966142684,0.2219390895620852,,40.067562535007625,624.8046789073954,0.34886200267535,0.0,0.0037707392878543
USGS_05087500,3049 catchments,False,48.3706044468787,-96.3670460218287,600.818,331.626310772164,0.2201686170821865,,61.08061503125242,679.3945946613633,0.0696145605295897,0.0,0.0
USGS_05089000,3049 catchments,False,48.5490773404914,-98.1204420721988,587.002,468.40253411306,0.241761965149884,,34.46786934942708,577.7834085590038,0.130807369458489,0.0,0.0
USGS_05090000,3049 catchments,False,48.5531308603558,-97.9761638186086,1741.69,389.121750575847,0.2281985478061609,,40.77609590259144,618.148769377978,0.203253232649461,0.0,0.0070028015345867
USGS_05094000,3049 catchments,False,48.6893227082939,-96.3041861773406,1155.55,325.504451038576,0.1964879521946213,,127.31629391118612,705.3188648431782,0.095023848825977,0.0,0.0046685343563911
USGS_05104500,3049 catchments,False,48.631058886118,-95.5877629485718,1120.1,355.044943820225,0.211421304564412,,120.27213682473244,694.600958886852,0.0318139095449045,0.0,0.0
USGS_05116500,3049 catchments,False,48.642317909621,-102.120629134238,2396.83,614.452861553075,0.2567137456793936,,12.355004788874384,539.244018607183,0.15351102081024,1.66675471607302,0.0
USGS_05120500,3049 catchments,False,47.9113772600886,-100.545192773837,1509.83,506.622468475353,0.238957976708494,,11.411525845801192,582.1066852851463,1.09719858032006,0.0,0.0113122174158119
USGS_05123400,3049 catchments,False,48.6398570392225,-99.9654575726869,3206.1,529.37107364685,0.2385732275859967,,17.03192714074462,567.225732405014,0.186390722983439,0.0,0.0343137271314239
USGS_05124480,3049 catchments,False,47.9145498687678,-91.2105671236159,707.224,498.834018077239,0.2563153660629368,,242.28677212589503,799.4962417468298,0.0023079211046673,0.0,0.0
USGS_05127000,3049 catchments,False,47.7733364924178,-91.4695150367601,3424.08,501.829895164018,0.2544901696826107,,264.3792958668373,804.998778411947,0.003250801661549,0.0491855239375398,0.0130718956158186
USGS_05127500,3049 catchments,False,47.8132015667878,-91.5335416135249,3921.1,492.968146291108,0.2532050152943371,,308.5722472488041,804.661973208847,0.0035942281648853,0.044446928406007,0.0140056025702506
USGS_05129000,3049 catchments,False,47.807146824291,-92.3857889556143,1266.92,440.658238884045,0.2429643280584902,,225.04179492227067,798.813525774805,0.0052595123849571,0.492173377471124,0.0037707392878543
USGS_05129115,3049 catchments,False,47.9080521045208,-92.4739738927695,2357.58,428.818450184502,0.2163077214329657,,235.24472897659751,820.5878699200958,0.0038249310456584,0.697476713843825,0.0093370687127822
USGS_05130500,3049 catchments,False,47.5951887337296,-92.9430029709371,463.95,442.736111111111,0.2141111534147899,,231.41642923723091,815.3773202918636,0.017610144263017,0.853620958806681,0.0367647080565803
USGS_05131500,3049 catchments,False,47.9102675952254,-93.0515182566917,4383.5,411.617216440289,0.2187381036985017,,220.7117384143231,801.4449908031633,0.0367398557238782,0.0994352058110388,0.016339870247369
USGS_05211000,3049 catchments,False,47.2937280676977,-94.5456230890993,8611.32,418.350416920887,0.2077102082785187,,142.99402615378352,759.3349901191451,0.490967524948736,1.2143520860777,0.0737008111961707
USGS_05220500,3049 catchments,False,47.2030144709074,-93.9600290079809,12397.7,414.201687158847,0.2142651169955836,,165.14271968805278,767.4001540296665,0.460997449204942,0.833731975868527,0.0630848948441615
USGS_05227500,3049 catchments,False,47.1151385495855,-94.0755380324959,15243.5,410.545035529095,0.2047146044969985,,172.84065218248935,778.4946798229121,0.450744172418824,0.604216191623795,0.0555103482299378
USGS_05242300,3049 catchments,False,47.1089666912763,-94.0704504732709,18097.0,407.385958660014,0.1967707660046541,,176.9183910496362,778.713451005777,0.470802498218695,0.674873263483031,0.0494149288973741
USGS_05245100,3049 catchments,False,45.952564916647,-95.2237294102479,1462.14,420.584804928131,0.1778158567213504,,114.05577311267568,781.0296151224499,1.8938414874402,2.39662951815834,0.0846702356780456
USGS_05267000,3049 catchments,False,46.7935319298036,-94.3994468596508,30119.2,410.435242790625,0.1982864183657983,,166.5560639243779,772.6319159219839,1.43974677668242,0.642781336506331,0.0439436145079059
USGS_05270700,3049 catchments,False,46.6445030228867,-94.3671593084775,35341.6,404.744809948852,0.1880808513692878,,172.9877807917852,784.7479426272704,1.82394398316955,0.495865654226919,0.0502162161032333
USGS_05280000,3049 catchments,False,45.0672244555426,-94.5331772981285,6850.45,334.767408853012,0.161640356868753,,144.3070008055888,831.7677236996387,2.04471254082663,0.149147765722612,0.144432776765565
USGS_05286000,3049 catchments,False,45.9050562521262,-93.559009591497,3586.13,343.771399966628,0.1754853125873936,,184.62903266834005,851.0658079182552,0.974342096559898,0.127346510742535,0.0448654060473003
USGS_05290000,3049 catchments,False,45.6928281462909,-97.1063599592979,1147.77,427.865968586387,0.223225318321784,,29.87091472437818,688.8343424564225,0.512799064187627,0.0,0.0103199180509699
USGS_05291000,3049 catchments,False,45.3079912312119,-96.8071706644521,1046.77,418.877101449275,0.2079010590568315,,66.20668904187708,704.493576615105,0.885938949882984,0.0,0.0057670130284831
USGS_05292000,3049 catchments,False,45.538668129182,-96.9069893177944,3024.01,398.705094905095,0.206289291509109,,51.93187766520134,706.4732274307464,0.659244465331237,0.897236435424093,0.0057670130284831
USGS_05293000,3049 catchments,False,45.0827586335372,-96.6490408687983,1185.08,418.509635974304,0.2086043768656935,,56.71814738040192,719.4033709104257,1.01411576643586,0.0,0.0392156885936856
USGS_05300000,3049 catchments,False,44.8102481742702,-96.3355318944098,2467.94,414.837604731395,0.1989946942878941,,67.7547452101522,744.5336519944589,0.737311020111426,0.0,0.0351935660896393
USGS_05313500,3049 catchments,False,44.5896111158924,-96.0016705803889,1800.72,397.522540983607,0.1880417582498211,,96.73208038199452,770.0525254805792,0.48080528875192,0.0,0.0
USGS_05315000,3049 catchments,False,44.2998895490007,-96.1099099433055,672.13,518.755474452555,0.1898188986974578,,119.95032743028464,781.8401407804525,0.702135367525948,0.0,0.0108932468315793
USGS_05316500,3049 catchments,False,44.4007455587729,-95.7939372858751,1616.56,470.449637919684,0.1848342393342228,,118.7788858949438,783.0756456901968,0.536049147943656,0.0,0.0065359480989476
USGS_05317000,3049 catchments,False,44.2593129154617,-95.2449247996319,3382.02,365.312454479243,0.1758164994879471,,135.318361815194,811.0408222574248,0.42730154995254,0.0,0.033233633414858
USGS_05317200,3049 catchments,False,44.152082468854,-94.7916226226482,454.893,329.538745387454,0.1640645155349083,,140.3998974826335,833.6960044233605,1.06518876552582,0.0,0.0
USGS_05319500,3049 catchments,False,43.9733695938179,-94.6825395073811,2196.49,346.603375527426,0.1557868527944528,,194.3013022879177,895.9966302359568,0.829844408175525,0.0277796713657907,0.0057670130284831
USGS_05320000,3049 catchments,False,43.7405023246002,-94.3560724973964,6287.98,350.926507018993,0.1585143363256575,,179.6029270538982,872.769568593881,0.449717382945847,0.0101168518810666,0.0119560024780562
USGS_05320500,3049 catchments,False,43.9285864222743,-93.7521435422964,2871.76,329.944372574386,0.1540052558693803,,207.1694477759162,894.0771421556344,0.2858189444827,0.0299112146542007,0.044757033870353
USGS_05325000,3049 catchments,False,44.8369858854829,-95.3940040387847,38694.4,379.782527978245,0.1767149395122496,,118.74892630430833,792.7795586873344,1.24540023631235,0.136869215716043,0.0305576786677074
USGS_05327000,3049 catchments,False,44.648989366242,-94.3086555976592,619.033,309.759643916914,0.1548355076154805,,154.34899536791323,863.2979754266717,0.141987536568195,0.0,0.0
USGS_05330000,3049 catchments,False,44.5509290593679,-94.9560930449116,42040.8,354.7061691383,0.1706818673556224,,124.82822244980892,804.658027638329,1.37946888270015,0.110715538991218,0.0534987404237213
USGS_05333500,3049 catchments,False,46.1640115693796,-91.6838496243803,3901.47,359.553451435553,0.1943066069319111,,325.495263356612,867.6672153748509,0.0937763211890342,0.061608544536139,0.0527903489553585
USGS_05336700,3049 catchments,False,46.4029079547354,-92.8404091617223,2252.1,364.092661034847,0.1914058798302521,,289.69181926494576,840.1341947452738,0.182867618134389,0.0,0.0150829565544159
USGS_05338500,3049 catchments,False,46.0326818507927,-93.305110304531,2525.52,341.553529133112,0.1906090582584535,,211.1171080235294,811.4249523979564,0.378864117789754,0.0179359901406335,0.0227998186790839
USGS_05340500,3049 catchments,False,45.9803916924695,-92.3661506054276,15925.6,336.561599639856,0.1878379028516647,,280.80484925326414,853.624871748508,0.350887574148858,0.0266266235195967,0.0458985109715845
USGS_05341500,3049 catchments,False,45.4392949640133,-92.3643248799883,1427.25,347.34265141889,0.1714594040049163,,239.7623181539212,842.7426441051412,0.364107848703861,0.0514494412977439,0.062745101749897
USGS_05353800,3049 catchments,False,44.0383850811631,-93.2667138061912,1127.97,362.590262582057,0.1551327106312086,,261.3029410394702,919.1803473409162,0.274331395563326,0.007509841445702,0.2631579047853229
USGS_05356000,3049 catchments,False,46.0731984167803,-90.8873175439924,2105.66,447.858634311512,0.2240834613963033,,319.8504830206641,913.2847203981212,0.0214758539648435,0.0237085066767377,0.0259515579433783
USGS_05356500,3049 catchments,False,45.901848582854,-91.0205831088871,4268.43,426.577553593947,0.209223719654484,,332.64629354704647,911.4614312416307,0.0546553117326178,0.0374662106703646,0.0144175322288099
USGS_05360500,3049 catchments,False,45.8706290932192,-90.3213997563706,4889.99,472.118301932958,0.2303741134943417,,332.71448142514816,891.0446701838687,0.0492566894922394,0.15762978983048,0.0508351515932583
USGS_05362000,3049 catchments,False,45.4356883524677,-90.4739828801518,1477.29,453.40139116203,0.1938050014977571,,324.7411321280915,912.238826980683,0.0602776675764471,0.0,0.0
USGS_05365500,3049 catchments,False,45.69362539717,-90.6734454431396,14688.8,424.242204763074,0.1989431303742584,,318.61827013971265,898.4490933016511,0.102688418575864,0.0670935364431266,0.0269607855201078
USGS_05369000,3049 catchments,False,45.3844708778886,-91.8023807334926,4627.41,356.337346244439,0.1797698251120426,,277.4214310279724,902.761847613794,2.31237046661763,0.143864506492757,0.137003522831947
USGS_05369500,3049 catchments,False,45.5307151828287,-90.9296110518792,23441.9,390.328835903906,0.1930410113003403,,308.59749581193824,906.111129404056,0.805039259741506,0.0736951478082392,0.0919592669366037
USGS_05370000,3049 catchments,False,44.9396473532849,-92.2685311098163,165.856,357.472324723247,0.1673511447190426,,184.72561113046348,915.723544155118,0.707134187221527,0.0,0.0245098053710535
USGS_05372995,3049 catchments,False,43.9708652768808,-92.5580858782561,779.46,365.366877971474,0.153627424645563,,278.77131604551795,945.7241083105243,0.0865617897361517,0.0,0.9538398745159308
USGS_05379500,3049 catchments,False,44.3336900250895,-91.2962493154523,1665.23,296.573318632856,0.1568831923637073,,272.42581606554086,931.8793048707164,1.26089207552097,0.0,0.0508351501560322
USGS_05381000,3049 catchments,False,44.9335487767073,-90.4415282076163,1936.56,401.267986176563,0.1754533653198237,,281.0013793791088,926.8729536202168,0.0826340536732459,0.0,0.0428921579441521
USGS_05382000,3049 catchments,False,44.637095023988,-90.5951765994772,5376.45,336.023825809394,0.1648972163756997,,311.37541848995494,917.901983682456,0.286905589284619,0.0082511052914574,0.0456773630999537
USGS_05384000,3049 catchments,False,43.8003554354479,-92.3896531100732,1594.48,379.127145085803,0.1720637161512961,,201.43036599508304,878.6690303686077,0.300745079293847,0.0,0.038363172105797
USGS_05385000,3049 catchments,False,43.7736689254173,-92.1737870469853,3236.04,365.087056567594,0.1696258702095198,,199.1612016022816,875.0495054959489,0.218909324438987,0.0,0.0192233760768146
USGS_05385500,3049 catchments,False,43.6234467225155,-91.7553024876505,711.801,343.395796847636,0.1572985553222767,,178.456455722945,876.4710751646414,0.0585171589627862,0.0,0.0
USGS_05387500,3049 catchments,False,43.4666781081943,-92.2045018620957,1269.24,379.547113961519,0.1586135584656975,,230.3588932759171,878.5683801389143,0.152427565264092,0.0,0.0133689842186868
USGS_05388250,3049 catchments,False,43.4270664014833,-92.0747665077637,2010.25,364.542341220423,0.1391435130203048,,317.25987638076936,953.2990966053238,0.10988140553236,0.0,0.0196078439642276
USGS_05391000,3049 catchments,False,45.9613382184852,-89.2333794078425,1947.56,513.38228080932,0.2422197996540566,,278.9398566035861,859.2506649944094,0.234811827859217,0.0,0.023767082937852
USGS_05393500,3049 catchments,False,45.4388814523113,-90.1044513218332,220.434,501.581967213115,0.1978427332888536,,370.896505666179,917.6606717579082,0.0432556296388308,0.0,0.0
USGS_05394500,3049 catchments,False,45.3646336965711,-89.4581839327887,483.197,482.377334993773,0.2032815585529679,,325.7268794095139,864.19654488733,0.222789412896548,0.0,0.0
USGS_05395000,3049 catchments,False,45.7167613982397,-89.5150084778344,7140.47,486.873905723906,0.2246326353940103,,320.9157491711071,865.8345974720445,0.229851554314297,0.0336694505084789,0.0920716151797577
USGS_05398000,3049 catchments,False,45.5707870790128,-89.5116659723911,10421.4,472.596898327643,0.2128737496330054,,311.04048823732546,873.5985287831071,0.680420387569661,0.0252813277603093,0.139720564356776
USGS_05399500,3049 catchments,False,44.9491513260776,-90.224455229304,576.302,417.479957805907,0.1796774376118696,,279.2470726463328,928.2150806769408,0.757562297311696,0.0,0.0178253129971298
USGS_05400760,3049 catchments,False,45.3548608510945,-89.5697327037716,14080.5,447.427785419532,0.2012851061521564,,301.439125594194,872.655549539076,1.60954994490717,0.0845697561454659,0.159208085899771
USGS_05402000,3049 catchments,False,44.5781808701456,-90.2439319170977,580.066,361.707497360084,0.1685677911358283,,261.23093668322787,929.8886228873962,1.19227905074755,0.0,0.228758176995648
USGS_05403500,3049 catchments,False,44.0459931397627,-90.3684277451115,1284.33,305.202495201536,0.1652237828153672,,271.10700219969635,908.5730647035684,1.05563658495483,0.0,0.2115583139177609
USGS_05404000,3049 catchments,False,44.975401369272,-89.7278100541557,20976.6,402.985130975199,0.1894321706833571,,294.0667219525764,885.7604126876118,2.98402274422733,0.19056278477266,0.162021209841843
USGS_05405000,3049 catchments,False,43.5659084439665,-90.0454843463529,1577.94,330.803944773176,0.1560504305109987,,253.1045941994709,907.1152893005012,1.93153852630745,0.0284082159303714,0.209447419249707
USGS_05407000,3049 catchments,False,44.5649058561933,-89.694200405299,27400.9,378.777442364885,0.180057758588153,,295.6711985596403,889.1105123651696,2.64147754868754,0.16989066758052,0.145730983731852
USGS_05408000,3049 catchments,False,43.7450432639099,-90.5723252398214,689.332,358.321266968326,0.1575555989753645,,257.8787019251565,921.6692496957832,0.34155944439893,0.0,0.0
USGS_05410490,3049 catchments,False,43.5459127644532,-90.7000143189754,1779.49,337.820098383696,0.1439976115428792,,285.9885021217645,921.2436088869504,0.244475294354147,0.0,0.0101419880279693
USGS_05412500,3049 catchments,False,43.0447835373722,-91.8532271830331,3858.21,338.436328061308,0.1350815030784076,,284.6862815746951,946.8304173441156,0.105765169101029,0.0,0.0084516568237851
USGS_05413500,3049 catchments,False,42.8598319787144,-90.8351861092718,695.326,301.18115942029,0.1332352599049055,,252.3391055562256,932.7100601876884,0.09568717059764,0.0,0.0267379684373736
USGS_05414000,3049 catchments,False,42.8682160432165,-90.5698834453182,370.79,306.955706984668,0.13214251743033,,270.3479075582763,945.3659684478586,0.127106509357691,0.0,0.0
USGS_05414500,3049 catchments,False,42.5388716986417,-90.9030786302522,336.924,299.541353383459,0.1336363240761105,,229.2203940286838,910.217279707262,0.0355794659505288,0.0,0.0
USGS_05414820,3049 catchments,False,42.5454218553499,-90.475541085415,104.43,274.325153374233,0.12487081353496,,243.51375252792243,936.8844137923564,0.0842890664935112,0.0,0.0
USGS_05415000,3049 catchments,False,42.6146437487566,-90.326321974644,322.723,295.082677165354,0.1372896654746616,,215.66789199688768,906.1448517118514,0.065556138753891,0.0,0.0
USGS_05418500,3049 catchments,False,42.3992710205504,-91.1477047561131,4019.22,295.211225296443,0.1189307540061014,,280.69801367513105,977.2202850526696,0.0621791295005038,0.0,0.0264550272804049
USGS_05419000,3049 catchments,False,42.4136369272717,-90.1409300579672,638.663,277.668979187314,0.1250224425572904,,280.5894525984645,932.2016086459312,0.146678654849529,0.0814555448273149,0.0
USGS_05420560,3049 catchments,False,43.3948024152061,-92.5828687344402,249.843,384.205,0.1489023461113412,,236.54810227747117,915.6359329394928,0.249824061989784,0.0,0.0
USGS_05421000,3049 catchments,False,42.9748421831492,-92.2882617007595,2725.64,333.806429232192,0.1282927324109133,,275.39995501738537,953.0414949844215,0.213020107370209,0.0,0.028966133620336
USGS_05422000,3049 catchments,False,42.466231313667,-91.6743287370789,6049.04,292.993073774793,0.1186788576143042,,289.9910004018557,964.8572163591792,0.205570200110175,0.0,0.0231920735239582
USGS_05425500,3049 catchments,False,43.3599456991234,-88.5102717172166,2098.53,291.277183600713,0.151295222558507,,322.10177334323686,881.3927868576512,0.437801580663238,0.0587291466580671,0.310224101745657
USGS_05425912,3049 catchments,False,43.5285712203523,-88.9620117376211,444.757,283.888423988842,0.1467704784586809,,218.64492408249205,879.4717073459537,0.356950593846185,0.568258113161258,0.322128858949457
USGS_05426000,3049 catchments,False,43.3537221390924,-89.0024184941356,2032.09,271.970443349754,0.1515489454146173,,233.7680208109116,885.182524589204,0.717248630139136,0.210539487385513,0.173940548237654
USGS_05426250,3049 catchments,False,43.0723673710004,-88.4104411346617,306.798,285.13987473904,0.1392508349609638,,292.35325468875163,905.9446364497164,0.879435551166534,0.0,0.725490227341652
USGS_05427570,3049 catchments,False,43.1905598531062,-88.7851808215576,6179.48,275.512794476036,0.1483404965372002,,275.85884718582594,876.8288265732627,1.13626674452454,0.0578560503374302,0.267857152431709
USGS_05427718,3049 catchments,False,43.2853543770463,-89.3725796799219,191.473,305.355987055016,0.140029464616459,,137.6197204595307,920.3752785524184,0.981235802173615,0.0,0.2450980508001519
USGS_05430150,3049 catchments,False,42.8955855500437,-89.3204200900302,224.57,287.258426966292,0.1333548622161066,,468.7298752719082,947.7764814030976,1.23823648691177,0.0,0.0980392214842141
USGS_05430500,3049 catchments,False,43.1514879755031,-88.8855460664965,7923.77,277.109131226736,0.1516423866433039,,250.19355618436268,871.1538053115034,1.24160337220464,0.141715527361866,0.862511678964698
USGS_05431486,3049 catchments,False,42.6107589883468,-88.6869638958681,491.137,289.808974358974,0.138577396820055,,264.71381721109907,898.4907758934,1.22651388247808,0.127588949208543,0.179738570780804
USGS_05432500,3049 catchments,False,42.8383077269883,-90.2532767034222,705.623,320.547491039427,0.1348490132731797,,273.95703459587133,944.7199646110336,1.36527813738212,0.0,0.032679740494738
USGS_05433000,3049 catchments,False,42.9148666681857,-89.9167672655845,571.765,322.607300884956,0.1493234818552665,,229.71822931344371,899.8988637187882,1.26972471674283,0.0,0.0762527239405447
USGS_05434500,3049 catchments,False,42.7500090103925,-90.0088523515998,2677.4,305.914285714286,0.1350905490873281,,277.73743858604314,937.1602968731588,0.820703000119991,0.0,0.0588235303035213
USGS_05435500,3049 catchments,False,42.6819595687889,-89.9391024358983,3435.41,298.653654943841,0.1350945673519351,,269.4092482509755,926.3245700496536,0.766710295175601,0.0,0.0472689082796153
USGS_05436500,3049 catchments,False,42.8445376874165,-89.5095018621638,1351.82,293.959944108058,0.1398678606381949,,276.3120983658316,917.508323246929,1.29557484659282,0.0,0.276292336639017
USGS_05437500,3049 catchments,False,42.9234334429057,-89.1995875281634,15744.7,280.827336401841,0.1408770861597797,,280.0051217143846,907.9723245385828,1.2213445018223,0.0676989380909745,0.507022258372874
USGS_05438500,3049 catchments,False,42.2765192701272,-88.5805783087763,1404.79,269.355947535052,0.130727964028342,,263.7472695293446,915.0439651224594,1.80757620541946,0.0,0.285592507672213
USGS_05439000,3049 catchments,False,41.8571633050989,-88.8322909682422,201.339,270.503144654088,0.1043071856252087,,312.09635607904573,1005.3707086333292,0.34254652261734,0.0,0.130718961978952
USGS_05439500,3049 catchments,False,41.9798889402949,-88.726186762358,1002.79,264.115849777212,0.1212413116776756,,280.4221534948164,933.9247631347076,0.446142191998661,0.0,0.842524509789655
USGS_05440000,3049 catchments,False,42.1720214804758,-88.6814601084055,2847.03,265.211258129626,0.1269643130830751,,268.57557882270044,918.943718196979,1.19896125296752,0.0,0.678649247210059
USGS_05443500,3049 catchments,False,42.6810619162345,-89.132169193339,21937.9,273.544469109465,0.1234615722934338,,339.31006231407014,954.2796205598746,1.24637009309871,0.051119384140241,0.659873952523672
USGS_05444000,3049 catchments,False,42.0126073968486,-89.6614915611077,376.35,255.003412969283,0.1131276716711152,,275.9918826953645,978.0866881182696,2.16374924182892,0.0,0.0
USGS_05446500,3049 catchments,False,42.5726505626807,-89.2513171778743,23951.1,268.859700150718,0.132967936525941,,283.4057129965334,921.9744009132952,1.88327785110067,0.0441825193435742,0.61107251586593
USGS_05448000,3049 catchments,False,41.3603672715091,-90.5875117961573,162.684,229.920634920635,0.113623665111381,,244.43743234476665,935.8554779152184,1.77565662066142,0.0,0.0
USGS_05449500,3049 catchments,False,43.0230753170782,-93.6545754571999,1083.9,371.981384525887,0.1309391797099967,,285.12305611837235,961.7676065712463,0.247335722669959,0.0,0.0612745119724423
USGS_05451500,3049 catchments,False,42.632011769285,-93.4213489645529,3973.96,352.317637826172,0.1241129037210059,,247.53088660926275,944.5473348714368,0.119125463915989,0.0,0.0666666694451124
USGS_05451700,3049 catchments,False,41.9458494197396,-92.9650593478136,308.514,303.054279749478,0.1074824367972652,,265.6430453935732,972.1778935197748,0.192401239275932,0.0,0.0
USGS_05451900,3049 catchments,False,41.8875546009471,-92.6074692552364,146.233,285.209821428571,0.1077422245735342,,258.8077268262085,972.5016774767322,0.0040020700544118,0.0,0.0
USGS_05452000,3049 catchments,False,42.0815824851216,-92.3844647405597,516.686,282.54094292804,0.1110769538504821,,268.0352891418247,970.9243244113196,0.006089131347835,0.0,0.0
USGS_05452200,3049 catchments,False,41.8360263205846,-92.5434416335316,182.665,280.847750865052,0.1085495991618688,,253.5947091790904,971.312035114169,0.003239377013718,0.0,0.0
USGS_05453000,3049 catchments,False,41.7676369760716,-92.5026118686836,483.628,280.019946808511,0.1058921523511871,,261.99990328270457,979.6551108899646,0.0063374178070161,0.0,0.054466232864393
USGS_05453100,3049 catchments,False,42.4473038828802,-93.150572386038,7237.92,317.211587567139,0.1161183013991908,,260.55001968935824,963.3619786743184,0.0815220877829016,0.0,0.0615998637961405
USGS_05454300,3049 catchments,False,41.7142497797871,-91.8010191719612,254.307,241.47461928934,0.1034442584005988,,268.13624284421314,968.612651800188,0.425752621144056,0.0,0.857843160629273
USGS_05454500,3049 catchments,False,42.2990685273356,-92.8744529586261,8478.72,306.282696933253,0.1153318085449165,,254.78138277002623,960.5180582483608,0.123983290337923,0.0398484218004854,0.1100217901101269
USGS_05455500,3049 catchments,False,41.5759645742232,-92.034330666833,1486.91,253.3976633492,0.1016410970933293,,264.20383384544976,981.4034248344778,0.0627188689646904,0.0,0.0222816407172517
USGS_05455700,3049 catchments,False,42.2162543328192,-92.7991224547201,11127.5,291.004821213339,0.1106570590262923,,269.11467137464035,975.5360903450252,0.146585136894031,0.0245654744238727,0.143596988715926
USGS_05457000,3049 catchments,False,43.7801068468158,-93.0514216735746,1035.22,383.864101022249,0.1556980730242812,,252.3017230930235,913.765077082979,0.711177115931231,0.0,0.119665517773041
USGS_05457700,3049 catchments,False,43.6101302260105,-93.0013629405233,2783.16,369.784881112607,0.1503679206066932,,242.9276710637276,927.273976721879,0.619604045282239,0.0,0.0676683739900751
USGS_05458000,3049 catchments,False,43.3442048249051,-92.6736640004872,776.764,363.527375201288,0.1397186312188483,,235.2647202938413,915.5099410140286,0.522664160778125,0.0,0.0081699351236845
USGS_05458500,3049 catchments,False,43.3286624425305,-92.7967318370609,4334.12,357.836025382175,0.14287908095915,,261.6543228379011,925.8620813014096,0.540762492801462,0.0,0.0724789937625506
USGS_05458900,3049 catchments,False,42.8098318259569,-93.1217140232774,2205.1,338.331239291833,0.1306948643028553,,267.5779294703699,941.8363475818612,0.13656673966633,0.0,0.0259515586281742
USGS_05459000,3049 catchments,False,43.5877608604443,-93.3363922388175,781.368,381.126491646778,0.1626379282851023,,189.3029050681528,903.047958193886,0.509469141066074,0.0733675217911472,0.264705887529999
USGS_05459500,3049 catchments,False,43.3757475864019,-93.5007815101995,1340.04,374.796443612541,0.1469872451705375,,228.8736978118655,912.5663585143812,0.255167452456511,0.0,0.1747655621527329
USGS_05462000,3049 catchments,False,43.2389039721336,-93.1987558444973,4487.37,355.787430167598,0.1463415694440026,,206.88661999007348,910.8853414570976,0.32568272788235,0.0102573249103758,0.161557584922289
USGS_05463000,3049 catchments,False,42.5588709624512,-92.9560088258224,903.006,323.241234221599,0.1228639575931126,,261.7625681199166,954.5760413745764,0.0415712213143706,0.0,0.0065359480989476
USGS_05463500,3049 catchments,False,42.3884140098945,-92.698456457201,777.021,305.927346938776,0.122930667693556,,221.14030192571207,940.2037711344764,0.0381369008324467,0.0,0.0075414785757087
USGS_05464000,3049 catchments,False,43.0980045069338,-93.0386962849337,13348.6,345.021772866212,0.136124286735717,,262.5873070391952,936.0014181696664,0.319481735921658,0.0032655864849707,0.125670554731393
USGS_05464500,3049 catchments,False,42.876414327827,-92.7822432420202,16861.9,330.799611548949,0.13080455324956,,266.3259809633027,943.648840160922,0.273105803673823,0.0028947337296467,0.1997366147949849
USGS_05465000,3049 catchments,False,42.5921023867549,-92.417044464044,20153.8,315.982893665017,0.1267683270647679,,270.2540161400727,948.7046495540084,0.328931469206047,0.0021053087173829,0.226427565969609
USGS_05465500,3049 catchments,False,42.5339400826442,-92.5661168220708,32364.8,303.771764060142,0.1206218882966394,,264.1998063615814,955.2260570973102,0.341005433874331,0.0112029436224113,0.190938514684445
USGS_05466000,3049 catchments,False,41.2319593564356,-90.1715307024214,401.43,236.023771790808,0.1026183378975356,,269.3708978983129,964.5324568405052,1.40219567219416,0.0,0.0490196088018517
USGS_05466500,3049 catchments,False,41.2490067976445,-90.4660202703815,1151.57,225.855388051368,0.1008538079235185,,267.8080570151036,969.5407005296528,1.90165461812701,0.0,0.0700280131284325
USGS_05467000,3049 catchments,False,41.1558341019571,-90.5622449142352,448.64,220.75073313783,0.1107096842101874,,234.63669260461043,942.8757711247514,1.39494687318802,0.0,0.0
USGS_05469000,3049 catchments,False,41.0260651286414,-90.5722516612194,1126.56,217.662824207493,0.1020525808834021,,236.87189701594173,959.8182920033412,1.22850671224296,0.0,0.739619366632884
USGS_05470000,3049 catchments,False,42.3024688911965,-93.6068103556739,812.163,332.063205417607,0.1244429524182412,,208.77091437967465,922.2097930098352,0.10050615016371,0.0,0.0
USGS_05470500,3049 catchments,False,42.1598490245043,-93.7901499694983,550.774,323.642691415313,0.1050877802947835,,257.3982613098822,965.9888373819244,0.0697363061830401,0.0,0.029411765281111
USGS_05471500,3049 catchments,False,41.9813498193565,-93.4315717903852,4246.93,295.711399276236,0.1070676498231586,,248.36071685139405,964.9115038593452,0.186018413018722,0.0,0.141402717608099
USGS_05472500,3049 catchments,False,41.6373572098929,-92.7370254507173,1899.12,268.3391951302,0.1014714146242842,,251.8390612105656,977.8892981179084,0.0964232326451955,0.0,0.0
USGS_05474000,3049 catchments,False,41.6019116235762,-92.7278785484464,11165.4,258.725852026988,0.1011432778770806,,249.08769470896183,969.3849295801429,0.13853789980526,0.0,0.0926731661314795
USGS_05476000,3049 catchments,False,43.8895803403234,-95.5155083553067,3220.71,465.615162593804,0.1752985142450737,,143.12033304229954,812.1148470726233,0.14625854531303,0.307759692720206,0.0156862747389823
USGS_05476500,3049 catchments,False,43.8064134344179,-95.3982374674048,3610.16,461.361416781293,0.1824249778474349,,109.5080000309183,783.6469137880712,0.146432305636284,0.283654116349777,0.0332633064577489
USGS_05476750,3049 catchments,False,43.5108377385185,-95.0923930879947,5881.26,429.222540592168,0.1584459229117498,,193.27529545428345,855.795811552149,0.367764218484,0.108062180976044,0.0261437917490386
USGS_05479000,3049 catchments,False,43.2793935013726,-94.323696020432,3402.53,366.386966126657,0.1466261835673342,,194.0540545710703,889.195793776737,0.11720469323544,0.0,0.0105042023018801
USGS_05480000,3049 catchments,False,42.7837471277798,-94.6680476958575,648.185,375.230769230769,0.1423180696603143,,133.26220195009142,835.6907258669257,0.165062234814589,0.0,0.0
USGS_05480500,3049 catchments,False,43.3998638820843,-94.8151172450232,10829.7,406.482149322905,0.1523417614233491,,171.14056230242468,854.3756273649844,0.183065662542425,0.0653194742362258,0.0499012574332384
USGS_05481000,3049 catchments,False,42.7880652825301,-93.885405456184,2123.13,349.849583828775,0.1320332782291079,,236.3785854365917,915.2291765568808,0.086749053879508,0.0,0.0336134467007857
USGS_05481300,3049 catchments,False,43.3286854846447,-94.7329625406509,14082.3,386.431407366935,0.1427793108387175,,219.243878871091,899.2848986096632,0.195152126350795,0.0390322858724803,0.059241187161528
USGS_05481650,3049 catchments,False,43.1391435003173,-94.6112050216036,15091.4,381.463900450183,0.1407609338873013,,214.27897088362252,895.4032688550319,0.191430573204939,0.0370710492647791,0.0616864412299068
USGS_05481950,3049 catchments,False,41.9250742932468,-94.0269013438708,975.153,314.627819548872,0.1056343363801553,,223.40144942075085,956.2542977899182,0.142582114040852,0.0,0.0
USGS_05482170,3049 catchments,False,42.8208180042977,-94.8412382555541,199.678,389.066878980892,0.1438378831070488,,192.57547423836604,871.3144882961967,0.0633390378206968,0.0,0.0
USGS_05482300,3049 catchments,False,42.6687311177939,-95.0082321798494,1839.54,389.655077452668,0.1318778099371665,,210.4248753583579,903.4726354604212,0.112992018088698,0.0,0.0490196095779538
USGS_05482500,3049 catchments,False,42.4412468523836,-94.7991715392041,4187.96,372.037154989384,0.1284589549472138,,200.7668484755069,903.647501092778,0.0988500189268962,0.0,0.0291053931505303
USGS_05483450,3049 catchments,False,41.9967201260216,-94.7505520530648,989.767,372.633139909736,0.1084183168192439,,245.6978315078337,962.2485079460332,0.186528413789347,0.0,0.177696083119372
USGS_05483600,3049 catchments,False,41.9500557623053,-94.69075677754,1115.56,369.655625356939,0.1172399106491205,,212.28871091468443,942.8411370093036,0.242956280087431,0.105144085106375,0.157952073883886
USGS_05484000,3049 catchments,False,41.8522201735179,-94.6139486663792,2548.05,363.830858293481,0.1171693719494023,,204.78438999056937,934.4184641665736,0.367478177723725,0.0491337541494605,0.0860832163087297
USGS_05484500,3049 catchments,False,42.2195707107773,-94.6387149056263,8870.21,357.598820483314,0.1215083132058399,,205.10368031315,920.5019036857568,0.192266736056523,0.0160105979529113,0.0483193291750337
USGS_05485500,3049 catchments,False,42.9972512790816,-94.692141003331,25540.0,367.09572849026,0.1342752289479728,,203.73544187777293,899.3183604095772,0.193685535698979,0.028566428653496,0.174106260076062
USGS_05486000,3049 catchments,False,41.4403847435006,-94.0689585428579,904.599,323.654558404558,0.1075965418725627,,205.90520788085524,948.1389746981891,0.452033256313631,0.0,0.0140056030691733
USGS_05486490,3049 catchments,False,41.3626635203758,-94.1391431940906,1293.12,343.082541270635,0.1067587238669037,,208.08511891383125,951.4444060356194,0.286540843546391,0.0,0.0309597535401974
USGS_05487470,3049 catchments,False,41.1675412940156,-93.7050148614789,1193.41,304.845779220779,0.1034221757827597,,205.08700419363848,956.9805956612352,0.095590707698935,0.0,0.0103199180509699
USGS_05488500,3049 catchments,False,42.7111593921152,-94.4917675737196,32259.5,352.809995786601,0.128204941787962,,198.30707832764296,903.6824043746764,0.20287486130523,0.0832859673423884,0.173725491878577
USGS_05489000,3049 catchments,False,41.0609354099407,-93.0155682542998,964.756,275.310483870968,0.1024598569068373,,236.04296517764587,957.3220382810111,0.0282209387348433,0.0,0.0
USGS_05489500,3049 catchments,False,42.6171183443058,-94.3810900952432,34575.5,346.392098460155,0.1264689308414502,,198.76156246179764,906.7373840687038,0.192618139759235,0.0775553756791819,0.172856198815982
USGS_05490500,3049 catchments,False,42.4709612374592,-94.1964916223211,36286.3,340.19530996722,0.1239775697500512,,208.5061190703954,916.7686567118944,0.182786298115861,0.0740997992619928,0.171745595537355
USGS_05544200,3049 catchments,False,42.8554219098499,-88.4577471648796,191.205,275.977272727273,0.1422771630143139,,279.1700872168498,904.0933767103902,0.514337882399559,0.0,0.0
USGS_05548280,3049 catchments,False,42.4565741498413,-88.4023409736174,498.247,272.318527918782,0.1363409046178718,,276.7190817466043,916.7746261920918,1.7500051856041,0.0,0.0
USGS_05551200,3049 catchments,False,41.9770586849189,-88.3972294202016,133.979,262.384615384615,0.1198545683230685,,311.8804621645558,968.659089307345,0.688420534133911,0.0,0.686274515464902
USGS_05556500,3049 catchments,False,41.5509899572096,-89.3021732147207,505.095,248.016560509554,0.1071802600124402,,279.0780478500955,975.1748393997276,2.8250949382782,0.0,0.0
USGS_06019500,3049 catchments,False,45.0169996849212,-112.099247468033,1324.34,2213.8684089867,0.4694355949105578,,123.3695535780829,598.6206620304658,1.0374004036809,0.0,0.0
USGS_06020600,3049 catchments,False,45.0428829105746,-112.102443013351,1541.16,2190.70393700787,0.4653388980468323,,115.23682318362408,596.7878866768802,0.889200346012201,0.270640722001548,0.0
USGS_06033000,3049 catchments,False,46.2459433175555,-112.296779463855,990.918,2031.12944009633,0.4330080038504118,,111.50798424649872,644.1240920539036,0.0638642679033284,0.0,0.0
USGS_06037500,3049 catchments,False,44.5997457139592,-110.773714529934,1126.25,2415.26312939903,0.664369323730403,,396.9379222365817,818.4158604465649,0.0,0.0,0.0
USGS_06038500,3049 catchments,False,44.6642807700388,-110.906215431059,2411.96,2334.86813464946,0.6592789419943471,,390.8141230908704,784.9222885700955,0.0502362030950424,0.515934752044556,0.028379774333811
USGS_06041000,3049 catchments,False,44.8982933734641,-111.310924229201,5729.27,2242.40140321038,0.597629542662414,,280.5385023296692,744.3323936163907,2.21739532242805,0.385404380002084,0.0118508947767562
USGS_06043500,3049 catchments,False,45.1806749549822,-111.203870315183,2120.42,2412.54273504274,0.5666507952633574,,339.5185213634846,797.9610286775664,0.0,0.0,0.0
USGS_06050000,3049 catchments,False,45.4788733571704,-110.982021076025,125.591,2371.58851674641,0.4770379766087502,,482.7275867743716,956.8818546112172,0.0265312697738409,0.0,0.0
USGS_06090500,3049 catchments,False,47.0242053799683,-110.816190718698,918.761,1875.83622350674,0.4536807842755068,,186.5184295121862,732.2786564062856,0.0489358904344651,0.0,0.0065359480989476
USGS_06091700,3049 catchments,False,48.4097365124579,-113.227089876827,643.373,1721.44732142857,0.5589926452511361,,451.4113365181541,840.7415264151782,0.0,0.0720115399486157,0.0
USGS_06093200,3049 catchments,False,48.2610932676671,-113.021027299159,396.822,1727.13662790698,0.5405082602421954,,383.507724590255,762.0070564756476,0.0,0.0,0.0245098053710535
USGS_06099500,3049 catchments,False,48.4962558417379,-112.640005770764,7087.62,1370.66680096696,0.4686406286050634,,108.33953507798904,595.495062638938,2.88944403360698,0.258751523481781,0.0085589793762044
USGS_06101500,3049 catchments,False,48.5393997899476,-112.186068422864,12553.0,1244.5602946526,0.4160337390700079,,56.75361686110734,516.0107479130836,2.53944491183678,1.9586460415118,0.0084287110332618
USGS_06120500,3049 catchments,False,46.4829023695538,-110.328046082024,2872.27,1740.96616463792,0.423616541073435,,43.99438087650985,634.8813897146143,1.19673656124563,0.21219903780456,0.0
USGS_06126500,3049 catchments,False,46.3960552456803,-109.583936912494,10321.4,1440.16690622664,0.3592631357927308,,17.986651378825634,550.7839661424034,1.80041473917385,0.699833179762141,0.0
USGS_06130500,3049 catchments,False,46.6002762007823,-109.09133716079,20254.3,1260.46952839831,0.3290044878043195,,13.5090040614025,529.3728005574218,1.40582184298556,0.61775553213286,0.0008549931767764
USGS_06131000,3049 catchments,False,47.1216267012832,-106.712271300335,6609.77,872.777836832315,0.2589073161156714,,6.02996551618595,428.1829157005303,0.446581263045809,0.0,0.0
USGS_06154400,3049 catchments,False,48.2294007359956,-109.062751732299,580.815,1089.20434353406,0.2819539914956488,,20.378463147114022,564.2610829435508,1.65253884717822,0.0,0.0
USGS_06174000,3049 catchments,False,47.9924140234442,-106.94987918651,1369.9,728.808438818565,0.2635025978878741,,36.77352094974184,418.14896468810736,0.177993956427902,0.0,0.0
USGS_06177500,3049 catchments,False,47.2440262509274,-105.726255285433,1425.4,853.915024630542,0.2591739474458311,,4.670340035221441,436.5966703325232,1.05318767329057,0.0,0.0
USGS_06186500,3049 catchments,False,44.3152816416969,-110.197722209543,2567.46,2655.53864618339,0.7534281004606531,,488.1587438715501,894.0213457167077,0.0,0.0,0.0140056030691733
USGS_06188000,3049 catchments,False,44.892337809935,-110.101721766701,1730.28,2545.85236081748,0.7022092646490147,,498.5263256770823,814.7925741690108,0.0,0.0,0.0
USGS_06191000,3049 catchments,False,44.8693956953497,-110.735560927587,513.885,2439.83832335329,0.6135397639903367,,350.89210636024984,691.6645047004224,0.0,0.0,0.0
USGS_06191500,3049 catchments,False,44.5577060337968,-110.222729405928,6783.59,2547.18073593074,0.6995245732132712,,421.8007722495971,826.8264347889312,0.0067347516970975,0.0,0.00525210115094
USGS_06192500,3049 catchments,False,44.7681372037005,-110.379209298076,9209.02,2444.74807845216,0.6543225130998319,,368.7048467127855,829.138070352382,0.728326947052057,0.0,0.0038955982046707
USGS_06200000,3049 catchments,False,45.5007532851584,-110.171395784161,1363.8,2307.60618101545,0.5525753541457304,,367.27140575533633,842.6855842055228,0.821488190508847,0.0,0.0280112050296295
USGS_06204050,3049 catchments,False,45.2028268353448,-109.833459635463,137.363,2981.75111111111,0.6716562133020353,,804.7584691538885,952.3460830258086,0.0,0.234954545190282,0.0
USGS_06205000,3049 catchments,False,45.3237045937854,-109.760614951739,2535.74,2193.38924731183,0.5221600260271003,,336.9835894350683,961.1858763039083,0.0594499219310126,0.0297532447189934,0.0
USGS_06207500,3049 catchments,False,44.8616266454998,-109.531997635992,2985.02,2366.9871349806,0.5992170878657009,,281.0083695517185,782.2390778265284,1.58423585122606,0.0,0.0081699351236845
USGS_06212500,3049 catchments,False,45.3107235402749,-109.35053237325,530.379,1665.31615120275,0.3843141722466813,,173.35327272424095,981.7656034745364,2.49770329756641,0.193654803820139,0.0267379684373736
USGS_06216000,3049 catchments,False,45.3435422644069,-108.554842929941,304.988,1623.50297029703,0.372883918465478,,89.40345496504513,623.4922416188862,0.775804461209918,0.0,0.0
USGS_06221400,3049 catchments,False,43.2770591818179,-109.568608229348,227.88,3232.56712328767,0.6548815964936223,,554.9969436993308,704.7182817665929,0.0,0.0,0.0
USGS_06224000,3049 catchments,False,43.0884462017844,-109.414918560953,484.858,3135.62775616083,0.63862283873826,,524.6266533746706,831.6824723846572,0.0,0.0,0.0
USGS_06225000,3049 catchments,False,43.1156234966728,-109.33603142824,548.232,2993.34562211982,0.6213295980648463,,433.639744894376,794.2644392315157,0.0761097537146674,0.0,0.0
USGS_06225500,3049 catchments,False,43.4792465319937,-109.547632330537,4905.97,2701.07977099237,0.6556754057113564,,214.5526050718948,670.8043034214348,1.17889327388734,0.0,0.0100553047676117
USGS_06228000,3049 catchments,False,43.3981352065165,-109.328333348843,5992.19,2554.97581317765,0.633949876556585,,90.27431492072036,622.676854363689,1.90801918859264,0.0,0.0081699351236845
USGS_06275000,3049 catchments,False,43.9115896241371,-109.160641652818,505.445,2827.07448107448,0.5593575935190026,,189.8648138309603,683.1659078313297,1.49155063927174,0.0,0.0
USGS_06279940,3049 catchments,False,44.4660163155504,-109.805052615466,1811.83,2614.79911774686,0.6727537452103698,,441.3279441949788,746.1828596507814,0.254189273406719,0.0,0.0067613256196009
USGS_06280300,3049 catchments,False,44.0129253778573,-109.683025980688,793.952,2900.9992199688,0.7175811931469358,,468.16791546354375,822.6030567661397,0.149350305892188,0.0,0.0
USGS_06281000,3049 catchments,False,44.1283599600237,-109.59352163824,1516.76,2681.86598778004,0.6780197619825168,,222.2528610588534,786.8473204154682,1.67932030366248,0.0,0.0
USGS_06282000,3049 catchments,False,44.3046101205767,-109.652642422579,4001.22,2555.61076923077,0.6596748744371926,,228.42177968820496,754.2102714452532,2.09553346019675,0.0,0.0030637256713816
USGS_06289000,3049 catchments,False,44.907321933856,-107.707831674829,471.269,2405.83116883117,0.4997182040373855,,281.92675232057246,802.5535135256921,0.0406553877724542,0.0,0.0
USGS_06294000,3049 catchments,False,45.2249277145415,-107.479219796701,3346.74,1424.96284885828,0.4002338979750748,,74.03619000154417,632.9520570664248,1.36118076158349,0.0,0.0
USGS_06295113,3049 catchments,False,45.2626393050223,-107.040173047682,319.751,1374.34528301887,0.3462509250351827,,17.566805108357848,510.0128410152325,0.117808146774769,0.0,0.0
USGS_06295250,3049 catchments,False,45.4973354210664,-106.866374515657,2071.24,1196.58643771828,0.3218780394226689,,9.55823511394006,527.4145010993797,0.61295299834788,0.0,0.0
USGS_06296003,3049 catchments,False,45.7046573057432,-106.701063470343,3373.87,1093.89846811543,0.3087629042003033,,6.940045475450942,507.79941423659415,0.757125307151255,0.0,0.0
USGS_06298000,3049 catchments,False,44.7397498590851,-107.509103013689,533.625,2595.10171428571,0.5132088265557638,,284.0871228739674,918.4246995576192,0.0,0.0,0.0
USGS_06307616,3049 catchments,False,44.9222356738164,-106.892339796817,6818.86,1466.51081709279,0.3770636157598563,,52.635851262596944,680.7295980082195,2.50413665443863,0.278745055087923,0.0303661304451854
USGS_06308500,3049 catchments,False,45.3350911400019,-106.441100757335,13997.2,1225.4875108038,0.3421244609813568,,26.235179646410053,567.348414793659,1.5045628815037,0.261966377433464,0.0164807311475983
USGS_06309200,3049 catchments,False,43.5414380552263,-107.182432718999,117.543,2479.14893617021,0.4392410052032155,,218.712302474049,568.2528717242953,0.0,0.0,0.0
USGS_06311400,3049 catchments,False,44.0110140137585,-107.021982863513,251.308,2467.41769041769,0.4556319386557757,,125.30917118436604,632.0051420549514,0.0,0.0,0.0
USGS_06317000,3049 catchments,False,43.6768652432876,-106.573730924431,15343.2,1636.30473684211,0.4064997608527335,,15.47255706508333,504.7150531993474,0.687755417711178,0.0,0.0004001600876906
USGS_06318500,3049 catchments,False,44.2948234772082,-106.987307197265,312.792,2661.24319066148,0.4137600283093791,,165.3893487365106,1057.1321493182063,0.0,0.0,0.0
USGS_06323000,3049 catchments,False,44.492185931293,-107.031079308694,302.634,2648.85341365462,0.461071021637279,,245.46024909390528,1046.762822460339,0.030849900841713,0.0,0.0
USGS_06324500,3049 catchments,False,43.9504378397738,-106.484791291573,20793.5,1599.02954741572,0.3843547904916949,,19.09817848361628,553.1569678558128,1.12979603778937,0.342229844834747,0.0005923820029257
USGS_06324970,3049 catchments,False,44.6137028848477,-105.428714504603,3204.0,1246.15051704328,0.3097592669071244,,6.481061041774719,512.8979387136625,0.307295223965995,0.0,0.0
USGS_06326500,3049 catchments,False,44.5387826091505,-106.003935513744,33847.3,1385.45968136589,0.3525332168612057,,14.139665046257786,520.1686182278905,0.977014977050507,0.272581451875934,0.000359776959575
USGS_06332515,3049 catchments,False,47.7551841388318,-102.845326639019,191.486,706.698507462687,0.2391835063798327,,25.404909031954293,534.289614206756,0.680571680267652,0.0,0.0
USGS_06334500,3049 catchments,False,45.0840929609165,-104.555766234369,5078.41,1115.57284688995,0.2962411116485708,,22.677485673278543,510.770445241283,0.408273502398156,0.0,0.0
USGS_06335500,3049 catchments,False,45.4518286802848,-104.415320581695,12070.7,1044.69461377036,0.2828230242568296,,22.376602999905813,500.7856668696024,0.363633766142988,0.0,0.0
USGS_06337000,3049 catchments,False,46.1092785374391,-104.094351969198,21580.9,940.290155869998,0.2685712153780934,,21.57224834804237,500.12334933458345,0.28201997800693,0.0,0.0
USGS_06339100,3049 catchments,False,47.2733614352562,-103.016741172232,529.142,753.950385887541,0.241767296455892,,29.12353652058428,535.9326038661842,0.248076652938669,0.0,0.0
USGS_06339500,3049 catchments,False,47.1192012750061,-102.539291442846,3171.45,688.935489833641,0.2410448466039534,,22.84833043652112,527.8713272005197,0.203075563259147,0.0,0.0
USGS_06340000,3049 catchments,False,47.3575383088628,-102.409768622338,1439.76,671.920583468395,0.2357680574306329,,24.539641527691906,539.0362500926408,0.216449165344238,0.0,0.0
USGS_06340500,3049 catchments,False,47.1810775413904,-102.32229124135,5851.59,672.421674679487,0.2390149817153024,,25.29267433854793,534.4414622894453,0.349575470794331,0.0,0.0
USGS_06342260,3049 catchments,False,47.1044465987148,-101.327562491999,382.977,642.758409785933,0.2428256595489745,,28.934618268352587,572.4507577749445,1.26374304294586,1.14209835147171,0.0
USGS_06344600,3049 catchments,False,47.081431274598,-103.18422606075,402.497,808.105109489051,0.2500359888962262,,30.91755940139735,517.9585797756514,1.03276674946149,0.0,0.0
USGS_06345500,3049 catchments,False,46.8556783423202,-102.900939935991,3237.89,785.757233848954,0.2455670995158189,,26.31212484307389,521.3162196830067,0.476031611274396,0.0,0.0245098041237465
USGS_06348000,3049 catchments,False,46.7828120514324,-102.373456633409,7148.51,729.020699323767,0.248476493588706,,26.42777574474275,519.1728583935025,0.577614629701261,0.475109825475666,0.011068943797821
USGS_06348300,3049 catchments,False,46.7700662155065,-102.290450603817,7596.48,722.994799347978,0.2307531458905616,,25.13587997209322,545.5783403695625,0.570374811196145,0.499181421095404,0.0104774735185481
USGS_06349000,3049 catchments,False,46.7894036796256,-102.182262846783,8583.93,711.249553877831,0.2413532813604422,,27.75346689416581,534.7273149900655,0.580761865181411,0.390238687260082,0.0092117384626161
USGS_06350000,3049 catchments,False,46.490841472173,-102.942155329473,1501.05,821.726735015773,0.2463136644162641,,23.6874621185492,519.5175910527354,0.207989436089993,0.0,0.0
USGS_06351000,3049 catchments,False,46.4698838135828,-102.697073007946,2970.43,793.81015936255,0.2456216989551346,,24.054624976176324,510.75250444229806,0.193794627518704,0.0,0.0
USGS_06352000,3049 catchments,False,46.2825167940937,-102.939162049163,1441.83,844.613767518549,0.245660110285948,,21.82942428187855,520.9779040292423,0.197395630180836,0.0,0.0
USGS_06353000,3049 catchments,False,46.1512658905624,-102.345060455544,4526.51,775.996706192358,0.2378255557231096,,18.61354117547175,535.8240995675461,0.195155031229188,0.0,0.0012732366426521
USGS_06354000,3049 catchments,False,46.3082949584262,-102.046942076696,10598.2,744.621281849815,0.2367620212181889,,20.51719399764278,531.7828779509547,0.286551752927895,0.0,0.0005634438016334
USGS_06354500,3049 catchments,False,46.2661196637244,-99.8073960500163,1906.82,611.744846970643,0.2297253886601637,,18.011157986519216,556.7983442120274,0.532762645775902,0.0,0.0033806628098004
USGS_06354580,3049 catchments,False,46.2591834227469,-99.802069574621,2110.15,612.558500140964,0.2101961920301191,,30.12764765825708,607.6149935702674,0.586799418287618,0.0,0.0028011206138346
USGS_06354882,3049 catchments,False,45.8685090185056,-100.783328779635,917.914,624.057403783431,0.2145025303815891,,28.510818759731794,568.461606230036,0.142429555067793,0.0,0.0
USGS_06355000,3049 catchments,False,46.0302426189924,-103.459431698401,1367.5,904.302142544819,0.2661086400068704,,13.88488958647084,486.7568216057858,0.170627937652171,1.08977853070051,0.0
USGS_06355500,3049 catchments,False,45.9787017677331,-103.115316281776,3115.9,864.569588619762,0.2478232032333709,,13.044593238907495,504.37554705574166,0.154407905863115,0.558550851987396,0.0072621645543862
USGS_06356000,3049 catchments,False,45.5634188714776,-103.693037184774,367.474,932.112745098039,0.2685919051660645,,21.055619451660046,493.4961383832067,0.0288214198933149,0.0,0.0
USGS_06356500,3049 catchments,False,45.6496964470209,-103.298193590816,3376.67,892.523504273504,0.255420960046005,,12.299581373486568,496.6383945007311,0.0645784784905947,0.0,0.0
USGS_06357800,3049 catchments,False,45.7433199189042,-102.410064920043,13754.7,784.97247465921,0.2376111218893539,,17.818187562782164,517.6852944235031,0.0876212320443617,0.826908453459219,0.0034100598777117
USGS_06359500,3049 catchments,False,45.2340721815189,-103.072488229741,6716.15,875.896931407942,0.2463746809673457,,19.167902404964888,499.5967045015578,0.937369177928395,0.0,0.0
USGS_06360500,3049 catchments,False,45.241464280215,-102.377448947171,12655.0,819.867400508044,0.2318234491775553,,19.32495729625386,515.8868811447104,0.895103104076497,0.0,0.0
USGS_06394000,3049 catchments,False,43.8928745675634,-104.272178095666,3521.36,1432.11595988035,0.332133020235884,,7.893256110510109,506.2925275096695,0.416452721677687,0.0,0.0
USGS_06395000,3049 catchments,False,43.4842328715448,-104.794756163025,18580.2,1421.69849111134,0.3342980239379338,,3.6913313383845736,470.5230402466713,0.363263719349319,0.0,0.0
USGS_06400000,3049 catchments,False,42.9755100437403,-103.846968740545,2482.47,1212.31181979246,0.2902087871417668,,6.927033373882092,514.856115600222,1.25355660819096,0.0,0.0
USGS_06402000,3049 catchments,False,43.5269743177674,-103.592770185864,353.275,1355.07637655417,0.2578720714604126,,62.36716737927111,571.909977816384,0.143277146853507,0.0,0.016339870247369
USGS_06402500,3049 catchments,False,43.5899576288918,-103.475511983913,328.444,1355.48417132216,0.2551613334310272,,21.83808166811915,638.4781655096023,0.037021394725889,0.0,0.0
USGS_06403300,3049 catchments,False,43.7746559794781,-103.581239729585,271.509,1701.67579908676,0.2877037581589514,,37.56015375612532,693.4535441744079,0.0398176353512099,0.0,0.0980392191559076
USGS_06404000,3049 catchments,False,43.8811254229705,-103.445907185393,151.827,1531.70731707317,0.2524708530251698,,56.31449902150479,820.9439893455367,0.0018442384898662,0.0,0.0
USGS_06406000,3049 catchments,False,43.8471778644111,-103.382642635933,436.338,1391.21398002853,0.2534877417194652,,30.25139473996806,773.9752371124273,0.0821186291674773,0.0,0.0
USGS_06406500,3049 catchments,False,43.818524054515,-103.24385920809,733.52,1238.31133671743,0.2378919558588531,,28.144580811155045,695.5625648212067,0.725763338059187,0.0,0.0
USGS_06407500,3049 catchments,False,43.9341523363342,-103.574827945037,420.089,1714.38382352941,0.275371107823326,,50.963794904011074,823.4598062779114,0.00317255302798,0.822868191564122,0.0
USGS_06408500,3049 catchments,False,43.9420518606575,-103.491244895807,531.085,1606.86697782964,0.2815775146451804,,13.088294009808967,810.6201978919643,0.015286248927522,2.46052418659458,0.0
USGS_06409000,3049 catchments,False,44.0212679319842,-103.880872074663,205.329,2035.62839879154,0.3648385445047591,,57.30442128498333,777.2220333429208,0.0020014901723091,0.0,0.0
USGS_06410000,3049 catchments,False,44.014062423222,-103.872104361863,239.113,2015.57963446475,0.3646768876613036,,42.252250088416005,770.7219507768863,0.0020014901723091,0.0,0.0
USGS_06410500,3049 catchments,False,44.0754416999745,-103.79278656882,762.526,1886.30906148867,0.3537708138111295,,60.87981751167575,840.1414446872074,0.0013233046047389,0.0,0.0
USGS_06411500,3049 catchments,False,44.0753821413266,-103.761064043564,836.325,1859.25756457565,0.3448232937899875,,55.23309276847597,840.8139836695348,0.0012215119428359,1.53720737965878,0.0
USGS_06412500,3049 catchments,False,44.0695557997471,-103.691019443468,973.448,1795.62270133164,0.3369740413438172,,46.994445828252495,841.5439173240593,0.00325205228728,1.60504883304743,0.0
USGS_06414000,3049 catchments,False,44.0711724989181,-103.641453170321,1074.58,1734.54451464675,0.3246153717822547,,58.30343752845556,825.2730485122053,0.0031052066650077,1.27938593203907,0.183102652868804
USGS_06418900,3049 catchments,False,44.0688193719799,-103.583916093214,1186.32,1664.3974025974,0.3204753872034059,,67.62684637636602,822.6908428826973,0.0694969634948249,0.861847562011352,0.719814227991983
USGS_06421500,3049 catchments,False,44.0485112679524,-103.464623694843,1566.5,1491.14950690335,0.3138560937748988,,31.16718144712125,748.7350877582176,0.198464014625642,1.07197118894753,0.547058813273907
USGS_06422500,3049 catchments,False,44.194693538374,-103.588605028763,243.92,1631.87723785166,0.2971564757043732,,80.0589715815251,887.3469260085304,0.0225655218431105,0.0,0.0
USGS_06423500,3049 catchments,False,43.5468177126943,-104.031416711826,32865.3,1315.85445848992,0.3015723170790796,,9.781297717160545,519.8742948946648,0.602380345138581,0.255344781671883,0.0630917766143855
USGS_06425100,3049 catchments,False,44.2629375817885,-103.451072816641,545.741,1240.6388261851,0.2906640228834668,,28.055347245862983,806.1729918742861,0.060627247672528,0.0,0.0
USGS_06425500,3049 catchments,False,44.2436220708517,-103.133665186849,1418.58,1009.51412429379,0.2686680703344484,,19.25566003223232,627.4691461309573,0.446727706458081,0.0,0.0
USGS_06427500,3049 catchments,False,44.0553758882487,-105.280440534463,5057.24,1417.36815738025,0.3592977940631321,,3.889707371790405,491.03546271819937,0.729209667892201,0.0,0.107843140140176
USGS_06428500,3049 catchments,False,44.2644712630527,-104.899742809085,8381.41,1387.17973976329,0.3529573191268416,,8.893947625020713,512.7456379239404,0.864632947530879,0.0,0.0629740964322194
USGS_06430500,3049 catchments,False,44.3695859626338,-104.175196482002,1237.32,1557.548081714,0.3622376671099713,,26.341370913682653,665.5798056265957,0.949999221024059,0.0,0.0
USGS_06431500,3049 catchments,False,44.3160804707183,-103.916758904027,427.105,1804.41930835735,0.3620986242148473,,128.20389805343547,802.6714510006094,0.0339476447885058,0.0,0.0
USGS_06433000,3049 catchments,False,44.4147385367655,-104.034026814758,2397.31,1495.00692662904,0.3535527683632198,,56.956284447173786,682.231031556831,1.93196459198493,0.0,0.0
USGS_06436000,3049 catchments,False,44.2657069781879,-104.816018244774,11659.4,1383.45465104002,0.3405824526525504,,7.951181967032408,553.7503925960249,1.3589586225985,0.0,0.0479766388146326
USGS_06436180,3049 catchments,False,44.357385391224,-103.735685484938,146.588,1639.05042016807,0.3373790617333058,,173.75108376826216,793.9948815230431,0.0749564667542775,0.0,0.0
USGS_06436190,3049 catchments,False,44.4069200991139,-103.696779002377,200.1,1494.27160493827,0.3277369874470533,,138.41612150302018,732.5884740759794,0.291258580982685,0.0,0.0
USGS_06436198,3049 catchments,False,44.4476079077622,-103.658926676498,263.692,1359.34027777778,0.3162121042160292,,110.50155884993032,670.7798754267088,2.95153349212238,0.0,0.0
USGS_06437000,3049 catchments,False,44.373368465174,-104.578182006405,15023.3,1289.00388389207,0.3285925448425215,,17.967904984899477,541.3123907143062,2.91424232202135,0.0,0.0387413040434401
USGS_06438000,3049 catchments,False,44.3725115298775,-104.376600140701,18149.4,1220.47067384168,0.3164061174401259,,19.31943821769049,541.11452349357,2.49479853846597,0.0,0.0337837847591553
USGS_06439000,3049 catchments,False,44.8426362177666,-102.670364938676,3133.75,819.989676665368,0.2376812480125139,,13.979925945117872,504.3235582556591,2.20701248170092,0.0,0.0
USGS_06440200,3049 catchments,False,43.8708225986786,-101.946614654846,649.19,779.470643939394,0.2194009390481434,,28.696145436202265,530.4654695862986,0.164284732399715,0.0,0.0
USGS_06441500,3049 catchments,False,44.105565146254,-101.305721050534,8152.54,671.969811606265,0.2163801586608304,,20.42232407380534,554.5004805312485,0.206926333302717,0.0,0.0067355187666666
USGS_06442000,3049 catchments,False,44.7394275636869,-99.6692316661248,1142.86,546.4322442421,0.2110582000396397,,3.606619833993564,545.0529305537827,1.67947309304727,0.0,0.0049019610742107
USGS_06442500,3049 catchments,False,43.9362783556943,-100.189858707775,1154.84,592.835748792271,0.2118629559673935,,13.881786117858407,586.2879252918591,0.974315578916243,0.0,0.0
USGS_06444000,3049 catchments,False,42.6309784680806,-103.619104256575,667.808,1358.22996183206,0.3165609585367314,,26.286491985723483,553.2105906032525,2.31990112736821,0.0,0.0
USGS_06445685,3049 catchments,False,42.7825426911097,-103.238115254859,3540.74,1156.87703016241,0.2662930678741063,,12.817328019075749,544.5970939951608,2.52172618951429,0.339566727859387,0.0472040691723426
USGS_06446000,3049 catchments,False,42.873674842921,-103.091876555514,5586.53,1112.32405320108,0.2718122662107073,,9.685302559919124,548.8809706360186,2.09160304704727,0.521321438163537,0.0296397643640291
USGS_06447000,3049 catchments,False,43.1878691953531,-102.567217085245,12849.7,938.102525486562,0.2549906656196228,,19.734894318618892,552.4999613999731,0.864386790753501,0.10842722962807,0.0022281641246412
USGS_06447500,3049 catchments,False,43.083519991067,-101.999437913435,826.607,1037.73302822273,0.2558483739808062,,25.870711922220345,600.419764252136,1.62003113426125,0.0,0.0
USGS_06449000,3049 catchments,False,43.0621420257226,-101.598823968831,373.761,967.93288590604,0.2506582269748001,,55.12512778163593,595.5974535392683,0.627299096163673,0.0,0.0
USGS_06449100,3049 catchments,False,43.0841598121399,-101.798245839716,1650.41,991.363117870723,0.2523983843280138,,35.163003447779474,600.9975173400682,1.24915979220532,0.0,0.0
USGS_06449500,3049 catchments,False,43.1063118468419,-101.550327224406,2774.18,948.24705615942,0.25022516727242,,40.85162527097325,602.8379850563491,0.95852476293167,0.0,0.0
USGS_06450500,3049 catchments,False,43.1824756843072,-101.430805741834,4111.27,887.696600091477,0.2448238240961173,,32.836756560974635,607.5657376847447,0.774840641398138,0.0,0.0
USGS_06452000,3049 catchments,False,43.2976008997441,-101.658439647478,25791.0,796.739405965946,0.2406373972284682,,22.65764591696337,578.6015187539873,0.616522386633641,0.0508593720252956,0.0074225276626341
USGS_06453500,3049 catchments,False,43.0985895150055,-99.3303085149242,1305.34,644.168022977501,0.2112277638959227,,29.710189838390395,674.0267742894782,0.694031483360699,0.0,0.0093370687127822
USGS_06453600,3049 catchments,False,43.0144377379609,-99.034940185358,2101.42,592.445933869526,0.1840324379317787,,43.72633977259046,696.1898926117694,1.24712923738886,0.0,0.014417532571208
USGS_06454500,3049 catchments,False,42.5401757339246,-103.911927685108,3693.28,1454.83861572726,0.3291276304281766,,6.745302990584938,530.854068962267,2.92404574917496,0.0,0.0
USGS_06455500,3049 catchments,False,42.5388096640354,-103.875568785955,3825.94,1449.16272531834,0.3305302040220616,,5.656800200034429,527.2137529041394,2.86244776578427,0.0,0.0
USGS_06459500,3049 catchments,False,42.545515672117,-101.5981844728,1562.42,1071.35485180674,0.2665168644750423,,105.38495440683953,585.5025832851838,0.0567979701064077,0.545083050366763,0.0
USGS_06464100,3049 catchments,False,43.1641801464342,-100.477048209352,1374.03,794.473804100228,0.214582374612665,,31.42155320098312,662.5832649061878,1.74608772638298,0.0,0.0
USGS_06464500,3049 catchments,False,43.1063122533222,-100.264316279446,2914.04,761.601379013144,0.2195797743542919,,28.09568671748905,642.0657550024149,1.7559840394103,0.0,0.0
USGS_06464900,3049 catchments,False,43.0468049965678,-99.9979157504197,4380.91,728.354199569275,0.2202837649163398,,28.234674088731317,641.7757719489515,2.24519907564357,0.0,0.0
USGS_06468170,3049 catchments,False,47.5821724564677,-99.5345622585923,2809.1,509.386810006202,0.2370895946338014,,22.408872669117336,609.8240301435001,0.22829756885767,0.0,0.0100040021922666
USGS_06468250,3049 catchments,False,47.5752052647699,-99.4087064881469,3242.61,502.753046594982,0.2265297955047609,,27.84194396256007,630.5520531766122,0.269580945510555,0.0,0.0090777056929827
USGS_06469400,3049 catchments,False,47.3007795191615,-99.3327719079966,1667.22,538.799719887955,0.2330069325759847,,29.61641747828388,623.8199756332118,0.452142805631818,0.0,0.0135226508377697
USGS_06470000,3049 catchments,False,47.3738075097163,-99.2880844675952,7459.44,505.54729518449,0.2274864451033574,,18.074167854768152,614.4910709921437,0.459607018377837,0.106145032698457,0.0223869084761896
USGS_06470800,3049 catchments,False,46.5339647165904,-98.1756812817465,1071.14,430.76778819636,0.1987710100236262,,22.254243556820207,650.9239746812312,1.11300618946552,0.0,0.0435729873263174
USGS_06470878,3049 catchments,False,46.9062433137778,-98.9134236598583,13773.1,488.624525970429,0.2130037560260919,,26.453657856792635,642.8048187828609,0.718118512617617,0.0368676568260478,0.02197430791245
USGS_06471200,3049 catchments,False,46.1932695722239,-98.7027085862721,1869.34,524.142220808145,0.2145068138093016,,17.20002257546712,633.409584651468,1.66149243640323,0.0,0.0
USGS_06471500,3049 catchments,False,46.0580634178577,-98.7512459670139,3864.92,502.408156959679,0.2121342820852221,,18.37437865772856,627.1891190973705,1.30421223627433,0.298255650663469,0.001556178118797
USGS_06475000,3049 catchments,False,46.0954954746582,-98.7668436940194,37062.0,506.884785917544,0.2218511201936248,,4.866281709637971,592.0918049557497,0.594489908386327,0.147899470093031,0.0106075222863526
USGS_06476000,3049 catchments,False,46.0328699120116,-98.7328136466489,42568.6,492.04454787234,0.2072116878775915,,13.823739933217547,625.9504286031174,0.945996827448388,0.115376468509612,0.0170531182207423
USGS_06476500,3049 catchments,False,44.288010166727,-98.6808001759395,670.393,482.081330868762,0.2008836224402224,,12.249861697610678,645.2264888385549,1.08390801027417,0.0,0.016339870247369
USGS_06477000,3049 catchments,False,45.9350286308618,-98.6897566334241,47157.4,482.446208152029,0.2048402464704405,,14.45580858069455,629.43712013704,0.972758288809102,0.0947249395819035,0.0148462474711304
USGS_06477500,3049 catchments,False,43.8545451936341,-98.5374904944895,1512.44,466.734009704455,0.1767105381661985,,23.405592541906135,679.0870786754667,0.174471569112747,0.0,0.0103199180509699
USGS_06478540,3049 catchments,False,43.938192206168,-97.4065288155968,200.12,493.59133126935,0.1723168110260275,,33.95316467735129,715.3178632979838,0.1556569065433,0.0,0.0
USGS_06478690,3049 catchments,False,43.7625403356978,-97.4072949792474,949.57,465.018372703412,0.1630021137060489,,52.03644969434313,738.0226450149462,1.45542814640794,0.0,0.0
USGS_06479010,3049 catchments,False,43.7415433425077,-97.2181114858585,5871.78,456.145695364238,0.1520541537970301,,68.26076622923925,789.8234346296789,2.8905450746785,0.0,0.0121036073031985
USGS_06479438,3049 catchments,False,45.1570907696773,-97.2536889680154,951.911,561.678138942001,0.2051686907323594,,44.713009586090095,692.2294374989538,1.7757829193558,0.0,0.0070028015345867
USGS_06480000,3049 catchments,False,44.6741388593484,-97.1106917331911,8138.35,540.195305446885,0.1943932981069516,,43.42558746325419,700.678935488267,2.0238248921873,0.0,0.0615595092693734
USGS_06481000,3049 catchments,False,44.5934312917217,-97.0520597168713,9662.44,534.545685279188,0.1927706655425693,,50.30885091738735,710.6246910915403,1.89482499172095,0.0,0.0525438948838783
USGS_06481500,3049 catchments,False,43.8144514388865,-97.0176503064337,1603.68,499.929702587872,0.1699741658652148,,53.28538317799268,760.5166387722012,0.633658929513051,0.0,0.0339366531429382
USGS_06482020,3049 catchments,False,44.453215183893,-97.052385916101,11568.3,527.679692062649,0.1815459277038856,,64.72017861156885,738.0672343671947,1.66308577103621,0.0,0.175831204219519
USGS_06483500,3049 catchments,False,43.609409907571,-96.0232376002045,4133.94,467.27937848846,0.1568446508214067,,135.62466084413632,804.9237154007018,0.511532850285519,0.0,0.0292654390752649
USGS_06485500,3049 catchments,False,44.1360681216089,-96.7710638252121,19904.4,502.318681318681,0.1733177055625774,,80.4111020059673,753.3080591473469,1.53726402028483,0.0,0.0448179286334436
USGS_06600100,3049 catchments,False,43.1305478940204,-95.8322163374292,702.402,434.554260089686,0.1435375519387536,,134.03167362566126,833.0335435956658,0.787235556791226,0.0,0.0
USGS_06600300,3049 catchments,False,43.0743794932401,-96.1166072763336,466.699,422.246963562753,0.1489063601640446,,97.93216339758676,807.5614749053044,1.94844186306,0.0,0.0735294132027775
USGS_06600500,3049 catchments,False,42.9650339951189,-96.0172077598455,2297.87,416.991520787746,0.1409788328399575,,129.52191287652454,834.0014406710822,1.04502247563667,0.0,0.0272331164321966
USGS_06605000,3049 catchments,False,43.3504999992311,-95.4671327804505,1093.02,449.725142857143,0.1467755926879292,,206.5898957298044,882.9308898650158,0.517246942748042,0.0,0.0230680521139327
USGS_06605850,3049 catchments,False,43.3140427332494,-95.2376142222137,3998.23,436.695400500626,0.1475578722090552,,196.11481471717696,873.014280767006,0.316361094126478,0.0,0.107230395769875
USGS_06606600,3049 catchments,False,43.069053411737,-95.4041410491603,6454.25,430.111565022858,0.1475098482311505,,167.7773727537429,850.0254438330369,0.255281010977201,0.0,0.0790024777530756
USGS_06607200,3049 catchments,False,42.4567149468217,-95.4980109330281,1734.38,409.840468349799,0.1314623962605464,,175.306296017111,870.6047156707634,0.950260648570423,0.0,0.0035014007672933
USGS_06607500,3049 catchments,False,42.8578685234405,-95.471004881405,9120.54,420.976111571389,0.1393618635287787,,174.03073007639065,865.4535693559282,0.968867798074314,0.0,0.056406126233226
USGS_06609500,3049 catchments,False,42.0962693051914,-95.3604734895597,2252.11,398.715136054422,0.1235042656996573,,174.7124637075634,898.9508983044767,1.01392440657531,0.0,0.0196078432989972
USGS_06623800,3049 catchments,False,40.9653247313938,-106.747328037927,187.662,2924.62369337979,0.6155408324651669,,546.3387214374699,781.7224810068489,0.0175810158252716,0.0,0.0
USGS_06632400,3049 catchments,False,41.4810071754134,-106.236843300313,162.986,2996.8031496063,0.5194810342732525,,442.1748290970058,695.7927706756733,0.0,0.0,0.0
USGS_06634620,3049 catchments,False,42.1963056337823,-106.092437709729,2703.3,2195.81871897896,0.5204353880147486,,13.120146701152372,433.6992707852186,0.45758120697446,0.0,0.0
USGS_06635000,3049 catchments,False,41.9615777092795,-106.147424369099,6060.85,2224.52849905003,0.5197849743824937,,25.984300323791604,468.9330477811876,2.15789726968518,0.555120754472236,0.0
USGS_06647500,3049 catchments,False,42.5375732140807,-105.918621067909,167.516,2413.86142322097,0.4847383925309845,,184.74032460269743,637.6184198244938,0.0,0.0,0.0
USGS_06657500,3049 catchments,False,40.7202882240156,-105.864049883661,256.788,3030.92385786802,0.6022878499520071,,249.2119005323847,615.8202907876089,0.0842197760939598,0.0,0.0
USGS_06687000,3049 catchments,False,41.7832615757001,-102.594269933005,2860.01,1201.35195154778,0.2666019440352543,,20.98967560066367,525.8976372878487,2.36341290396046,0.0,0.0022281641246412
USGS_06695000,3049 catchments,False,39.0615785685893,-105.89206586661,2290.31,2991.96033829105,0.4521898442917237,,32.970838919136675,619.9938365988027,2.2541597058961,1.27193114381903,0.0054466234157896
USGS_06696000,3049 catchments,False,39.046416325054,-105.855905453424,2502.89,2975.18346666667,0.447881413784633,,31.75767180256316,608.8850021260218,2.08076280544255,2.94404888246344,0.0050276523838058
USGS_06700500,3049 catchments,False,39.2440096697199,-105.462684536414,239.175,3064.56388888889,0.4007236513574578,,104.18275025304648,605.9942956004581,0.0,0.0,0.0
USGS_06701500,3049 catchments,False,39.0995658616088,-105.705414169712,4557.07,2931.59388262842,0.4359641113669029,,34.95701189661125,625.221895277273,2.62909401548843,2.02720958893147,0.0056022412276693
USGS_06706000,3049 catchments,False,39.5153643648338,-105.738738044863,328.063,3362.38028169014,0.4933651007972308,,318.9045652783479,764.1185101287099,1.03924274406745,0.0,0.0
USGS_06707000,3049 catchments,False,39.4578049384251,-105.525925006407,1233.5,2891.49435787211,0.4129856290697095,,125.62719224330664,755.5649567890234,0.269650615835821,0.0,0.0
USGS_06707500,3049 catchments,False,39.1742401813326,-105.619077240932,6689.03,2865.68027075453,0.4270282038447765,,47.02480578106291,630.9045102753901,1.90458719600632,0.934929152582028,0.0039215688593685
USGS_06709530,3049 catchments,False,39.2954769841804,-104.955570237736,818.977,2118.68659127625,0.3793295772824018,,33.3887741346685,633.1334760783425,0.430145657807589,0.0,0.235294122248888
USGS_06710000,3049 catchments,False,39.2166132300741,-105.503188232709,7968.6,2735.44171676687,0.4209107224269277,,25.053652062374653,648.8847367981612,1.72656990158417,1.68538358355066,0.0879839138310944
USGS_06710385,3049 catchments,False,39.6136690397574,-105.493049690632,267.404,2937.34413965087,0.3769533362429457,,121.51612284565527,894.9037000743316,0.0818947181105614,0.0,0.0
USGS_06710500,3049 catchments,False,39.6250910860319,-105.414058926531,426.018,2717.52730109204,0.3555960567038167,,100.5321190644456,921.6563190450264,0.316843779757619,0.0,0.0
USGS_06711565,3049 catchments,False,39.2407145215658,-105.491059859108,8781.41,2701.09046825277,0.4186302470387158,,25.667534088498623,650.6571768536561,1.65348747687896,1.47123291625646,0.315017485359409
USGS_06712000,3049 catchments,False,39.1886817037263,-104.735627762438,436.298,2163.05198776758,0.3601149785059011,,17.42742867982945,568.5961320223375,1.6137904971838,0.0,0.0
USGS_06714000,3049 catchments,False,39.2529747598028,-105.401716280036,10012.1,2608.22250265675,0.4050112804975547,,28.698912571471176,657.3935044852807,1.61051328995124,1.22788811384143,0.841003068212775
USGS_06716500,3049 catchments,False,39.708702455186,-105.775214451937,379.8,3414.80935875217,0.5733223630636661,,328.3195819716073,723.4342083257001,0.0103973456924515,0.0,0.0280112061383469
USGS_06719505,3049 catchments,False,39.7333017281092,-105.58778561519,1020.44,3037.48673139159,0.4510171302020188,,164.23976417721587,860.6507202063632,0.0479027220644639,0.0,0.0122549026855267
USGS_06724000,3049 catchments,False,40.1852208237248,-105.483510799132,560.261,2727.51882352941,0.4142383109634132,,192.9358301936082,868.4484500176887,0.161093299173647,0.173621871692311,0.0
USGS_06727000,3049 catchments,False,39.9914447767885,-105.525076465417,265.716,2899.77283950617,0.4309900204140307,,266.4433911573573,801.332184299413,0.0,0.186033194141078,0.0
USGS_06729500,3049 catchments,False,39.9163989226061,-105.486989029966,287.669,2759.10657596372,0.4285851439850006,,190.0791927752749,862.1388732864725,0.17027771222638,0.839045429406554,0.0
USGS_06730200,3049 catchments,False,39.9708717017235,-105.436790457602,799.584,2562.04773662551,0.4263056060121167,,106.2301243082776,768.6217467971434,0.776424626769897,0.929916900977046,0.712535033069019
USGS_06733000,3049 catchments,False,40.371795155362,-105.648243804203,355.387,3093.07011070111,0.4880733738703943,,314.3852903645473,835.3944454866651,0.0482827929779887,0.0,0.0196078442968428
USGS_06735500,3049 catchments,False,40.3726127723878,-105.614447156965,419.018,3013.96238244514,0.4860685625240628,,187.881402238412,833.7302307049557,0.0482827929779887,0.0,0.0196078442968428
USGS_06738000,3049 catchments,False,40.4069033524938,-105.513727505994,791.447,2800.38499587799,0.4233491979847482,,109.2250996996005,892.4831154542713,0.0242356659990037,0.0,0.0098039221484214
USGS_06741510,3049 catchments,False,40.4273897841704,-105.423393037757,1386.04,2472.2041392286,0.3826106411679461,,44.70708774423655,865.8843150167357,1.90501446084333,0.422680937226013,0.0871459701253722
USGS_06751490,3049 catchments,False,40.9313728142208,-105.477242958994,1399.28,2390.3223255814,0.4421685228999007,,36.87026578339032,604.9630040793674,0.80198100081803,0.0,0.0
USGS_06752000,3049 catchments,False,40.7825983283671,-105.549619032856,2731.33,2570.14749403341,0.4424457005534944,,102.29803942301696,696.170537206886,0.405348857030081,0.0761740822278817,0.0140056027919941
USGS_06752260,3049 catchments,False,40.765587622917,-105.512452530764,2920.87,2517.32797499442,0.4471504604929642,,53.11924838710232,688.1710252232948,0.823451383852681,0.154549100200087,0.0426257466998599
USGS_06752280,3049 catchments,False,40.7530843243343,-105.48535198828,3222.65,2436.76968225056,0.4373651527930817,,43.24714574134409,682.2710386998604,1.35373265877686,1.69410156382306,0.132843139814213
USGS_06775500,3049 catchments,False,42.0399366434474,-101.264744499607,5459.76,1078.81583880037,0.2237455924916315,,76.1344333535989,600.5001161235803,0.530021196844716,0.0,0.0022031285726789
USGS_06786000,3049 catchments,False,42.1595022900867,-100.570730341232,6087.99,907.837835008375,0.2099709073486952,,77.47482007795666,634.0901955360603,1.41135203362058,0.0,0.0
USGS_06787500,3049 catchments,False,42.157975479656,-99.7058813691937,2568.36,775.46184439473,0.2027236802589392,,105.55102331465682,667.4794991456232,1.52184613866709,0.605213516689271,0.0
USGS_06803510,3049 catchments,False,40.9687950799749,-96.7256285909373,113.278,383.720670391061,0.1077202110929562,,116.34555052304138,862.5264470318177,2.78897595405579,0.0,0.0
USGS_06806500,3049 catchments,False,40.8318186457583,-96.1416555788719,624.616,361.180124223603,0.1053272565355809,,159.30190776334706,901.2041843144629,1.00120624303818,0.0,0.0
USGS_06807410,3049 catchments,False,41.7375779420749,-95.2027539134595,1588.39,406.375252729478,0.1122713015854991,,209.91533385574812,943.8983046486248,0.0730575921732689,0.0,0.0170502988824054
USGS_06808500,3049 catchments,False,41.493378069655,-95.3210747336697,3428.4,378.71737495299,0.1082529139327292,,197.3012790103608,933.6954650624664,0.428631197381317,0.0,0.0075414783518331
USGS_06809210,3049 catchments,False,41.6304755076735,-94.8899980204933,1138.36,406.0842760181,0.1097447521156841,,230.9263576317245,940.4897488303832,0.122906873410102,0.0,0.0435729873263174
USGS_06809500,3049 catchments,False,41.4809711653941,-94.9861131820758,2317.01,393.465795328142,0.1104104329445049,,213.13037206529,932.9457982254752,0.114387077976169,0.0,0.0346020781708991
USGS_06810000,3049 catchments,False,41.3463454678545,-95.2332760403079,7281.76,373.830998403972,0.1064523554923229,,199.5251812737677,935.1386648602564,0.513838897169758,0.0,0.0267379693898626
USGS_06811500,3049 catchments,False,40.5874088764125,-96.1715202548433,2051.85,355.385128693994,0.1040770859122639,,145.01222161672916,897.9535606305722,2.5798578117833,0.0,0.0059417709990432
USGS_06813000,3049 catchments,False,40.7513089785172,-95.2198566207208,1236.72,333.922590837283,0.1015327615159137,,174.596393062199,938.3937840308124,1.57601074998577,0.0,0.0
USGS_06817000,3049 catchments,False,41.1443261183767,-94.8261293147516,1971.84,372.861604207758,0.1024949736609363,,212.29981197265823,943.7484939775236,0.0768455752113368,0.0,0.0091911766503471
USGS_06817500,3049 catchments,False,40.9777518260024,-94.8236557318809,3350.84,363.545366795367,0.1146324199430496,,175.23204084236792,916.9650525169144,0.0546714010437986,0.0202064414578011,0.0150829567036662
USGS_06853800,3049 catchments,False,39.909795079318,-98.4688731705812,589.424,567.246344206974,0.1097120769309513,,40.84775511600983,767.7732193487922,2.12646675109863,0.0,0.0
USGS_06854000,3049 catchments,False,39.9081608068824,-98.3736369484278,895.574,552.423390081421,0.1212222346742464,,35.35786080554636,773.2410906525779,1.84444951159613,0.0,0.0280112061383469
USGS_06863500,3049 catchments,False,39.0080874122124,-100.017722611978,1417.27,748.486562942009,0.1381121048307204,,18.104340624944964,617.5419662582827,2.64614773988724,0.0,0.0196078442968428
USGS_06898000,3049 catchments,False,41.0014641524125,-94.1016394617778,1801.33,352.762436914203,0.1009754917453133,,211.7708892934574,968.2913473290254,0.0495990874759596,0.0819724360432516,0.0
USGS_06898400,3049 catchments,False,40.8070713520485,-93.6643251390565,274.167,327.071428571429,0.1035186843093308,,225.96313347328416,968.35736703915,0.0333119389833882,0.0,0.0
USGS_06903900,3049 catchments,False,40.8546781121568,-93.3214560672871,1407.99,311.374942209894,0.1012767716689957,,241.8056921132164,970.391040260524,0.0166528018723641,0.754818969817449,0.0
USGS_07084500,3049 catchments,False,39.0669233919977,-106.516123243911,189.741,3619.67625899281,0.583112042122519,,776.5879446499797,839.5888311246516,1.12820053100586,0.0,0.032679740494738
USGS_07086500,3049 catchments,False,38.9763410894818,-106.407754969757,174.146,3558.70992366412,0.5528002798441517,,342.6372370091846,770.1619414098409,0.0582724949344993,0.0,0.0
USGS_07089000,3049 catchments,False,38.7869036395293,-106.336694405062,177.677,3473.17870722433,0.5170226126969322,,265.573115535462,661.6292014452087,0.0565857235342264,0.0,0.049019610742107
USGS_07103700,3049 catchments,False,38.8923633545879,-105.005232016779,264.164,2775.60552763819,0.3236151127685719,,55.101512229330666,791.3884993448793,0.499794751405716,1.03370192413737,0.0
USGS_07104000,3049 catchments,False,39.0229928013375,-104.861520291818,529.23,2326.845373891,0.342380838546673,,58.14770452530789,701.9691132821623,0.438717186078429,1.62946273069834,0.4877451108768579
USGS_07105500,3049 catchments,False,38.9489477067729,-104.905216302345,1017.88,2435.21532364597,0.3310273395751323,,64.81809773857889,731.8735196251338,0.456916044699028,0.954937279835381,0.885416669188999
USGS_07105900,3049 catchments,False,38.7961923129007,-104.63823910292,170.419,1848.24705882353,0.2943156344680152,,11.777427527803829,559.9478931060165,0.674845278263092,0.0,0.0
USGS_07116500,3049 catchments,False,37.7692603440558,-104.878812070105,4801.95,2172.72069648924,0.3411705315695108,,5.708923755045317,557.5381154132386,2.01278905931395,1.77186797027587,0.0082850043045383
USGS_07117000,3049 catchments,False,38.4669535620158,-105.372671959508,23785.3,2320.40510452666,0.3528366310130458,,25.93291964727122,583.6607410108993,2.62539180078327,1.1231211508313,0.244200494743779
USGS_07119500,3049 catchments,False,37.6265283376152,-104.415396784615,2775.19,1790.29587831207,0.2995882713206063,,6.620985848133917,471.9642653660778,0.271999958863792,0.0,0.0
USGS_07121500,3049 catchments,False,37.7578639974351,-103.915344505848,1302.66,1479.55341323606,0.2511130371788254,,40.30848363976297,410.8475811026079,2.48850542387097,0.0,0.0
USGS_07124200,3049 catchments,False,37.1488297905688,-104.935347070521,1306.91,2560.36473050759,0.332699269876925,,48.36059458110146,725.3799523340184,0.287709564975414,0.0,0.0
USGS_07124410,3049 catchments,False,37.1324770350011,-104.873162686908,1740.91,2465.82535321821,0.3294521908386111,,36.631876286241166,699.2127427429574,0.220540104362254,1.38653371052401,0.0
USGS_07126300,3049 catchments,False,37.1736685066053,-104.460174941035,4989.14,2061.70313999726,0.3187217567462038,,9.69388847303832,566.3346138728871,2.18041187549927,2.26093105734651,0.0
USGS_07126500,3049 catchments,False,37.2575927985211,-104.229242968032,7481.31,1909.0925621345,0.2931418249388479,,9.124148818921656,532.7542694761784,1.57451705588107,1.43734801109395,0.0
USGS_07128500,3049 catchments,False,37.3511965688694,-104.063494666988,8939.2,1830.10573326208,0.2896209129074765,,6.951142725691192,493.5264108364945,1.55696298736898,1.47768128651051,0.0
USGS_07154500,3049 catchments,False,36.8921347728762,-103.586198527624,3126.25,1761.75753575358,0.2332546841988627,,4.172597013671642,484.305464226038,0.210305003272758,0.0,0.0
USGS_07199000,3049 catchments,False,36.9243724639292,-104.726057381315,514.93,2317.56191744341,0.2950065681167861,,15.64181066336473,591.9727847234562,0.735151285039527,0.0,0.0560224122766938
USGS_07203000,3049 catchments,False,36.8823615443152,-104.985240290924,893.123,2533.56989247312,0.3033917708804656,,17.066219145320424,677.5417336096436,0.0717732191385169,0.0,0.0070028015345867
USGS_07206000,3049 catchments,False,36.5285946065652,-105.283844539389,478.477,2807.59475218659,0.3338282572213721,,29.113918600321934,745.338871340802,2.1622699101766,0.0,0.0
USGS_07207000,3049 catchments,False,36.5336534470967,-105.221206231477,708.769,2767.28263002944,0.3157516217741362,,29.153976019223805,765.2677719915356,1.48264108151197,0.0,0.0
USGS_07207500,3049 catchments,False,36.6998450369283,-105.105106345158,480.923,2621.54571428571,0.3095820040967645,,20.578521870737685,779.1787381513003,0.123471779782059,0.0,0.0
USGS_07208500,3049 catchments,False,36.3955134274958,-105.111615637829,159.224,2895.57142857143,0.281153859389906,,73.03059790582006,766.5257082755659,0.0,0.0,0.0
USGS_07211000,3049 catchments,False,36.527914657927,-105.043726277244,2457.56,2474.03997747748,0.2803499587657727,,7.989943025961717,752.2281793497184,1.42558600697278,0.0,0.0
USGS_07211500,3049 catchments,False,36.6778551971088,-104.761659892954,7220.06,2265.08334128878,0.2746590793007037,,6.509317191841815,622.035417191658,1.02852600507881,0.0,0.0047134241098179
USGS_07218000,3049 catchments,False,36.1338555245744,-105.218766503818,626.467,2506.22712238148,0.2558592458342127,,16.921332915285127,871.5226796055324,2.27891936041415,0.0,0.0
USGS_07221000,3049 catchments,False,35.952035877281,-105.177810230234,2848.94,2343.4968230694,0.2383340999488934,,17.102875657391174,833.3988964456481,2.80835031016116,0.0,0.0
USGS_07221500,3049 catchments,False,36.3066107360252,-104.791842103151,15403.6,2165.66858401114,0.2441475662649695,,7.43888564065777,623.3743754626627,1.01449654562839,0.0,0.0030774643515224
USGS_07226500,3049 catchments,False,36.0214172369502,-103.83372298759,5242.75,1635.28838009529,0.1646814370057424,,2.8149218868591954,461.36906813000047,0.24907194394331,0.0,0.0
USGS_07227000,3049 catchments,False,36.0280117451451,-104.438745061758,29030.0,1865.61167628121,0.2104435151333678,,1.4318125758807765,538.8475592021535,0.717454446861246,2.82159092272013,0.0025923832324154
USGS_07227100,3049 catchments,False,35.0392753937879,-103.655910639001,2083.82,1305.47745625841,0.1363833593883944,,16.371269290748483,420.2886696307759,1.22841957442719,0.0,0.0
USGS_07227500,3049 catchments,False,35.8733789923988,-103.779948118549,49264.4,1638.12928379715,0.1836800427204203,,2.9030714451742434,494.72877194537153,2.80251205780697,1.80735344836877,0.0313586428933216
USGS_08213500,3049 catchments,False,37.7512865314848,-107.416117615725,417.267,3547.70771756979,0.5144999523740472,,430.2193244673092,1084.2697099449929,0.394284029801687,0.330578616116832,0.0
USGS_08214500,3049 catchments,False,37.8652819652523,-107.274473150317,131.564,3467.25789473684,0.4932069273028758,,198.7107117720991,933.5446739628924,0.05861471965909,1.01801543779979,0.0
USGS_08217500,3049 catchments,False,37.7751113169531,-107.123032994389,1980.42,3336.79603011636,0.4980840755236174,,248.8159580764232,885.8860218793467,0.324439825399572,0.297301463245813,0.0072621645543862
USGS_08218500,3049 catchments,False,37.6584611243698,-106.877127371618,235.895,3281.02586206897,0.5265270800623129,,236.7870566195808,792.7718432005781,0.135197840631008,0.0,0.0
USGS_08219500,3049 catchments,False,37.5431771548948,-106.721211505869,545.895,3180.6625,0.5262708913537592,,329.4298563190624,788.353946108583,0.151075014285743,0.0,0.0
USGS_08220000,3049 catchments,False,37.715445091902,-106.982346829896,3397.65,3241.76198083067,0.5003985245827043,,215.42158108960388,767.8036728838955,0.692741359665524,0.183787654211471,0.0039215688593685
USGS_08220500,3049 catchments,False,37.518496724018,-106.50352058143,178.852,3219.01908396947,0.4505085521074949,,112.99970838908506,699.3025057087809,0.189525517324607,0.0,0.0
USGS_08227000,3049 catchments,False,38.1053020111836,-106.528915515453,1327.26,3040.53662258393,0.4140564516937787,,39.87382316015163,574.3111631616089,1.05391355411017,0.0,0.0
USGS_08236000,3049 catchments,False,37.3918336582752,-106.519672731025,275.18,3329.14640198511,0.4777539568815078,,316.37503914644395,764.3894572830507,0.0881682137260214,0.0,0.0
USGS_08240500,3049 catchments,False,37.3428839038237,-105.225922126574,136.904,3202.275,0.3654462412042218,,130.70611853369954,579.2835273115207,0.515540198733409,0.0,0.0
USGS_08241500,3049 catchments,False,37.5095120468445,-105.275842647091,472.6,2801.40028694405,0.3737697070753379,,30.854329087984084,509.3298567840597,0.524856886078071,0.0,0.0
USGS_08242500,3049 catchments,False,37.5439058960989,-105.41057589748,104.872,3106.31125827815,0.3734552477766804,,144.38422807719584,421.5891991860023,1.50103199481964,0.0,0.0
USGS_08245000,3049 catchments,False,37.3013987261955,-106.625710663185,105.808,3441.16129032258,0.5602853661154361,,767.192773730656,802.8235573595744,0.0209669899195433,0.0,0.0
USGS_08246500,3049 catchments,False,37.1937361734566,-106.45530958247,729.67,3201.91891891892,0.4801623854847865,,360.580776981513,818.0661145346307,0.181149938888848,0.0,0.0
USGS_08247500,3049 catchments,False,36.8685909428505,-106.171285172442,300.735,2852.84562211982,0.394376301236344,,67.9778333168601,792.4168233404669,0.0001496168454953,0.0,0.0
USGS_08248000,3049 catchments,False,36.9866511209385,-106.314501255727,396.137,3010.78336221837,0.4463164331415624,,240.0879780100498,839.6040359095945,0.430207866430283,0.0,0.0
USGS_08254000,3049 catchments,False,36.9437684190787,-105.26679674136,142.555,3265.6018957346,0.34085649492108,,118.0999801681727,712.163642111904,0.393020808696747,0.820962350925905,0.0
USGS_08255500,3049 catchments,False,36.8775443572007,-105.344368163364,565.813,3087.29963459196,0.3516289416507662,,67.34156341090934,644.7257183881758,1.00378903065575,0.463852886625761,0.0
USGS_08275500,3049 catchments,False,36.2490123277202,-105.507386714807,207.866,2857.41610738255,0.3323201170304483,,75.00330729518637,576.5190613700228,0.0026091371352473,0.0,0.0
USGS_08284200,3049 catchments,False,36.8544758516841,-106.670392564498,286.428,2389.13493975904,0.4966013748898786,,371.9252693165194,670.1302949741619,1.38382739685476,0.0,0.0
USGS_08285500,3049 catchments,False,36.7944028570956,-106.641520909606,2247.9,2609.31519413024,0.4423005733038672,,165.7550552617808,672.7494476935475,2.49107463245816,0.0291191037248259,0.0
USGS_08286500,3049 catchments,False,36.6354264982657,-106.673282488438,4146.74,2484.74954265758,0.4115096623986428,,99.02826023803608,601.757451665141,1.71111316304831,0.0266743377898826,0.0
USGS_08287000,3049 catchments,False,36.5557373633835,-106.627590586934,5561.56,2474.13906463218,0.3839915938568033,,77.60712232955497,618.2280499422062,1.47561065320681,0.512641277161794,0.0
USGS_08289000,3049 catchments,False,36.5607164281746,-106.128851219083,1066.92,2594.08123791103,0.3587064026723827,,51.37092696685753,649.3014730280863,0.188657287189819,0.0,0.0
USGS_08291000,3049 catchments,False,35.9315671614723,-105.783160865536,238.815,2810.34971098266,0.2816066731195141,,113.04190441098103,610.4675295204847,0.476056809226672,0.0,0.0
USGS_08317950,3049 catchments,False,35.4177541779098,-105.914499450473,1536.18,2025.74408014572,0.2172292077568158,,2.893660667171816,425.4321449221596,0.215207323077179,0.0,0.0
USGS_08324000,3049 catchments,False,35.889899403619,-106.691901309453,1207.95,2597.36720554273,0.2911333862125847,,51.67073288860665,629.9702023101568,0.0454892266279785,0.0,0.0
USGS_08329000,3049 catchments,False,35.7266127221103,-106.73215980361,2660.62,2217.68885976409,0.2724405721622731,,20.42636402486557,507.1167969922189,0.32510323508177,0.675217094354889,0.0
USGS_08334000,3049 catchments,False,35.8974029836234,-106.997095538905,1097.25,2216.57206632653,0.3404231909783817,,10.734015361531482,420.0949877609861,0.635931465029717,0.0,0.0
USGS_08340500,3049 catchments,False,35.6718642324895,-107.461794778313,3546.74,2115.57715746019,0.2551235398994017,,5.368626505134789,348.0172579492856,0.0135414714996631,0.0,0.0
USGS_08343000,3049 catchments,False,35.3244687979702,-108.007334741367,2614.66,2280.52628755365,0.2515773660844989,,0.2169339610397724,445.2152099829038,0.385992239100031,0.0,0.0054466234157896
USGS_08351500,3049 catchments,False,35.0588581203293,-107.758211779561,6961.82,2165.00302632906,0.2199249961754736,,1.5183370701666858,404.0454151446471,0.548336788178422,0.0,0.0166666674194858
USGS_08353000,3049 catchments,False,35.2465349255761,-107.458493559444,15724.9,2046.01926077846,0.2163968760726516,,1.9515140549994423,359.3082624958673,0.287540013232244,0.0,0.0008676037299487
USGS_08354000,3049 catchments,False,34.3889557939335,-107.443152374172,3643.77,2038.84642166344,0.1747735885817095,,3.711822197260011,326.908690839968,0.0,0.0,0.0
USGS_08377900,3049 catchments,False,35.860923139048,-105.564509713883,139.031,3156.23762376238,0.2589672667583261,,204.60858103373508,1028.648101303492,0.0,0.0,0.0
USGS_08378500,3049 catchments,False,35.8510511260538,-105.628817967717,444.959,3084.38184663537,0.2664386441196582,,192.4627098196982,950.2140194857776,0.0,0.0,0.0280112061383469
USGS_08379500,3049 catchments,False,35.5449569410355,-105.466647003064,2701.84,2301.73088842975,0.2409469096916795,,36.639696874182185,685.1371448572019,0.344391463411739,0.0,0.0046685343563911
USGS_08380500,3049 catchments,False,35.7216962518009,-105.435167153102,198.062,2652.40492957747,0.2317059739020832,,84.03581981238118,932.8895234994231,0.554958999156952,0.0,0.0
USGS_08382500,3049 catchments,False,35.5107352571202,-105.134792307222,1618.99,1993.72380952381,0.2100975371695105,,9.364195406589992,594.7224208213586,0.643864796638651,1.71807909750569,0.0341005987771179
USGS_08382600,3049 catchments,False,35.4091694795512,-105.333583238832,6336.3,2073.67100905277,0.2195530425848736,,13.493959730623413,652.169169272451,0.330603036815975,0.342321522113821,0.0103199180509699
USGS_08382650,3049 catchments,False,35.3966813016579,-105.31131337006,6453.27,2064.36372506505,0.2181344688709762,,14.286490130036857,602.0277728198259,0.3240396855324,0.283828438985862,0.010107136235486
USGS_08382830,3049 catchments,False,35.373726063288,-105.254168677184,6839.23,2034.05035308566,0.2147965324014256,,11.79681390148575,592.435157627425,0.299766795214964,0.333375758075747,0.0130718961978952
USGS_08383000,3049 catchments,False,35.3744940177583,-105.256558323893,7045.31,2019.81178574978,0.2138771147150447,,12.614889390971069,591.4443076847198,0.300633753939025,2.51393202385776,0.0128275616895232
USGS_08383500,3049 catchments,False,35.2358949928316,-105.208718462324,10462.7,1925.55401327701,0.2061906911697859,,15.342151326374612,519.8077201178442,0.235170900154611,1.56244470489186,0.0090897291442317
USGS_08384500,3049 catchments,False,35.1815875990332,-105.070710064105,11624.6,1878.10701129295,0.2011587627487208,,13.023772043042314,505.85216960698506,0.235326178481912,1.56772463532136,0.0081699351236845
USGS_08386000,3049 catchments,False,34.6087137270965,-104.890192789645,32975.7,1628.09593359928,0.1623419584040451,,3.918163556448883,422.0163919929075,0.537649763628353,1.85633978407035,0.0029203172356999
USGS_08387000,3049 catchments,False,33.296290939022,-105.701660706329,311.409,2395.89655172414,0.1246634310841164,,51.19721755946559,582.0372924694161,0.0069859223440289,0.0,0.0
USGS_08390500,3049 catchments,False,33.3676519425408,-105.399032171944,2449.41,2037.10597189696,0.1305310606982607,,6.505316974194066,547.6215126086807,0.693071887659078,0.0,0.0029708854995216
USGS_08390800,3049 catchments,False,33.3634973597397,-105.351549475722,2497.77,2022.62079862109,0.130266145960561,,4.0804879265790905,562.378118142117,0.693071887659078,0.0,0.0029708854995216
USGS_08394500,3049 catchments,False,33.1206563355459,-105.040022205787,2433.84,1652.3406010607,0.1280104226171539,,4.374442890113894,504.5607984149467,2.52151289635667,0.0,0.0
USGS_08395500,3049 catchments,False,34.2874477560726,-104.852577377269,44705.1,1590.05838836678,0.147658061087312,,3.496995845685193,423.7180181390856,1.22726505095516,1.46930738680255,0.0057487339910456
USGS_08396500,3049 catchments,False,34.3099728038177,-104.864961188581,46492.1,1575.15423273149,0.1462178892915158,,3.264778574819195,421.02613791089215,1.3773012844156,1.2039825658295,0.0055550553573503
USGS_08477110,3049 catchments,False,32.97376271482,-107.981683714842,485.486,2279.90638930163,0.1361627440438901,,33.53583541307075,712.9573240660778,0.0,0.0,0.0
USGS_08481500,3049 catchments,False,33.1262038034815,-105.759115907216,336.114,2315.48936170213,0.1143502448363199,,35.437002293727986,570.0655795443411,0.314354225993156,0.0,0.0
USGS_09010500,3049 catchments,False,40.3938944237773,-105.869303266233,163.014,3217.22489959839,0.6440922973432576,,358.9593373148888,667.303567906971,0.126410166422526,0.0,0.1633987024736899
USGS_09011000,3049 catchments,False,40.353173752718,-105.863873260917,263.76,3117.13965087282,0.6429020526627445,,270.1522463529664,685.1887453740782,0.464078366756439,0.0,0.122549026855268
USGS_09034250,3049 catchments,False,40.1370036600577,-105.871366025428,2041.87,2985.2193236715,0.628474909393807,,116.74565512498914,622.3435351880654,2.84984048939077,0.053673412198082,0.016339870247369
USGS_09034500,3049 catchments,False,40.1352145923157,-105.871358362251,2135.31,2973.51898734177,0.6163902061450309,,102.16973288956014,642.9438058056232,2.75791015102333,0.0325761210205661,0.0158127776587441
USGS_09036000,3049 catchments,False,39.7781142404658,-105.981741256679,231.888,3325.9716713881,0.6221463115145279,,381.9376979206642,691.4145544760364,0.0469848879923423,0.0,0.130718961978952
USGS_09037500,3049 catchments,False,39.8485654694545,-106.040462221224,479.463,3092.26620689655,0.6214809757343188,,214.1513428614603,638.8499837984868,0.316006141847798,0.0,0.0700280153458672
USGS_09038500,3049 catchments,False,39.8667957496763,-106.067709312601,595.155,2997.99667405765,0.6150911653625236,,196.1701883966488,632.2130129325329,1.89667036454193,0.945792480366514,0.0612745134276338
USGS_09039000,3049 catchments,False,40.3005483028891,-106.312757181559,115.628,3015.43258426966,0.5955501269227332,,230.63301138930711,805.0886639068556,0.0,0.0,0.0
USGS_09046490,3049 catchments,False,39.4111500638174,-106.046445839991,110.057,3547.6130952381,0.5615928922465538,,260.20908659979386,799.8578147321954,0.436653912067413,0.0,0.0
USGS_09046600,3049 catchments,False,39.4733663328434,-106.007825092691,319.594,3358.44329896907,0.5634820805570151,,262.6418847134016,815.0997080920417,0.78808668255806,0.0,0.15686274971813
USGS_09047500,3049 catchments,False,39.597954829032,-105.869093791144,150.161,3514.19213973799,0.5585402345988987,,368.759080470194,733.7934010581796,0.101311730841796,0.0,0.032679740494738
USGS_09050100,3049 catchments,False,39.4940551635017,-106.179178099285,224.258,3424.81764705882,0.5876943440260909,,404.9517276335965,848.80836185502,0.436166161671281,0.0,0.098039218573831
USGS_09050700,3049 catchments,False,39.5233717294177,-106.028965710379,851.63,3348.76411446249,0.576340910644292,,219.90840798965843,810.1554925521862,0.538366592356137,1.65783913526181,0.0910364174550133
USGS_09057500,3049 catchments,False,39.6252870985488,-106.104057086509,1494.94,3217.22182942996,0.5983813377482977,,263.83791557729273,747.6988692218165,2.32999260723591,0.777046427826578,0.0898692839352104
USGS_09059500,3049 catchments,False,39.7495501575705,-106.450689865954,241.844,2977.00544959128,0.6433216138020804,,284.806605609036,575.2189826704167,0.554582203427951,0.0,0.0
USGS_09063000,3049 catchments,False,39.4177326546834,-106.282463132398,195.303,3298.57191780822,0.6198807452070959,,180.84659410125823,840.2133102846948,0.964285795887311,0.0,0.0
USGS_09064500,3049 catchments,False,39.394313173767,-106.446222745727,151.283,3342.95633187773,0.6458388679778176,,308.1789094719473,833.0956233745673,0.0418768245726824,0.997613588371912,0.0
USGS_09064600,3049 catchments,False,39.4354536845974,-106.366907337363,478.775,3266.90871369295,0.6479537306569909,,246.53124880110371,787.4014648755084,0.430688473861665,0.456306804710121,0.0
USGS_09070000,3049 catchments,False,39.5562251158553,-106.553013513881,2461.67,2901.90378930395,0.6458849849278554,,205.64895362449124,696.4763964318611,1.54072755337315,0.105411623270276,0.0185479605067018
USGS_09070500,3049 catchments,False,39.9099108015542,-106.38732475738,11399.5,2869.35763888889,0.6053869028775836,,160.73028428063466,695.2823105945786,2.6387706852449,0.263344943050429,0.026789786792252
USGS_09073300,3049 catchments,False,39.1011012940447,-106.654667267524,196.714,3525.72333333333,0.6202622099370539,,298.6244651453975,797.1759716390997,0.0237287500252326,0.0,0.032679740494738
USGS_09073400,3049 catchments,False,39.1064687214385,-106.682264453279,276.897,3442.07894736842,0.6220758020147686,,299.4986558923437,798.8674184704913,0.0513536385260522,0.0,0.0245098053710535
USGS_09074000,3049 catchments,False,39.18973713444,-106.711691467376,109.585,3316.40119760479,0.6194726093912118,,348.6822384738583,848.5014698079726,0.266043689412375,0.0,0.228758171821634
USGS_09078000,3049 catchments,False,39.2511690951515,-106.579011505302,230.79,3360.07428571429,0.6283896208019152,,367.3349520298926,831.7547243074752,0.0448416342648367,0.0,0.0
USGS_09078500,3049 catchments,False,39.356901969739,-106.576515964726,107.948,3222.88343558282,0.658945397360125,,392.7133712863336,797.5118845021685,0.439478248357773,0.0,0.0
USGS_09080400,3049 catchments,False,39.3181077739593,-106.641358628574,612.899,3179.03671706264,0.6444640437362009,,258.4664993115114,798.2777182772362,0.119370691762823,0.791492987765881,0.0
USGS_09081600,3049 catchments,False,39.1087712924996,-107.186157730683,432.893,3105.54545454545,0.5951632060992853,,604.5573919840491,854.101465136572,0.0516644578560122,0.0,0.0140056030691733
USGS_09085000,3049 catchments,False,39.2537274368747,-106.967185603036,3762.71,2934.36929607358,0.6228214293292271,,278.63474540258426,775.3041182408846,2.87735437250108,0.109840152620787,0.0464396302081775
USGS_09085100,3049 catchments,False,39.7539150810839,-106.534273419694,15578.9,2878.54112554113,0.608696011959878,,191.31010361878185,719.3277303598502,2.64707863013982,0.206503304493614,0.031003855769801
USGS_09089500,3049 catchments,False,39.275285098113,-107.508916668645,166.439,2667.95967741935,0.5490645596975198,,200.53789303664124,842.0729424933305,0.0673543363809586,0.0,0.0
USGS_09095500,3049 catchments,False,39.6846054728757,-106.984350135151,20698.5,2729.15400102263,0.5953728132355889,,161.44359410523913,675.3615733029746,2.84703780277729,0.180937581591622,0.033515004683643
USGS_09107000,3049 catchments,False,38.9504019950744,-106.629702045799,331.616,3340.97991967872,0.6145376713985441,,287.07809979185566,697.6454841881645,0.0124640116312852,0.0,0.0
USGS_09109000,3049 catchments,False,38.8829439827185,-106.550421592998,659.841,3322.41326530612,0.5923445884041147,,265.7814626290901,710.0706859936536,0.0112874527461827,0.0,0.0392156885936856
USGS_09110000,3049 catchments,False,38.8334287781371,-106.615581946994,1237.29,3254.4549402823,0.6042818545066523,,226.4216685831828,667.8992939266428,0.0677165343891829,0.0,0.0196078442968428
USGS_09112500,3049 catchments,False,38.8715417500161,-106.928217505655,748.983,3138.4629794826,0.6489420561455037,,379.717702094106,721.7764979227038,2.67477778848261,0.0,0.0294117664452642
USGS_09114500,3049 catchments,False,38.8233330738591,-106.790936477629,2617.13,3121.50640040963,0.6257994063581548,,237.83848289779843,678.0108844294277,2.98007799806655,0.0,0.0196078442968428
USGS_09118450,3049 catchments,False,38.148501950443,-106.784748264236,864.453,3113.28761755486,0.4834569671052323,,42.5305264219163,547.6775091612154,2.17784927632998,0.0,0.0
USGS_09124500,3049 catchments,False,38.0444696054748,-107.365193370601,879.2,3324.8337182448,0.5055214061553019,,228.5700916483645,854.4492941862943,0.224615765070277,0.0,0.0210084046037602
USGS_09126000,3049 catchments,False,38.1577044101894,-107.521053441534,173.225,3323.45769230769,0.5240982237657412,,484.0781580179578,752.7065865786363,0.0366024300456047,0.0,0.0980392214842141
USGS_09128500,3049 catchments,False,38.7286331573958,-107.441477161065,111.863,2796.60479041916,0.6064323624726208,,332.9904491581909,581.1641807971598,0.0912243500351906,0.0,0.0980392214842141
USGS_09132500,3049 catchments,False,38.989233408487,-107.372725515783,1362.95,2719.86992665037,0.6125922968581058,,293.2214111454769,798.6196783584749,0.161592629551888,0.0,0.0196078442968428
USGS_09143500,3049 catchments,False,39.0016296829275,-107.863996282399,109.013,2844.57142857143,0.5167616623453178,,230.3800423046829,639.5248803354609,1.12809255160391,0.0,0.032679740494738
USGS_09152000,3049 catchments,False,38.9935359603407,-108.122208904183,151.402,2874.39555555556,0.4016484740161919,,138.98979820793303,545.2213566444229,0.586821541190147,0.0,0.0245098053710535
USGS_09165000,3049 catchments,False,37.7304681475357,-107.980196160125,273.532,3249.49376558604,0.5198776276782777,,442.68949408023633,1077.9866315084068,2.09294319152832,0.0,0.0
USGS_09166500,3049 catchments,False,37.6470828490912,-108.178923763287,1306.86,2964.74337662338,0.5166929820880191,,270.4564585488905,828.0515492108574,0.857377354239457,0.0681516405599451,0.0
USGS_09166950,3049 catchments,False,37.480988565736,-108.300570806472,179.381,2628.05617977528,0.5291971428446478,,86.16159389471349,682.6720587813425,1.48587463609874,0.0,0.0
USGS_09169500,3049 catchments,False,37.8890470450893,-108.634114521572,5232.93,2401.62022530105,0.4441242051631543,,50.54231471523372,591.0797623679889,1.12338420690208,0.0885097526221605,0.0
USGS_09171100,3049 catchments,False,37.9089718783277,-108.635899886476,5549.45,2371.23605516905,0.4420989841158205,,53.803341167597125,598.6089263158539,1.19569476772835,0.09188999775518,0.0
USGS_09172500,3049 catchments,False,37.9601515520686,-107.945781141497,802.045,3038.03307888041,0.5184638522924436,,259.4059849653835,923.2981935794364,0.682149685776004,0.0,0.0150829571514175
USGS_09175500,3049 catchments,False,38.0650266537512,-108.150050902694,2765.22,2589.88462478612,0.4984302473717407,,90.51922140495502,668.6576639129061,2.64886275361906,0.042196409516167,0.0044563282492824
USGS_09180000,3049 catchments,False,38.121788327253,-108.579839369096,11837.9,2348.17755463,0.4384020511223551,,54.11581152343999,575.3535139036042,1.37679973919779,0.0592201230035808,0.0010893246831579
USGS_09188500,3049 catchments,False,43.2449639021559,-109.967397755574,1210.22,2833.4002062919,0.6972421040157497,,374.0612879290047,786.9156878700907,1.18710741400719,0.0,0.0049019610742107
USGS_09196500,3049 catchments,False,43.0934527162439,-109.702656126785,194.881,3179.66123778502,0.7000129062647727,,811.8102769180928,771.8027021101976,0.0,0.0,0.0
USGS_09203000,3049 catchments,False,42.7511956673928,-109.32033296044,216.346,2984.28739002933,0.6615175566153181,,431.0457028363326,675.765435018606,0.0,0.0,0.0
USGS_09210500,3049 catchments,False,42.2063678343738,-110.55070100454,398.309,2478.29967948718,0.5857246749225692,,160.87234460440644,503.8209322332339,0.0,0.0,0.0
USGS_09216050,3049 catchments,False,42.2661140427623,-109.319146795916,4504.43,2189.57651044608,0.5283327434096949,,13.483139091660956,379.4260561545004,1.64426483359503,0.792216103294214,0.0
USGS_09217000,3049 catchments,False,42.185201360051,-109.517262944615,25211.5,2275.53409263094,0.5596321017939939,,56.99729541630999,446.8119431505579,2.51838963129968,0.104319947584954,0.0229046285628653
USGS_09218500,3049 catchments,False,40.8682153635467,-110.600406212333,356.654,3156.99270072993,0.6034968834345955,,406.5065236806512,946.834002249853,0.229151019826531,0.0,0.0245098053710535
USGS_09223000,3049 catchments,False,42.23596700327,-110.72100224152,333.153,2588.18285714286,0.6436587582557224,,253.79291086431255,579.0116024687687,0.0,0.0,0.0
USGS_09234500,3049 catchments,False,41.9337586746037,-109.764678460003,39136.6,2267.81608331017,0.538447813777067,,45.69687737738275,459.4147038719417,2.62774269261687,0.141458131203597,0.0192805141413809
USGS_09241000,3049 catchments,False,40.7930593821494,-106.838137916068,560.678,2788.88594470046,0.6343436597940071,,499.2295918336879,818.2803632175321,0.15536367110908,0.0945867172854091,0.0196078442968428
USGS_09245000,3049 catchments,False,40.7342486881124,-107.166408188069,173.774,2573.00754716981,0.5967839199797328,,285.31379175499944,699.5843113198416,0.302202562491099,0.0,0.0
USGS_09250000,3049 catchments,False,40.1699176936125,-107.644139717685,164.38,2417.65873015873,0.5791998701983616,,158.01709075639283,596.5916076036124,2.03450257579486,0.0,0.0
USGS_09253000,3049 catchments,False,40.957482436488,-106.998564609567,649.614,2618.93525896414,0.6156677270585834,,317.34699731994846,843.39336417087,0.441461571364198,0.0,0.0
USGS_09255000,3049 catchments,False,40.8550843481948,-107.270830832471,387.93,2565.9117147708,0.5909429793864833,,183.19384732735995,688.0271282644314,0.173769777574177,0.0,0.0
USGS_09260000,3049 catchments,False,41.0681371211481,-107.785683396418,10466.3,2155.20160891089,0.5254083131350216,,46.50156839620821,457.3448603582849,0.769181069710143,0.0,0.0
USGS_09261700,3049 catchments,False,40.6926016164117,-109.569599514098,200.172,2540.53870967742,0.4209416313718992,,177.4019115726782,646.2727375849889,0.0960319029400125,0.0,0.0
USGS_09266500,3049 catchments,False,40.7059754995644,-109.719248004857,262.707,2887.02244389027,0.4245441393055819,,304.3710457874065,702.2038197928276,0.0,0.0,0.0
USGS_09277500,3049 catchments,False,40.4957007709105,-110.860966164127,923.77,2659.73079633545,0.6243396941201155,,158.44544754245507,643.2615757764163,2.50574486759336,0.0,0.0261437923957904
USGS_09279000,3049 catchments,False,40.6137868385595,-110.704442663712,379.234,3077.89160839161,0.6248668329256296,,314.9337270996119,777.38785673825,0.0337578724836931,0.260287960387001,0.0588235328905284
USGS_09279150,3049 catchments,False,40.4914778799007,-110.784621159202,1614.55,2699.2436157276,0.6024712316860124,,169.36695621814408,678.390098862357,1.94127407938672,0.121361860945944,0.0301659143028351
USGS_09288000,3049 catchments,False,40.292277384003,-111.029200239251,363.644,2543.80935251799,0.61978447220519,,114.91229658852656,628.0656218935195,0.0,0.0,0.0
USGS_09289500,3049 catchments,False,40.6957687368314,-110.562605931284,201.521,3296.00958466454,0.5902748451150861,,503.2423600377696,885.3263790334312,0.139445684792008,0.0,0.0
USGS_09291000,3049 catchments,False,40.666575457006,-110.549877879172,296.997,3207.70995670996,0.5844664515014305,,374.3517275125176,829.6831884190763,0.111556547833607,0.0,0.0
USGS_09292500,3049 catchments,False,40.6579707877977,-110.395948080604,325.666,3189.34738955823,0.5690813782934752,,375.6316890679549,864.0112868308453,0.0876943818293512,0.0,0.0
USGS_09297000,3049 catchments,False,40.7018291419886,-110.197922781503,423.495,3217.02782071097,0.5480110243914661,,380.01375181128464,792.3519141512854,0.0379101212602109,0.0,0.0140056030691733
USGS_09299500,3049 catchments,False,40.7042957917052,-109.990568055632,298.25,3143.9978021978,0.4832413970878154,,331.810867358104,744.6889129349424,0.0161470980383456,0.0,0.0
USGS_09303000,3049 catchments,False,40.0195786372407,-107.397472725547,671.152,2920.74975657254,0.5569983111552442,,417.8716332361197,1005.7262268317228,0.561226391047239,0.0,0.0098039221484214
USGS_09304000,3049 catchments,False,39.8781611053723,-107.393630751669,462.326,3015.93276108727,0.5911388844889139,,489.00188843162624,873.9839561974403,0.842317264061421,0.0,0.0
USGS_09304200,3049 catchments,False,39.9248711757494,-107.524683912506,1667.25,2822.64694280079,0.5689120099696575,,293.98126600681786,849.6084554524965,1.24912169781514,0.0,0.0039215688593685
USGS_09306222,3049 catchments,False,39.809513561497,-108.206116635144,1689.35,2226.87974931453,0.4543308780534156,,16.756730658900068,578.946018009515,0.359164463709695,0.0,0.0
USGS_09306255,3049 catchments,False,39.9925616011084,-108.460677469365,678.675,2098.3417231365,0.4083809371327976,,3.288900394624158,401.314747357481,0.121194689907134,0.0,0.0
USGS_09306290,3049 catchments,False,40.0251689574868,-108.056726214955,6559.26,2299.67359437751,0.4943404383912978,,94.9237901065596,590.1600959305559,2.70625095191356,0.0,0.0067947975286089
USGS_09306500,3049 catchments,False,39.9643373700129,-108.230068259652,10098.2,2181.18685617421,0.4624798906589674,,57.47336472142911,510.4309305372306,1.81778812656479,0.0277577053526179,0.0043711754801878
USGS_09310500,3049 catchments,False,39.7493110981821,-111.291690481887,148.179,2665.64347826087,0.5631236097317582,,283.7663436243859,580.7243652976709,0.0,0.0,0.0
USGS_09312600,3049 catchments,False,39.9534948041808,-111.050462646759,195.295,2515.17666666667,0.5402889106992694,,113.46894652419316,618.5613327346954,0.0053058601915836,0.0,0.0
USGS_09314500,3049 catchments,False,39.6116564561165,-110.842119150796,4494.17,2084.460035263,0.4640861031807489,,24.824903749603447,447.0348002015152,2.19606511471742,0.0,0.0028417165647598
USGS_09326500,3049 catchments,False,39.1688307923283,-111.353588625867,358.728,2708.146025878,0.5056539109931908,,154.77163089179808,500.5673684071325,0.423899552202784,0.0,0.0
USGS_09328500,3049 catchments,False,39.1734054395458,-110.935788117233,4292.53,2121.31579764122,0.4399304795761336,,22.15724370788886,396.7609193811725,2.87969930340933,0.540615974052184,0.0122549026855267
USGS_09330000,3049 catchments,False,38.3718569087518,-111.667343147867,1951.03,2682.57714877459,0.4747120761000387,,37.0284916224974,443.4550201513433,2.95053861024956,0.167374005757236,0.0
USGS_09330230,3049 catchments,False,38.3313394711944,-111.526585675623,3131.81,2529.9121068505,0.4284438712254214,,20.83960606414217,457.2497474515338,2.23654952195245,0.195870783138047,0.0104297044132143
USGS_09330500,3049 catchments,False,39.0421155258617,-111.384934209433,271.184,2725.7714987715,0.4735054446994979,,123.0170235603621,520.5862754231267,0.0227684796554968,0.0,0.0
USGS_09333500,3049 catchments,False,38.4407564222333,-111.060686302645,10769.6,2035.5206369029,0.3783603502623929,,8.159669666240994,350.04405816564883,1.01465371602585,0.144006527356899,0.0036995932635552
USGS_09337500,3049 catchments,False,37.8676759393178,-111.722473274788,826.369,2481.63524590164,0.4555309277850517,,10.628714153860082,394.4023369438799,1.00474010190616,0.0,0.0196078442968428
USGS_09339900,3049 catchments,False,37.3996796111283,-106.753136153663,169.851,3131.42629482072,0.5509737089941316,,475.43055374060793,853.8442090838496,0.0687442496418953,0.0,0.0980392214842141
USGS_09342500,3049 catchments,False,37.4132173730792,-106.883572781673,726.894,2979.52957746479,0.5681566179788975,,441.0053961497609,805.2106126623636,1.58024669848382,0.0,0.0196078442968428
USGS_09344000,3049 catchments,False,37.1666289207202,-106.664788866168,178.435,3133.42635658915,0.5729896806341401,,547.9111570258709,847.6837652406608,0.357781660122176,0.0,0.0
USGS_09346000,3049 catchments,False,37.0936557576304,-106.728412264039,456.404,2801.95,0.5303647185800954,,206.0781800423064,808.470518259832,1.62886388627036,0.0,0.0
USGS_09346400,3049 catchments,False,37.1588381758358,-106.930649679937,3248.19,2564.74461343473,0.4948295511157968,,158.6814887867464,749.574593086944,1.29791075213428,0.0,0.0042625748471397
USGS_09349800,3049 catchments,False,37.3736911368473,-107.242894608,1692.4,2646.77195809831,0.5085432639970218,,202.24491024206577,778.5219085932597,1.51300965417371,0.0357852039567641,0.0040849675618422
USGS_09352900,3049 catchments,False,37.5955703656848,-107.530995990678,188.151,3464.73741007194,0.5088328282763874,,675.6777488888928,1053.3715124784285,0.0332801649346948,0.0,0.0
USGS_09353500,3049 catchments,False,37.562903937299,-107.466539143356,656.343,3244.07596253902,0.5196818172346337,,478.11618999013984,990.960472174088,0.128290262073278,0.0,0.0
USGS_09355500,3049 catchments,False,37.1837821032201,-107.195492728673,8372.68,2492.28084096859,0.462389783449507,,114.3154041515527,721.9774543616379,1.88078536658577,0.0130264275396888,0.0040849675618422
USGS_09357500,3049 catchments,False,37.8548404302397,-107.571910421259,148.736,3639.11363636364,0.5179098530387064,,572.6732960978742,1027.5803362772513,0.0357976797968149,0.0,0.196078437147662
USGS_09361500,3049 catchments,False,37.6336313150191,-107.769124062809,1817.36,3109.69472502806,0.5215313900483208,,376.21776533017226,991.9791315854088,0.577793799901243,0.0399055504670881,0.0472040691723426
USGS_09363500,3049 catchments,False,37.5059725463465,-107.774497599088,2854.03,2852.28397420588,0.5035045465961688,,274.72222078554574,893.9118675021834,2.34569730815322,0.0359365591282698,0.0326797402175587
USGS_09364500,3049 catchments,False,37.3333189174594,-107.834983063911,3545.66,2662.7737774355,0.477422139807167,,202.7898776436922,789.4539383661477,2.69163085635804,0.0379588104389773,0.0499445083990412
USGS_09365000,3049 catchments,False,36.9941968884088,-107.421522130936,18633.9,2356.63727440147,0.424196077499668,,86.52269737963194,610.9818461929777,2.10455168372078,0.02364079336944,0.0443727680357332
USGS_09368000,3049 catchments,False,36.6632108076201,-107.840338381418,33180.1,2169.08129878758,0.376160436189802,,48.36786133507999,487.84920545922176,2.01072449634808,0.023653723254608,0.0353634182708396
USGS_09371010,3049 catchments,False,36.706002351741,-107.935745969456,37641.3,2136.47904355939,0.3647862838759987,,45.25503675051654,485.9487613262378,1.87938667016947,0.0242654475558284,0.0316867083448292
USGS_09379200,3049 catchments,False,36.388325196771,-109.701972105848,9645.78,1901.6488538682,0.2581678356273393,,2.184541408236321,296.8422620490615,0.18954607997522,0.0,0.0007002801534586
USGS_09382000,3049 catchments,False,37.2319852237876,-111.981315921711,3677.92,1877.99591154061,0.362828297429914,,6.281414012626801,312.05670576997073,0.430331823071286,0.0,0.0320512837228866
USGS_09384000,3049 catchments,False,34.084869787653,-109.295378051783,1961.77,2377.65771324864,0.2330567570926081,,9.15269794337394,582.9792606781713,0.382991870158705,0.0,0.0169033136475703
USGS_09386900,3049 catchments,False,35.3234814571248,-108.470646371743,184.942,2423.49433962264,0.3022023537384357,,22.77743923293624,457.8867251630117,0.0,0.0,0.0
USGS_09386950,3049 catchments,False,35.1026291097374,-108.447177995965,2161.84,2246.65768106528,0.2980545721329053,,2.656825802272052,440.83543425439785,0.540055602494006,0.0,0.0
USGS_09390500,3049 catchments,False,34.1489526509341,-109.877799809395,177.746,2224.13709677419,0.2539138142924489,,60.6370039272017,484.5650327309464,0.0992369651794434,0.0,0.0
USGS_09392000,3049 catchments,False,34.1506975438072,-109.8827788675,181.547,2220.24110671937,0.2606230515486769,,43.41381330271689,501.80918087342985,0.0992369651794434,0.0,0.0
USGS_09394500,3049 catchments,False,34.539695198191,-109.121034490623,21014.3,2079.2489403216,0.2330061725038253,,1.668378458766438,385.88958540588897,0.336372519509998,0.851954207140475,0.0026231229439203
USGS_09398500,3049 catchments,False,34.5061854073466,-111.128011818193,823.367,2188.69948630137,0.2957353285806872,,88.25068981655248,631.3709538089861,0.0002624342361321,0.0,0.0
USGS_09399000,3049 catchments,False,34.6354064398509,-110.963076921134,1556.54,2001.66470321704,0.2697514099795298,,47.05852565024414,447.45808420316206,0.0001550747758962,0.0,0.0
USGS_09401260,3049 catchments,False,36.3711504695401,-110.710557833624,4151.02,1888.46302465023,0.2562645235594656,,2.190766138607028,247.389430550209,0.0,0.0,0.0
USGS_09403600,3049 catchments,False,37.2836834147747,-112.507321069378,502.849,1995.3698630137,0.4771579741441336,,19.67778043249467,460.4785998108498,1.38472266722884,0.0,0.1198257112668619
USGS_09404450,3049 catchments,False,37.4184490122989,-112.587789754538,192.96,2217.63957597173,0.4942382201290792,,79.10487950081644,582.4223416717969,0.0911583304405212,0.0,0.0
USGS_09405500,3049 catchments,False,37.3993667999164,-112.908807363009,896.936,2245.30045523521,0.4891059270701388,,100.61483872890616,551.6695056829232,0.230446528325466,0.0,0.052790349134459
USGS_09406000,3049 catchments,False,37.3167367172788,-112.861863516719,2454.72,1966.70493173586,0.447134990301868,,67.6378471800939,483.7850696364413,0.645141845433767,0.0,0.0663206481155666
USGS_09408150,3049 catchments,False,37.3149084290262,-113.024727406737,3853.46,1855.15718589403,0.4126994253329127,,40.0329124512022,421.1610500721227,1.11091726740287,0.275902365079068,0.0601995209428041
USGS_09409880,3049 catchments,False,37.4136667722282,-113.650082311892,694.746,1898.1689453125,0.3436859692180927,,32.27804041433555,440.5546588209541,1.33300324597142,0.0,0.0
USGS_09413000,3049 catchments,False,37.3278774817387,-113.673082035813,1390.25,1604.1836935167,0.2735269852609668,,10.984298536604944,341.18739422276667,1.00219336990267,0.971776330730171,0.0
USGS_09413200,3049 catchments,False,37.0692999709885,-113.252963996857,9975.04,1651.82864204311,0.303173941685601,,18.44158176103268,401.5811630804503,0.713526371671449,0.341989977087399,0.0241645964347875
USGS_09415000,3049 catchments,False,37.093769694438,-113.376973318295,12571.1,1578.72881817686,0.2953507661017753,,16.386192865166922,370.1285900775295,0.598742596116386,0.297714350784897,0.019063181631888
USGS_09416000,3049 catchments,False,37.8675209962423,-115.059714772809,10028.3,1598.1877027027,0.3473558192972645,,3.543974964393396,281.3563338962658,0.843232861474238,0.847532580150861,0.0
USGS_09419000,3049 catchments,False,37.7824836843922,-114.837551759254,18262.0,1539.73793129118,0.3148078286732786,,1.9360035901182784,273.8208802327291,0.662861837394957,0.813314766916902,0.0003671880954464
USGS_09424450,3049 catchments,False,34.9050488839369,-113.426998669123,7103.33,1341.90348791122,0.1123698807860623,,10.644119188327842,336.19892650346185,0.0901491629348111,0.0,0.0
USGS_09430500,3049 catchments,False,33.3497208431561,-108.189438338014,4804.93,2276.25585558705,0.1741392624955727,,30.614704945107547,559.2084237422062,0.0095917074235551,0.0,0.0
USGS_09430600,3049 catchments,False,33.216533665272,-108.568153866987,190.522,2379.39772727273,0.182128117689469,,141.5349603825163,636.9692435399331,0.0,0.0,0.0
USGS_09431500,3049 catchments,False,33.1960382636871,-108.320402870424,7318.1,2106.12707290747,0.1595963332299524,,28.114453175523124,534.1268409097023,0.134179405700415,0.0,0.0
USGS_09432000,3049 catchments,False,33.1743094692609,-108.346027101804,8282.21,2041.88402151284,0.149636897709115,,25.97925213030017,516.9868123032563,0.143488462453546,0.0,0.0
USGS_09442000,3049 catchments,False,33.083509138831,-108.532758816531,10371.9,1901.51591208486,0.15027957634467,,16.021535563373643,475.7644820923999,0.451561819148603,0.0,0.0
USGS_09442680,3049 catchments,False,33.8702127676947,-108.943751977126,859.161,2386.66083333333,0.2301112686392216,,24.09586077063907,573.7132665468267,0.0139981438405812,0.0,0.0
USGS_09444000,3049 catchments,False,33.698732976545,-108.779964354168,4281.71,2209.35335335335,0.2062200913876377,,18.748539775524065,509.5122530576646,0.269744060475821,0.0,0.0
USGS_09444500,3049 catchments,False,33.5825820460938,-108.907854355681,7161.82,2081.14591031659,0.2010282686284787,,26.57408704387968,521.9389325065112,0.161134536138339,0.0,0.0
USGS_09447000,3049 catchments,False,33.3442512342232,-109.545773808044,1609.93,1833.76105404198,0.1892318567145394,,36.05600012475986,539.2342757381939,0.0,0.0,0.0
USGS_09448500,3049 catchments,False,33.3266983142434,-108.809813165549,20424.0,1933.20327488668,0.1668883162499582,,20.552700367370925,479.255055644737,0.285842838903915,0.0,0.000342794480714
USGS_09466500,3049 catchments,False,32.972987663655,-109.0110557456,29892.8,1728.04342174939,0.1394089406099648,,11.28257342648268,425.6840174421462,0.936000854931745,0.0,0.0004713424109817
USGS_09489500,3049 catchments,False,33.7137015234779,-109.461515330417,1439.51,2465.49677098857,0.262788535799694,,120.8926466241549,807.4728357007316,0.0,0.0662046366148195,0.0
USGS_09490500,3049 catchments,False,33.6836900220089,-109.689889653373,3166.94,2207.85163472379,0.2490020632460212,,99.9112711286962,724.3349128001164,0.0,0.0353102153667943,0.0
USGS_09492400,3049 catchments,False,33.8733935716785,-109.689850442081,128.966,2580.8156424581,0.3109087195367117,,226.51079854607264,709.9273407800822,0.0,0.0,0.0
USGS_09494000,3049 catchments,False,33.9107250760169,-109.846746191963,1628.23,2215.03674540682,0.2733637500206593,,97.70811403241952,633.4377858496875,0.129886245185679,0.0,0.0
USGS_09496500,3049 catchments,False,34.1570848473783,-110.26010046115,1143.37,1934.08333333333,0.23124939789731,,31.11081784284215,516.3359500697752,0.0893379934631022,0.0,0.0
USGS_09497500,3049 catchments,False,33.8710560460738,-109.947028096891,7330.72,2064.33514668739,0.2431794442050113,,75.74762008552388,617.9101208086071,0.0418166983002477,0.0205918416429369,0.0
USGS_09497800,3049 catchments,False,34.0458224466976,-110.52104315854,750.862,1750.91943127962,0.209142891710777,,48.247050475574746,527.4028604713219,0.0,0.0,0.0
USGS_09497980,3049 catchments,False,34.0336632538293,-110.875353849886,516.796,1687.43724137931,0.20036921532062,,52.04218895106016,550.5015621224188,0.224404515595072,0.0,0.0
USGS_09498500,3049 catchments,False,33.8084141244904,-110.200112746157,11102.9,1890.74916581109,0.2218968425367251,,64.8122397180568,584.6502827867092,0.0519687890818414,0.015163300139926,0.0144545003795662
USGS_09499000,3049 catchments,False,34.147834551466,-111.159551480417,1741.36,1551.17718940937,0.2006932923716764,,78.27229059629873,539.4629591868269,0.248890191307291,0.0,0.0
USGS_09502000,3049 catchments,False,33.833282839158,-110.460338514944,16022.5,1693.64376250834,0.1864701524811368,,48.077592138377696,551.9350078612193,0.0793099185791237,0.0144705073873841,0.010066527050055
USGS_09503700,3049 catchments,False,35.1702076210397,-112.704271029337,6510.89,1663.65850501564,0.2028317954114878,,5.529141747680999,364.37380735248416,0.270886639575474,0.0,0.0174291949305269
USGS_09504000,3049 catchments,False,35.1279619778281,-112.460316404955,8198.0,1709.36328560405,0.2199661185331347,,17.124167556033054,400.9838868143511,0.218644117631941,0.0,0.0140056030691733
USGS_09504420,3049 catchments,False,35.0092078565953,-111.712593167405,602.553,2054.33995327103,0.3123588491932751,,116.42437214421255,541.799417200493,0.185160749540147,0.0,0.0
USGS_09504500,3049 catchments,False,34.968142588701,-111.747560192128,918.913,1866.09216589862,0.3064961571142544,,80.64141519833382,523.4305894093213,0.156163976011643,0.0,0.032679740494738
USGS_09505200,3049 catchments,False,34.7024517973773,-111.509160854727,285.677,2005.32019704434,0.2571408909996801,,85.75324723698692,472.6008022114837,0.0,0.0,0.0
USGS_09505350,3049 catchments,False,34.825912746303,-111.619064613571,365.661,1886.76061776062,0.2858915214618117,,96.89720326916046,483.38295399621614,0.0,0.0,0.0
USGS_09505800,3049 catchments,False,34.5982990333533,-111.449050292552,614.941,2022.4233409611,0.2691608325056901,,82.31145280661725,570.5703469063801,0.0004264556337147,0.0,0.0
USGS_09506000,3049 catchments,False,34.9990239623358,-112.23553446255,12097.1,1695.14124556609,0.2169708812629843,,25.397748678317413,404.6056213041678,0.283158079321945,0.0,0.0181988973315515
USGS_09507980,3049 catchments,False,34.3148149457375,-111.390580643702,843.925,1601.18219983207,0.2257562224270459,,70.6232895399519,596.1864677539609,0.0329337950795889,0.0,0.0
USGS_09508500,3049 catchments,False,34.8440141761747,-112.128498367018,14242.7,1651.63058206815,0.2310912904713071,,37.30557915009037,436.75290305377206,0.242542581622687,0.0,0.0154274916465436
USGS_09512500,3049 catchments,False,34.4757775530802,-112.108998741444,1514.99,1504.99391670566,0.1210569322320683,,13.06599791935231,521.9701720776943,0.102105992333409,0.0,0.0
USGS_09515500,3049 catchments,False,34.2542141598938,-112.535420734999,1078.8,1384.66579120158,0.1000762317203305,,21.880277117133883,401.152804429054,0.0124066058649785,0.0,0.0
USGS_10011500,3049 catchments,True,40.8332059079274,-110.848348891114,445.657,2978.2884057971,0.6518610951158962,,386.08888803237966,762.9848644421901,0.0583519923190276,0.0,0.0980392195439587
USGS_10023000,3049 catchments,True,41.5809616415555,-111.35481299803,131.457,2248.01,0.5405791385196826,,84.90491326855098,636.488804338791,0.0,0.0,0.0
USGS_10032000,2339 catchments,True,42.2932662,-110.8724064,187.343674828851,,0.662827178021878,60.2444588186859,,,0.0,0.0,0.0
USGS_10041000,2339 catchments,True,42.40215256,-111.0249154,293.380035257151,,0.658173333047353,55.996614223545,,,0.0405769854462741,0.0,0.0
USGS_1010000,2339 catchments,False,46.70055556,-69.7155556,3475.00291028336,,0.296541516511301,44.8581217622354,,,0.000393903018236,0.0,0.0
USGS_1010070,2339 catchments,False,46.89388889,-69.7516667,445.699479007968,,0.301191363862562,45.7176764704516,,,0.0011265081873976,0.0,0.0
USGS_10104700,3049 catchments,False,41.4406651245916,-111.798231911513,162.621,2060.912,0.471506442688699,,314.93884914262,724.7609082684088,0.848019480705261,0.0,0.0
USGS_1010500,2339 catchments,False,47.11305556,-69.0880556,6301.14717229172,,0.299298206597494,45.0607376049357,,,0.0013397067807309,0.0,0.00498
USGS_10109000,2339 catchments,True,41.74355,-111.7839806,554.093523353043,,0.573768995326411,53.5445823266292,,,0.0,0.0,0.0
USGS_10109001,2339 catchments,True,41.74437546,-111.7843867,554.093523353043,,0.573768995326411,53.5445823266292,,,0.0,0.0,0.0
USGS_10113500,2339 catchments,True,41.62400556,-111.7361639,270.675293384831,,0.560764296816506,51.0975858732089,,,0.0,0.0,0.0
USGS_10128500,3049 catchments,False,40.7579458887123,-111.075448791711,420.368,2766.68412942989,0.6244362691325405,,439.2282403912203,774.8798564136896,0.0082002080577824,0.0534635352293839,0.112044821227235
USGS_10130500,2339 catchments,False,40.89522527,-111.4018633,645.077795533204,,0.623570200042995,54.1904033737098,,,1.37644196095214,0.0,0.0629
USGS_10131000,2339 catchments,True,40.92050285,-111.4015858,646.844520250747,,0.62345104668311,54.1750318033501,,,1.37268248868555,0.0,0.0762
USGS_10134500,3049 catchments,False,40.7941216864875,-111.562690354121,374.455,2145.41289198606,0.5581680463231324,,135.7014701283995,846.6662626717151,2.92713494350513,0.0,0.0653594809894761
USGS_1013500,2339 catchments,False,47.2375,-68.58277778,2249.5245080831,,0.295619269788591,42.405173908485,,,0.399234039117823,0.0,0.0121999999999999
USGS_10137500,2339 catchments,True,41.26855226,-111.6741004,356.465014038853,,0.575609107901447,52.4471708962473,,,0.0,0.0,0.0
USGS_1014000,2339 catchments,False,47.2833333,-68.58527778,12386.1749915323,,0.305037798640166,44.7408222821507,,,0.0069235700059585,1.4741990211404,0.0199
USGS_10150500,3049 catchments,True,39.9530751083789,-111.396418170482,1629.84,2169.32445520581,0.5661225035343621,,133.88702548031517,581.1843652865931,0.753825574132721,0.0,0.0037707392878543
USGS_10154200,2339 catchments,True,40.5577278,-111.1687838,443.533668240412,,0.628934645302064,60.4557988460802,,,0.0009129945970457,0.0,0.0
USGS_10155000,3049 catchments,True,40.5795069293024,-111.127019477376,568.375,2636.60137457045,0.6146892825022198,,435.2976703879931,816.568877654407,1.12721396543618,0.0,0.0
USGS_1015800,2339 catchments,False,46.52305556,-68.3716667,618.999964511185,,0.272061595475323,40.9080965845298,,,0.0192007130973183,0.0,0.0
USGS_10164500,2339 catchments,True,40.4477297,-111.6821472,102.381411886911,,0.588473930281597,53.5625612857871,,,0.0213734170118171,0.0,0.0
USGS_1016500,2339 catchments,False,46.6283111,-68.4347917,844.564316900852,,0.29429991385336,43.3150863032947,,,0.0444051510254827,0.0,0.0
USGS_10168500,2339 catchments,False,40.6185592,-111.7818763,129.492437574012,,0.566087798871799,54.7447435330273,,,0.0279185374578457,0.0,0.0
USGS_10173450,2339 catchments,False,37.6227572,-112.5168773,184.365589582967,,0.506723846655202,41.6911328924271,,,0.0835206781538847,0.0,0.0
USGS_10174500,3049 catchments,False,37.568289190169,-112.619392885719,872.75,2587.04435797665,0.5022656414598116,,111.18367141138567,615.0358012381948,0.570199526058367,0.0,0.052790349134459
USGS_1018000,2339 catchments,False,46.105,-67.8666667,180.371179284052,,0.247076450674199,37.7788847935345,,,0.407652614655307,0.0,0.0
USGS_10180000,3049 catchments,False,37.7691200329914,-112.504696894912,2526.43,2439.21143473571,0.4962181312241844,,45.168411809222,540.3698928351033,1.80309504181302,0.0,0.019063181631888
USGS_10183500,3049 catchments,False,37.8181444012086,-112.472800254489,2889.71,2420.11409080216,0.5059865454538565,,35.46151697513178,511.6177399476358,2.48283060858514,0.0,0.0163398699701897
USGS_10183900,2339 catchments,False,37.57581584,-112.2657537,182.321693459874,,0.473862636670668,30.8568954241231,,,0.0,0.0,0.0
USGS_10189000,3049 catchments,False,38.031492205583,-112.032424808685,3118.96,2510.10219136472,0.5105743526392433,,20.709795088434703,420.9333982133399,1.55272245059928,0.925826165466191,0.0087145972065627
USGS_10191500,3049 catchments,False,37.9944774934381,-112.195216829822,6286.18,2455.67529944966,0.5052446374347426,,27.28310771821647,476.5815699951028,2.42927701260325,0.791842496307884,0.0119825712560366
USGS_10194000,3049 catchments,False,38.0084090572492,-112.214878493563,6981.25,2449.80174757282,0.5059774949652381,,29.49106860607065,505.2539251397827,2.33150164063321,0.690952933662477,0.011764706345275
USGS_10194200,3049 catchments,True,38.5621117447192,-112.406487658683,425.827,2380.98253968254,0.4923927750220725,,76.87569830825082,590.5671659204065,0.80951937418431,0.0,0.0
USGS_10205030,3049 catchments,False,38.9861557289302,-111.521624305554,134.598,2679.95024875622,0.4748266247168553,,108.08612685097658,518.7356829410062,0.0897973679626982,0.0,0.0
USGS_10206000,2339 catchments,False,38.95662956,-111.8668697,754.07297279773,,0.483731802737724,39.0316969522012,,,0.506889730396867,0.0,0.1496381
USGS_1021500,2339 catchments,False,44.72305556,-67.5205556,1185.71688247961,,0.202256980580286,27.9464466612985,,,0.0117720880020617,0.0,0.0
USGS_1022500,2339 catchments,False,44.60805556,-67.93527778,205.979535278002,,0.193475449451925,25.9496146416956,,,0.0533657260725486,0.0,0.0
USGS_10234500,2339 catchments,True,38.2798,-112.568286,200.103436646474,,0.529785078904872,46.8147954661329,,,0.0500149298897868,0.0,0.0
USGS_10239000,2339 catchments,False,38.21746996,-112.8402256,463.426829050212,,0.502607035322054,31.5169130886237,,,2.89495246992216,0.0,0.0364
USGS_10242000,3049 catchments,True,37.6277431317444,-112.944617604604,208.686,2609.53114754098,0.4974840971996263,,143.62574662881462,503.96568993872165,0.0130217659752816,0.0,0.0980392214842141
USGS_10257550,3049 catchments,False,33.9563511410381,-116.779862088926,682.43,1233.24451410658,0.1532364120009656,,156.38692444949825,398.6497808458267,0.703257367480546,0.0,0.0857843144331127
USGS_10295500,3049 catchments,True,38.2958612165761,-119.445340279388,162.896,2651.39166666667,0.7468686134340515,,303.2178922729103,809.4821050110717,0.0,0.0,0.0
USGS_10296000,3049 catchments,True,38.2848346768751,-119.518863525478,467.417,2700.1746031746,0.7452796273355583,,518.4353007233982,855.0384357147286,0.0,0.0,0.0122549026855267
USGS_10296500,3049 catchments,True,38.337965610221,-119.481743879445,632.12,2627.07832618026,0.7288167534013289,,394.0301721395757,790.9243967104801,0.0,0.0,0.0098039221484214
USGS_1030000,2339 catchments,False,45.5663333,-68.40366389,3908.24130444901,,0.24385040011814,36.2550396064251,,,0.317841733009085,2.23757917784699,0.1538522
USGS_1030500,2339 catchments,False,45.5011111,-68.3058333,3670.23283438997,,0.244947273945659,36.4174627550077,,,0.334343952620265,4.93011271241547,0.1433985
USGS_10308200,3049 catchments,True,38.5646498741131,-119.743108085352,716.423,2417.01774042951,0.7189879839579452,,443.7523830389376,867.9406046356055,0.0,0.0,0.016339870247369
USGS_10309000,3049 catchments,True,38.6253653871193,-119.697714597463,925.442,2331.74260994953,0.7182270677323448,,355.39107019760297,834.0950268056761,0.0758015587925911,0.0,0.0122549026855267
USGS_10310000,3049 catchments,False,38.7495812417695,-119.918712082078,169.329,2464.52988047809,0.6986274810167424,,547.2695956814784,990.195281184754,0.0,0.0,0.0
USGS_1031500,2339 catchments,False,45.175,-69.3147222,761.595290337538,,0.24967583618046,38.8825700432751,,,0.0314357173439161,0.0,0.4277226
USGS_10317500,3049 catchments,False,41.3160514882733,-115.758893363259,2263.44,1960.30316871253,0.5271898755433564,,30.13621099034501,468.9662039344545,2.21742997560221,0.411837894523425,0.0
USGS_10319900,3049 catchments,False,40.3028455940189,-115.683654028349,2323.43,1991.07820440429,0.5143695405709834,,44.76098043297337,424.6854804556091,1.67186129272782,0.0,0.0
USGS_10320000,3049 catchments,False,40.382007375837,-115.688985987678,2880.95,1947.52308392086,0.5123486170298356,,36.449795988737584,476.56761417985615,1.78393805895208,0.362350162583806,0.0
USGS_10322150,3049 catchments,False,40.6946433305465,-116.217546758353,116.598,1762.48913043478,0.4026066585559917,,42.86504471745589,364.1851019586082,0.0,0.0,0.0
USGS_10322500,2339 catchments,True,40.60741747,-116.2017444,2603.91971442518,,0.451461600041618,25.8503487693479,,,0.955372648371348,0.0,0.0
USGS_10324500,2339 catchments,True,40.83040556,-116.5883417,2234.27464460248,,0.443444960613717,26.4211807718593,,,0.916250628269672,0.0,0.0
USGS_10325000,3049 catchments,False,40.4391870732269,-116.340205379901,28936.0,1848.22984225848,0.4682432721874781,,10.693695805943682,401.829634902558,1.92671154006959,0.561357669392122,0.0006565126178819
USGS_10327500,3049 catchments,False,40.4641210973697,-116.424781228173,31195.8,1824.24079616568,0.4517617193604737,,10.23177471425343,387.65729313374777,1.95422693533929,0.620549025461172,0.0006114712116655
USGS_10329000,3049 catchments,False,41.4981206918121,-117.135683133818,2571.36,1708.57303933851,0.4177597719868802,,7.8259222691466706,374.1065914334396,0.643131560568872,2.16101816108842,0.0
USGS_10329500,2339 catchments,True,41.5346175,-117.4179047,453.316608168725,,0.447756475381905,27.4163108732376,,,0.0032494202096981,0.0,0.0
USGS_10333000,3049 catchments,False,40.5731284321999,-116.608020159606,40172.8,1776.99401527807,0.4355568528647876,,6.385900744523895,380.5326324053361,2.07319719936636,0.966392333583681,0.005850727527192
USGS_10335000,3049 catchments,False,40.5722769243415,-116.701477935477,41270.7,1768.86189092746,0.4323666176972376,,5.491328878062631,378.26021803023696,2.05734069758504,1.35713135516184,0.0056856599794029
USGS_10336610,3049 catchments,True,38.8196217652416,-120.016315206721,139.687,2334.26066350711,0.6636450487734701,,622.609987843474,1095.132595033901,0.0,0.0,0.0980392176037033
USGS_10337500,3049 catchments,False,39.0331560308661,-120.033459862022,1312.22,2123.88241308793,0.6892590587275508,,161.27834974267887,963.2807644859256,0.0,0.0645703039860301,0.134158930373623
USGS_1034000,2339 catchments,False,45.26055556,-68.8686111,856.558352455654,,0.248004778257891,39.5097904531416,,,0.0076744261911292,0.0,0.310554
USGS_10340500,3049 catchments,False,39.3791059214996,-120.23658753714,138.381,2015.75598086124,0.6599031718385562,,567.7022562989237,1018.5045471703731,0.0307886940427125,0.0,0.0
USGS_10344400,3049 catchments,False,39.4827114723618,-120.242358310658,377.493,2088.2722513089,0.6449624260680004,,391.6251040639952,871.7883411446825,0.0002281775038378,0.0,0.0
USGS_10344500,3049 catchments,False,39.472619250519,-120.231122519086,445.842,2048.51331360947,0.6493498001204884,,368.85464978149975,880.9307901168886,0.002085965043599,0.0,0.0
USGS_1034500,2339 catchments,False,45.2361111,-68.65138889,3771.92961610733,,0.241019089093176,37.1712661148441,,,0.0214758354912234,1.93787203377288,0.3584196
USGS_10346000,3049 catchments,False,39.188169549938,-120.110926768582,2415.84,2103.99061292104,0.6739117413599812,,294.29284030928363,949.711146518734,0.0094882325922501,0.0188612959557615,0.1279956450970429
USGS_10348000,3049 catchments,False,39.2236139399655,-120.078340244117,2723.68,2078.91538273416,0.6690162555661936,,218.6627995377043,887.3267590542024,0.107865221335669,0.0213228782694841,0.142156865622383
USGS_10348200,3049 catchments,False,39.2256370589923,-120.074684642501,2762.53,2071.97780993729,0.6483606530633573,,216.6861140455196,903.1632819570892,0.105682649584374,0.0218574545781341,0.364658065855776
USGS_10352500,2339 catchments,True,41.9665572,-117.831812,220.859006740712,,0.43740921253233,24.9735105564678,,,4.02321213648694,0.0,0.0
USGS_10353000,3049 catchments,False,41.9418173935067,-117.461243145987,357.345,1863.41651705566,0.4613116790857294,,65.08051479573078,375.7586645546858,0.0082162945098908,0.0,0.0
USGS_10353500,3049 catchments,False,42.0011244839986,-117.798408410815,2847.98,1668.59021543986,0.4379166500954536,,11.497371904567396,408.1077627683157,2.55095816697047,0.0,0.0
USGS_10356500,3049 catchments,False,40.4517837314397,-120.946959638996,469.183,1761.08737864078,0.6080847909983607,,167.6767822606216,815.3452522785701,0.0,0.0,0.0
USGS_10371500,3049 catchments,True,42.1773090079752,-120.127226322123,658.069,1874.69873663751,0.5302968358733899,,196.737806760403,559.6934986531152,0.0052889243583194,0.0,0.0
USGS_10378500,2339 catchments,False,42.42488264,-119.9232849,295.806432835209,,0.461253125493587,29.5082836302225,,,0.149960525531814,0.0,0.0
USGS_1038000,2339 catchments,False,44.22277778,-69.59388889,337.549317219895,,0.196863726689237,26.0343236459799,,,0.111419411572185,0.0,0.00437
USGS_10384000,3049 catchments,False,42.5206467562014,-120.663202483985,691.764,1847.90441176471,0.5646026101916324,,218.3400695411314,709.2778146425727,1.52031571335263,0.0,0.0
USGS_10390000,3049 catchments,False,42.9476629620691,-121.063564953258,453.38,1686.28077455048,0.4579617243167459,,60.63121625942373,592.0527334953714,0.0,0.853623432889261,0.0
USGS_10393500,2339 catchments,False,43.7151478,-119.177442,684.931899160285,,0.461589005330469,33.8859710414487,,,0.472336677160956,0.0,0.0
USGS_10396000,3049 catchments,True,42.650260476079,-118.739906190939,528.894,1890.89868891538,0.4167814380245762,,211.6326648013769,465.2923775633045,0.0002065079679596,0.0,0.0
USGS_10406500,3049 catchments,True,42.1306547394205,-118.351135693276,224.985,1835.47727272727,0.3729100801904513,,70.1757654792789,366.7395093953918,0.0142544234792391,0.0,0.0
USGS_1043500,2339 catchments,False,45.22905,-70.20112778,505.743048867398,,0.299228715048546,43.6914697570275,,,7.65869157274304e-05,0.0,0.0
USGS_1047000,2339 catchments,False,44.86916667,-69.955,915.256175329542,,0.260914218461758,40.6859175919451,,,0.0108104954411517,0.0,0.1368935
USGS_1048000,2339 catchments,False,44.70805556,-69.9375,1335.1601593353,,0.245447658909819,38.0973690617915,,,0.0388578367828251,1.99570645072893,0.4691426
USGS_1049000,2339 catchments,False,44.71666667,-69.41388889,362.779753668441,,0.205656493973388,28.834940068723,,,0.0951040383920722,0.0,0.6275862
USGS_1052500,2339 catchments,False,44.8775,-71.0575,393.271264427205,,0.288538234501296,44.5642896080191,,,0.0009131300829211,0.0,0.0
USGS_1054200,2339 catchments,False,44.39055556,-70.9797222,180.356369827733,,0.259086272440165,42.432458080999,,,0.0136723595395405,0.0,0.0
USGS_1054300,2339 catchments,False,44.5933333,-70.7330556,137.224979899939,,0.282319113126148,41.8384274725428,,,0.0064380076749506,0.0,0.0
USGS_1055000,2339 catchments,False,44.64277778,-70.58888889,222.313942422641,,0.278930350800179,42.2652171672988,,,0.0387253810831754,0.0,0.0
USGS_1055500,2339 catchments,False,44.26944444,-70.2297222,304.016076621793,,0.223581709292446,33.9558797650028,,,0.431607631985645,0.0,0.0
USGS_1058500,2339 catchments,False,44.0638722,-70.2740694,842.634765277824,,0.219124765231519,31.8739307031185,,,0.393969240940454,0.0,1.9926019
USGS_1060000,2339 catchments,False,43.79915,-70.1782694,133.091397502477,,0.177238564678059,23.9104016116637,,,0.81229859485575,0.0,0.839933
USGS_1064500,2339 catchments,False,43.9908333,-71.0905556,289.55907436134,,0.234686772007245,39.1822886825966,,,0.0343351718813921,0.0,0.4459437
USGS_1065000,2339 catchments,False,43.79507526,-71.059234,778.829037860674,,0.222518833283237,34.2264574947033,,,0.0702712742112523,0.0,0.2895103
USGS_1066000,2339 catchments,False,43.80805556,-70.7816667,1204.69233338689,,0.220307638979792,33.2329680069524,,,0.0955722876573993,2.33860759657126,0.270358
USGS_1075000,2339 catchments,False,43.9761792,-71.6795244,504.49358904875,,0.250221098454979,42.5223244658781,,,0.0019630608160442,0.0,0.5462789
USGS_1076000,2339 catchments,False,43.79562647,-71.8453594,372.769256462461,,0.233079649638925,36.7554510061425,,,0.0358138302552255,0.0,0.0
USGS_1076500,2339 catchments,False,43.7592388,-71.6856337,558.018199030939,,0.230674677544216,36.4983293141949,,,0.0411989133215978,0.0,0.1566849
USGS_1078000,2339 catchments,False,43.56646307,-71.747857,223.354018543872,,0.218312694537267,32.9192693444892,,,0.155755383968062,0.0,0.0022
USGS_1082000,2339 catchments,False,42.8625837,-71.95924609,105.694355855284,,0.20271965606628,28.549732964724,,,0.260211488248472,0.0,0.0
USGS_1085500,2339 catchments,False,43.1928569,-71.7472995,390.406366424558,,0.211546171829927,29.9570691663048,,,0.135404605959297,0.0,0.629974
USGS_1086000,2339 catchments,False,43.25091159,-71.7322996,345.141775498693,,0.212064306716656,30.9014952400718,,,0.192092448992342,0.0,0.1349189999999999
USGS_1087000,2339 catchments,False,43.2970225,-71.6945212,330.744376673958,,0.212493171797055,31.0187586190086,,,0.153524621407064,0.0,0.1407915
USGS_1089000,2339 catchments,False,43.2386922,-71.4620146,160.074976013077,,0.198545760538519,28.4065027038043,,,0.208667554826605,0.0,1.0961881999999998
USGS_1096000,2339 catchments,False,42.63425619,-71.6578479,172.109716610565,,0.178880437880714,23.4541875482639,,,0.205446989267559,0.0,3.2000456
USGS_11059300,3049 catchments,False,34.1640746176584,-116.998084985815,945.972,1662.26851159312,0.1505268842080916,,67.95345073956439,388.4296732034236,1.9410950129885,0.0,0.630252132292039
USGS_11186000,2339 catchments,True,35.94522615,-118.4775862,2187.8990295195,,0.592166139140097,36.9979139880039,,,0.0964956841664228,0.0,0.0
USGS_11186001,2339 catchments,False,35.94522615,-118.4775862,2187.8990295195,,0.592166139140097,36.9979139880039,,,0.0964956841664228,0.0,0.0
USGS_11187000,3049 catchments,False,36.2060998979562,-118.427002646984,2663.12,2492.07988550612,0.5360185850258207,,277.4870760835592,728.1794585722246,0.0810247093422066,0.0,0.0
USGS_11189500,3049 catchments,False,36.0806334595559,-118.197236973232,1371.16,2358.85771947528,0.5931212050669318,,88.21947968272175,526.7440851271108,0.093757766764611,0.0,0.0
USGS_11191000,3049 catchments,False,36.0271759471823,-118.328546405681,5374.42,2199.65396046001,0.5160570853071138,,93.20502926335686,582.892725868627,0.677086132319334,0.0,0.0
USGS_11192500,3049 catchments,False,36.0030291434495,-118.353384927684,5849.26,2133.93869549721,0.4990316689741771,,100.03702456266149,579.8848706654254,0.625613603572341,0.0,0.0
USGS_11200800,3049 catchments,False,35.9104709441125,-118.688803217027,214.65,1231.61022364217,0.2040861379464084,,123.86238108591004,600.1925588326054,0.746698377033075,0.0,0.0
USGS_11204500,3049 catchments,False,36.0307537066231,-118.721320739565,284.855,1232.11851851852,0.2756016524972806,,142.3026696235994,652.6733610980901,0.190119891117016,0.0,0.0
USGS_11206500,3049 catchments,False,36.5337026535589,-118.648709187132,266.044,2284.97911227154,0.5306001129642116,,474.2902270615126,955.4903631059148,0.165450654923916,0.0,0.0
USGS_11209900,3049 catchments,False,36.5445436040516,-118.763086649758,1085.51,1898.29572976418,0.4081554662887363,,442.4397533015357,933.2879099791048,0.110383061390808,0.0,0.0
USGS_11210100,3049 catchments,False,36.3577763961102,-118.75549346845,230.648,1577.0,0.3063794418880032,,275.1353653958023,827.0995632228068,0.289914302527905,0.0,0.0
USGS_11213500,3049 catchments,False,36.8593366096649,-118.69752292574,2463.44,2624.72004448151,0.5939366359744502,,524.7000996380159,887.0839410974917,0.0004210287622888,0.0,0.0201845455996911
USGS_11214600,3049 catchments,False,37.1407877169738,-118.997034587758,102.344,2718.73103448276,0.617105592411871,,150.98867117067977,1030.032010816538,0.0,0.0,0.0
USGS_11215000,3049 catchments,False,37.0884841525181,-118.901862269763,469.737,2798.80263157895,0.625439339925291,,225.37002492551105,1023.2301855991398,0.0,0.0,0.0
USGS_11216400,3049 catchments,False,37.0459628464961,-119.111228111699,341.139,2099.5564516129,0.4431253610899841,,24.09537152175741,952.8643377766753,0.0,0.0,0.0
USGS_11216500,3049 catchments,False,37.0444836678714,-118.935055442968,649.408,2591.69482576558,0.6299749896386174,,140.6622877449591,1011.3402787308986,0.0,0.0,0.0
USGS_11218400,3049 catchments,False,37.0502926589415,-118.981144601815,1000.97,2401.51780821918,0.5639741810750128,,316.0000364575043,1010.7396155117976,0.0,0.0,0.0
USGS_11221500,3049 catchments,False,36.9192526543676,-118.859351666357,4002.11,2330.8667238422,0.5160378224599558,,518.5881666939421,933.3337647561568,0.0002556246056753,0.0,0.0122549026855267
USGS_11226500,2339 catchments,True,37.51049707,-119.1973476,147.630754410568,,0.719285999612475,58.3820760383852,,,0.0,0.0,0.0
USGS_11230215,2339 catchments,False,37.3096642,-118.9620614,139.760275735131,,0.694363519741621,54.4357765547946,,,0.0,0.0,0.0
USGS_11230500,2339 catchments,False,37.3393863,-118.9734513,136.365770348042,,0.694751079730056,54.3885429349509,,,0.0,0.0,0.0
USGS_11231500,2339 catchments,True,37.361331,-118.992063,168.836342334274,,0.713766609658948,53.6607494044657,,,0.0,0.0,0.0
USGS_11231600,3049 catchments,False,37.4196268655615,-118.900402256015,236.435,3045.76368876081,0.6998564968722673,,121.26278953883148,849.9860484212344,0.0,0.0,0.0
USGS_11234760,3049 catchments,False,37.4027977983301,-119.055214507555,2600.88,2641.11154855643,0.66811218450528,,155.90929051490113,1025.4471782964958,0.0,0.0,0.0
USGS_11237000,3049 catchments,False,37.2345099694314,-119.112051560045,187.124,2662.9598540146,0.565145045369817,,21.608703218337517,1064.973346438246,0.0,0.0,0.0
USGS_11238500,3049 catchments,False,37.2125452078352,-119.157624814923,339.026,2432.36345381526,0.4893741952968703,,99.40153288907705,1070.098570634774,0.0,0.0,0.0
USGS_11242000,3049 catchments,False,37.3538031463381,-119.101081907135,3358.39,2472.41438147471,0.6148935063041047,,133.5286412112795,1042.4951188484338,0.0,0.0,0.0
USGS_11244000,3049 catchments,False,37.3850071320933,-119.529567593748,132.093,1637.52849740933,0.377554411535309,,130.36848843693946,1053.0687915217793,0.0,0.0,0.0
USGS_11246500,3049 catchments,False,37.3214230519614,-119.494495870048,335.446,1496.86804123711,0.347996426773336,,182.10595654306815,1010.318830632729,0.0,0.0,0.0
USGS_11246700,3049 catchments,False,37.3473832123261,-119.129620617623,3785.37,2344.43362831858,0.5538989679298761,,80.71663704776233,984.5861366411248,0.0,0.0,0.0
USGS_11247000,3049 catchments,False,37.337702048751,-119.146021492926,3837.58,2319.99252003562,0.5604782223975925,,550.9929463845822,1014.5012003272104,0.0,0.0,0.0033233634401428
USGS_11251000,3049 catchments,False,37.295294863373,-119.23065580064,4344.81,2109.38375570597,0.5238623519068129,,144.99413452586538,995.008082742848,0.0018873833345644,0.0,0.0029708854995216
USGS_11257500,3049 catchments,False,37.3505410709055,-119.689338186438,345.779,984.688362919132,0.2160400312833838,,225.24331919515217,884.9723318923643,0.0,0.0,0.0784313771873713
USGS_11264500,3049 catchments,True,37.7280456299843,-119.405933794745,467.976,2751.54215116279,0.6696578173021996,,698.2406047358523,1142.5760529383344,0.0864648885908537,0.0,0.0
USGS_11266500,2339 catchments,True,37.71627778,-119.6656667,762.345577428523,,0.675023485114286,55.9976487622132,,,0.0888266147830654,0.0,0.0984
USGS_11275000,2339 catchments,False,37.97075376,-119.7643429,115.1202096774,,0.719339052348154,53.7182306021745,,,0.0,0.0,0.0
USGS_11276500,2339 catchments,True,37.93742147,-119.7982326,1051.43517242993,,0.733411345104247,58.0589832116008,,,0.0080840413610076,0.0,0.0
USGS_11276600,3049 catchments,False,37.9569124110729,-119.531964786906,1248.67,2638.9994574064,0.6868688624862791,,287.2149006664172,1015.058212742018,0.0071998749147443,0.0,0.0288350651424159
USGS_11276900,3049 catchments,False,37.954889170419,-119.542072117179,1255.07,2630.53049109552,0.6731756385571138,,412.9169776929478,1027.2173250134715,0.0067998818639251,0.0,0.0272331170789484
USGS_11277300,3049 catchments,False,38.1172747246363,-119.794376761267,305.161,2395.96213808463,0.652496393377147,,187.8484748312646,1124.7705279200848,0.0,0.0,0.0392156885936856
USGS_11278000,3049 catchments,False,38.0602557269858,-119.759940192176,207.715,2231.91176470588,0.5825195523372156,,540.2386736048205,1170.509062327062,0.0,0.0,0.0
USGS_11278300,3049 catchments,False,38.0737615916433,-119.79282322052,591.655,2207.99770904926,0.6214565211452728,,254.7384419469066,1133.7993070875034,0.0003539268592638,0.0,0.0280112061383469
USGS_11278400,3049 catchments,False,38.0716491121392,-119.79716501949,610.493,2178.86807095344,0.6225470652542802,,1028.036913762717,1146.0354899595309,0.0003539268592638,0.0,0.0280112061383469
USGS_11282000,3049 catchments,False,37.8649505867991,-119.79455984472,187.349,1901.85608856089,0.6090462696912411,,388.7910953027468,1150.3202647778537,0.0,0.0,0.0
USGS_11289650,3049 catchments,False,37.9241817225921,-119.864252312733,3983.72,1794.70851788756,0.461702020523733,,233.02577112042636,1042.2519983087109,0.129670299850089,0.0,0.0365569974469431
USGS_1129200,2339 catchments,False,45.04032368,-71.4439704,181.599928930702,,0.273602452908547,43.8998938727716,,,0.003597202549829,0.0,0.0
USGS_11292000,3049 catchments,False,38.2493625167336,-119.702549007449,123.339,2723.02793296089,0.7225338166824482,,980.2381442127878,1055.7262792178292,0.0,0.0,0.0
USGS_11292500,2339 catchments,True,38.36380105,-119.8712915,174.008638051257,,0.72671547356132,58.8936397672663,,,0.0,0.0,0.0
USGS_11292700,3049 catchments,False,38.3289399886774,-119.823198478233,737.386,2360.94958753437,0.6632462171601604,,316.9470268542441,1138.9189822107794,0.0,0.328438137722372,0.0
USGS_11292900,3049 catchments,False,38.3153318972737,-119.847118833094,813.452,2287.06146179402,0.6571244612183895,,510.7296186961781,1159.4021605047058,0.0,0.484549460078634,0.0
USGS_11293580,2339 catchments,False,38.41019006,-119.9957403,108.460946186412,,0.701574126335706,56.0273624661393,,,0.0,0.0,0.0
USGS_11294000,3049 catchments,False,38.4367001745092,-119.909970318999,119.008,2349.34831460674,0.7138423933992711,,1155.110972862013,1084.5353307735534,0.0,1.71335534612929,0.0
USGS_11294500,3049 catchments,False,38.3984538856642,-120.055974905572,427.759,2099.453125,0.5711020300898794,,926.7181816147612,1246.4181024207758,0.0,0.608852032399658,0.0
USGS_1130000,2339 catchments,False,44.62505316,-71.4689721,112.666901642167,,0.274943483559679,43.3626540372884,,,0.0086542809321819,0.0,0.0
USGS_11302000,3049 catchments,False,38.1801435671455,-120.182896130096,2539.59,1626.1051234404,0.4373295193254572,,273.09293661318395,1106.8579260534311,0.460060088549342,0.77406090386609,0.0308123254217207
USGS_11314500,3049 catchments,False,38.5417349754655,-119.983459998767,440.998,2315.02147239264,0.6471957488635267,,457.2013804243037,1189.434784932005,0.0,0.0,0.0
USGS_11316000,3049 catchments,False,38.5790776817077,-120.203193005368,123.242,2087.65745856354,0.5964760012014594,,413.6518492516616,1395.051937255236,0.0,1.21767918155097,0.0
USGS_11316600,3049 catchments,False,38.5275408971521,-120.109543454451,862.303,2060.35455974843,0.5664105293188003,,425.4774191159871,1259.389391726299,0.0,0.165058986824915,0.0
USGS_11319500,3049 catchments,False,38.4691874735114,-120.246356240012,1419.02,1706.07673975215,0.469705167016222,,650.0258293838839,1228.031298857428,0.033814703876322,0.0683398517875385,0.0
USGS_11323500,3049 catchments,False,38.4138789450569,-120.408681743431,1626.49,1509.04151100042,0.4290065552585198,,420.44929155862536,1170.0057569850626,0.215897057056427,0.0803609762457158,0.0
USGS_11342000,3049 catchments,False,41.1546767492774,-122.368173469462,1099.29,1272.08406819518,0.3859587999891619,,974.7181508963102,1414.375769539646,0.137179105775431,0.0,0.0
USGS_11345500,3049 catchments,True,41.1630397884686,-120.306997263182,672.213,1915.58461538462,0.5596751035766333,,113.98093968124464,620.1581966997126,0.397889723833133,0.0,0.0
USGS_1135000,2339 catchments,False,44.42283589,-72.00009448,332.150043274745,,0.24688547643979,39.2548899151562,,,0.0263338349321104,0.0,0.0707
USGS_1135500,2339 catchments,False,44.3656147,-72.0392613,1123.54622566141,,0.241526583874106,39.1778618212778,,,0.0658718880181029,0.0,1.873465
USGS_11355500,3049 catchments,False,40.5971169342478,-121.503709434223,312.809,1809.57442348008,0.4957389766484181,,429.8360330005618,1106.1919997672535,0.192683577537537,0.0,0.0
USGS_11367500,3049 catchments,False,41.3461213185622,-121.963101314771,944.021,1507.99039780521,0.5110920123562235,,886.2016973314645,1297.8025113244114,0.0,0.0,0.0
USGS_11367800,3049 catchments,False,41.3031551323974,-121.981813070954,1112.57,1458.81496519722,0.4871336468361414,,256.4763542614565,1325.8298564423542,0.0412035286426544,0.15562831134613,0.0
USGS_11368000,3049 catchments,False,41.2360178176769,-122.043217194695,1569.66,1355.49114862083,0.4490691239451268,,597.1597407419401,1431.400153671317,0.0361523129418492,0.046900079099151,0.0
USGS_11371000,3049 catchments,False,40.8384994663838,-122.594605772894,298.363,996.098253275109,0.2711792925216596,,625.5035098807405,1429.8810871952517,0.0,0.0,0.0
USGS_11372000,3049 catchments,False,40.7454011046288,-122.598341774748,589.871,860.845898004435,0.2212872944309392,,382.36213818293385,1365.8190871021368,0.264881173769633,0.0,0.0
USGS_1137500,2339 catchments,False,44.2686741,-71.6303617,179.458714495202,,0.267912450726378,44.7512598937905,,,0.0004619154747009,0.0,0.0
USGS_11376000,3049 catchments,False,40.3179470740335,-122.700890509415,2312.54,695.093023255814,0.1661176747612521,,338.26117515638515,943.7252579042912,2.30734490472158,0.0,0.0028011206138346
USGS_11376550,3049 catchments,False,40.4489044095174,-121.774117784732,935.505,1250.14724354501,0.3291754053593154,,479.7892460178089,1111.4092865887876,0.721628029681077,0.0,0.0
USGS_11379000,3049 catchments,False,40.2432984906461,-121.846943414607,318.968,1033.46090534979,0.3311681727472068,,421.8622755097125,1183.2550713884611,0.0,0.0,0.0
USGS_1138000,2339 catchments,False,44.15395258,-71.9856454,865.416274224059,,0.257759562041339,40.9296355894875,,,0.0455631973919608,0.0,0.5790053
USGS_11381500,3049 catchments,False,40.2400603346996,-121.68059229139,337.63,1212.91279069767,0.2330406365108496,,830.3482398290322,1030.1843227362103,0.0,0.0,0.0
USGS_11382000,3049 catchments,False,39.9129909908777,-122.762784783366,528.64,1271.04385964912,0.2160269932795691,,545.6151807222533,870.8274477868044,0.290550708770752,0.0,0.0
USGS_1139000,2339 catchments,False,44.1503413,-72.0650915,255.197321035667,,0.234289726752137,36.9289811292513,,,0.0407336303860263,0.0,0.0
USGS_11399500,3049 catchments,False,40.3453453686154,-121.171355547394,1284.78,1712.50229007634,0.5905928409870349,,62.24825554479455,1074.2474241109594,0.0,0.0,0.0887021511083557
USGS_11400500,3049 catchments,False,40.2198943640679,-121.315442268303,168.244,1644.4743083004,0.5299413028359982,,552.1954221730327,1349.4530437291037,0.0,0.0,0.0
USGS_11401112,3049 catchments,False,40.3012353495459,-121.193174786172,1582.33,1684.43951946976,0.5654446527935785,,105.43116900710396,1129.3236345008088,0.0,0.0,0.0745098069310188
USGS_11401500,3049 catchments,False,40.0918951865038,-120.620902970175,1914.44,1722.34685458921,0.5637569987674881,,257.38033520148707,788.8498164991471,2.43083921000361,0.0,0.0
USGS_11402000,3049 catchments,False,39.9414397942493,-120.935411539105,475.001,1478.75173370319,0.5130540617511465,,500.3106100074976,1211.445419270863,2.54313475359231,0.0,0.0367647080565803
USGS_11403200,3049 catchments,False,40.1592814381292,-120.911730112854,4680.45,1652.30087005333,0.5327454147567492,,128.28526395431484,960.5768628294724,1.26113248118074,0.0,0.029146795104434
USGS_11403800,3049 catchments,False,40.1520465984186,-120.9194679908,4862.73,1648.35189189189,0.5209466711810422,,286.0345967221778,1014.9386069729228,1.21199744944642,0.0,0.0280112056847807
USGS_11404330,3049 catchments,False,40.136033386804,-120.942409308517,5052.0,1640.83823146944,0.507955472602967,,148.82544421939923,1013.8121678976772,1.15214572354783,0.0,0.0266279362682483
USGS_11404500,3049 catchments,False,40.1256114342857,-120.958965463773,5148.67,1629.81342521695,0.5189821767175796,,198.4874367860143,1062.5334327469604,1.13809516594359,0.0,0.0263032053381476
USGS_11407000,3049 catchments,False,39.9555569898111,-120.940986538929,9380.38,1536.64327855036,0.4535420524896002,,233.0463952990318,1111.2450436837687,2.14628956456707,0.0,0.0449906010021239
USGS_11407150,3049 catchments,False,39.9157639764722,-120.992033269598,9591.5,1522.68885225634,0.4404990071773325,,468.08004115864367,1126.2356279291978,2.73977821185285,0.0,0.0447427313274785
USGS_11408550,3049 catchments,False,39.481988553842,-120.51269670033,103.178,2085.64102564103,0.6018547772613156,,295.9010819657496,1214.5480273503351,0.0123203797265887,0.0,0.0
USGS_11408880,3049 catchments,False,39.465739045844,-120.705750096955,374.333,1649.02857142857,0.4908156664208256,,303.642062576321,1368.7490528531582,0.0041067932421962,0.0,0.0
USGS_11413000,3049 catchments,False,39.5901741554327,-120.690575737001,647.749,1743.67682926829,0.5042800271091814,,1071.8900174811622,1374.041883779922,0.0013149599544704,0.0,0.0
USGS_11414250,3049 catchments,False,39.3511201491004,-120.481269144295,315.056,2074.38736842105,0.5792649207397005,,333.6497714970444,1322.7778098622407,0.0133356098085642,0.0,0.0
USGS_1141500,2339 catchments,False,43.79006996,-72.254813,155.311400968646,,0.233728122013619,35.588193675664,,,0.0266081795195048,0.0,0.0
USGS_11417500,3049 catchments,False,39.3539168164848,-120.689816209852,820.42,1630.38087520259,0.3698237123502051,,502.611645531838,1441.4285199065837,0.0047345645009325,0.0,0.0
USGS_11421000,3049 catchments,False,39.4118494752704,-120.918888375187,3474.86,1286.99808795411,0.3185213758163715,,631.1104157515952,1397.7130096429646,1.21167265628285,0.0,0.0018853696439271
USGS_11424000,3049 catchments,False,39.1362662427971,-121.034817698496,756.689,689.552212389381,0.1471707968226015,,484.4781910610682,1322.496562359068,1.97446661889553,0.0,0.176470596343279
USGS_11427500,3049 catchments,False,39.1569846683882,-120.381614300539,124.344,1973.67379679144,0.5983995866217761,,339.5288480460211,1292.0769268883348,0.0,0.0,0.0
USGS_11427760,3049 catchments,False,39.1229969454076,-120.447143227897,227.479,1825.92105263158,0.4957451283189214,,424.5367847822072,1349.9138306574105,0.0,0.0,0.0
USGS_11428800,3049 catchments,False,39.0362509651851,-120.261370823798,293.848,2146.01590909091,0.6042513756773867,,136.7888244866407,1253.7700961459154,0.0,0.0,0.0
USGS_11433300,3049 catchments,False,39.0301521303636,-120.430189175714,1350.28,1659.64377470356,0.4690068386461922,,741.9723019700804,1329.5645559698569,0.0,0.0,0.0
USGS_11433500,3049 catchments,False,39.007574116148,-120.54779146545,1590.85,1518.08085462924,0.4485107392665042,,755.2143834663896,1365.0670859340044,0.0,0.0,0.0
USGS_11439500,3049 catchments,True,38.7411462692997,-120.153265247101,499.692,2176.85637583893,0.6447929618501506,,610.7592847443951,1247.334933210405,0.0,0.0,0.0
USGS_11439501,2339 catchments,False,38.76351814,-120.3285276,191.008115387614,,0.653050941587907,53.228434596903,,,0.0,0.0,0.0
USGS_1144000,2339 catchments,False,43.71423614,-72.418149,1788.10776054475,,0.23206425699579,36.8895506358813,,,0.0713785933541309,0.0,0.1681114
USGS_11441900,3049 catchments,False,38.8663966877226,-120.365815065271,441.729,1828.22458270106,0.4422876644768866,,202.09481102391885,1293.2235823353562,0.0,0.0,0.0
USGS_11443500,3049 catchments,False,38.7932065337883,-120.324999455915,1276.72,1830.34031413613,0.4831876307247098,,267.894338437156,1277.7909006990965,0.0148636212474421,0.0,0.0
USGS_11444500,3049 catchments,False,38.8030818150525,-120.402675836649,1547.23,1660.88619645175,0.4385441779232449,,829.5940644972922,1269.7474277722342,0.258196440727814,0.0,0.0
USGS_11445500,3049 catchments,False,38.8083248568591,-120.466647700218,1743.6,1531.8165771297,0.4005114188807617,,701.5538936635865,1243.9408130557988,0.575844120681286,0.0,0.0
USGS_11475000,3049 catchments,False,39.7502049510701,-123.195757794027,5456.92,930.212506047412,0.1263899951795535,,730.6945960130944,1156.1487976566711,0.134163683368003,0.0,0.0034602078170899
USGS_11478500,3049 catchments,False,40.4155379651825,-123.635558981041,572.377,935.732954545455,0.1179352991176417,,1301.8885086870516,1389.559902967992,9.38212382607162e-05,0.0,0.0
USGS_11480410,3049 catchments,False,40.2291386591855,-123.284445709968,312.981,1126.88308977036,0.2176888064087141,,842.9625856974693,1181.632782769644,0.0,0.0,0.0
USGS_11480500,3049 catchments,False,40.2736820132623,-123.327980186672,369.043,1114.41918294849,0.216651056893414,,866.8774221878624,1210.8450873537822,0.0,0.0,0.0
USGS_11481000,3049 catchments,False,40.567972727383,-123.63283954972,1257.41,811.532233109851,0.1198430630480354,,977.2578436640582,1358.1810931611465,0.44283634070307,0.0,0.142156863585114
USGS_11493500,2339 catchments,True,42.74013528,-121.8344618,3099.64872117126,,0.555367947779051,41.5279909716975,,,0.747345223649308,0.0,0.0
USGS_11497500,3049 catchments,False,42.4472251257271,-120.952881888681,1362.37,1645.34375,0.5501843939692396,,204.1688612466864,746.1049295914814,2.84648681543913,0.0,0.0
USGS_11501000,2339 catchments,False,42.58430556,-121.8483333,3551.53568830587,,0.553082560336828,41.0707303289365,,,0.808478202565472,0.0,0.0
USGS_11502500,2339 catchments,True,42.564375,-121.8797139,3554.01198956995,,0.553069491093156,41.0549492457448,,,0.807914885502707,0.0,0.0284999999999999
USGS_1150500,2339 catchments,False,43.6489604,-72.182033,357.909008441242,,0.228525352191895,34.0081710407677,,,0.069488216248478,0.0,0.4901732
USGS_11507500,3049 catchments,False,42.6598802861755,-121.525868078016,9786.5,1563.96241038558,0.5269600391984368,,113.12148759916904,798.4626594648084,2.70432544614309,0.0,0.0181091551900289
USGS_1151500,2339 catchments,False,43.60257077,-72.35425819,572.803411345827,,0.228855246918775,35.9187102089343,,,0.0967963799057814,0.0,0.0875
USGS_11523200,3049 catchments,False,41.2304428141565,-122.634057128816,382.936,1635.02871621622,0.5024408473922902,,953.1758635247728,1096.531899474259,0.862886377743312,0.0,0.0140056030691733
USGS_11525500,3049 catchments,False,41.0537629429403,-122.734287141835,1861.69,1421.30062849162,0.4509475457276117,,402.6551460559409,1192.389557163492,0.980520657938102,0.0,0.0033806628098004
USGS_11527000,3049 catchments,False,40.8998299844932,-122.89211656848,3727.02,1257.99685699319,0.3777156831530721,,466.4629544688008,1151.903299130444,0.668691714408628,0.0,0.0034399726836566
USGS_11528700,3049 catchments,False,40.4640605840147,-123.215953227373,1980.08,1133.7224975223,0.2605329984399263,,592.437846316838,1132.6291420044035,0.288733904940947,0.0,0.0
USGS_1153000,2339 catchments,False,43.33340716,-72.51481258,411.21798840559,,0.226321586473762,35.0576010897544,,,0.0720906585446392,0.0,0.162691
USGS_11530000,3049 catchments,False,40.8139799137101,-123.068168024362,7390.96,1160.53146483342,0.3107917131548174,,614.6820157861589,1234.2308354325853,0.469033325453643,0.0,0.0017352074598975
USGS_11532500,3049 catchments,False,41.8344854404445,-123.870945650078,1577.96,782.765016233766,0.1112717869295715,,2145.55472784898,1958.4217548024735,0.0007085103425197,0.0,0.0
USGS_1153500,2339 catchments,False,43.20868736,-72.5175895,209.95090503291,,0.223758880221945,34.4249953257447,,,0.0428020589097565,0.0,0.4774566
USGS_1154000,2339 catchments,False,43.13757777,-72.4881444,156.339592804343,,0.221205035745477,33.0106132841271,,,0.0304525580892443,0.0,0.0
USGS_1156000,2339 catchments,False,42.99535805,-72.636481,148.016508205163,,0.208405666743085,33.2154405362646,,,0.0912123553098652,0.0,0.0
USGS_1157000,2339 catchments,False,43.03924586,-72.2700858,185.642341150672,,0.216906057362809,30.43298898122,,,0.0394901250900724,0.0,0.0
USGS_1158000,2339 catchments,False,42.9948023,-72.31119719,263.781294293989,,0.216577500342393,29.9906932750598,,,0.0500627666388773,0.0,0.0
USGS_1158600,2339 catchments,False,42.94591409,-72.2367514,122.707404552164,,0.210387716182366,29.1470144286972,,,0.062154619933574,0.0,0.0
USGS_1161000,2339 catchments,False,42.78591586,-72.4861996,1087.33937609613,,0.206405886882887,28.0560680424828,,,0.088363238564766,0.0,1.8018864
USGS_1169000,2339 catchments,False,42.63841775,-72.7250922,232.132118374269,,0.19327816239859,31.0325509948371,,,0.457746770407903,0.0,0.0
USGS_1170100,2339 catchments,False,42.70341695,-72.67064738,106.835735765811,,0.196402627510584,31.0325957856573,,,0.050004412736028,0.0,0.0
USGS_1173000,2339 catchments,False,42.39120167,-72.0650774,226.050270450498,,0.16886582492733,22.476725284027,,,0.25220233387432,0.0,0.2602243
USGS_1174500,2339 catchments,False,42.3934237,-72.2384148,110.158854582991,,0.170121213166771,21.7342057702433,,,0.263894636708364,0.0,0.0
USGS_1179500,2339 catchments,False,42.28786655,-72.8642636,130.371415712952,,0.170324250378937,28.33291838413,,,0.174462891583534,0.0,0.0
USGS_1181000,2339 catchments,False,42.23731169,-72.895654,245.051990829506,,0.167484719704567,27.0228719211574,,,0.0974244575970078,0.0,0.2044555
USGS_1197500,2339 catchments,False,42.23191667,-73.3546667,113.630775132744,,0.181097742376963,25.2982457154573,,,0.0653363531212024,0.0,2.0300401
USGS_1199000,2339 catchments,False,41.95731548,-73.36928577,1529.11165193364,,0.173141118841498,25.3496729159736,,,0.0658199025378966,1.35336982955234,2.9335753
USGS_12036000,3049 catchments,False,47.420151965228,-123.600999134309,190.705,555.878048780488,0.1769348461346591,,4051.9068402475687,2913.646960861558,0.0033712140284478,0.114656881534745,0.0
USGS_12037400,3049 catchments,False,47.2647609220323,-123.634452787456,399.646,342.534407027819,0.1215134411930477,,2882.3582725359247,2762.5467105950943,0.335297820934405,0.0744331436948883,0.016339870247369
USGS_12040500,3049 catchments,False,47.6535279402901,-123.965462297691,1153.44,476.570135746606,0.1105764463840086,,3476.695994083537,2662.153053854028,0.0018177379159689,0.0,0.0233426712275971
USGS_12041200,3049 catchments,False,47.8123723844401,-123.938316075614,655.797,754.497340425532,0.1877104046510021,,3479.52926228486,2395.3166229007784,0.0223990297368304,0.0,0.124777188863267
USGS_12060500,3049 catchments,False,47.4360146014026,-123.38228007016,198.272,609.973372781065,0.2028826179684324,,3513.1490125853675,2818.5036568067508,0.00150821369607,0.0,0.0
USGS_12083000,3049 catchments,False,46.666416390267,-122.109726651845,198.787,840.247023809524,0.2495713685228003,,1644.0490722880854,2146.274646095456,0.0165706435218453,0.0,0.0
USGS_12086500,3049 catchments,False,46.7311668115803,-122.058663130257,760.156,940.732350659426,0.2770602854223498,,1749.9790949179908,2116.245615788876,0.0172513076438918,0.221106037191789,0.0
USGS_12089500,3049 catchments,False,46.8094508696283,-122.192416918623,1366.25,708.007755277897,0.2184369027243441,,823.7545840709829,1926.3148395446383,0.377151743572176,0.242897669076923,0.0
USGS_12092000,2339 catchments,False,46.9037164,-122.0351092,107.750286308238,,0.348568408017295,55.4923174394862,,,0.0,0.0,0.4528564
USGS_12095000,3049 catchments,False,47.0865036929614,-121.972924955633,205.835,687.760683760684,0.170406243383203,,990.6732626808642,1810.208709521956,0.10304200448445,0.0,0.0
USGS_12097500,2339 catchments,False,47.1534409,-121.6356543,195.489988409236,,0.495553533305192,54.6032069208684,,,0.0,0.0,0.0
USGS_12098500,3049 catchments,False,47.0448564601937,-121.657321087523,1039.59,1235.7247446084,0.4141310202633634,,1253.1361943586687,1834.1346049373835,0.0007901372284524,0.0,0.0054466234157896
USGS_12133000,3049 catchments,True,47.7226236758837,-121.296521969052,925.589,1091.47025673137,0.4896479989641344,,2460.525110144624,2409.1329492703408,0.0,0.0,0.0173010390854495
USGS_12134500,2339 catchments,False,47.83732546,-121.6667809,1385.56360845157,,0.492031785830921,60.7717598674852,,,0.0,0.0,0.0
USGS_12141300,2339 catchments,False,47.48593975,-121.6478809,274.282606831533,,0.41140836905743,56.8651138789714,,,0.0,0.0,0.0
USGS_12147500,3049 catchments,False,47.7441718800929,-121.675198564001,102.893,804.127777777778,0.2260842194303243,,3041.966238170196,2302.8767049276303,0.0,0.0,0.0
USGS_12167000,3049 catchments,False,48.312838560425,-121.818896098357,683.752,663.098734177215,0.2254776749891567,,2555.120118366379,2664.672106371975,0.0996484606792884,0.0,0.0
USGS_12175500,3049 catchments,True,48.5757191848255,-121.015882434554,273.821,1571.83817427386,0.6567634642908792,,2047.644134687808,1779.179596111753,0.0,0.0,0.0653594809894761
USGS_12182500,2339 catchments,False,48.5262307,-121.4154046,442.394329792907,,0.600379533119866,70.1362738883382,,,0.0001674017378962,0.0,0.0
USGS_12186000,2339 catchments,False,48.16872009,-121.4706723,222.35305985552,,0.565638046956936,69.9200321277921,,,0.0,0.0,0.0
USGS_12189500,3049 catchments,True,48.1905957380117,-121.326113209222,1855.32,1161.7521631644,0.5013505048774274,,2139.779260307669,2463.0991013839016,0.004935767201166,0.0,0.0158127776587441
USGS_12193500,3049 catchments,False,48.717919734232,-121.616749857277,771.856,1017.53914327917,0.5101039511831842,,3094.7194593801173,2662.8309839172025,0.0054962199467879,0.0835001047396711,0.0
USGS_12205000,3049 catchments,False,48.8742875251766,-121.70100978175,272.481,1303.61697722567,0.4645102033626778,,2655.5803199549287,2550.078995115715,0.0,0.0,0.0245098053710535
USGS_12210500,3049 catchments,False,48.8090378444639,-121.934641993895,1500.53,894.164714771439,0.3074713507468517,,2023.772331273956,2372.215201634098,0.469114657172381,0.0,0.032679740494738
USGS_12301300,3049 catchments,False,48.7279259803744,-114.925189703466,1084.97,1301.56865828092,0.5016048113007109,,217.08199904008617,787.0311833329505,1.01918739515046,0.0,0.0
USGS_12302055,3049 catchments,True,48.1792336061344,-115.15178776053,2185.28,1257.55155181483,0.4617161639682205,,188.4955193866941,799.1481850654454,0.0658714935196111,0.0,0.0
USGS_12304500,2339 catchments,False,48.5617222,-115.9701583,2102.26964588115,,0.541522137828577,55.3189863723037,,,0.0370198696337333,0.0,0.0239
USGS_12306500,2339 catchments,False,48.99916667,-116.1797222,1444.36526965488,,0.535072102606856,55.6177227354608,,,0.0,0.0,0.0346999999999999
USGS_12321500,2339 catchments,False,48.9972222,-116.5691667,239.008808456106,,0.512029313500633,58.0227082717365,,,0.0,0.0,0.0
USGS_12323240,3049 catchments,False,45.9434017525825,-112.506908820428,298.795,1914.10179640719,0.4475911477089632,,43.9445210905469,554.9618367300505,0.0,0.0,0.130718961978952
USGS_12323250,2339 catchments,False,45.996575,-112.5634889,234.741665966462,,0.455738125673661,48.2715854096547,,,0.0,0.0,3.8578799
USGS_12323750,2339 catchments,False,46.1794972,-112.780561,553.003242263148,,0.499193365780568,56.4408296929321,,,3.0654442246849,0.0,0.6798961
USGS_12323770,3049 catchments,True,46.1578119388172,-113.060744315332,413.969,2171.75574712644,0.5007714174966809,,129.7225039568305,789.2494703234026,0.797756493091583,0.426338896004476,0.669934662679831
USGS_12323800,3049 catchments,False,46.0526736665677,-112.812640154002,1690.23,1943.35406360424,0.4731804771845278,,80.71279902803819,669.3215592563828,1.7300051679978,0.2576717085366,0.6664781356588579
USGS_12324590,2339 catchments,True,46.5194833,-112.7931722,1067.82433980141,,0.462412834368607,48.280449670838,,,2.32146975242312,0.0,0.0
USGS_12325500,3049 catchments,False,46.1849406116693,-113.263557029115,140.05,2141.39662447257,0.5293552275973556,,184.35151307156016,881.7235783285302,1.02421855926514,1.39445823759808,0.0
USGS_12329500,2339 catchments,False,46.4637583,-113.2402778,181.478310198482,,0.469766823774559,59.1272148332224,,,0.0,0.0,0.0
USGS_12330000,3049 catchments,True,46.3915593251256,-113.163185782334,182.471,2113.95765472313,0.4728679993966574,,214.23273396904435,815.6367935070133,0.0,0.0,0.0
USGS_12332000,3049 catchments,False,46.0461750640535,-113.532096069592,315.148,2172.72744721689,0.5920035013894902,,330.3529248300653,715.1829041302078,0.18499767780304,0.0,0.0
USGS_12334510,3049 catchments,False,46.3151426893228,-113.609388166142,2313.96,1968.99255073208,0.5094350042552565,,206.94044732545248,703.8502631340144,0.622627424855912,0.0424584095499339,0.0
USGS_12334550,2339 catchments,False,46.8259111,-113.8140306,5934.95464603582,,0.521409669860815,51.3100995512964,,,2.93066457161897,1.79824449205341,0.0
USGS_12340000,3049 catchments,False,47.0471730840698,-113.163754484403,5925.35,1658.17930966274,0.5283572168212789,,242.29234057308196,699.9245683236406,2.52994547603826,0.0111394981746021,0.0
USGS_12342500,3049 catchments,True,45.6282834991298,-114.29176376742,820.093,2032.37280701754,0.5854548797696362,,288.7424978313564,786.9816823266281,0.0,0.168484013049431,0.0
USGS_12344000,3049 catchments,False,45.7947835528177,-114.093331503751,2718.68,1942.7577092511,0.5793176998297923,,293.0287814572304,797.6354420119978,0.477471345497502,0.0509539183663594,0.0
USGS_12354000,2339 catchments,False,47.2967111,-115.122625,788.826715151985,,0.51237695541876,53.1005044234252,,,0.0,0.0,0.3178465
USGS_12355000,2339 catchments,False,49.00124167,-114.4756639,217.482700386097,,0.598378476397478,60.9699198391838,,,0.0,0.0,0.0
USGS_12355500,2339 catchments,False,48.4957972,-114.1267639,2943.67424792122,,0.616016321398208,61.0336128734479,,,0.0,0.0,0.017
USGS_12358500,3049 catchments,True,48.3205589236895,-113.449053896438,2939.19,1723.58364312268,0.6131266327711943,,889.4227193677092,1004.7082964821382,0.0,0.0,0.0019607844296842
USGS_12362500,3049 catchments,False,47.8183997025464,-113.494439780368,4318.16,1777.12048839394,0.5993860244238074,,737.9406618572516,1001.5757657435754,0.0014606283083493,0.0,0.0040849675618422
USGS_12365000,2339 catchments,False,48.31905278,-114.3871583,1425.64495429131,,0.475017855272346,50.6339708007918,,,0.477923562737437,0.0,0.0
USGS_12370000,3049 catchments,True,47.6405636132674,-113.788615168061,1715.11,1534.63614864865,0.5192057611740255,,619.1071374260131,995.744839422691,0.0104023706226144,0.0,0.0
USGS_12372000,3049 catchments,False,48.0738545150878,-113.854978152597,16725.7,1532.87454901557,0.5441181000739275,,624.8133594746681,931.6911357754308,0.891008813463599,0.14834591671062,0.0283130502392505
USGS_12381400,3049 catchments,False,47.1311810016908,-113.789065246622,150.944,1848.6862745098,0.4716014454488489,,370.6069795689411,846.4145103565183,0.0,0.0,0.0
USGS_12388700,3049 catchments,False,47.9324402887218,-113.958992119323,21787.5,1460.39913811337,0.4947413066571282,,480.8570437469877,863.8564313074542,2.54212530156336,0.155386326088992,0.0243152824979492
USGS_12389500,2339 catchments,True,47.5918583,-115.229536,1662.2570742342,,0.470495686752113,48.0941317324339,,,0.002763838986866,0.0,0.0
USGS_12390700,3049 catchments,False,47.5429451396978,-115.508683481293,470.234,1358.92936802974,0.4795384755928015,,438.5750713081753,1017.0622949197632,0.0,0.0,0.0
USGS_12392155,2339 catchments,False,48.15166667,-116.1816667,299.381442791891,,0.456970693753475,52.0546140961025,,,0.016350546431772,0.0,0.0388
USGS_12394000,2339 catchments,True,48.45186127,-116.9004834,1658.39102543712,,0.49371983362902,51.9614539713084,,,0.0056141725346624,0.0,0.0
USGS_12395000,2339 catchments,True,48.20852,-116.9146429,2310.36281666235,,0.470721521556642,49.7988208357926,,,0.047475633044036,0.0,0.0434
USGS_12397100,3049 catchments,False,48.7568911490636,-117.238029236059,134.606,1382.61924686192,0.4847024491936701,,486.8554458414556,1012.7424891387057,0.0,0.0,0.0
USGS_12401500,2339 catchments,False,48.98128428,-118.7664259,5077.21665726913,,0.488211493130091,54.1203453994381,,,0.715005801330004,0.0,0.0542999999999999
USGS_12404500,2339 catchments,False,48.9843487,-118.2163989,9418.86923565774,,0.48201681718875,53.0449572500256,,,0.712668842983144,0.0,0.1038606
USGS_12409000,3049 catchments,False,48.3927876671848,-117.76548051244,2601.77,890.707462029496,0.3612268378813162,,112.70772569458072,680.7576569634679,1.05341568779524,0.0,0.0447570341234297
USGS_12411000,2339 catchments,True,47.7061111,-115.9791667,178.901588802472,,0.49308631720652,54.0660063187894,,,0.0,0.0,0.0
USGS_12413000,2339 catchments,False,47.5722,-116.2528,774.393002976407,,0.449422156505521,50.0797323382,,,0.0223819539385298,0.0,2.9270615
USGS_12413210,2339 catchments,False,47.53138889,-116.0925,340.588079871396,,0.477713727996187,53.7887638252152,,,0.0507594991073145,0.0,1.9095457
USGS_12413470,3049 catchments,True,47.4832646986702,-116.009037630689,738.039,1253.91830322074,0.4268253143828358,,647.6773181320455,1074.7444363199706,0.01782765531347,0.0,0.161064435295495
USGS_12413500,2339 catchments,True,47.5548222,-116.3246222,774.573141727398,,0.449410174543025,50.0775148693922,,,0.0223767486751272,0.0,2.926363
USGS_12414500,3049 catchments,True,47.1450245954786,-115.637782146263,2678.97,1387.2945026178,0.5153057122499556,,781.7443208063493,1198.6824384380393,5.4638401823158e-05,0.0,0.0
USGS_12414900,3049 catchments,True,47.0593507828659,-116.311639272142,705.72,1102.50787075394,0.4098123129743625,,444.1136479550217,1155.4670301159458,0.0216754315731578,0.0,0.0
USGS_12424000,3049 catchments,False,47.3675009757532,-117.166918181604,1785.25,804.369331158238,0.2362880309407543,,111.5377658021334,671.9007384455499,2.64874116768097,0.0,0.326233949704931
USGS_12431000,3049 catchments,False,47.9713261862409,-117.245239419866,2121.29,769.246187363835,0.2974867873972059,,127.80587815269132,705.572493002792,0.786903227724704,0.0,0.956563206596507
USGS_12433200,3049 catchments,False,47.999234830455,-117.854023702384,468.65,746.152625152625,0.2897930031551102,,116.50873698632864,568.971202045231,1.09840016812086,0.0,0.0
USGS_12442500,2339 catchments,False,48.98460109,-119.6184098,8362.14768786127,,0.59891268627465,59.6608489394157,,,0.88548780584511,0.0,0.1049842
USGS_12448500,2339 catchments,True,48.4734787,-120.1773063,1300.81678970051,,0.714406686328548,66.6402931305584,,,0.528487222838839,0.0,0.0
USGS_12448998,2339 catchments,True,48.3698671,-120.148693,631.791161598896,,0.686741980507027,62.54442564628,,,0.239612543553276,0.0,0.0
USGS_12449500,2339 catchments,False,48.36514507,-120.1161917,636.483362440788,,0.686257936820738,62.4487263961714,,,0.237846102755394,0.0,0.1026044
USGS_12449950,2339 catchments,True,48.0773639,-119.9850723,4639.2940175404,,0.661600747467589,59.6402206331969,,,0.569646376296971,0.0,0.0865
USGS_12451000,2339 catchments,True,48.32958017,-120.6917668,703.684385943188,,0.709094839284092,72.5427369243164,,,0.0,0.0,0.0
USGS_12452500,3049 catchments,False,48.1846077156997,-120.547203138107,2414.85,1350.53422053232,0.6867984322717586,,776.9260566570804,1452.7543222743975,1.19447645472317,0.0,0.0239120046721726
USGS_12452800,2339 catchments,True,47.81846178,-120.4231438,126.680056712748,,0.606850419630388,56.1496165068596,,,0.0857485422777391,0.0,0.0
USGS_12456500,2339 catchments,False,47.8373461,-120.6623161,458.925439935024,,0.683794462919738,66.9281807329462,,,0.0,0.0,0.0
USGS_12457000,2339 catchments,True,47.7628995,-120.6662039,505.478763490394,,0.679216907107924,65.9077994720038,,,0.456512384023076,0.0,0.0
USGS_12458000,2339 catchments,False,47.5409539,-120.7200872,388.573516467702,,0.618856135102451,65.4539733287605,,,0.0,0.0,0.0
USGS_12459000,2339 catchments,False,47.5831777,-120.6195306,2377.99816613851,,0.640156601259639,63.9583712396876,,,0.260481504150249,0.0,0.2481431
USGS_12488500,3049 catchments,True,46.9196744838557,-121.363390585281,205.17,1473.81609195402,0.5872988765412526,,1033.3081264072327,1459.356580497877,0.0,0.0,0.0
USGS_13010065,2339 catchments,True,44.09888889,-110.6675,442.828133663178,,0.711736875311488,62.0744253237816,,,0.0,0.0,0.0
USGS_13011000,2339 catchments,True,43.85855089,-110.586597,1966.34476291165,,0.713680585712092,63.5386284266048,,,0.0004119781199477,0.0,0.0
USGS_13011500,2339 catchments,True,43.85105315,-110.5171505,423.11929969945,,0.745862360384801,67.5406977143542,,,0.0896826726404591,0.0,0.0
USGS_13011900,2339 catchments,True,43.83805556,-110.4408333,852.495268677523,,0.752080279735078,70.9056149473318,,,0.0,0.0,0.0
USGS_13018750,3049 catchments,False,43.8320985549067,-110.41512393299,6884.45,2521.17687381618,0.6864955100416317,,469.796323373035,916.0999465783048,1.1745496856931,0.323547992677424,0.0
USGS_13022500,3049 catchments,False,43.7189880415347,-110.430745169219,8867.07,2490.40860290506,0.6973903057359238,,456.3385911394958,903.8381113916496,1.23437160620675,0.260776353861844,0.0
USGS_13023000,3049 catchments,True,42.8910682716282,-110.730580618306,1161.93,2478.42733657482,0.6597680471693875,,496.2361634177907,807.3428704614515,0.190078006071203,0.0,0.0
USGS_13032500,3049 catchments,False,43.462753267673,-110.615691571794,13424.3,2415.93040889426,0.6842756476534246,,431.8695242658499,871.4938792101942,2.73372152235912,0.181679005328623,0.0027616682108229
USGS_13039500,2339 catchments,True,44.5944444,-111.3497222,242.939975843476,,0.638598882839054,57.2810976751268,,,0.695467073928286,0.0,0.0
USGS_13042500,3049 catchments,False,44.5105094324547,-111.402684737048,1325.22,2162.71303142329,0.6232742439649774,,428.47720312442,787.4737556098224,0.133488716345958,0.0,0.0
USGS_13046000,3049 catchments,False,44.3925747947299,-111.360267079247,2865.31,2051.45592965902,0.6195593038354654,,496.6902319386019,790.2487652470394,0.917636504902088,0.0,0.0041718817652857
USGS_13047500,2339 catchments,True,44.0686111,-111.2413889,720.933828664029,,0.69938663702931,64.1681529943124,,,0.0,2.98108240783719,0.0
USGS_13078000,3049 catchments,False,41.980341381499,-113.655615258679,1059.47,1931.49455205811,0.4138621855463418,,14.397975884090965,484.49294039716864,1.44206346469764,0.0,0.0
USGS_13082500,3049 catchments,True,41.9326993552332,-114.122785066134,1632.67,1838.95638506876,0.4593439805222232,,25.15694531508604,455.6916583583845,0.732233239930002,0.0,0.0
USGS_13083000,3049 catchments,True,42.1407156396393,-114.108399829389,133.184,1944.32057416268,0.4297102182121082,,99.42021532089709,550.7368949460162,0.0175179708749056,0.0,0.0
USGS_13105000,3049 catchments,True,41.8590024652208,-114.773020414548,3629.59,1937.03407485876,0.4583666341413191,,36.35698692935795,433.9754139910577,1.09364693455619,0.0,0.0
USGS_13108150,3049 catchments,False,42.0518459385123,-114.814631031578,5632.91,1816.63884794194,0.419778871982264,,23.7384730822858,441.8457859628234,2.28792377555808,0.0,0.0
USGS_13116500,2339 catchments,True,44.25916667,-112.4102778,416.578432402872,,0.485663111051365,49.9849190832002,,,2.02740402685673,0.0,0.0
USGS_13118700,2339 catchments,True,44.1386111,-113.2452778,267.177419398894,,0.540700873079233,48.8005798209471,,,0.0,0.0,0.0
USGS_13119000,3049 catchments,False,44.1496030067719,-113.328316153794,1809.41,2262.62027900647,0.567317868008452,,38.89963164642475,470.1837195122014,1.05575714463096,0.0,0.0032679740494738
USGS_1312000,2339 catchments,False,43.96602778,-74.13138889,191.631971647257,,0.276983672860849,39.3451837286081,,,0.0005495777392536,0.0,0.0
USGS_13120000,3049 catchments,True,43.8908928102066,-114.245446114227,297.269,2648.31884057971,0.6478661594650185,,300.0690316826212,614.8223998260336,0.0,0.0,0.0
USGS_13120500,3049 catchments,True,43.8557592356177,-114.047620215577,1143.91,2630.10864864865,0.6347653522649385,,238.66096650532552,587.4094367952972,0.02519911264672,0.0,0.0
USGS_13127000,3049 catchments,False,43.9422929207016,-113.981422945657,1979.61,2459.13483850737,0.6164750364657662,,142.478828450531,546.8238681269645,2.25220177484055,0.0,0.0065359480989476
USGS_13139500,2339 catchments,True,43.5172222,-114.3216667,1625.49717471764,,0.669481396734637,56.4548068597776,,,0.0886363916362015,0.0,0.2529892
USGS_13139510,2339 catchments,False,43.5172222,-114.3216667,1625.49717471764,,0.669481396734637,56.4548068597776,,,0.0886363916362015,0.0,0.2529892
USGS_13141000,3049 catchments,False,43.6387094200445,-114.409559511232,1947.98,2252.59712460064,0.665712844462724,,140.1748564816805,672.919900287701,1.4963503908366,0.0,0.0490196085593198
USGS_13147900,2339 catchments,True,43.49305556,-114.0572222,322.30952413714,,0.609931379025756,51.5070336139042,,,0.0,0.0,0.0
USGS_13148500,3049 catchments,False,43.5625391458904,-113.987912079103,801.737,2103.23680124224,0.6037070807557102,,177.60807346038754,560.0057319153588,0.300376702144814,0.0,0.0
USGS_1315000,2339 catchments,False,43.7565,-74.2670556,139.637285563144,,0.268561513281935,37.993049053981,,,0.0061677503872911,0.0,0.0
USGS_13159800,3049 catchments,False,43.318982795357,-115.614810907056,184.265,1464.1156462585,0.3486818060754477,,163.21372484129705,488.4398095999052,0.0140179572626948,0.0,0.0
USGS_13161500,3049 catchments,False,41.6941562534081,-115.562917985015,986.13,2046.98511326861,0.5416897926994474,,93.931144849882,525.9463088498827,1.37070367134669,0.0,0.0
USGS_13168500,3049 catchments,True,42.0803278553717,-115.570496474551,6958.45,1713.78383080022,0.4197400824947069,,46.89716077205936,445.69931984436295,0.325224370399492,0.0,0.0
USGS_13174500,3049 catchments,False,41.6605939621837,-115.77402652082,527.567,2045.22167487685,0.5743255773594576,,69.60750138643596,576.262037842663,1.33070493023843,2.34275284365454,0.0
USGS_13176000,3049 catchments,False,41.7474869515854,-115.872461506705,1173.88,2031.29369863014,0.563924904790277,,114.41951651129526,588.0288924956707,1.15319137627052,0.659657637482115,0.0
USGS_13181000,3049 catchments,False,42.1837510977077,-116.704395399185,19916.1,1681.39674713453,0.4213321186302413,,40.03935264108394,424.1745703847701,1.28755846138731,0.110341958181132,0.001581277728321
USGS_13183000,3049 catchments,False,42.4193310927359,-116.972857055202,28159.2,1572.47241324886,0.3866662579603628,,12.42140247089346,404.4906143290833,0.917578018909367,0.249075708780811,0.0011090409406776
USGS_13185000,2339 catchments,True,43.66805556,-115.7252778,980.805764293815,,0.646971823918967,56.5535021205204,,,0.0,0.0,0.0
USGS_13186000,2339 catchments,True,43.4958333,-115.3080556,341.614702311872,,0.591315898117057,47.8759760628541,,,0.0,0.0,0.0
USGS_13190500,2339 catchments,True,43.3436111,-115.4775,2184.69259166836,,0.658476651971689,54.5753881263296,,,0.161202629524438,0.0,0.0
USGS_13200000,2339 catchments,True,43.64805556,-115.9897222,988.302572847296,,0.450210181214784,42.1956446660866,,,0.0048079098460653,0.0,0.0
USGS_13202000,3049 catchments,False,43.6949161527155,-115.388630007466,6959.26,1829.54510505141,0.5674075975201597,,349.15823526748795,809.1213070420929,0.0908887408189224,0.153954612879244,0.0
USGS_13205500,3049 catchments,False,43.6907776430118,-115.41484312938,7101.84,1814.43632860396,0.5952566282114125,,172.26257873443996,849.9879089760167,0.0929287611226235,0.31909937923407,0.0
USGS_13206000,3049 catchments,False,43.6906614355069,-115.436582822935,7182.15,1806.35010827198,0.5488077921071636,,148.38315637868888,767.6998670184989,0.111771505792724,0.347030365059791,0.0147492633061071
USGS_1321000,2339 catchments,False,43.3534722,-74.2684722,582.407477929631,,0.238372810446533,37.8003345794406,,,0.0112036087623661,0.0,0.0
USGS_13214000,3049 catchments,False,43.9125027749071,-118.526653229818,2451.44,1480.04552352049,0.4467347003590596,,75.6271588333764,511.9424688003437,1.06771091298724,0.0,0.0
USGS_13215000,3049 catchments,False,43.8874173910738,-118.496590147875,2786.96,1448.32368655387,0.4244369364060141,,64.59258847911313,480.8002220695847,0.950216913039589,0.0,0.0
USGS_13216500,2339 catchments,True,43.9482139,-118.1743637,230.652469564592,,0.387301029234974,23.809677823193,,,0.0024885570640386,0.0,0.0
USGS_13217500,3049 catchments,False,44.114896157172,-118.252918016186,1157.34,1578.384,0.446378727228953,,116.80658786116442,510.2201317127535,0.0516693105318529,0.0,0.0
USGS_13235000,2339 catchments,True,44.08527778,-115.6222222,1010.15190191498,,0.718411183073061,62.4152430044392,,,0.0,0.0,0.0
USGS_13236500,3049 catchments,False,44.3882918797576,-115.629666877758,283.632,2018.35129310345,0.6801333246478771,,762.3238745415182,1060.4962424570233,0.0002444066728154,0.0,0.0
USGS_13239000,2339 catchments,True,44.9072222,-116.1191667,300.283279965712,,0.628497397025102,61.3106632161739,,,0.0527734283359122,0.0,0.0
USGS_13240000,2339 catchments,True,44.9136111,-115.9972222,128.951670891542,,0.666994621849281,59.9769126897766,,,0.0095725278191028,0.0,0.0
USGS_13247500,3049 catchments,False,44.4063133751844,-115.731528512918,5743.84,1797.24662813102,0.6128518214006207,,502.194471620922,978.6317556877812,2.85418805114687,0.0,0.0074595057294177
USGS_13249500,3049 catchments,False,44.3618557118696,-115.78850588766,7067.41,1709.16977027497,0.5753505767059066,,364.7387521234654,921.6532493244176,2.62648816456525,0.0,0.0060732259035967
USGS_13258500,2339 catchments,False,44.5794444,-116.6433333,537.342558171982,,0.434880693817855,39.972922895787,,,3.80566623479407,0.0,0.0
USGS_13266000,2339 catchments,False,44.27,-116.7722222,719.118230161249,,0.342533350255187,27.613256398556,,,0.109407650725129,0.0,0.0
USGS_13288200,2339 catchments,True,44.8804379,-117.2537918,353.471941311534,,0.616125063481373,54.7148379389368,,,0.0069205009457642,0.0,0.0
USGS_1329000,2339 catchments,False,43.07618845,-73.15677339,143.829817831847,,0.216282789365702,34.4194393276951,,,0.0754247539451513,0.0,0.0
USGS_13292000,3049 catchments,True,45.3205788787569,-116.980941877078,1622.09,1560.73144349123,0.5095417750213374,,290.791186944809,957.2692877653296,0.126289046821722,0.0,0.0037707392878543
USGS_13296500,2339 catchments,False,44.2683333,-114.7327778,491.167604775307,,0.666950175620802,60.95931301234,,,0.0,0.0,0.0
USGS_13297355,2339 catchments,True,44.2908333,-114.4716667,165.479364937517,,0.619452956324724,58.2569347365455,,,0.0,0.0,0.0
USGS_13302500,3049 catchments,False,44.4044727397232,-114.253741729001,9709.62,2257.72704259224,0.6279989813054568,,182.1389262977229,632.5453463126797,2.33283140164317,0.0,0.0099280223551005
USGS_13307000,3049 catchments,False,44.6194832466049,-114.106342539873,16172.0,2183.31109008327,0.6191616965665523,,169.12365182672912,643.8618673254323,2.95762074316856,0.0,0.0125786170521574
USGS_13310700,3049 catchments,True,44.7375223499919,-115.723383066119,853.131,1951.13467048711,0.6697583795927673,,545.2050183264338,976.881762407266,0.0051221932750195,0.0,0.0
USGS_1331095,2339 catchments,False,42.93555556,-73.6516667,1849.64955094735,,0.194687805135831,29.8262338055653,,,0.178393109745901,1.11958362239078,1.3661183
USGS_13313000,3049 catchments,True,44.7303117480348,-115.51421662478,561.936,2188.71186440678,0.7086001693935812,,567.6646241560007,1014.1838696281844,0.0,0.0,0.0
USGS_13317000,3049 catchments,False,44.8847948164384,-114.880593321271,34780.6,2062.46022368698,0.6030160213284256,,291.9507435085181,769.1380120685012,1.51886601035177,0.0,0.0058072012523026
USGS_13319000,2339 catchments,False,45.34624317,-118.1249426,1410.97514368908,,0.416730954648185,40.8572223413416,,,0.0,0.0,0.1147133
USGS_13320000,3049 catchments,True,45.1431295295663,-117.63204755509,269.26,1606.92099322799,0.5490745964368151,,389.9078680548466,865.1864033873371,0.0004603225097525,0.0,0.0
USGS_1332500,2339 catchments,False,42.70025695,-73.1589722,114.797824878945,,0.194401981731238,30.216764217123,,,0.0613938502775234,0.0,0.7749881999999999
USGS_1333000,2339 catchments,False,42.70886815,-73.1967511,113.641281926018,,0.194357677257244,30.2040382244568,,,0.0620186639340411,0.0,0.7829378
USGS_13330000,3049 catchments,False,45.2985527675569,-117.392831731169,185.101,2103.18241042345,0.5599721424654015,,947.6391887922264,1063.5915968017728,0.955701692029834,0.0,0.0
USGS_13330500,3049 catchments,True,45.4074632724906,-117.513193185717,184.583,1798.54754098361,0.4959652193853641,,569.9376262662939,980.7435943515852,0.0,0.0,0.0
USGS_13331500,3049 catchments,True,45.3349172438104,-117.584816062795,618.929,1747.94249512671,0.5196859320724451,,652.4938824421239,933.7529380578408,0.0022619472195704,0.0,0.0
USGS_1333500,2339 catchments,False,42.76388889,-73.3371944,143.217581400485,,0.191580972927697,29.1205681023238,,,0.0436460166595071,0.0,0.0
USGS_13336500,3049 catchments,True,45.9502023472372,-114.883215943156,4959.47,1689.09714009895,0.5912472630104267,,685.7503317493289,1093.6352989792192,2.47412983645474e-07,0.0,0.0
USGS_13337000,2339 catchments,True,46.1508333,-115.5872222,3058.15779919442,,0.583589846545783,58.5904726954048,,,0.0,0.0,0.0
USGS_13337500,2339 catchments,False,45.82527778,-115.5272222,184.735983595063,,0.569864191282938,59.9033269804775,,,0.0,0.0,0.0
USGS_13338500,3049 catchments,True,45.8714585931755,-115.809076727494,3027.0,1394.48690995637,0.4258045460980867,,292.167341068618,1044.18093144892,0.269300836814093,0.0,0.0076893507046442
USGS_13339500,2339 catchments,False,46.37166667,-116.1625,622.334705623248,,0.348900117982749,41.2684144725776,,,0.111546301556355,0.0,0.0
USGS_1334000,2339 catchments,False,42.91285604,-73.2564981,251.626592830082,,0.210390050931712,33.7649639310593,,,0.0998155658264667,0.0,2.9386631
USGS_13340000,3049 catchments,False,46.1075301433019,-115.343185887593,14268.9,1451.51233999833,0.4845354014166343,,557.989470123276,1075.2409980575223,0.0946389285806163,0.0,0.0032679740009674
USGS_13340600,3049 catchments,True,46.7078209386603,-115.268700684321,3354.62,1448.93315743184,0.5395734330397138,,910.5989969566402,1244.6918267226974,0.0,0.0,0.0
USGS_13341050,3049 catchments,False,46.2544460098814,-115.419959892114,20665.1,1398.91030215827,0.4857143138131171,,625.3371624787176,1111.5072540500094,0.0659041412127474,0.332429435558609,0.0022668027752375
USGS_13342500,3049 catchments,False,46.2911017996716,-115.53685438527,24064.8,1325.03119828076,0.4710143838275768,,569.9332358349412,1075.883138826557,0.0862127943935725,0.315819264611032,0.001941370693644
USGS_13344500,3049 catchments,False,46.3426320847864,-117.718275522688,1117.46,899.249867091972,0.2202501337267759,,136.27402907430636,679.1566107810338,0.340375725399806,0.0,0.0
USGS_1334500,2339 catchments,False,42.9385833,-73.3769444,1326.95661972925,,0.199304761112889,31.1989533157465,,,0.108808285533907,0.0,1.6242047999999998
USGS_1347000,2339 catchments,False,43.0147222,-74.7794444,754.080080253793,,0.212231674467575,35.272077009195,,,0.0256991716038575,0.426860167651774,0.2325427
USGS_1348000,2339 catchments,False,43.01666667,-74.7408333,753.444886338181,,0.212242338841197,35.2757681373656,,,0.0257208373656604,1.78572185276631,0.2327412999999999
USGS_1350000,2339 catchments,False,42.31944444,-74.4366667,611.027595722994,,0.188391850397747,30.2835151514795,,,0.18461604246798,0.0,0.0
USGS_1358000,2339 catchments,False,42.7522222,-73.68888889,8952.22737080406,,0.201098221319632,31.3563785244086,,,0.173116408796508,4.30027157408463,3.8127663
USGS_1362200,2339 catchments,False,42.11694444,-74.38027778,165.868807383585,,0.188112779781715,31.7972766993319,,,0.113745212983899,0.0,0.0
USGS_1362500,2339 catchments,False,42.0144722,-74.2701944,447.412706235934,,0.177870325243579,30.2741389600883,,,0.0748503473547213,0.0,0.0191
USGS_14010000,3049 catchments,False,45.861919409529,-118.044229489975,160.086,1311.46268656716,0.336558736122137,,996.440860436262,946.1804764982352,0.0,0.0,0.0
USGS_14017000,3049 catchments,False,46.2312128754914,-117.950736513443,941.669,893.891345546431,0.2388822666505947,,215.45840158385164,715.8157366540376,2.60147024033701,0.0,0.0
USGS_14020000,2339 catchments,False,45.71957668,-118.3232913,304.161691408039,,0.355269090360098,36.6246148708153,,,0.0,0.0,0.0
USGS_14020300,3049 catchments,False,45.5356531147562,-118.30329315144,456.39,1195.72798948752,0.2841668466794219,,393.4666990196501,835.128468126579,5.29624630871695e-05,0.0,0.0
USGS_14022500,3049 catchments,False,45.4717408938434,-118.579613537945,463.364,998.104438642298,0.2365881530525445,,202.9898350962424,733.3659752646006,0.0524572372436523,0.0,0.0
USGS_14023500,3049 catchments,False,45.4841812443617,-118.597985374039,501.402,960.834134615385,0.2358978781192613,,180.2529571390041,727.2605769062493,0.0524572372436523,0.0,0.0
USGS_14032000,3049 catchments,False,45.3722282999931,-119.14565085934,743.797,956.250608272506,0.196099855293428,,38.1601108233955,611.876612443835,0.868780654358367,0.0,0.0
USGS_14034500,3049 catchments,False,45.2640779020567,-119.397501775939,251.788,1082.42270531401,0.222080139809646,,72.11193151466223,600.7364125643461,0.0163615594307582,0.916785194775916,0.0
USGS_14040500,3049 catchments,False,44.3179932851188,-119.129081032427,4366.2,1416.35436619718,0.4375481240845594,,111.6124751874039,695.6828096709253,1.99561439643053,0.0,0.0
USGS_14042500,3049 catchments,False,45.167250232035,-118.680227984472,312.118,1443.65377176015,0.3969245339096131,,264.3977472002795,799.1225374798771,0.0,0.0,0.0
USGS_14044000,3049 catchments,True,44.6870421721839,-118.729060431253,1354.98,1457.58533272974,0.4604042764325415,,176.2900159916226,737.222700569429,0.338377815303393,0.0,0.0
USGS_14046000,2339 catchments,True,44.8137582,-119.4316565,5923.37854137009,,0.428633169706362,37.3615773419232,,,0.284232780107847,0.0,0.0
USGS_14046500,3049 catchments,False,44.6235825267937,-119.174232600065,13313.4,1354.39452029605,0.3911948418225904,,134.51760890304618,679.3403933750023,1.33419429877727,0.0,0.0
USGS_14048000,3049 catchments,False,44.7796080830281,-119.50397010405,19786.0,1193.36221687342,0.3407590760475577,,99.93610983631122,639.8294534910214,1.20373783366494,0.0,0.0012103607590643
USGS_14050000,3049 catchments,False,43.9692465814118,-121.759313065845,323.398,1751.2984496124,0.5868497545314273,,422.81918577114266,1365.1700197170903,0.0032065433624666,0.0,0.0
USGS_14054000,2339 catchments,True,43.75345177,-121.7836399,582.541115423397,,0.569604991780567,52.414421358177,,,0.0019112508696508,0.0,0.0
USGS_14056500,2339 catchments,True,43.68595349,-121.6880826,378.656923563508,,0.55527639153143,48.0678405849862,,,0.0111237980767748,0.0,0.0
USGS_14057500,3049 catchments,False,43.7938678517114,-121.647998298338,124.213,1398.17676767677,0.5756701050263182,,1092.9800286079558,1091.8509932197228,0.0,0.0,0.0
USGS_14060000,3049 catchments,False,43.4725933990064,-122.060918735424,147.6,1735.44206008584,0.5310701091149121,,416.86474748637073,1279.7418236117107,0.0,0.0,0.0
USGS_14063000,3049 catchments,False,43.4679191575315,-121.671229076908,2285.51,1513.35012318642,0.5368401006276193,,87.05492667342868,896.2180163360488,0.111521571340478,0.0,0.0
USGS_14064500,3049 catchments,False,43.6245675182534,-121.682192344756,4522.2,1527.50034487516,0.5503324997913223,,293.9972286247977,1025.1041829914248,0.0658550767839188,0.196059408463082,0.0066242717219063
USGS_14070500,3049 catchments,False,43.6595818785714,-121.65308010917,4809.92,1520.40435176791,0.547493801185377,,73.66590072460374,1018.0227699486134,0.0617550401148958,0.572393131457453,0.0062050140179882
USGS_14073001,3049 catchments,False,44.0462947752618,-121.533613429427,124.126,1736.61386138614,0.5435319455926413,,753.4474701942544,1213.599337330078,0.0004647656654318,0.0,0.0
USGS_14075000,3049 catchments,True,44.1693114011689,-121.681503345571,147.887,1797.46025104603,0.5221189315148597,,633.8750465715217,1247.8339933590366,0.0060031302273273,0.0,0.032679740494738
USGS_14076500,3049 catchments,False,43.8263506097601,-121.606775663595,6943.02,1417.17073825503,0.4917963342893087,,116.80334621333589,934.982567307184,1.7375585885491,0.302183448399739,0.0455796366287886
USGS_14080500,3049 catchments,False,43.9424928567125,-120.195260879813,6904.59,1402.69637733142,0.3992213444474547,,47.45249160022472,565.7295965505915,2.40703974436782,0.0,0.0
USGS_14091500,3049 catchments,False,44.5396514990886,-121.698999919219,818.079,1277.28101644245,0.4740761465128173,,1688.431022791994,1221.4079301957222,0.0012168501251532,0.0,0.0326797397186359
USGS_14096850,3049 catchments,False,45.0328109808619,-121.443943639016,374.618,950.156704361874,0.3243424656925722,,188.8794224099972,855.983269238035,0.0006346220075751,0.0,0.0
USGS_14097100,3049 catchments,False,44.9327826433166,-121.509554172747,1361.54,1010.46043808672,0.3494124234205825,,278.08347973011445,927.7837874697698,0.0008321051451882,0.0,0.032679740494738
USGS_14101500,3049 catchments,False,45.2325457615976,-121.434043365509,1080.38,902.104225352113,0.3633697232256376,,354.180729522957,1115.9295074068664,1.73694611481144,0.0,0.0057670130284831
USGS_14103000,3049 catchments,False,44.2828356646633,-120.961920094064,27772.1,1223.95903694663,0.3834733325330693,,187.87901593420324,721.9679929259228,2.87795827331173,0.0476291562005953,0.0246707004590747
USGS_14107000,2339 catchments,False,46.2648437,-121.245075,394.46881473714,,0.602188610179563,55.4039967129831,,,0.0,0.0,0.0
USGS_14113000,3049 catchments,False,46.0715182693046,-121.119863439897,3365.91,935.259950248756,0.4602637097391067,,427.3420211396455,1025.8503114583382,1.01946603090076,0.0,0.0199401798516007
USGS_14118500,3049 catchments,False,45.5192953748711,-121.746321234382,247.001,967.580487804878,0.2739034022477066,,2014.9433379610575,1766.8058331948102,0.0010231250198558,0.0,0.0
USGS_14123500,3049 catchments,False,45.9537981204772,-121.5112777259,1000.35,919.890149253731,0.421109477250919,,1022.4693400143436,1484.751475201945,0.308844301246983,0.0,0.0
USGS_1413500,2339 catchments,False,42.1447222,-74.6536111,195.5898875594,,0.215185881237483,32.1174966011554,,,0.0632093068557522,0.0,0.0
USGS_14138850,3049 catchments,False,45.4852215402584,-121.917137104821,124.457,929.078048780488,0.2316747779192945,,2914.6467882549646,1988.878911884892,0.0047183497808873,0.0335952541270755,0.0
USGS_14140001,3049 catchments,False,45.4783667550026,-121.992559188929,277.974,805.126637554585,0.2075926596265606,,2571.369998319193,2009.6379775224636,0.0109841143945232,0.0993843813941971,0.0
USGS_14142500,3049 catchments,False,45.3623709418764,-121.95109341391,1117.5,892.616594360087,0.2489293308941614,,1734.9191679811008,1876.9460011577016,0.706061710836366,0.0348609404260758,0.0
USGS_14143500,3049 catchments,False,45.689235976891,-122.178016031626,277.63,534.296943231441,0.1372917813579036,,2795.7868022231605,2467.333239388893,0.405879000890612,0.0,0.0
USGS_14144800,3049 catchments,False,43.4800751248565,-122.312546415304,669.34,1320.88152985075,0.3758718611971333,,1082.0732389615491,1529.501959184705,6.01927895331755e-05,0.0,0.0
USGS_14145500,3049 catchments,False,43.5260294412308,-122.331947129043,1016.98,1215.86887254902,0.3559894751667043,,1017.148812982323,1567.2379008132264,0.0004826980254923,0.421533208316547,0.0
USGS_14146500,3049 catchments,False,43.7621737904302,-122.206555995933,302.65,1257.32510288066,0.3806207029368919,,1328.8620183371306,1664.4247374530205,0.0003021850498043,0.0,0.0
USGS_14147500,3049 catchments,False,43.8309179627411,-122.224078942233,640.621,1206.45603864734,0.3816468570520692,,1147.542304691094,1697.31302220189,0.322071528276534,0.0,0.0
USGS_14148000,3049 catchments,False,43.6632923764374,-122.277795492111,2409.2,1204.43433298862,0.3550955385912723,,1069.9089232129315,1588.3665302901245,0.0937072614653612,0.172680348745406,0.0
USGS_14150000,3049 catchments,False,43.6999957289927,-122.35414374133,2605.19,1153.09295101553,0.3391356049382094,,1041.1667202320923,1594.6015092158798,0.086917050811746,0.370682861202076,0.0
USGS_14150300,3049 catchments,False,43.9731161093219,-122.479437786506,304.905,767.8125,0.2031558733562165,,1215.704448301432,1815.3988091339531,0.0005682496848749,0.0,0.0
USGS_14151000,3049 catchments,False,43.9476834818198,-122.527690389973,481.079,724.488461538462,0.181557410739974,,1071.6563091928926,1816.556635314981,0.0035862863393655,0.275265382343171,0.0
USGS_14152000,3049 catchments,False,43.7365769065046,-122.391233681899,3491.43,1020.68558718861,0.2946000832322585,,1048.9832757917068,1611.056899148903,0.412076454526025,0.318456749012497,0.0
USGS_14154500,3049 catchments,False,43.6670951256309,-122.721860546794,546.81,874.975113122172,0.1616334587257663,,963.68920644701,1655.8018625345017,0.0679803152714158,0.0,0.0
USGS_14155500,3049 catchments,False,43.6875282218028,-122.758759727814,696.403,811.622439893143,0.1432123538606936,,944.066709057367,1616.8294774304163,0.170362121204865,0.145248752540251,0.0
USGS_14157500,3049 catchments,False,43.7229196237233,-122.904099901427,1663.97,609.081936685289,0.1058640216511386,,821.5933581770155,1525.592544542183,2.11566442006442,0.0971696526358515,0.111111115353803
USGS_14158500,3049 catchments,False,44.4222985613142,-122.000755226311,237.077,1268.44908616188,0.4218258938856327,,1697.6273587776752,1717.657033687973,0.0,0.0,0.0
USGS_14158850,3049 catchments,False,44.378244564526,-121.980309381621,480.135,1273.31016731017,0.4273855009509231,,1881.1541290039063,1638.8290747806627,0.0004839967179577,0.0203176415849148,0.0294117664452642
USGS_14159000,3049 catchments,False,44.3054906196885,-121.971503409892,904.594,1294.06684856753,0.4516275321447732,,1723.4423302958942,1664.3772725849906,0.000413155525166,0.0124041142357807,0.0306372567138169
USGS_14159500,3049 catchments,False,43.9897906807113,-122.087515452855,539.596,1242.20932878271,0.3949680072700399,,1393.510414881576,1725.5379457674424,0.0010414928796568,0.336031316195478,0.0
USGS_14161100,3049 catchments,False,44.2806780149568,-122.232930996904,118.364,982.235294117647,0.3209683561954344,,1900.6108223641825,1872.3259342504616,0.0,0.0,0.0
USGS_14162200,3049 catchments,False,44.2477417389458,-122.230880259697,227.616,942.932432432432,0.3094869200643984,,1775.1721000811897,1873.4427620011,0.0014202990569174,0.249069782327806,0.0
USGS_14162500,3049 catchments,False,44.1661856998457,-122.082440229311,2402.69,1185.66340961687,0.3922604573154567,,1545.5594303304097,1720.477332178866,0.0009012929662187,0.104061812980896,0.0143472031440313
USGS_14163150,3049 catchments,False,44.1684655139193,-122.136586290169,2668.18,1130.57777777778,0.3425828365965124,,950.1661861431336,1691.99305976976,0.0009104635844576,0.150339444754864,0.0130718961978952
USGS_14163900,3049 catchments,False,44.1596148806571,-122.200308060368,2808.23,1099.97955594636,0.325870842452687,,945.1969595996268,1692.8825677426569,0.0143259297113653,0.1388665400353,0.0127877245414191
USGS_14166000,3049 catchments,False,43.9329965481385,-122.486149386757,8895.17,897.787743732591,0.2565769388733274,,1149.2189327848992,1634.775592230062,1.12425646835148,0.161480094103903,0.248766171137745
USGS_14172000,3049 catchments,False,44.2865978986612,-122.584302948601,268.026,650.049295774648,0.1234002523800736,,1460.4862938385486,1937.4891719994685,0.004132840471963,0.0,0.0
USGS_1417500,2339 catchments,False,42.0245833,-75.11927778,774.11375696964,,0.180666695909397,29.7628974367552,,,0.105987111084505,0.0,0.0970999999999999
USGS_14178000,3049 catchments,False,44.6069477805491,-121.954334310053,557.681,1277.08690869087,0.4496180883625624,,1641.897902513981,1641.4660368783216,0.0023220987245117,0.0,0.0217864936631587
USGS_14179000,3049 catchments,False,44.772388960248,-121.960028384768,272.542,1169.88036117382,0.4498179390072753,,1942.5353921896892,1746.0161833889254,0.0029208437772467,0.0,0.0
USGS_14181500,3049 catchments,False,44.6678649666547,-122.022951306668,1170.96,1151.30125523013,0.4057286640821983,,1774.810530398179,1763.9600827619508,0.0025154224547602,0.0920111750696921,0.0108932468315793
USGS_14182500,3049 catchments,False,44.8285175330032,-122.344213150637,286.848,835.288747346072,0.260649157216244,,2297.9245864000427,2041.818228879541,0.104021145923374,0.0,0.0
USGS_14183000,3049 catchments,False,44.7094404324152,-122.140478359552,1696.21,1018.96280245576,0.3481805275399957,,1832.7607097381897,1839.172483366765,0.0376574220513598,0.0626409708302842,0.0075414785757087
USGS_14185000,3049 catchments,False,44.382267100344,-122.316152983654,458.176,905.688502673797,0.2616098980660364,,1608.8158481999162,2005.3981960587569,0.0005122447286599,0.0,0.0
USGS_14185900,3049 catchments,False,44.5870911689756,-122.301544199694,258.196,932.235714285714,0.2594392728122896,,2238.159598560424,2024.880757208692,0.0011076069980238,0.0,0.0
USGS_14187000,3049 catchments,False,44.3285708473508,-122.533145918315,134.75,742.883408071749,0.1510250523334796,,1273.06199621347,1982.0949542763908,0.0,0.0,0.0
USGS_14187200,3049 catchments,False,44.4512693775741,-122.349972051044,1444.94,828.883375742154,0.2209403502272182,,1735.9941024038633,1978.0952770895367,0.0016652042990165,0.104581636127237,0.0
USGS_14187500,3049 catchments,False,44.4521060742872,-122.431599577233,1645.0,767.544709388972,0.2258574683488188,,1664.5515452863224,2017.509305977445,0.13634725790941,0.0999691840885353,0.0565610870790596
USGS_14189000,3049 catchments,False,44.6049717912116,-122.372063824178,4606.43,748.643132562159,0.247622371660304,,1572.073951424677,1941.847879191,2.3187122422956,0.0660481053662152,0.06412839300114
USGS_14198500,3049 catchments,False,44.9506846641481,-122.356132482911,252.167,872.672289156627,0.1884164384464647,,1913.2227116005365,1947.6966772697017,0.0002091391244903,0.0,0.0
USGS_1420500,2339 catchments,False,41.94641667,-74.9796667,626.127593016533,,0.180586751810921,29.9979875779567,,,0.130469606626038,0.0,0.1199691
USGS_14208700,3049 catchments,False,45.1253693232502,-121.754481953845,141.304,1150.04721030043,0.4006282908715805,,832.0230123942513,1486.6721588976166,0.0,0.686517725157417,0.0
USGS_14209000,3049 catchments,False,45.1086592550668,-121.813847683393,321.007,1146.55743879473,0.4092271688545431,,1357.7058756966887,1529.1955501592076,0.0,0.185266759684509,0.0
USGS_14209500,3049 catchments,False,44.9833522685722,-121.936719196647,1266.12,1090.62637889688,0.3720932715122305,,1419.9037199030508,1671.2310541222305,0.0005297498806612,0.0461171379735677,0.0
USGS_1420980,2339 catchments,False,41.9761983,-75.17072468,774.184065680487,,0.180666661627782,29.7627856270668,,,0.105977485702794,0.0,0.097
USGS_1421000,2339 catchments,False,41.97327778,-75.1747222,774.184065680487,,0.180666661627782,29.7627856270668,,,0.105977485702794,0.0,0.097
USGS_14210000,3049 catchments,False,45.0502499913262,-122.018091959328,1763.23,1028.44150034412,0.3256154195557498,,1423.571406451306,1712.68825275095,0.0004136594522198,0.0331096301164493,0.0
USGS_14216500,3049 catchments,False,46.2112235867461,-122.016986324804,349.524,931.341256366723,0.3777883139838016,,2203.6150677585188,2189.522002267633,0.0,0.0,0.0
USGS_14220500,3049 catchments,False,46.0829598654054,-122.058857590559,1898.36,834.741498740554,0.3141857813038671,,2285.4882524834798,2369.509330873492,0.029490487661502,0.0,0.0
USGS_14222500,3049 catchments,False,45.8145868307086,-122.289136476726,323.889,581.711926605505,0.1312988944824848,,2043.4604491304424,2390.0829723365778,0.0586556020134594,0.0,0.0
USGS_14226500,2339 catchments,False,46.61288969,-121.6792552,730.742817663477,,0.594217844795909,61.5423718274886,,,0.0024999522478971,0.0,0.0
USGS_1423000,2339 catchments,False,42.1661111,-75.14002778,784.99600060847,,0.211758890064482,30.9267767571168,,,0.0503019070294532,0.0,0.0352
USGS_14232500,3049 catchments,False,46.3701308706321,-121.637961977505,825.271,1248.34629229662,0.50445278263575,,1425.582683064002,1954.3946802528264,0.0,0.0,0.0
USGS_14233400,3049 catchments,False,46.5304466956138,-121.703224429107,2651.46,1115.42847578665,0.4664367170843787,,1608.9317232672884,1982.7710948778856,0.0677504626459584,0.0,0.0127877240352657
USGS_14233500,2339 catchments,False,46.4662217,-122.1089856,1121.30259532833,,0.481094812413398,56.4457371383057,,,0.0097361730658905,0.0,0.0
USGS_14236200,3049 catchments,False,46.6077943005777,-122.286389201056,360.993,674.854545454546,0.1408536140620441,,2040.1921788941756,1851.431233963577,0.144656181122021,0.0,0.0
USGS_14242580,3049 catchments,False,46.3090457927601,-122.458358706503,1292.23,690.955299539171,0.1670154672146056,,1468.2295957185231,1932.121516289772,0.0465808972570812,0.0386318601670483,0.0
USGS_14243000,3049 catchments,False,46.4775307473529,-122.153349217621,5774.02,783.954484742628,0.3094897036437499,,1482.749845474904,1958.319580514572,0.358730958748816,0.0294016840307676,0.0079223610968752
USGS_14245000,3049 catchments,False,46.1530656985572,-122.659330324711,306.008,425.428015564202,0.1079520311251596,,1244.1627377855366,1992.916437873018,0.0321219765901333,0.0,0.0
USGS_14308000,3049 catchments,False,43.0336147695667,-122.702937057156,1167.25,995.582305630027,0.2864491893296472,,794.4232925197084,1453.6169528083135,0.0,0.0,0.0
USGS_14308990,3049 catchments,False,42.7932921982282,-123.036969012279,167.756,932.22641509434,0.1464296095843978,,439.7798680877656,1142.3990946893994,0.0,0.0,0.0
USGS_14310000,3049 catchments,False,42.8185956369996,-123.411294197296,1194.81,722.082980972516,0.1335733790824406,,593.0861031385743,1227.9808102718468,0.636407432097353,0.0,0.0206398361019398
USGS_14312000,3049 catchments,False,42.9673634745415,-123.182883494544,4234.13,710.858435969729,0.1748475682151876,,582.5068594919331,1305.1731302394398,1.56641543953104,0.0056754112119783,0.132641296573531
USGS_14313500,3049 catchments,True,43.2191293050228,-122.117541765571,447.299,1717.81337047354,0.5683101855789915,,199.3204229757496,1260.0360025939565,0.0,0.0,0.0
USGS_14314500,3049 catchments,False,43.2100414784367,-122.232728361975,107.33,1600.64705882353,0.5375438518775234,,293.7072402163519,1403.9364584097057,0.0010764229809865,0.0,0.0
USGS_14316500,3049 catchments,False,43.2388763625617,-122.264375391078,1217.34,1484.48100616016,0.5018225132444756,,1069.532506025782,1385.1733553671224,0.0001699875360109,0.0,0.0
USGS_14316700,3049 catchments,False,43.4605910199659,-122.644112814832,587.898,959.659914712154,0.2592276312943978,,1093.4741433886402,1654.156829296448,4.50823194114491e-05,0.0,0.0
USGS_14318000,3049 catchments,False,43.1951978890961,-122.887242456742,459.469,872.441256830601,0.1805704805964938,,909.1137174832494,1437.7998598346048,0.0,0.0,0.0
USGS_14319500,3049 catchments,False,43.2981342188607,-122.677975780085,3514.59,1017.79914377453,0.2996036211415924,,948.2745641631152,1443.489080534761,0.916346903272841,0.0,0.0142602499743754
USGS_14321000,3049 catchments,False,43.1673512565792,-123.000738266304,9434.7,759.505549278926,0.2031132459248457,,703.3775233327864,1374.721475413245,1.5356720174851,0.0021150118322925,0.115522877856468
USGS_14328000,3049 catchments,False,42.9422896375372,-122.355370912872,811.444,1488.9140625,0.5021897848318667,,963.7609308691972,1422.9931373065074,0.0002820464634658,0.0,0.0
USGS_14330000,3049 catchments,False,42.9311193824329,-122.356154586151,985.713,1438.09447300771,0.4756208020177332,,1303.8754631571562,1344.1436012751767,0.0002444402683371,0.0,0.0
USGS_14333500,3049 catchments,False,42.7960247383665,-122.287706136295,116.248,1608.29473684211,0.5300371078525957,,953.3105237875716,1376.025890022352,0.0,0.0,0.0
USGS_14335500,3049 catchments,False,42.5022462996865,-122.412385180111,363.169,1237.25218914186,0.4016802687464941,,367.5364802740722,1189.8189605749667,0.0,0.0,0.0
USGS_14337500,3049 catchments,False,42.5419763888008,-122.496449289651,640.835,1085.02579365079,0.3173532809768976,,292.09812269054135,1096.9051384754246,0.0210815784004,0.0,0.0
USGS_14338000,3049 catchments,False,42.7876257667531,-122.682972989851,335.935,961.351401869159,0.2921882319740404,,575.5439814733086,1316.2068769627028,0.0,0.0,0.130718960038697
USGS_14339000,3049 catchments,False,42.7502786564197,-122.482741540107,3154.81,1196.9621242485,0.3875168231662593,,715.7147020127195,1252.6911542376629,0.46327853470757,0.254683735110527,0.0163398700048371
USGS_14362000,3049 catchments,False,42.0199144840875,-123.13913629938,580.179,1306.90818584071,0.3240580051523147,,675.8596833739854,1201.884121963415,0.051841061223637,0.262172200426586,0.0
USGS_14366000,3049 catchments,False,42.1082648152781,-123.067128749819,1252.84,1131.14636642784,0.2791257471319793,,385.4141132316941,1129.3052208597132,0.601195221145948,0.213066446924957,0.0
USGS_14369500,3049 catchments,False,42.1549873982415,-123.133075725554,1809.66,1008.27320861278,0.2232269056089773,,335.1521044187278,1072.6422125341076,2.59347422228706,0.160596127149718,0.0506008862547817
USGS_14372300,3049 catchments,False,42.5221922424582,-122.987976832844,10196.5,937.727691350342,0.2484726396758979,,498.5445243402109,1135.6182578418145,2.89658209475801,0.130930352176837,0.236825983956805
USGS_14372500,3049 catchments,False,41.972369632132,-123.607090592174,140.061,1117.47222222222,0.2345661636442274,,1109.8367393805145,1792.8762093024966,0.497858007748922,0.0,0.0
USGS_14377100,3049 catchments,False,42.0792135261353,-123.601318165433,985.369,890.112840466926,0.1991154345139459,,1125.0894822930857,1584.9219641577015,1.77260213345289,0.0,0.0245098053710535
USGS_1496500,2339 catchments,False,42.66555556,-74.9597222,267.797116434675,,0.201595591770931,30.7450208364497,,,0.12528740245539,0.0,0.2807381
USGS_15022000,2339 catchments,True,56.2129778,-131.6383585,173.539840274052,,0.498516547152869,79.2691770562248,,,0.0,0.0,0.0
USGS_15024500,2339 catchments,False,58.07194738,-130.8258869,3555.03207963805,,0.512893782470639,65.1954909478528,,,0.0,0.0,0.0
USGS_15024600,2339 catchments,False,57.9005445,-131.1561553,28893.9569750144,,0.557235377235145,68.3565094622687,,,0.0041468086148581,0.0,0.0
USGS_15024700,2339 catchments,False,56.7385818,-131.6753237,9507.34038426055,,0.673545593541529,80.5270669784142,,,0.0,0.0,0.0
USGS_15024800,2339 catchments,False,56.70772188,-132.1319653,50684.5341094533,,0.632876348631014,74.4505021507495,,,0.0023639895642048,0.0,0.0
USGS_1502500,2339 catchments,False,42.37777778,-75.4061111,339.590252016474,,0.203754935678473,30.05614672993,,,0.0515393217916021,0.0,0.0
USGS_15041200,2339 catchments,False,58.53829828,-133.7017432,16717.5662134705,,0.654600914252833,73.0227057161445,,,3.50511599174672e-05,0.0,0.0
USGS_1505000,2339 catchments,False,42.6786111,-75.5105556,574.835358988311,,0.204429788878179,31.4013801300679,,,0.16850062809307,0.0,0.0
USGS_15052500,2339 catchments,False,58.4293972,-134.5745592,178.119255645715,,0.556314818225407,86.1383411786295,,,0.0014097593453131,0.0,0.0
USGS_15081497,3049 catchments,False,55.7381819394849,-133.055794758116,132.464,263.434306569343,0.1338890980867324,,2480.107905955101,2401.534954119475,0.0,0.0,0.0
USGS_1509000,2339 catchments,False,42.60266667,-76.15938889,264.051283006164,,0.205271780965361,30.7474968671126,,,0.17671148079871,0.0,3.0803555
USGS_1510000,2339 catchments,False,42.5411111,-75.8997222,376.764018148885,,0.204911646997143,31.503560753274,,,0.0430228099654982,0.0,0.0
USGS_1512500,2339 catchments,False,42.21805556,-75.84813889,1877.45733645927,,0.199053736424606,30.0025107399775,,,0.0827963930918014,0.0,0.2134356
USGS_1515000,2339 catchments,False,41.98494444,-76.50125,6573.50308467108,,0.184965169917983,25.491958649104,,,0.450083727637604,4.82095960923982,0.8757159999999999
USGS_1520000,2339 catchments,False,41.99674048,-77.1399724,777.613550761301,,0.187814959741202,26.0647625402895,,,0.14572767155476,0.0,0.0
USGS_1520500,2339 catchments,False,42.0286111,-77.1322222,779.517982516957,,0.187794370494859,26.0584436406913,,,0.145371645893247,0.0,0.0
USGS_15212000,2339 catchments,False,61.46507857,-144.4579232,22198.8267747447,,0.769416636921829,88.9880999531876,,,0.0,0.0,0.0
USGS_1523500,2339 catchments,False,42.3348611,-77.6826667,146.797221515214,,0.204907209942479,28.400781504933,,,0.250777186246421,0.0,0.0
USGS_15239070,2339 catchments,False,59.80107399,-150.8849079,220.023865840595,,0.600532655951426,76.8292107824127,,,0.0009720430795399,0.0,0.0
USGS_1524500,2339 catchments,False,42.3134722,-77.6510833,148.806288748227,,0.204881945934505,28.3953812029565,,,0.247391386950483,0.0,0.4088236999999999
USGS_15258000,3049 catchments,True,60.4646928761214,-149.266976013785,1669.71,755.359307359307,0.6527460434275243,,1588.1727849466963,2386.3543467958334,0.0025535302209811,0.0,0.0
USGS_1526500,2339 catchments,False,42.1211111,-77.1291667,1426.73917328504,,0.196328745848422,26.898186708594,,,0.634265685424285,0.0,0.2983811
USGS_15266300,3049 catchments,False,60.5158433007804,-149.939108228814,5192.11,567.988913525499,0.5727973613226472,,1048.104832366267,1618.6022541637442,0.0009077195629627,0.0,0.0
USGS_15271000,2339 catchments,False,60.82027267,-149.427443,249.450024454031,,0.651043656111642,80.5469371816385,,,0.0079086942629624,0.0,0.0
USGS_15276000,3049 catchments,True,61.1580731312667,-149.449052784278,233.96,913.478798586573,0.5643002667242766,,553.86899310643,1375.0655390466554,0.0514642417430878,0.0,0.0
USGS_15284000,2339 catchments,False,61.6086312,-149.0730432,5329.73207479477,,0.659025625617441,80.4701378034417,,,0.0027457699204146,0.0,0.00472
USGS_15290000,2339 catchments,True,61.7097433,-149.231938,160.670902415857,,0.420218727502492,68.937891346146,,,0.0740071529077279,0.0,0.0
USGS_15292000,2339 catchments,True,62.7672899,-149.6933794,15801.1381914721,,0.460690407033392,68.2686844421451,,,0.0017869202759381,0.0,0.0
USGS_15292700,3049 catchments,True,62.3339061211031,-148.989397503601,5219.03,1108.42829754601,0.4262486886921665,,693.2018929194808,968.0924437886453,0.006086526436746,0.0,0.0
USGS_15294005,2339 catchments,False,61.78030346,-149.8866786,425.5020787816,,0.349957473403649,63.6406956116293,,,0.0255220020416115,0.0,0.0
USGS_15302000,2339 catchments,True,59.93483,-158.1900062,1290.35723539314,,0.498762818337307,59.1333598524101,,,0.0,0.0,0.0
USGS_15304000,2339 catchments,False,61.8687445,-158.1137848,80598.4442073036,,0.385987398022685,59.9840748920314,,,0.0003732950066174,0.0,0.0
USGS_1536000,2339 catchments,False,41.35924619,-75.744359,179.443285662492,,0.152436859759047,20.7779528716843,,,0.332149208893072,0.0,2.9665281
USGS_15388960,2339 catchments,False,67.4239232,-140.8938048,58898.1665841163,,0.406299514647762,63.6991361265842,,,0.0220579058414511,0.0,0.0
USGS_1543000,2339 catchments,False,41.4133959,-78.1969524,703.667179290833,,0.171273143076805,26.079653436604,,,0.0258195457332499,0.0,0.0712
USGS_1543500,2339 catchments,False,41.31728467,-78.1030596,693.255677912733,,0.172257375332558,26.3243216501757,,,0.0086248586402612,0.0,0.0
USGS_1544000,2339 catchments,False,41.4017305,-78.0241674,634.661136054545,,0.173297046401035,26.5370106953754,,,0.0049677468722334,0.0,0.0
USGS_1544500,2339 catchments,False,41.4758994,-77.8258251,129.066459457198,,0.169595550968987,26.3502000352173,,,0.0006892125579644,0.0,0.0
USGS_1545000,2339 catchments,False,41.31950954,-77.873882,604.350793010294,,0.166962400892818,25.5832221620619,,,0.0167536535273389,0.0,0.0
USGS_1545600,2339 catchments,False,41.38951168,-77.6908191,105.632235381208,,0.16106184655117,24.590206354741,,,0.0008592829888864,0.0,0.0
USGS_15476000,2339 catchments,False,63.3879716,-143.748634,21778.9343403748,,0.483423945669315,63.1566712198142,,,0.000111410575766,0.0,0.0
USGS_15484000,2339 catchments,True,64.47152778,-146.9280556,5734.43130532569,,0.296555340442355,59.2471795550638,,,0.0,0.0,0.0
USGS_1548500,2339 catchments,False,41.52173586,-77.4474798,1444.66687103745,,0.175610088596678,26.6422858724885,,,0.0316532469934896,0.0,0.052
USGS_15485500,2339 catchments,False,64.792344,-147.8413097,51872.6441016377,,0.431807690731557,63.6978596672861,,,0.0027979634387466,0.0,0.0
USGS_15493000,2339 catchments,True,64.9019722,-146.3613333,870.080133847856,,0.308686878063711,58.3789819221632,,,0.0,0.0,0.0
USGS_1549700,2339 catchments,False,41.273683,-77.32414028,468.280193532896,,0.155981404368086,24.041271338632,,,0.0478400063350442,0.0,0.0
USGS_1550000,2339 catchments,False,41.41813179,-77.0330238,394.605061303364,,0.156571469113114,24.1339226380498,,,0.0375387714043542,0.0,0.0
USGS_15511000,2339 catchments,True,64.88568988,-147.2496477,891.474477009355,,0.2894173374147,55.7117066615934,,,0.0,0.0,0.0
USGS_15514000,2339 catchments,False,64.8454026,-147.703536,5577.64771602737,,0.297402059454188,56.387278021791,,,0.0093911763596503,0.0,0.0
USGS_15515500,2339 catchments,False,64.5649444,-149.094,66361.5534561883,,0.410397557526382,62.1426864611812,,,0.0229295889017092,0.0,0.0
USGS_15744500,2339 catchments,False,66.972994,-160.1336307,24563.9694536414,,0.426321482540621,65.2365323910342,,,0.0,0.0,0.0
USGS_15747000,2339 catchments,True,67.8754405,-163.6773733,1545.43172767026,,0.511081163992687,67.0803454993253,,,0.0,0.0,0.0
USGS_15896000,3049 catchments,True,69.4292023407773,-149.571984595005,8654.48,261.565168539326,0.5012542544343641,,142.09055690611223,323.13874295505843,0.0,0.0,0.0055233362576806
USGS_15908000,3049 catchments,True,68.5246529810256,-148.635361501115,4821.85,1154.97337978178,0.4671444433362146,,313.58966197740966,535.6561968502278,0.0,0.0,0.002614379239579
USGS_3010500,2339 catchments,False,41.963398,-78.3861287,1421.56582031921,,0.185324800061407,28.4310750254763,,,0.0494658507869514,0.0,0.0
USGS_3011020,2339 catchments,False,42.1568333,-78.7155556,3766.30214791326,,0.194095644998484,29.1010938234228,,,0.0822696670011603,0.816652657221821,0.3324057
USGS_3014500,2339 catchments,False,42.11263889,-79.20363889,363.057647890069,,0.19599160283207,29.7124117012929,,,0.254874991338596,0.0,0.2312974
USGS_4014500,2339 catchments,False,47.33741728,-91.2007189,189.756163092286,,0.251010348301985,42.6125916192122,,,0.0038246725242406,0.0,0.0
USGS_4015330,2339 catchments,False,46.94688005,-91.7924013,193.159395129258,,0.2234438168864,35.3231990095876,,,0.0174890154446066,0.0,0.0
USGS_4024430,2339 catchments,False,46.6333333,-92.0938889,1088.9342618474,,0.197893874346538,36.1178670343136,,,0.413584940212348,0.0,0.0
USGS_4027000,2339 catchments,False,46.4866144,-90.696297,376.136100356535,,0.256063001524165,40.0618188011453,,,0.102460115280119,0.0,0.0
USGS_4031000,2339 catchments,False,46.5113361,-90.0746179,465.002624883069,,0.266931498263251,41.9419189730066,,,0.0085463269387667,0.0,0.6450085
USGS_4031500,2339 catchments,False,46.3721704,-89.6923791,182.531138260857,,0.264647729974971,40.2180127403359,,,0.0013313802212999,0.0,0.0
USGS_4033000,2339 catchments,False,46.3568916,-89.0765285,427.81770230643,,0.267165259597504,40.0931716085298,,,0.0077215109977476,0.0,0.1172303
USGS_4035500,2339 catchments,False,46.6991073,-89.160141,744.27740621541,,0.271852774409739,41.5758990418587,,,0.0071025753064362,0.0,0.0
USGS_4040500,2339 catchments,False,46.58410589,-88.5759697,126.272193783402,,0.278641470994189,42.1492144957258,,,0.0005610979440227,0.0,0.0
USGS_4041500,2339 catchments,False,46.7258333,-88.6624167,891.605940587872,,0.276801141599509,42.0825621769641,,,0.0037592047169335,0.0,0.0
USGS_4045500,2339 catchments,False,46.5745833,-85.26963889,1949.2537779951,,0.240964468259691,38.04691033045,,,0.0202129211817314,0.0,0.1028833
USGS_4056500,2339 catchments,False,46.03052857,-86.161249,859.020302927649,,0.254711077055158,38.4246131581469,,,0.0023132859589341,0.0,0.0
USGS_4057510,2339 catchments,False,45.9430235,-86.7056997,487.275476684898,,0.245412649124763,37.39350344286,,,0.0023805643909839,0.0,0.0
USGS_4057814,2339 catchments,False,46.4393822,-87.7979128,144.396970380629,,0.278431973891315,41.4600131811386,,,0.0161382133006748,0.0,0.0
USGS_4059500,2339 catchments,False,45.7549674,-87.2020793,1001.21115797382,,0.228325769008211,37.074312974455,,,0.0920579836700617,0.0,0.0
USGS_4060500,2339 catchments,False,46.05856639,-88.627354,208.95473480107,,0.251202839542326,39.1029888687497,,,0.413599580146319,0.0,1.2098804
USGS_4060993,2339 catchments,False,45.96078737,-88.3159663,975.820257282766,,0.24577052751188,39.0024555059336,,,0.249366713712806,0.0,0.2825508
USGS_4061000,2339 catchments,False,45.95856448,-88.2659667,1010.1697563209,,0.245227731585337,38.9167589540693,,,0.246920328095646,0.0,0.3202417999999999
USGS_4061500,2339 catchments,False,46.1057841,-88.3348576,1357.37834036985,,0.262945982024576,41.1068428372306,,,0.0619593911200975,0.0,0.0
USGS_4062000,2339 catchments,False,46.0110635,-88.2584682,1661.72527281157,,0.259841742118251,40.5466223537732,,,0.0696433443124898,0.0,0.0604
USGS_4062500,2339 catchments,False,46.113838,-88.2159687,1420.65720526559,,0.270295651686636,41.2143614473118,,,0.0179987907121331,0.0,0.0528999999999999
USGS_4063500,2339 catchments,False,45.8713433,-88.07012869,1452.17483443714,,0.230552138648018,37.7337698534331,,,0.0370562839662501,0.0,0.0
USGS_4063522,2339 catchments,False,45.86606566,-88.074573,1452.17483443714,,0.230552138648018,37.7337698534331,,,0.0370562839662501,0.0,0.0
USGS_4063700,2339 catchments,False,45.7636111,-88.4636111,216.067464898343,,0.229545755723719,38.3344134557127,,,0.0355746459866878,0.0,0.0
USGS_4064500,2339 catchments,False,45.8372222,-88.2252778,1370.41685479907,,0.230985316108895,37.8421518550262,,,0.032286916814174,0.0,0.0
USGS_4066500,2339 catchments,False,45.5,-88.0,305.488812932058,,0.21069800432834,35.0399709336196,,,0.0617878344221456,0.0,0.0
USGS_4071000,2339 catchments,False,44.865,-88.3,1610.13276751728,,0.195875236066934,32.0857847412746,,,0.24691097848097,0.0,0.0311
USGS_4073500,2339 catchments,False,43.95388889,-88.9525,2957.74272810905,,0.157020520504122,22.9687832464066,,,3.95736410128208,4.77985596255295,0.3663181
USGS_4074950,2339 catchments,False,45.18997026,-88.7334398,1205.82440979215,,0.210856802595885,35.1638319689572,,,0.796200880206225,0.0,0.1263359
USGS_4077000,2339 catchments,False,44.8910924,-88.65510429,440.182415478252,,0.190941704569184,32.4887568426196,,,1.53148978737322,0.0,0.1138600999999999
USGS_4078500,2339 catchments,False,44.7247222,-88.7361111,891.077472938952,,0.181809228895207,31.1535343278218,,,0.349510693700831,0.0,0.0562
USGS_4079000,2339 catchments,False,44.3922026,-88.7403812,1710.36951719522,,0.178231215499547,29.236688516562,,,0.769225317131937,0.0,0.4456906
USGS_4085200,2339 catchments,False,44.45833125,-87.5564746,208.657430277837,,0.175812317297979,24.9852095640021,,,0.623971808733697,0.0,0.2401548
USGS_4085427,2339 catchments,False,44.10616667,-87.7160278,270.981118251906,,0.1737457148233,25.1800175674325,,,0.23545748390618,0.0,0.0
USGS_4086000,2339 catchments,False,43.74138889,-87.7521111,273.463807068027,,0.165608434628928,20.9649363535274,,,0.203254745996438,0.0,0.4311739
USGS_4086500,2339 catchments,False,43.32305556,-87.9786111,309.711255832039,,0.16030039909975,23.041412079755,,,0.289523001645203,0.0,1.7490668
USGS_4122000,2339 catchments,False,43.42224288,-85.8019952,6296.57792997986,,0.192913329696906,28.930526331798,,,1.68816051255115,2.68381620512936,0.5672774
USGS_4122500,2339 catchments,False,43.9450063,-86.2786896,584.917810296303,,0.178547771260016,27.6574404403874,,,0.996421463945647,0.0,0.0
USGS_4124000,2339 catchments,False,44.43639239,-85.6986792,2026.41553901723,,0.228577993002689,33.7859441623914,,,0.619838569084804,0.0,0.0371
USGS_4124500,2339 catchments,False,44.102511,-85.5172766,145.436148695859,,0.208683757418761,32.3104004156662,,,0.846776373262744,0.0,0.0
USGS_4125460,2339 catchments,False,44.19334009,-85.7697863,574.505900384471,,0.203280815008288,31.7194391351464,,,0.560293713875047,0.0,0.0
USGS_4127800,2339 catchments,False,45.10111787,-85.0972788,112.594842030928,,0.242989999434626,33.7044453991699,,,0.584876210589339,0.0,0.0
USGS_4127917,2339 catchments,False,46.19055556,-84.6122222,476.936086398441,,0.228152764868518,37.4160779577458,,,0.0282783701365141,0.0,0.2626682999999999
USGS_4127918,2339 catchments,False,46.1858505,-84.5978262,476.936086398441,,0.228152764868518,37.4160779577458,,,0.0282783701365141,0.0,0.2626682999999999
USGS_4127997,2339 catchments,False,45.27445746,-84.6000315,236.480994929359,,0.242498010014312,35.2255328425312,,,0.374846154597935,0.0,0.0
USGS_4128000,2339 catchments,False,45.29890157,-84.6111438,236.432542476314,,0.242498510436244,35.2255666723868,,,0.374922972346941,0.0,0.0
USGS_4128990,2339 catchments,False,45.156124,-84.4675226,131.548604742271,,0.23971506151219,34.925601915006,,,0.405316540642382,0.0,0.0
USGS_4129000,2339 catchments,False,45.1708462,-84.43835459,141.01397394715,,0.239667006375799,34.9110111675221,,,0.37811022488064,0.0,0.0
USGS_4129500,2339 catchments,False,45.37445696,-84.5150313,349.163854703169,,0.238646667269132,34.7353753070877,,,0.167689053222698,0.0,0.0
USGS_4130500,2339 catchments,False,45.39251206,-84.3333547,117.427675048706,,0.234886837022917,34.1685686532019,,,0.0344805278438611,0.0,0.0
USGS_4133501,2339 catchments,False,45.1241787,-83.63554,321.352594220823,,0.223541585216286,32.797750998148,,,1.49553483031404,0.0,0.0
USGS_4135500,2339 catchments,False,44.65973729,-84.7125289,189.094981245119,,0.230396346464626,34.7429849190483,,,0.0980488176478498,0.0,0.4371284
USGS_4135700,2339 catchments,False,44.61473849,-84.455575,823.24414214861,,0.231163511719812,34.5702043002316,,,0.113615505644237,0.0,1.6017951999999998
USGS_4136500,2339 catchments,False,44.66001385,-84.1311167,2885.54361205922,,0.225611899213961,33.2737261523541,,,0.103145717988031,0.0,0.9264326
USGS_4137500,2339 catchments,False,44.43640447,-83.4338609,678.933290499215,,0.197168916699558,28.1939595739009,,,0.0609105115018985,0.0,0.2479953
USGS_4140500,2339 catchments,False,44.3133518,-84.0694414,252.035505729712,,0.198131289479094,29.5943379621959,,,0.101535458524284,0.0,0.0
USGS_4142000,2339 catchments,False,44.0725203,-84.0199939,781.650689534907,,0.190912410938204,28.3852999155057,,,0.0978964571415807,0.0,0.64107
USGS_4146000,2339 catchments,False,43.0447494,-83.33716779,145.156907962414,,0.155872992639396,21.9637233150088,,,0.463167294407656,0.0,0.1724791
USGS_4150500,2339 catchments,False,43.58418519,-83.1760579,247.443502749729,,0.173418245412255,23.301065177668,,,0.710441908601376,0.0,0.0937
USGS_4151500,2339 catchments,False,43.3278021,-83.7480196,2084.27697262717,,0.167001241851895,21.9042873909903,,,0.975673234311851,0.0,0.6605939
USGS_4152500,2339 catchments,False,43.8794687,-84.4738977,366.523996897395,,0.186957497512328,28.0562895253306,,,0.078928221666974,0.0,1.1025273
USGS_4159492,2339 catchments,False,43.15086,-82.6246474,1076.79370351881,,0.161803355054967,21.0265819852298,,,0.697607836106392,0.0,0.3489807
USGS_4227500,2339 catchments,False,42.76666667,-77.83888889,881.149570990401,,0.206311773991815,27.2938205817972,,,0.602028268619521,0.0,0.2558037999999999
USGS_4228500,2339 catchments,False,42.9227222,-77.7574167,4059.17745621779,,0.204626320082657,28.2224977903757,,,0.838129139975995,1.85123754898125,0.1418934
USGS_4231600,2339 catchments,False,43.1417222,-77.6163056,5716.0332453967,,0.201387284067856,27.326151405879,,,0.909670387113503,3.3099641406498,0.3163786
USGS_4232000,2339 catchments,False,43.18088889,-77.6283056,5716.0332453967,,0.201387284067856,27.326151405879,,,0.909670387113503,3.33586033374745,0.3163786
USGS_4234000,2339 catchments,False,42.4533333,-76.47277778,121.098210412442,,0.188003777283176,27.7821947957526,,,0.0457213875465725,0.0,1.2339269
USGS_4235000,2339 catchments,False,42.9182222,-77.23277778,546.778652505764,,0.186316867141437,24.924818905525,,,0.235173316704636,0.0,1.4803677
USGS_4235500,2339 catchments,False,42.94666667,-76.5986111,382.556132291133,,0.199300027971113,27.503973823038,,,0.223777996174266,0.0,0.3275269
USGS_4242500,2339 catchments,False,43.3011111,-75.6214722,348.962100884491,,0.215909290283163,37.4424868461009,,,0.0209759123731782,0.0,0.0
USGS_4243500,2339 catchments,False,43.09755556,-75.6394167,100.519306236425,,0.189788996878016,29.7272951599636,,,0.248308305914584,0.0,0.0
USGS_4246500,2339 catchments,False,43.24694444,-76.1697222,3554.23857191416,,0.192921132031972,29.1094850318511,,,0.239200884659086,0.878822767165529,2.2810199
USGS_4250750,2339 catchments,False,43.81369444,-76.0744444,329.02782559766,,0.211700097934821,34.231161424003,,,0.0533436713957806,0.0,0.072
USGS_4252500,2339 catchments,False,43.5116111,-75.30677778,180.040143961267,,0.218387132520451,37.0370194748628,,,0.0711463752454868,0.0,0.0
USGS_4256000,2339 catchments,False,43.74680556,-75.3334444,221.751817997834,,0.252254718672564,38.4985551601988,,,0.0063583277907399,0.0,0.0
USGS_4262500,2339 catchments,False,44.18555556,-75.3308333,142.027322187543,,0.222187233521854,34.6760459347256,,,0.009184519473758,0.0,0.0
USGS_4263000,2339 catchments,False,44.5994444,-75.37888889,1392.37302247691,,0.196053932544677,29.7138757451198,,,0.0376502142235513,3.08586882057317,0.7208965
USGS_4266500,2339 catchments,False,44.23466667,-74.5716667,1288.22420362638,,0.273668693938775,39.1923519505932,,,0.0136205048033293,2.62881642554977,0.0397
USGS_4268800,2339 catchments,False,44.59875,-74.7372222,336.517767624388,,0.250361749167119,37.7939750544522,,,0.0089391693340915,0.0,0.0
USGS_4269000,2339 catchments,False,44.8637222,-74.7786944,1578.00065648366,,0.241867800107506,36.4882391798556,,,0.0407865180823673,0.0,0.1746425999999999
USGS_4270000,2339 catchments,False,44.7561111,-74.21888889,269.645016137714,,0.256689979701111,38.3776389301544,,,0.0128791899226313,0.0,0.0
USGS_4275000,2339 catchments,False,44.43738889,-73.6809722,508.671241996275,,0.248520832931435,40.1356853782412,,,0.0397713591248982,0.0,0.0
USGS_4275500,2339 catchments,False,44.45175,-73.6426667,509.218038811983,,0.248512806976612,40.1326157991143,,,0.0397286527577463,0.0,0.043
USGS_4276500,2339 catchments,False,44.3583333,-73.3944444,262.11008596241,,0.224343228678512,34.3951540009572,,,0.0930061790317052,0.0,0.0
USGS_4280000,2339 catchments,False,43.6242324,-73.3115011,117.548784185186,,0.213396820390451,30.2085872580186,,,0.127909911977043,0.0,0.0
USGS_4282000,2339 catchments,False,43.6036792,-73.0131628,164.771075473119,,0.221851688250331,32.4622311378427,,,0.0758095763337912,0.0,0.4563104999999999
USGS_4282500,2339 catchments,False,44.01311488,-73.1678954,295.820396513216,,0.230518063909487,34.4436798904015,,,0.0382778759033224,0.0,0.3072028
USGS_4285500,2339 catchments,False,44.29950278,-72.57872119,130.089812529012,,0.239891865287217,38.8701715675079,,,0.0406551894760437,0.0,0.0
USGS_4286000,2339 catchments,False,44.25672595,-72.59344318,240.968575200498,,0.236117678522834,38.2325396960575,,,0.075598394913931,0.0,0.4110947
USGS_4287000,2339 catchments,False,44.1825606,-72.6406655,166.232776829315,,0.235906191506781,38.3408998546455,,,0.0643429718959273,0.0,0.5959243000000001
USGS_4288000,2339 catchments,False,44.2772802,-72.7426163,357.330271828739,,0.234908075401505,38.126820839648,,,0.0514120378379581,0.0,0.0
USGS_4292000,2339 catchments,False,44.6228287,-72.6762308,164.258409571062,,0.240526129195049,39.6506257855865,,,0.0566166864151591,0.0,0.0
USGS_4292500,2339 catchments,False,44.67921477,-73.0726365,1486.65218973362,,0.238491597709231,38.9534609112826,,,0.0898901933731654,1.80970442932297,0.4719026
USGS_4293000,2339 catchments,False,44.97282337,-72.38538628,266.728308020991,,0.243615366977513,40.4924171375861,,,0.0625088627194045,0.0,0.281823
USGS_4293500,2339 catchments,False,44.96004599,-72.696521,215.419056487417,,0.234785450389501,39.8252761367819,,,0.027310155509512,0.0,0.0
USGS_4296000,2339 catchments,False,44.8689363,-72.2701041,316.091493145212,,0.246193433106317,40.0678406091397,,,0.134943765390704,0.0,0.2378842
USGS_4296500,2339 catchments,False,44.94032449,-72.1892684,370.046863255464,,0.247709982747823,39.9693407367367,,,0.0570171741721701,0.0,0.3019672
USGS_5054500,2339 catchments,False,47.7027775,-99.9490145,1166.55896001459,,0.239939074665264,30.6008500718864,,,0.136272594890465,0.0,0.0
USGS_5056000,2339 catchments,False,47.8055534,-98.7162172,4894.72305627804,,0.228956513258691,31.3345689178034,,,0.417394287089449,0.0,0.0306999999999999
USGS_5056400,2339 catchments,False,48.1777762,-99.2212455,1405.12400283878,,0.224616707949988,32.7287095122896,,,0.67670909483301,0.0,0.0
USGS_5057000,2339 catchments,False,47.43277097,-98.0275954,6790.50473479836,,0.224393044527933,31.6263475821703,,,0.506274808427627,0.0,0.0222
USGS_5057200,2339 catchments,False,47.2291562,-98.1248189,1468.272588099,,0.211467450428814,31.0052966698255,,,1.45600525377699,0.0,0.0
USGS_5059700,2339 catchments,False,46.6216388,-97.5739851,2011.1145348504,,0.197263746707303,29.5039232133477,,,0.903352411399923,0.0,0.0
USGS_5067500,2339 catchments,False,47.41247148,-96.764244,188.432085352103,,0.188028088676619,32.3000390576393,,,0.0673907161338271,0.0,0.0
USGS_5069000,2339 catchments,False,47.61191807,-96.8147998,1246.85457855654,,0.195400850005084,33.1641045262457,,,0.87376820703688,0.0,0.0402
USGS_5078230,2339 catchments,False,47.84301627,-95.8586369,557.506388332537,,0.205487214531762,35.0169826767029,,,3.42058733990079,0.0,0.045
USGS_5084000,2339 catchments,False,48.1972148,-97.7306431,787.617600412303,,0.219643892427212,34.5141282974164,,,0.42197584461918,0.0,0.0
USGS_5085000,2339 catchments,False,48.286099,-97.3700763,1338.48292012455,,0.216746378281013,34.0000204745122,,,0.577002553485602,0.0,0.0
USGS_5087500,2339 catchments,False,48.3402552,-96.8164502,604.089464296547,,0.202720788603161,35.7807802113602,,,0.0684497264573072,0.0,0.0
USGS_5089000,2339 catchments,False,48.401938,-97.7823124,515.931807954214,,0.227824784306599,35.7019609996708,,,0.111424130247858,0.0,0.0503
USGS_5090000,2339 catchments,False,48.4247108,-97.412023,724.417399011277,,0.224893977906044,35.1243271148858,,,0.147866617934301,0.0,0.1743175
USGS_5094000,2339 catchments,False,48.7324786,-96.6675444,1149.21843262621,,0.205307899337021,35.8991641696703,,,0.118266874221046,0.0,0.0
USGS_5099100,2339 catchments,False,49.02139217,-98.6040036,823.19788046546,,0.238068824467088,35.8964085089724,,,0.0036547161726687,0.0,0.0
USGS_5099300,2339 catchments,False,49.031389,-98.2781578,7297.73909717875,,0.242811959389778,35.962134694171,,,0.165162014932002,0.0,0.0102
USGS_5099400,2339 catchments,False,48.86527259,-98.0059317,426.647280401365,,0.234507108838391,36.2392795143505,,,0.0027523905982302,0.0,0.0
USGS_5099600,2339 catchments,False,48.9133284,-97.9170369,7593.89577035588,,0.242546705130655,35.9561009486436,,,0.175079245012573,0.0,0.00979
USGS_5100000,2339 catchments,False,48.9897138,-97.5570221,8270.75012306343,,0.241588162735742,35.9276797008861,,,0.169238310446594,0.0,0.0151
USGS_5104500,2339 catchments,False,48.79470197,-95.7424885,514.061878894588,,0.20904291362349,37.0601954822755,,,0.0682043230135916,0.0,0.0
USGS_5106000,2339 catchments,False,48.99248859,-95.6621992,432.165496951776,,0.214944197646121,37.3088343808055,,,0.0,0.0,0.0
USGS_5107500,2339 catchments,False,48.9102603,-95.9219402,2678.63990197519,,0.212041548715571,37.5183880391092,,,0.0466311607444686,0.0,0.0562
USGS_5113360,2339 catchments,False,49.00031148,-103.3526894,2594.98664453609,,0.255191960662206,29.0775466519184,,,0.101325041684348,0.0,0.0
USGS_5113600,2339 catchments,False,48.9811417,-103.0765734,1233.98307265127,,0.254266407174341,30.0585328652406,,,0.618646914009223,0.0,0.0
USGS_5113800,2339 catchments,False,49.02836427,-102.8504554,624.955914609231,,0.255885588788032,30.9849690204346,,,0.154052173087279,0.0,0.0
USGS_5120500,2339 catchments,False,48.13833739,-100.5398623,766.860906344784,,0.233667172041722,30.4722085651521,,,0.774052277885305,0.0,0.0
USGS_5123400,2339 catchments,False,48.58777637,-100.441523,1290.90923532971,,0.22352402706254,31.3522251530153,,,0.15358574986477,0.0,0.0583
USGS_5124480,2339 catchments,False,47.9226749,-91.535126,635.353776633491,,0.260142256398552,40.3619641278835,,,0.0034761840444137,0.0,0.0
USGS_5127500,2339 catchments,False,48.0823937,-91.6526237,1329.88703755023,,0.258046160762765,35.9287567391064,,,0.004241650656328,1.55769947163281,0.0
USGS_5130500,2339 catchments,False,47.6735376,-92.9001819,161.177626633573,,0.213036416377747,38.060465556164,,,0.0059513834373327,0.0,0.0
USGS_5132000,2339 catchments,False,48.1957849,-93.8071245,877.464559622638,,0.211699083649125,39.630980117197,,,0.0295459215824676,0.0,0.0
USGS_5290000,2339 catchments,False,45.6158333,-96.8755556,370.856406169947,,0.208671969613929,28.2751801419929,,,0.341073168853317,0.0,0.0
USGS_5291000,2339 catchments,False,45.2916316,-96.487557,1056.73972878475,,0.205862688714897,27.1452347599193,,,0.989741629173759,0.0,0.087
USGS_5293000,2339 catchments,False,45.2269094,-96.353665,1159.51200676071,,0.199089496343528,26.5268794947295,,,1.23775563951756,0.0,0.00991
USGS_5300000,2339 catchments,False,44.99523647,-95.9197542,2883.54426932497,,0.193794698662445,26.370605869625,,,0.84547019791494,0.0,0.0261
USGS_5301000,2339 catchments,False,45.0213472,-95.8683648,3236.19545287892,,0.192175462854799,26.2014217430604,,,0.924331813716106,0.0,0.0232
USGS_5313500,2339 catchments,False,44.71516667,-95.5441111,1731.94438950472,,0.188092191075257,25.432100283387,,,0.563766070479003,0.0,0.0257999999999999
USGS_5315000,2339 catchments,False,44.43016667,-95.8295556,679.61146520194,,0.188930131744295,25.7061452883987,,,0.658760901201144,0.0,0.0
USGS_5316500,2339 catchments,False,44.5235701,-95.1724992,1604.42140162446,,0.183891748439687,25.1638213347328,,,0.373080284739085,0.0,0.3748252
USGS_5317000,2339 catchments,False,44.28939167,-94.4386056,3372.483410521,,0.17397328055004,24.5602078130189,,,0.50650535870291,0.0,0.1120335
USGS_5320000,2339 catchments,False,44.09552035,-94.1094019,2191.74408073984,,0.161884347991021,23.8150036879187,,,0.917996120843142,1.57486636012258,0.1371592999999999
USGS_5320500,2339 catchments,False,44.10968777,-94.0419002,2859.66516296267,,0.153880499303708,23.9506226457606,,,0.319279339456043,4.1708258568849,0.1815589
USGS_5325000,2339 catchments,False,44.1688553,-94.0032886,8952.40939455531,,0.156362243977835,23.5268071047797,,,0.407047772682547,1.3310037075482,0.1796251
USGS_5336700,2339 catchments,False,46.1055048,-92.8640899,2254.34262349939,,0.192048337117214,35.1409802094934,,,0.224469100294888,0.0,0.1111956
USGS_5338500,2339 catchments,False,45.84162199,-92.9335412,2103.6054822516,,0.180835799941019,33.0211174211488,,,0.441226915733784,2.39908335802527,0.1429907
USGS_5340500,2339 catchments,False,45.4069444,-92.6469444,16240.5697434565,,0.186823028152071,33.4464922016057,,,0.423517210258562,4.23670602752188,0.1796216
USGS_5362000,2339 catchments,False,45.30802638,-90.956525,1474.51976343463,,0.191974881096848,35.581475404434,,,0.0709713398830025,0.0,0.0849999999999999
USGS_5379500,2339 catchments,False,44.13175,-91.5530278,1669.76503846364,,0.155247397663208,27.8966372846774,,,1.41587030462535,0.0,0.045
USGS_5381000,2339 catchments,False,44.5597222,-90.615,1773.37146550969,,0.175314284893457,32.376161385942,,,0.0921175110853393,0.0,0.1872351
USGS_5382000,2339 catchments,False,44.06027778,-91.2872222,5433.10998115425,,0.163750697963405,29.4521151429268,,,0.325300397481853,1.13219694667995,0.3009105
USGS_5385000,2339 catchments,False,43.76857719,-91.5698654,753.490727971958,,0.151386067378098,24.5159146460851,,,0.069857128838879,0.0,0.0
USGS_5387500,2339 catchments,False,43.3048888,-91.7955429,1239.22116816967,,0.148124911251075,23.6958473594019,,,0.186476904100868,0.0,0.0909
USGS_5388250,2339 catchments,False,43.4210841,-91.5087519,300.122156640706,,0.146034148604043,24.2429565258534,,,0.0723330907371939,0.0,0.0
USGS_5394500,2339 catchments,False,45.2358333,-89.6497222,473.695272617063,,0.202295021919291,35.2825967231746,,,0.274903021675753,0.0,0.0
USGS_5397500,2339 catchments,False,44.91888889,-89.5519444,184.941335103835,,0.186016226680881,32.8060638897224,,,0.889101199614436,0.0,0.0
USGS_5399500,2339 catchments,False,44.8219098,-90.0795754,451.917391809062,,0.176690685374166,32.2782438841464,,,0.726315098426181,0.0,0.2218612
USGS_5403500,2339 catchments,False,43.8797222,-90.1619444,1191.9019003823,,0.158696468006132,26.5287055533926,,,0.991107132883071,0.0,0.4414562
USGS_5408000,2339 catchments,False,43.57414037,-90.6431861,688.660967917337,,0.155989818519398,26.4862461253423,,,0.413313160326978,0.0,0.0
USGS_5412500,2339 catchments,False,42.7399884,-91.261799,1052.0951169751,,0.129118889507192,20.7970736097639,,,0.0847101761915254,0.0,0.0
USGS_5413500,2339 catchments,False,42.72027778,-90.8191667,696.150068974298,,0.132158271317786,21.2416360366201,,,0.104997919476364,0.0,0.072
USGS_5414000,2339 catchments,False,42.7311111,-90.6402778,227.975349001263,,0.132379439562194,20.7511687868421,,,0.52577650047307,0.0,1.319102
USGS_5421000,2339 catchments,False,42.46359796,-91.8951722,2383.41992230025,,0.128181722241571,20.2969075761769,,,0.2430358444101,0.0,0.0
USGS_5422000,2339 catchments,False,41.7669722,-90.5348556,6046.82670130552,,0.118183641730035,17.712933869752,,,0.224156708970648,0.0,0.1549931
USGS_5425500,2339 catchments,False,43.18805556,-88.7261111,2011.85029677323,,0.16065520550052,22.4960843063544,,,0.406250007884234,4.30557978462761,0.8500829
USGS_5432500,2339 catchments,False,42.67777778,-90.1186111,108.060198225687,,0.130723470471291,19.764047949771,,,0.0912381277294288,0.0,0.0
USGS_5433000,2339 catchments,False,42.78555556,-89.8611111,572.281779160452,,0.14001576757569,22.3207273067591,,,1.38668981859049,0.0,0.1312726
USGS_5434500,2339 catchments,False,42.51,-89.8013889,2452.52314453348,,0.135129126102638,21.1844675474164,,,0.913536679836216,0.0,0.0306
USGS_5435500,2339 catchments,False,42.30027778,-89.6152778,3440.45518150046,,0.132923085285268,20.5292606119575,,,0.869056520228981,0.0,0.4572404
USGS_5437500,2339 catchments,False,42.45027778,-89.0725,6793.54659261261,,0.131470621367122,19.7915353609944,,,1.07365416884722,0.0,0.6063976
USGS_5449000,2339 catchments,False,43.0094078,-93.6279895,345.775135753089,,0.139922501530263,21.1446041321616,,,0.235718916495851,0.0,0.0
USGS_5449500,2339 catchments,False,42.7599722,-93.6216389,1121.72046261919,,0.137897560370779,20.7909479036586,,,0.214661186187245,0.0,0.0
USGS_5451500,2339 catchments,False,42.06582096,-92.9076997,3982.52031260556,,0.123649993392443,18.4209512294129,,,0.103714190210181,0.0,0.0925
USGS_5451900,2339 catchments,False,41.89943868,-92.474355,145.868973094749,,0.107113305601479,15.1547329806171,,,0.0038105609375898,0.0,0.0
USGS_5452000,2339 catchments,False,41.9641611,-92.3132417,429.083768959783,,0.111582948981548,15.9645562425789,,,0.0068984012473387,0.0,0.0
USGS_5452200,2339 catchments,False,41.8349969,-92.386297,183.068093237887,,0.10609442794863,14.924456718016,,,0.003686440692646,0.0,0.0
USGS_5453100,2339 catchments,False,41.81272566,-92.064792,6669.45828171951,,0.117635847181168,17.2480835217201,,,0.0899555714833324,0.0,0.1914881
USGS_5457000,2339 catchments,False,43.63718529,-92.9746369,400.494887139921,,0.153373528941871,24.3592339146583,,,0.577940765804607,0.0,0.9081253
USGS_5457700,2339 catchments,False,43.06219444,-92.6738833,2777.83797320213,,0.147477952133576,23.4387446210659,,,0.695362179954125,0.0,0.5651334
USGS_5458000,2339 catchments,False,43.03327778,-92.5035444,775.390097611134,,0.141194254606923,22.5061243722803,,,0.561721287286735,0.0,0.0
USGS_5458500,2339 catchments,False,42.64831667,-92.4651861,4327.91047226797,,0.142243368006755,22.5590086373992,,,0.606373612140477,0.0,0.4282827999999999
USGS_5458900,2339 catchments,False,42.62942778,-92.5435222,2214.18911508233,,0.128717446079604,19.609742233845,,,0.157365850218066,0.0,0.0339
USGS_5462000,2339 catchments,False,42.711925,-92.5829667,2227.02930464892,,0.128667505272594,19.600996312073,,,0.160614901523288,0.0,0.0337
USGS_5463000,2339 catchments,False,42.572,-92.6182778,896.211828923192,,0.122179733337118,18.2327669289478,,,0.0483181762655828,0.0,0.0
USGS_5463500,2339 catchments,False,42.40776389,-92.4632472,240.432501378361,,0.118933523022901,17.5342765108484,,,0.0442081332239111,0.0,0.0
USGS_5464000,2339 catchments,False,42.49554444,-92.3343472,12331.7146283655,,0.136472298236961,21.2617221477838,,,0.381581391282589,0.588041601904614,0.6581773
USGS_5464500,2339 catchments,False,41.97194549,-91.6671239,16777.8961112386,,0.130423571115171,20.0477481968732,,,0.305983956373115,0.522449466187129,1.0462257
USGS_5465000,2339 catchments,False,41.40919167,-91.2904306,20059.7530161245,,0.126163234729594,19.1447923777034,,,0.371484771805845,0.380579912817237,1.1547966
USGS_5476750,2339 catchments,False,42.71944444,-94.2202778,3595.2836945603,,0.145880164392072,21.3496878127229,,,0.136376035369572,0.0,0.0487999999999999
USGS_5479000,2339 catchments,False,42.7236111,-94.19325,3594.93615735529,,0.145881981448504,21.3499763265254,,,0.136389219399576,0.0,0.0487999999999999
USGS_5481000,2339 catchments,False,42.4319722,-93.8059444,1732.00537798842,,0.132599584019782,19.4468580918586,,,0.114079939701173,0.0,0.1052538
USGS_5482300,2339 catchments,False,42.35455556,-94.9910278,1886.85569159835,,0.13267149567727,18.2027584119326,,,0.13613975978869,0.0,0.2920044
USGS_5482500,2339 catchments,False,41.9878611,-94.3770833,4197.49554326726,,0.127238100255946,17.3165064154762,,,0.109619755879474,0.0,0.1592205
USGS_5485500,2339 catchments,False,41.5785833,-93.6056111,9370.94293123095,,0.119785719808954,16.0795252057384,,,0.212815644176105,1.57810608566123,1.2009001
USGS_6033000,2339 catchments,False,46.21103056,-112.09165,151.758630764435,,0.424771885704028,49.9568630756745,,,0.388278951451251,0.0,0.0
USGS_6037500,2339 catchments,False,44.6570722,-111.0679639,1132.5731474715,,0.67691572355389,63.0337006193041,,,0.0,0.0,0.0
USGS_6038500,2339 catchments,False,44.86639167,-111.3387806,658.020395236381,,0.644705499619223,59.7037491174881,,,0.0740580767044152,0.0,0.0194
USGS_6043500,2339 catchments,False,45.4973,-111.2707083,1897.71404228775,,0.586598792166401,64.129588409453,,,0.0,0.0,0.00109
USGS_6073500,2339 catchments,False,47.199025,-112.0959056,333.92886490638,,0.388413429583358,30.5567635016009,,,0.179868581922697,0.0,0.0
USGS_6090500,2339 catchments,False,47.2085944,-110.9317472,704.282720731377,,0.444450262919814,51.8233303326769,,,0.0666125398326603,0.0,0.0
USGS_6093200,2339 catchments,False,48.36945,-112.8017806,146.768710976312,,0.49602923649519,45.0438724840703,,,0.0,0.0,0.0
USGS_6099500,2339 catchments,False,48.4271972,-111.889836,1101.29920253156,,0.331631489728102,21.1358018171611,,,1.02409197448331,0.0,0.1138745
USGS_6118500,2339 catchments,False,46.45324167,-110.3822889,186.57686974476,,0.418676246077896,50.6545171802321,,,0.0096129202275388,0.0,0.0
USGS_6131000,2339 catchments,False,47.3494472,-106.3578167,3168.51971995446,,0.255727986540766,17.0632795045447,,,0.851357906809588,0.0,0.0
USGS_6134500,2339 catchments,False,49.14464167,-112.0806306,2737.22295889986,,0.410177849610968,32.2233524172825,,,1.30652772595225,0.0,0.0
USGS_6154550,2339 catchments,False,48.3636333,-108.3562389,1660.29973574663,,0.281892373710315,20.6747768447452,,,1.79260824577817,0.0,0.0
USGS_6169500,2339 catchments,False,48.969375,-106.8398417,196.485898154216,,0.272621324525925,27.6755291627681,,,0.0327429547941505,0.0,0.0
USGS_6183450,2339 catchments,False,48.6728972,-104.5120861,4394.7890541258,,0.258482350169197,26.9378932641673,,,0.432744848875871,0.0,0.0284999999999999
USGS_6186500,2339 catchments,False,44.56709167,-110.3804056,2404.18132140428,,0.748578848845276,59.3350238117009,,,0.0,0.0,0.0
USGS_6188000,2339 catchments,False,44.92817778,-110.3942694,1732.00132505832,,0.715541389057066,67.7435164356838,,,0.0,0.0,0.0289
USGS_6191000,2339 catchments,False,44.9923444,-110.690975,509.818215410476,,0.628455977041737,62.9548340701161,,,0.0,0.0,0.0
USGS_6191500,2339 catchments,False,45.1121194,-110.7936667,6113.94121939548,,0.713995322393013,63.5651767476666,,,0.0,0.0,0.0082
USGS_6192500,2339 catchments,False,45.5972111,-110.5664972,8782.42412693382,,0.674891980987693,63.1457906297589,,,0.597408891745886,0.0,0.0428
USGS_6200000,2339 catchments,False,45.8337944,-109.9387056,1354.5875176381,,0.568090703806173,62.5132230518638,,,0.884403976168089,0.0,0.0147999999999999
USGS_6205000,2339 catchments,False,45.53674167,-109.4220556,1045.77427389358,,0.488787811209248,59.7777412144422,,,0.010181659853336,3.0921193579614,0.059
USGS_6209510,2339 catchments,False,45.1207783,-109.2965443,172.689577082344,,0.47486446343865,63.5062028116922,,,0.0,0.0,0.0
USGS_6212500,2339 catchments,False,45.44990278,-109.1854028,131.867814300007,,0.367617694913672,46.1492518179522,,,0.635682364913747,0.0,0.0
USGS_6218500,2339 catchments,False,43.57856415,-109.7598835,224.825506967654,,0.691266203197241,67.8247315057623,,,0.0,0.0,0.0
USGS_6221400,2339 catchments,False,43.34616667,-109.4087778,228.89593401885,,0.637160803166947,65.9651907842029,,,0.0,0.0,0.0
USGS_6224000,2339 catchments,False,43.1766111,-109.2025556,486.502285337851,,0.619101751877093,65.36153159661,,,0.0,0.0,0.0
USGS_6225500,2339 catchments,False,43.2425,-109.0105556,4354.01660096744,,0.647502125590366,60.0140163238714,,,1.45568996048742,0.0,0.0689999999999999
USGS_6228350,2339 catchments,False,42.96828927,-109.037628,232.345723012902,,0.582224279739043,62.9535358764818,,,0.0,0.0,0.0
USGS_6279940,2339 catchments,False,44.4714444,-109.4183528,1827.84381298994,,0.677344783775082,65.1438210957742,,,0.280061428207523,0.0,0.0064499999999999
USGS_6280300,2339 catchments,False,44.20788889,-109.55525,681.468073147261,,0.740919715943218,71.0941007855316,,,0.166567471998185,0.0,0.0
USGS_6291500,2339 catchments,False,45.12648056,-107.5998917,221.533775540341,,0.437961461482279,49.0820479909772,,,0.0,0.0,0.0
USGS_6295113,2339 catchments,False,45.36116667,-106.9903556,319.571939961409,,0.349113307826813,28.8986565061467,,,0.128001142811415,0.0,0.0
USGS_6297500,2339 catchments,False,44.85305556,-107.3047222,534.000719882145,,0.494215461096874,61.0635797750815,,,0.0,0.0,0.0938
USGS_6298000,2339 catchments,False,44.8494123,-107.3045253,533.793294335435,,0.494270339731515,61.0695185375196,,,0.0,0.0,0.0939
USGS_6317000,2339 catchments,False,44.64998226,-106.1275278,15353.4154002661,,0.404897931761984,29.3391755468462,,,0.762135630697464,0.0,0.0
USGS_6324970,2339 catchments,False,44.9269288,-105.3533268,2917.18085032145,,0.318762379754545,21.6135764459671,,,0.37116783064615,0.0,0.0172
USGS_6334500,2339 catchments,False,45.5481343,-103.9712386,5084.66454646526,,0.296922082127134,20.6488861186191,,,0.451659415942141,0.0,0.0
USGS_6335500,2339 catchments,False,46.29777778,-103.9175,10458.0880399957,,0.284201249819196,20.451697488654,,,0.379430337221907,0.0,0.0
USGS_6336000,2339 catchments,False,46.9180722,-103.5303444,16044.8537866723,,0.273775896094982,20.5410686403405,,,0.341023701230751,0.0,0.00625
USGS_6337000,2339 catchments,False,47.59140556,-103.2526667,21546.8368151947,,0.266758760729202,20.8721553852037,,,0.327217117068447,0.0,0.0116
USGS_6339100,2339 catchments,False,47.2361259,-102.7699074,195.521567451649,,0.241826396759504,23.3800361972186,,,0.17977758642647,0.0,0.0
USGS_6339500,2339 catchments,False,47.154453,-102.059892,2885.20698085982,,0.238044022628602,22.6818957293845,,,0.226780828917742,0.0,0.0224
USGS_6340000,2339 catchments,False,47.2861188,-101.925726,1467.88700700095,,0.232985707162672,23.9801462615233,,,0.26002792414726,0.0,0.0
USGS_6340500,2339 catchments,False,47.2852816,-101.6221093,5878.30552116685,,0.23624739417081,23.4834382472603,,,0.406869074599534,0.0,0.0254
USGS_6344600,2339 catchments,False,47.02779158,-103.0532355,350.400701461359,,0.247145664810732,22.5781470375295,,,1.12311513464329,0.0,0.0
USGS_6349500,2339 catchments,False,46.79443787,-100.6573459,7857.08475738908,,0.224403544312363,27.4362969098758,,,1.74153725543481,0.0,0.0
USGS_6350000,2339 catchments,False,46.42667116,-102.5518303,1326.78873415343,,0.244481985199476,21.0276133253141,,,0.246280947968116,0.0,0.0
USGS_6352000,2339 catchments,False,46.15528136,-102.4757133,1440.61482192179,,0.242754657536636,19.8317441236741,,,0.228369476057991,0.0,0.0
USGS_6353000,2339 catchments,False,46.09166988,-101.333742,4238.38568074669,,0.239098438203718,20.841431023224,,,0.375677135775362,0.0,0.00174
USGS_6354000,2339 catchments,False,46.3761111,-100.9344444,9609.93974709681,,0.235763064440664,20.4751847248756,,,0.300411984040173,0.0,0.0007669999999999
USGS_6356500,2339 catchments,False,45.6486883,-102.6433259,3380.04670423352,,0.247887854520642,18.2935846203413,,,0.0756270436075618,0.0,0.0
USGS_6359500,2339 catchments,False,45.19775826,-102.1565472,1802.73657358045,,0.237534537659736,17.9669895479573,,,0.0336563699393475,0.0,0.0
USGS_6360500,2339 catchments,False,45.2558171,-100.8429214,12646.268400147,,0.234873582373171,18.1098559873869,,,0.576655972953773,0.0,0.0
USGS_6394000,2339 catchments,False,43.53525197,-104.117713,1041.67957386073,,0.340784863055528,29.5522733843949,,,0.480908634934259,0.0,0.051
USGS_6395000,2339 catchments,False,43.3055286,-103.8210312,18582.9240918217,,0.329313463776492,19.3811266577386,,,0.407254970714262,0.0,0.0135
USGS_6402000,2339 catchments,False,43.43053476,-103.4763069,355.11218448878,,0.250259742561374,18.1977175157942,,,0.168112404923571,0.0,0.9860121
USGS_6404000,2339 catchments,False,43.87164727,-103.3363029,151.634733586945,,0.252828092287146,26.1352111501161,,,0.0016892174051197,0.0,0.0
USGS_6422500,2339 catchments,False,44.1443339,-103.4545385,207.905211948129,,0.294397152232586,33.138855483205,,,0.0226119714899902,0.0,0.0
USGS_6425500,2339 catchments,False,44.24831768,-102.5032217,1410.71424956861,,0.255853633442696,18.8377351219392,,,0.483797565301448,0.0,0.1065811
USGS_6426500,2339 catchments,False,44.32192645,-104.9405313,3584.01458738847,,0.346482963886432,21.4005204470231,,,0.84959500922282,0.0,0.0
USGS_6431500,2339 catchments,False,44.48248388,-103.861592,426.569128125196,,0.363519297572656,42.8421877904796,,,0.038686143018998,0.0,0.032
USGS_6436190,2339 catchments,False,44.54175655,-103.5719867,203.031415345426,,0.32480084731301,33.2016120311542,,,0.398485598203903,0.0,2.2205666
USGS_6441500,2339 catchments,False,44.32664897,-100.3843003,8148.73704830869,,0.215636317045707,15.9002456055756,,,0.231011668839858,0.0,0.0154
USGS_6449000,2339 catchments,False,43.1459166,-101.5128713,377.946387915314,,0.252960506859917,16.2157660304948,,,0.691564810165652,0.0,0.0
USGS_6450500,2339 catchments,False,43.60138549,-100.7498608,3796.11106414019,,0.243615329852257,16.7015295234316,,,0.889003572211865,0.0,0.0195
USGS_6453500,2339 catchments,False,42.94305556,-98.8405556,1309.07785753812,,0.194696866651883,16.9310464919616,,,0.740476198400476,0.0,0.0574
USGS_6453600,2339 catchments,False,42.8108611,-98.1753972,2099.22008707157,,0.187249124545663,16.5507985599982,,,1.32894720339761,0.0,0.0835
USGS_6459500,2339 catchments,False,42.65388889,-100.8583333,454.854185437451,,0.234897402724854,15.7059098719406,,,0.641414169020154,0.0,0.0
USGS_6468170,2339 catchments,False,47.5580525,-98.862885,2807.71963519544,,0.229883715620678,31.3805708942365,,,0.263218762785666,0.0,0.0357
USGS_6469400,2339 catchments,False,47.1674948,-98.9689998,1435.8982532076,,0.227954583315436,30.8538445964221,,,0.564972673240527,0.0,0.0
USGS_6470800,2339 catchments,False,46.2252439,-98.0717676,989.804480350999,,0.200566409567998,27.8863002258694,,,1.45068570000877,0.0,0.0
USGS_6471200,2339 catchments,False,45.93886156,-98.4526004,1652.65504425383,,0.21212550519713,27.1638786890461,,,2.07218452311929,0.0,0.0152
USGS_6477500,2339 catchments,False,43.77640219,-98.2456658,495.736080981722,,0.181066721663423,19.5287116256807,,,0.296313083846968,0.0,0.0
USGS_6478690,2339 catchments,False,43.41562216,-97.2051972,814.941514708205,,0.167540807086783,21.1404676647351,,,0.560065435713534,0.0,0.0
USGS_6479438,2339 catchments,False,45.0060753,-97.1650756,550.364656524887,,0.210256073279606,28.0692845947391,,,1.4329886002648,0.0,0.0
USGS_6479525,2339 catchments,False,44.7315478,-97.0446518,2725.87144754499,,0.204925774865638,26.3213923502613,,,1.89494192566467,0.0,0.3677344999999999
USGS_6480000,2339 catchments,False,44.1802473,-96.749496,7576.61206959344,,0.194800718230655,25.4141274529383,,,2.19892397951918,0.0,0.2513412
USGS_6481000,2339 catchments,False,43.79044595,-96.7456623,9678.58166453439,,0.191056061824231,25.1887718086286,,,2.10871241384935,0.0,0.2148653999999999
USGS_6481500,2339 catchments,False,43.53358676,-96.7908849,1583.97002721497,,0.162751324409988,21.9160953130952,,,0.693691877323615,0.0,0.4205751
USGS_6482020,2339 catchments,False,43.56700265,-96.7113274,9791.22958062395,,0.190651306707665,25.1478502633124,,,2.09162663017391,0.0,0.3517959
USGS_6483500,2339 catchments,False,43.2150833,-96.2950278,1203.96718903827,,0.149885839754941,21.0718564582006,,,0.574644629977854,0.0,0.0416
USGS_6485500,2339 catchments,False,42.83752049,-96.5619219,19870.366058984,,0.171564277420199,23.2530012002957,,,1.53050678159338,0.0,0.6018327
USGS_6600100,2339 catchments,False,42.98280556,-96.0003333,690.578482285866,,0.143563621672793,19.7832723096258,,,0.949970381601759,0.0,0.2185301
USGS_6606600,2339 catchments,False,42.4822222,-95.7925278,6373.56486783842,,0.146244042927303,20.2559569121607,,,0.285930866367506,0.0,0.2004803999999999
USGS_6632400,2339 catchments,False,41.58524549,-106.2227908,115.903772217883,,0.508387729426878,60.0187011559985,,,0.0,0.0,0.0
USGS_6634620,2339 catchments,False,41.96107644,-106.2091843,2515.98252153551,,0.522564066238215,41.4025481298405,,,0.517823294587598,0.0,0.0
USGS_6647500,2339 catchments,False,42.61193835,-105.8596711,150.735938502965,,0.484571717767199,46.4565502875325,,,0.0,0.0,0.0
USGS_6700500,2339 catchments,False,39.20887938,-105.3036069,239.294858714498,,0.398428533483248,45.1556635673423,,,0.0,0.0,0.0
USGS_6706000,2339 catchments,False,39.4572101,-105.6586159,127.245777225278,,0.489965038274454,59.1698599211729,,,2.26463402537765,0.0,0.0
USGS_6707500,2339 catchments,False,39.4091558,-105.1699899,1234.32714926413,,0.403408472045652,49.2007767892616,,,0.273074285008766,0.0,0.5676587000000001
USGS_6709530,2339 catchments,False,39.50736944,-105.0244667,822.237169537858,,0.379738569260439,31.5152372027192,,,0.363291805102921,0.0,2.8183168000000003
USGS_6716500,2339 catchments,False,39.7658209,-105.6261123,149.341368340882,,0.537428021717072,63.5807087201967,,,0.0064566898373698,0.0,4.1491293
USGS_6719505,2339 catchments,False,39.75304299,-105.2352667,896.26734946964,,0.442581432192665,57.2011502850559,,,0.0208956566589913,0.0,3.5333963
USGS_6724000,2339 catchments,False,40.21804094,-105.2599887,232.018650790041,,0.399759473448858,50.8379314911387,,,0.400114774956516,0.0,0.0
USGS_6729500,2339 catchments,False,39.9310974,-105.2958242,219.857408041809,,0.409989227511357,53.8405704460265,,,0.0001038453804347,0.0,0.4653155
USGS_6733000,2339 catchments,False,40.37831704,-105.513887,331.571278738287,,0.455210397268045,59.03979045881,,,0.050561812788019,0.0,1.6910201
USGS_6735500,2339 catchments,False,40.3763726,-105.4855525,363.008126525459,,0.448135236822214,58.5245514501594,,,0.0461831118821346,0.0,2.6920663
USGS_6738000,2339 catchments,False,40.42165038,-105.2266522,733.834474028569,,0.39747381683727,53.4215679483105,,,0.0229165684325648,0.0,2.0808084
USGS_6741510,2339 catchments,False,40.37873889,-105.0608167,1215.27458926633,,0.370966173649426,46.5846039547605,,,0.170538592443987,0.0,1.3012652
USGS_6797500,2339 catchments,False,42.26844444,-98.3393611,713.337662144832,,0.176574902821848,15.4142260707181,,,4.47457620105937,0.0,0.0
USGS_7084500,2339 catchments,False,39.0630477,-106.4078037,189.331644317096,,0.588391652454571,66.0020460673301,,,1.241427885168,0.0,0.0
USGS_7086000,2339 catchments,False,39.04277116,-106.2658553,175.841516339894,,0.551151226556414,62.2720818658247,,,0.0460266481834059,0.0,0.0
USGS_7086500,2339 catchments,False,39.0180493,-106.2778,174.940235385372,,0.55131673108425,62.281382807418,,,0.046263774544399,0.0,0.0
USGS_7203000,2339 catchments,False,36.68102778,-104.7863944,894.782320015994,,0.298286696128797,27.2478705170977,,,0.0779848476723913,0.0,0.0
USGS_7207500,2339 catchments,False,36.57369444,-104.9468056,482.194997470091,,0.288196707363989,29.8004866888678,,,0.124474444567273,0.0,0.0
USGS_7208500,2339 catchments,False,36.37234444,-104.9692889,154.17826600491,,0.276233159405851,30.2857594041345,,,0.0,0.0,0.0
USGS_7215500,2339 catchments,False,35.94511667,-105.2557333,388.514594020017,,0.262588381504953,32.6566271499942,,,2.3133064260717,0.0,0.0
USGS_8218500,2339 catchments,False,37.75194676,-106.8300442,214.682519228005,,0.529105588601573,59.348973521939,,,0.174932390122344,0.0,0.0
USGS_8219500,2339 catchments,False,37.65694884,-106.6492082,479.556788362023,,0.520954640599303,58.387313668501,,,0.138906391434247,0.0,0.0
USGS_8231000,2339 catchments,False,37.8133348,-106.318644,161.345973249066,,0.395593441962199,41.0199217772961,,,0.203272263954347,0.0,0.0
USGS_8236000,2339 catchments,False,37.37472769,-106.3347558,276.837303458393,,0.468396258065578,56.8421376433652,,,0.0884676703749421,0.0,0.0
USGS_8242500,2339 catchments,False,37.4472222,-105.4258333,105.992608604069,,0.372441465212606,35.7681682137769,,,0.983448292437636,0.0,0.0
USGS_8247500,2339 catchments,False,36.99306944,-106.0386325,299.598106475195,,0.37747413413918,42.5820835542064,,,0.0002080797673517,0.0,0.0
USGS_8248000,2339 catchments,False,36.9822359,-106.0736334,296.832870283587,,0.377719511853168,42.6873499631797,,,0.000210018197226,0.0,0.0
USGS_8265000,2339 catchments,False,36.7033111,-105.5684306,101.629830947737,,0.359012287330835,37.4139901522211,,,0.0,0.0,0.0
USGS_8269000,2339 catchments,False,36.43944444,-105.5036111,163.91284517587,,0.344846408286152,35.3163079670471,,,0.0,0.0,0.0
USGS_8275500,2339 catchments,False,36.30310278,-105.5810028,208.443914957404,,0.313021248721691,32.980135995478,,,0.0026077507399932,0.0,0.0
USGS_8276300,2339 catchments,False,36.3793333,-105.6678333,358.041003356178,,0.318928416666889,32.1313848129914,,,4.26491922822278,0.0,0.6837925
USGS_8289000,2339 catchments,False,36.34974167,-106.0441861,1068.01638466187,,0.353511873294872,32.6495656165795,,,0.208536342090491,0.0,0.0
USGS_8324000,2339 catchments,False,35.6619833,-106.7434389,524.479073825558,,0.260689006898261,27.9350361734972,,,0.0874812694727178,0.0,0.0
USGS_8377900,2339 catchments,False,35.77711389,-105.6580278,139.496496502667,,0.253868579342003,38.1077771947058,,,0.0,0.0,0.0
USGS_8378500,2339 catchments,False,35.70835,-105.6827028,385.613447380261,,0.262126359102898,39.8519731570747,,,0.0,0.0,0.0
USGS_8380500,2339 catchments,False,35.65199444,-105.3188306,166.051679717615,,0.231793821005539,27.1835152060854,,,0.928356489472036,0.0,0.0
USGS_9011000,2339 catchments,False,40.2188742,-105.8575127,210.072037383817,,0.553533411318493,60.887504743225,,,0.0263701049811299,0.0,0.0
USGS_9034250,2339 catchments,False,40.108319,-106.0041847,779.953318762304,,0.606110581516653,60.1790268800013,,,4.29048839919143,0.0,0.4902485
USGS_9036000,2339 catchments,False,39.833875,-106.0564079,203.484162060917,,0.610510485257228,65.0597472836431,,,0.0481045312107007,0.0,0.0
USGS_9037500,2339 catchments,False,40.0002,-106.1803667,476.236177778254,,0.618883745037239,62.2147612108387,,,0.3225583920073,0.0,0.1577043
USGS_9039000,2339 catchments,False,40.2174844,-106.3130854,115.031289263838,,0.605282489515986,61.5077067206331,,,0.0,0.0,0.0
USGS_9050100,2339 catchments,False,39.57526424,-106.1105765,192.498418358824,,0.582292896637779,66.6232598071445,,,0.62939307326629,0.0,2.338925
USGS_9059500,2339 catchments,False,39.7957222,-106.5743472,144.36262555796,,0.643919741733245,62.1757106734887,,,0.714523537305922,0.0,0.0
USGS_9073400,2339 catchments,False,39.17998755,-106.8019826,109.994326458936,,0.623537643167356,65.5995703650822,,,0.503896223679582,0.0,0.0
USGS_9074000,2339 catchments,False,39.20582037,-106.797538,107.530301570878,,0.623451306713363,65.6740389637238,,,0.515442855819607,0.0,0.0
USGS_9078000,2339 catchments,False,39.33081977,-106.6580895,107.372043313366,,0.648931938439653,68.4464444038295,,,0.568477558206512,0.0,0.0
USGS_9081600,2339 catchments,False,39.23263889,-107.2275,110.874816123064,,0.606413274380558,64.4911930785381,,,0.0401174464380153,0.0,0.0
USGS_9089500,2339 catchments,False,39.33109185,-107.5800562,141.474220500486,,0.558399774501502,59.8925818990303,,,0.0661234368336431,0.0,0.0
USGS_9109000,2339 catchments,False,38.8183269,-106.6091977,170.541576330563,,0.56117295660416,62.0809877516753,,,0.0038904468676278,0.0,0.0
USGS_9112200,2339 catchments,False,38.7841599,-106.8708736,501.925349217762,,0.650745280761603,64.9203109941662,,,0.582438943857758,0.0,0.0
USGS_9124500,2339 catchments,False,38.2988834,-107.2300557,880.072547665683,,0.50148821583606,61.2961151280841,,,0.248134390915709,0.0,0.2558591
USGS_9128500,2339 catchments,False,38.72776785,-107.5067234,112.628802565824,,0.621712678813667,54.577590694294,,,0.0562468843956206,0.0,0.0
USGS_9132500,2339 catchments,False,38.9258228,-107.4342211,605.099638994242,,0.648801884815407,61.0698143192071,,,0.134521235194385,0.0,0.0
USGS_9147000,2339 catchments,False,38.17776806,-107.7583927,252.789827986606,,0.522004762044821,53.0143799067763,,,3.75502842884739,0.0,0.0283
USGS_9152000,2339 catchments,False,38.96164907,-108.2303576,112.404388462766,,0.419643817173825,48.8296875528046,,,1.26263102664513,0.0,0.0
USGS_9166950,2339 catchments,False,37.44610459,-108.4692562,179.404152515435,,0.53144185764585,47.1748848572331,,,2.30063030170056,0.0,0.0
USGS_9172500,2339 catchments,False,38.03070556,-108.1102889,753.394771121717,,0.521996487050374,60.2348684405769,,,0.794120146234365,0.0,0.2656824
USGS_9177000,2339 catchments,False,38.35721157,-108.712875,3493.65211337224,,0.482081249979557,41.1678598536528,,,2.76781083602141,4.94108773831097,0.2076540999999999
USGS_9203000,2339 catchments,False,42.6725,-109.4216667,167.230836386137,,0.647412205574786,62.9252097582409,,,0.0,0.0,0.0
USGS_9210500,2339 catchments,False,42.09580556,-110.4160833,360.090806204367,,0.587352511906866,51.0776249829864,,,0.0,0.0,0.0
USGS_9217900,2339 catchments,False,40.95902778,-110.5797222,151.823533980459,,0.585044578780058,69.1840593374085,,,0.340319707063578,0.0,0.0
USGS_9218500,2339 catchments,False,41.03161367,-110.5793324,347.193776440851,,0.59370214924618,67.5884702256474,,,0.183335688908918,0.0,0.0
USGS_9223000,2339 catchments,False,42.11088889,-110.7094167,302.271699131789,,0.636965412197009,55.6694771097318,,,0.0,0.0,0.0
USGS_9237500,2339 catchments,False,40.28654444,-106.8290556,198.155445620628,,0.560615181465314,59.3330113856476,,,0.207019669294109,0.0,0.0
USGS_9247600,2339 catchments,False,40.48080479,-107.6142338,1183.57635314948,,0.545485023715552,53.0089660063529,,,0.694917624465006,0.0,0.0
USGS_9250000,2339 catchments,False,40.19358547,-107.7322907,142.675179482062,,0.573750037890693,51.1455244448182,,,2.97076452851761,0.0,0.0
USGS_9253000,2339 catchments,False,40.99941048,-107.143388,648.613906711224,,0.624016549189217,58.9603624469637,,,0.472654509831364,0.0,0.0
USGS_9255000,2339 catchments,False,40.9824657,-107.3828391,391.430707501036,,0.60354642138673,55.9192225998669,,,0.215801547690527,0.0,0.0
USGS_9260000,2339 catchments,False,40.54901667,-108.4243222,9581.50711173255,,0.53527172168709,40.912888913254,,,0.908697906418408,0.0,0.0
USGS_9261700,2339 catchments,False,40.58884837,-109.4654138,162.7443020931,,0.44174999347713,44.6955230695445,,,0.0033083138096112,0.0,0.0
USGS_9266500,2339 catchments,False,40.57745816,-109.6220859,261.445922580742,,0.432549860777465,49.4393317143986,,,0.0,0.0,0.0
USGS_9288000,2339 catchments,False,40.20023128,-110.9076623,310.199708257116,,0.618232695607733,51.9993584570943,,,0.0,0.0,0.0
USGS_9289500,2339 catchments,False,40.6066125,-110.5271066,201.105246834414,,0.58492023008148,66.1362605473917,,,0.192609995454952,0.0,0.0
USGS_9291000,2339 catchments,False,40.55633555,-110.4846056,264.4572016675,,0.583874632653131,64.9573377119778,,,0.146469373624562,0.0,0.0
USGS_9292500,2339 catchments,False,40.51189299,-110.3415491,291.403872208174,,0.562030006825172,62.3068381738343,,,0.0349518282812678,0.0,0.0
USGS_9299500,2339 catchments,False,40.5935653,-109.9323739,246.372216502738,,0.478215407253144,57.7005468734099,,,0.0182053858853767,0.0,0.0
USGS_9303000,2339 catchments,False,39.9874772,-107.6145076,454.431419637833,,0.584388533244013,61.3933040264868,,,0.562743687445874,0.0,0.0
USGS_9304000,2339 catchments,False,39.97442169,-107.6253412,458.891698685356,,0.584517928006015,61.3143307624722,,,1.01974749381004,0.0,0.0
USGS_9304200,2339 catchments,False,40.00497428,-107.8253486,1674.81674780939,,0.571579987196242,58.6244030195497,,,1.29483559558812,0.0,0.0
USGS_9306200,2339 catchments,False,39.9210833,-108.2975876,1189.82004294551,,0.467535129691646,44.1795308054336,,,0.392994918249108,0.0,0.0
USGS_9312600,2339 catchments,False,39.87601667,-111.0375167,160.934630589314,,0.534570245771808,49.105009257298,,,0.0068685441513889,0.0,0.0
USGS_9326500,2339 catchments,False,39.1049972,-111.2289917,302.544579218883,,0.505670001978971,46.2896398252459,,,0.124562177071599,0.0,0.0
USGS_9330500,2339 catchments,False,38.99105556,-111.253886,187.97185815462,,0.468778778042188,45.4793460525343,,,0.0135575146735338,0.0,0.0
USGS_9337500,2339 catchments,False,37.77804389,-111.5746181,244.239502485002,,0.431048527753365,34.3545252980036,,,0.053273014068657,0.0,0.0
USGS_9344000,2339 catchments,False,37.0852879,-106.6894796,154.453140494673,,0.55901416355201,59.5465539562039,,,0.482591596086885,0.0,0.0
USGS_9352900,2339 catchments,False,37.47750126,-107.5436688,187.13954118644,,0.519335040185782,65.1244527974498,,,0.0246994377125705,0.0,0.0
USGS_9353500,2339 catchments,False,37.38277997,-107.5775577,277.835101922284,,0.517302020694168,63.298650657928,,,0.0392050580023851,0.0,0.0
USGS_9371000,2339 catchments,False,37.02749425,-108.7414838,331.982139700415,,0.295770848596072,15.0341347239135,,,0.554811929970266,0.0,0.2260024
USGS_9405500,2339 catchments,False,37.2097046,-112.9785512,808.392755701298,,0.493082324408902,32.1674331703035,,,0.168624569838988,0.0,0.0
