HYBAS_ID_08,PFAF_ID_07,s_T300,s_T400,s_T500,s_T600,s_T700,s_T800,s_ELEVDEF,s_AREA50
1080099860,1518090,Downstream,Downstream,Downstream,Downstream,Downstream,Downstream,Downstream,Downstream
1080101860,1518090,Downstream,Downstream,Downstream,Downstream,Downstream,Downstream,Downstream,Downstream
1080101910,1518090,Downstream,Downstream,Downstream,Downstream,Downstream,Downstream,Downstream,Downstream
1080102710,1518090,Downstream,Downstream,Downstream,Downstream,Downstream,Downstream,Downstream,Downstream
1080102700,1518090,Downstream,Downstream,Downstream,Downstream,Downstream,Downstream,Downstream,Downstream
1080105960,1518090,Downstream,Downstream,Downstream,Downstream,Downstream,Downstream,Downstream,Downstream
1080106060,1518090,Upstream,Upstream,Upstream,Upstream,Upstream,Upstream,Upstream,Upstream
1080107520,1518090,Upstream,Upstream,Upstream,Upstream,Upstream,Upstream,Upstream,Upstream
1080107530,1518090,Upstream,Upstream,Upstream,Upstream,Upstream,Upstream,Upstream,Upstream
2080434610,2234096,Downstream,Downstream,Downstream,Downstream,Downstream,Downstream,Downstream,Downstream
2080434520,2234096,Downstream,Downstream,Downstream,Downstream,Downstream,Downstream,Upstream,Downstream
2080434430,2234096,Downstream,Downstream,Downstream,Downstream,Downstream,Downstream,Downstream,Downstream
2080431060,2234096,Upstream,Upstream,Upstream,Upstream,Upstream,Upstream,Upstream,Upstream
2080431050,2234096,Downstream,Downstream,Downstream,Downstream,Downstream,Downstream,Upstream,Downstream
2080428470,2234096,Downstream,Downstream,Downstream,Downstream,Downstream,Downstream,Upstream,Downstream
2080428370,2234096,Downstream,Downstream,Downstream,Downstream,Downstream,Downstream,Upstream,Downstream
2080426510,2234096,Downstream,Downstream,Downstream,Downstream,Downstream,Downstream,Upstream,Downstream
2080426790,2234096,Downstream,Downstream,Downstream,Downstream,Downstream,Downstream,Upstream,Downstream
2080390940,2239700,Downstream,Downstream,Downstream,Downstream,Downstream,Downstream,Downstream,Downstream
2080386580,2239700,Downstream,Downstream,Downstream,Downstream,Downstream,Downstream,Downstream,Downstream
2080386860,2239700,Downstream,Downstream,Downstream,Downstream,Downstream,Downstream,Downstream,Downstream
2080384020,2239700,Downstream,Downstream,Downstream,Downstream,Downstream,Downstream,Downstream,Downstream
2080384030,2239700,Upstream,Upstream,Upstream,Upstream,Upstream,Upstream,Upstream,Downstream
2080378770,2239700,Upstream,Upstream,Upstream,Upstream,Upstream,Upstream,Upstream,Upstream
2080378980,2239700,Upstream,Upstream,Upstream,Upstream,Upstream,Upstream,Upstream,Downstream
2080370390,2239700,Upstream,Upstream,Upstream,Upstream,Upstream,Upstream,Upstream,Upstream
2080370600,2239700,Upstream,Upstream,Upstream,Upstream,Upstream,Upstream,Upstream,Upstream
2080529010,2240082,Downstream,Downstream,Downstream,Downstream,Downstream,Downstream,Downstream,Downstream
2080529090,2240082,Downstream,Downstream,Downstream,Downstream,Downstream,Downstream,Downstream,Downstream
2080529100,2240082,Downstream,Downstream,Downstream,Downstream,Downstream,Downstream,Downstream,Downstream
2080534670,2240082,Downstream,Downstream,Downstream,Downstream,Downstream,Downstream,Downstream,Downstream
2080534680,2240082,Upstream,Upstream,Upstream,Upstream,Upstream,Upstream,Upstream,Downstream
2080537370,2240082,Upstream,Upstream,Upstream,Upstream,Upstream,Upstream,Upstream,Downstream
2080537450,2240082,Upstream,Upstream,Upstream,Upstream,Upstream,Upstream,Upstream,Upstream
2080541420,2240082,Upstream,Upstream,Upstream,Upstream,Upstream,Upstream,Upstream,Upstream
2080541500,2240082,Upstream,Upstream,Upstream,Upstream,Upstream,Upstream,Upstream,Upstream
2080420200,2251409,Downstream,Downstream,Downstream,Downstream,Downstream,Downstream,Downstream,Downstream
2080420430,2251409,Downstream,Downstream,Downstream,Downstream,Downstream,Downstream,Downstream,Downstream
2080420500,2251409,Downstream,Downstream,Downstream,Downstream,Downstream,Downstream,Downstream,Downstream
2080418650,2251409,Downstream,Downstream,Downstream,Downstream,Downstream,Downstream,Downstream,Downstream
2080418750,2251409,Downstream,Downstream,Downstream,Downstream,Downstream,Downstream,Downstream,Downstream
2080416260,2251409,Upstream,Upstream,Upstream,Upstream,Upstream,Upstream,Upstream,Upstream
2080416320,2251409,Downstream,Downstream,Downstream,Downstream,Downstream,Downstream,Downstream,Downstream
2080414800,2251409,Upstream,Upstream,Upstream,Upstream,Upstream,Upstream,Upstream,Upstream
2080414720,2251409,Upstream,Upstream,Upstream,Upstream,Upstream,Upstream,Upstream,Upstream
2080375570,2254502,Downstream,Downstream,Downstream,Downstream,Downstream,Downstream,Downstream,Downstream
2080363480,2254404,Downstream,Downstream,Downstream,Downstream,Downstream,Downstream,Downstream,Downstream
2080363320,2254404,Downstream,Downstream,Downstream,Downstream,Downstream,Downstream,Upstream,Downstream
2080363230,2254404,Downstream,Downstream,Downstream,Downstream,Downstream,Downstream,Downstream,Downstream
2080385680,2254502,Downstream,Downstream,Downstream,Downstream,Downstream,Downstream,Downstream,Downstream
2080385880,2254502,Downstream,Downstream,Downstream,Downstream,Downstream,Downstream,Downstream,Downstream
2080362100,2254404,Downstream,Downstream,Downstream,Downstream,Downstream,Downstream,Upstream,Downstream
2080361980,2254404,Downstream,Downstream,Downstream,Downstream,Downstream,Downstream,Upstream,Upstream
2080350310,2259020,Downstream,Downstream,Downstream,Downstream,Downstream,Downstream,Downstream,Downstream
2080356140,2254404,Upstream,Upstream,Upstream,Upstream,Upstream,Upstream,Upstream,Upstream
2080356130,2254404,Downstream,Downstream,Downstream,Downstream,Downstream,Downstream,Upstream,Upstream
2080341080,2256060,Downstream,Downstream,Downstream,Downstream,Downstream,Downstream,Downstream,Downstream
2080342850,2259020,Downstream,Downstream,Downstream,Downstream,Downstream,Downstream,Downstream,Downstream
2080342860,2259020,Downstream,Downstream,Downstream,Downstream,Downstream,Downstream,Downstream,Downstream
2080351640,2254404,Upstream,Upstream,Upstream,Upstream,Upstream,Upstream,Upstream,Upstream
2080351590,2254404,Upstream,Upstream,Upstream,Upstream,Upstream,Upstream,Upstream,Upstream
2080394070,2254502,Upstream,Upstream,Upstream,Upstream,Upstream,Upstream,Upstream,Upstream
2080394080,2254502,Downstream,Downstream,Downstream,Downstream,Downstream,Downstream,Downstream,Downstream
2080337600,2256060,Downstream,Downstream,Downstream,Downstream,Downstream,Downstream,Upstream,Downstream
2080337590,2256060,Downstream,Downstream,Downstream,Downstream,Downstream,Downstream,Downstream,Downstream
2080337670,2259020,Downstream,Downstream,Downstream,Downstream,Downstream,Downstream,Downstream,Downstream
2080337570,2259020,Downstream,Downstream,Downstream,Downstream,Downstream,Downstream,Upstream,Upstream
2080334090,2256060,Upstream,Upstream,Upstream,Upstream,Upstream,Upstream,Upstream,Upstream
2080334040,2256060,Downstream,Downstream,Downstream,Downstream,Downstream,Downstream,Upstream,Downstream
2080369590,2252060,Downstream,Downstream,Downstream,Downstream,Downstream,Downstream,Downstream,Downstream
2080402250,2254502,Upstream,Upstream,Upstream,Upstream,Upstream,Upstream,Upstream,Upstream
2080402390,2254502,Upstream,Upstream,Upstream,Upstream,Upstream,Upstream,Upstream,Upstream
2080331590,2259020,Downstream,Downstream,Downstream,Downstream,Downstream,Downstream,Upstream,Upstream
2080331500,2259020,Upstream,Upstream,Upstream,Upstream,Upstream,Upstream,Upstream,Upstream
2080365640,2252060,Downstream,Downstream,Downstream,Downstream,Downstream,Downstream,Downstream,Downstream
2080365830,2252060,Downstream,Downstream,Downstream,Downstream,Downstream,Downstream,Downstream,Downstream
2080330500,2259020,Upstream,Upstream,Upstream,Upstream,Upstream,Upstream,Upstream,Upstream
2080330420,2259020,Upstream,Upstream,Upstream,Upstream,Upstream,Upstream,Upstream,Upstream
2080405460,2254502,Upstream,Upstream,Upstream,Upstream,Upstream,Upstream,Upstream,Upstream
2080405470,2254502,Upstream,Upstream,Upstream,Upstream,Upstream,Upstream,Upstream,Upstream
2080333490,2256090,Downstream,Downstream,Downstream,Downstream,Downstream,Downstream,Downstream,Downstream
2080327280,2256060,Upstream,Upstream,Upstream,Upstream,Upstream,Upstream,Upstream,Upstream
2080327270,2256060,Upstream,Upstream,Upstream,Upstream,Upstream,Upstream,Upstream,Upstream
2080326680,2256060,Upstream,Upstream,Upstream,Upstream,Upstream,Upstream,Upstream,Upstream
2080326690,2256060,Upstream,Upstream,Upstream,Upstream,Upstream,Upstream,Upstream,Upstream
2080360860,2252060,Upstream,Upstream,Upstream,Upstream,Upstream,Upstream,Upstream,Upstream
2080360850,2252060,Downstream,Downstream,Downstream,Downstream,Downstream,Downstream,Downstream,Downstream
2080334320,2256090,Downstream,Downstream,Downstream,Downstream,Downstream,Downstream,Downstream,Downstream
2080334560,2256090,Downstream,Downstream,Downstream,Downstream,Downstream,Downstream,Downstream,Downstream
2080355550,2252060,Upstream,Upstream,Upstream,Upstream,Upstream,Upstream,Upstream,Upstream
2080355410,2252060,Upstream,Upstream,Upstream,Upstream,Upstream,Upstream,Upstream,Upstream
2080354860,2252060,Upstream,Upstream,Upstream,Upstream,Upstream,Upstream,Upstream,Upstream
2080354850,2252060,Upstream,Upstream,Upstream,Upstream,Upstream,Upstream,Upstream,Upstream
2080331950,2256090,Upstream,Upstream,Upstream,Upstream,Upstream,Upstream,Upstream,Downstream
2080331940,2256090,Downstream,Downstream,Downstream,Downstream,Downstream,Downstream,Downstream,Downstream
2080328150,2256090,Upstream,Upstream,Upstream,Upstream,Upstream,Upstream,Upstream,Upstream
2080328020,2256090,Upstream,Upstream,Upstream,Upstream,Upstream,Upstream,Upstream,Downstream
2080329690,2256090,Upstream,Upstream,Upstream,Upstream,Upstream,Upstream,Upstream,Upstream
2080329650,2256090,Upstream,Upstream,Upstream,Upstream,Upstream,Upstream,Upstream,Upstream
2080476020,2260635,Downstream,Downstream,Downstream,Downstream,Downstream,Downstream,Downstream,Downstream
2080469130,2260635,Downstream,Downstream,Downstream,Downstream,Downstream,Downstream,Downstream,Downstream
2080468980,2260635,Downstream,Downstream,Downstream,Downstream,Downstream,Downstream,Downstream,Downstream
2080468320,2260635,Downstream,Downstream,Downstream,Downstream,Downstream,Downstream,Downstream,Downstream
2080468310,2260635,Upstream,Upstream,Upstream,Upstream,Upstream,Upstream,Upstream,Upstream
2080465780,2260635,Upstream,Upstream,Upstream,Upstream,Upstream,Upstream,Upstream,Upstream
2080465770,2260635,Upstream,Upstream,Upstream,Upstream,Upstream,Upstream,Upstream,Upstream
2080464590,2260635,Upstream,Upstream,Upstream,Upstream,Upstream,Upstream,Upstream,Upstream
2080464430,2260635,Upstream,Upstream,Upstream,Upstream,Upstream,Upstream,Upstream,Upstream
2080466960,2260640,Downstream,Downstream,Downstream,Downstream,Downstream,Downstream,Downstream,Downstream
2080451660,2260640,Downstream,Downstream,Downstream,Downstream,Downstream,Downstream,Upstream,Upstream
2080451650,2260640,Downstream,Downstream,Downstream,Downstream,Downstream,Downstream,Downstream,Downstream
2080442340,2260640,Downstream,Downstream,Downstream,Downstream,Downstream,Downstream,Upstream,Upstream
2080442220,2260640,Upstream,Upstream,Upstream,Upstream,Upstream,Upstream,Upstream,Upstream
2080440300,2260640,Upstream,Upstream,Upstream,Upstream,Upstream,Upstream,Upstream,Upstream
2080440230,2260640,Upstream,Upstream,Upstream,Upstream,Upstream,Upstream,Upstream,Upstream
2080439670,2260640,Upstream,Upstream,Upstream,Upstream,Upstream,Upstream,Upstream,Upstream
2080439660,2260640,Upstream,Upstream,Upstream,Upstream,Upstream,Upstream,Upstream,Upstream
2080538490,2272040,Downstream,Downstream,Downstream,Downstream,Downstream,Downstream,Downstream,Downstream
2080530800,2272040,Downstream,Downstream,Downstream,Downstream,Downstream,Downstream,Downstream,Downstream
2080530710,2272040,Downstream,Downstream,Downstream,Downstream,Downstream,Downstream,Downstream,Downstream
2080528260,2272040,Downstream,Downstream,Downstream,Downstream,Downstream,Downstream,Upstream,Upstream
2080528140,2272040,Downstream,Downstream,Downstream,Downstream,Downstream,Downstream,Downstream,Downstream
2080519820,2272040,Upstream,Upstream,Upstream,Upstream,Upstream,Upstream,Upstream,Upstream
2080519750,2272040,Downstream,Downstream,Downstream,Downstream,Downstream,Downstream,Upstream,Upstream
2080517700,2272040,Upstream,Upstream,Upstream,Upstream,Upstream,Upstream,Upstream,Upstream
2080517600,2272040,Upstream,Upstream,Upstream,Upstream,Upstream,Upstream,Upstream,Upstream
2080557740,2273208,Downstream,Downstream,Downstream,Downstream,Downstream,Downstream,Downstream,Downstream
2080557000,2273208,Upstream,Upstream,Upstream,Upstream,Upstream,Upstream,Upstream,Downstream
2080556940,2273208,Downstream,Downstream,Downstream,Downstream,Downstream,Downstream,Downstream,Downstream
2080556070,2273208,Upstream,Upstream,Upstream,Upstream,Upstream,Upstream,Upstream,Downstream
2080555940,2273208,Upstream,Upstream,Upstream,Upstream,Upstream,Upstream,Upstream,Upstream
2080549440,2273208,Upstream,Upstream,Upstream,Upstream,Upstream,Upstream,Upstream,Downstream
2080549430,2273208,Upstream,Upstream,Upstream,Upstream,Upstream,Upstream,Upstream,Downstream
2080470990,2271088,Downstream,Downstream,Downstream,Downstream,Downstream,Downstream,Downstream,Downstream
2080469120,2271088,Downstream,Downstream,Downstream,Downstream,Downstream,Downstream,Downstream,Downstream
2080468960,2271088,Downstream,Downstream,Downstream,Downstream,Downstream,Downstream,Downstream,Downstream
2080468950,2271088,Downstream,Downstream,Upstream,Upstream,Upstream,Upstream,Downstream,Downstream
2080468790,2271088,Downstream,Downstream,Downstream,Downstream,Downstream,Downstream,Downstream,Downstream
2080469110,2271088,Upstream,Upstream,Upstream,Upstream,Upstream,Upstream,Upstream,Downstream
2080469280,2271088,Downstream,Downstream,Upstream,Upstream,Upstream,Upstream,Downstream,Downstream
2080467610,2271088,Upstream,Upstream,Upstream,Upstream,Upstream,Upstream,Upstream,Upstream
2080467920,2271088,Upstream,Upstream,Upstream,Upstream,Upstream,Upstream,Upstream,Downstream
2080555450,2273908,Downstream,Downstream,Downstream,Downstream,Downstream,Downstream,Downstream,Downstream
2080544740,2273908,Upstream,Upstream,Upstream,Upstream,Downstream,Downstream,Upstream,Downstream
2080544870,2273908,Downstream,Downstream,Downstream,Downstream,Downstream,Downstream,Downstream,Downstream
2080541170,2273908,Upstream,Upstream,Upstream,Upstream,Upstream,Upstream,Upstream,Upstream
2080541270,2273908,Upstream,Upstream,Upstream,Upstream,Downstream,Downstream,Upstream,Downstream
2080537280,2273908,Upstream,Upstream,Upstream,Upstream,Upstream,Upstream,Upstream,Upstream
2080537310,2273908,Upstream,Upstream,Upstream,Upstream,Upstream,Upstream,Upstream,Upstream
2080541560,2273908,Upstream,Upstream,Upstream,Upstream,Upstream,Upstream,Upstream,Upstream
2080541650,2273908,Upstream,Upstream,Upstream,Upstream,Upstream,Upstream,Upstream,Upstream
2080510190,2276404,Downstream,Downstream,Downstream,Downstream,Downstream,Downstream,Upstream,Downstream
2080503820,2276504,Downstream,Downstream,Downstream,Downstream,Downstream,Downstream,Downstream,Downstream
2080508500,2276404,Downstream,Downstream,Downstream,Downstream,Downstream,Downstream,Upstream,Downstream
2080508290,2276404,Upstream,Upstream,Upstream,Upstream,Upstream,Upstream,Upstream,Upstream
2080508510,2276404,Downstream,Downstream,Downstream,Downstream,Downstream,Downstream,Upstream,Downstream
2080508600,2276404,Downstream,Downstream,Downstream,Downstream,Downstream,Downstream,Upstream,Downstream
2080500500,2276504,Downstream,Downstream,Downstream,Downstream,Downstream,Downstream,Downstream,Downstream
2080500740,2276504,Downstream,Downstream,Downstream,Downstream,Downstream,Downstream,Downstream,Downstream
2080514400,2279144,Downstream,Downstream,Downstream,Downstream,Downstream,Downstream,Downstream,Downstream
2080515100,2276406,Downstream,Downstream,Downstream,Downstream,Downstream,Downstream,Downstream,Downstream
2080512810,2279144,Downstream,Downstream,Downstream,Downstream,Downstream,Downstream,Downstream,Downstream
2080512820,2279144,Downstream,Downstream,Downstream,Downstream,Downstream,Downstream,Downstream,Downstream
2080514290,2279146,Downstream,Downstream,Downstream,Downstream,Downstream,Downstream,Downstream,Downstream
2080495630,2276504,Upstream,Upstream,Upstream,Upstream,Upstream,Upstream,Upstream,Upstream
2080495620,2276504,Downstream,Downstream,Downstream,Downstream,Downstream,Downstream,Downstream,Downstream
2080508420,2279144,Upstream,Upstream,Upstream,Upstream,Upstream,Upstream,Upstream,Upstream
2080508430,2279144,Downstream,Downstream,Downstream,Downstream,Downstream,Downstream,Downstream,Downstream
2080518340,2279146,Downstream,Downstream,Downstream,Downstream,Downstream,Downstream,Upstream,Downstream
2080518070,2279146,Downstream,Downstream,Downstream,Downstream,Downstream,Downstream,Downstream,Downstream
2080516710,2276406,Downstream,Downstream,Downstream,Downstream,Downstream,Downstream,Downstream,Downstream
2080516450,2276406,Downstream,Downstream,Downstream,Downstream,Downstream,Downstream,Downstream,Downstream
2080523720,2278050,Downstream,Downstream,Downstream,Downstream,Downstream,Downstream,Downstream,Downstream
2080492440,2276504,Downstream,Downstream,Downstream,Downstream,Downstream,Downstream,Downstream,Downstream
2080492300,2276504,Downstream,Downstream,Downstream,Downstream,Downstream,Downstream,Downstream,Downstream
2080504090,2279144,Upstream,Upstream,Upstream,Upstream,Upstream,Upstream,Upstream,Upstream
2080504100,2279144,Upstream,Upstream,Upstream,Upstream,Upstream,Upstream,Upstream,Upstream
2080523910,2278050,Downstream,Downstream,Downstream,Downstream,Downstream,Downstream,Downstream,Downstream
2080523990,2278050,Downstream,Downstream,Downstream,Downstream,Downstream,Downstream,Downstream,Downstream
2080577490,2274029,Downstream,Downstream,Downstream,Downstream,Downstream,Downstream,Downstream,Downstream
2080489960,2276504,Downstream,Downstream,Downstream,Downstream,Downstream,Downstream,Downstream,Downstream
2080489950,2276504,Downstream,Downstream,Downstream,Downstream,Downstream,Downstream,Downstream,Downstream
2080504260,2279144,Upstream,Upstream,Upstream,Upstream,Upstream,Upstream,Upstream,Upstream
2080504470,2279144,Upstream,Upstream,Upstream,Upstream,Upstream,Upstream,Upstream,Upstream
2080522540,2279146,Downstream,Downstream,Downstream,Downstream,Downstream,Downstream,Upstream,Upstream
2080522670,2279146,Downstream,Downstream,Downstream,Downstream,Downstream,Downstream,Upstream,Downstream
2080513510,2276406,Upstream,Upstream,Upstream,Upstream,Upstream,Upstream,Upstream,Upstream
2080513340,2276406,Downstream,Downstream,Downstream,Downstream,Downstream,Downstream,Downstream,Downstream
2080522400,2279146,Upstream,Upstream,Upstream,Upstream,Upstream,Upstream,Upstream,Upstream
2080522120,2279146,Downstream,Downstream,Downstream,Downstream,Downstream,Downstream,Upstream,Upstream
2080513970,2279149,Downstream,Downstream,Downstream,Downstream,Downstream,Downstream,Downstream,Downstream
2080522510,2279146,Upstream,Upstream,Upstream,Upstream,Upstream,Upstream,Upstream,Upstream
2080522380,2279146,Upstream,Upstream,Upstream,Upstream,Upstream,Upstream,Upstream,Upstream
2080515640,2276406,Upstream,Upstream,Upstream,Upstream,Upstream,Upstream,Upstream,Upstream
2080515540,2276406,Upstream,Upstream,Upstream,Upstream,Upstream,Upstream,Upstream,Upstream
2080514160,2279149,Downstream,Downstream,Downstream,Downstream,Downstream,Downstream,Downstream,Downstream
2080514380,2279149,Downstream,Downstream,Downstream,Downstream,Downstream,Downstream,Downstream,Downstream
2080514500,2279149,Upstream,Upstream,Upstream,Upstream,Upstream,Upstream,Downstream,Downstream
2080514600,2279149,Downstream,Downstream,Downstream,Downstream,Downstream,Downstream,Downstream,Downstream
2080517140,2276406,Upstream,Upstream,Upstream,Upstream,Upstream,Upstream,Upstream,Upstream
2080517370,2276406,Upstream,Upstream,Upstream,Upstream,Upstream,Upstream,Upstream,Upstream
2080533470,2276250,Downstream,Downstream,Downstream,Downstream,Downstream,Downstream,Downstream,Downstream
2080521690,2278050,Downstream,Downstream,Downstream,Downstream,Upstream,Upstream,Downstream,Downstream
2080521440,2278050,Downstream,Downstream,Downstream,Downstream,Downstream,Downstream,Downstream,Downstream
2080516100,2279149,Upstream,Upstream,Upstream,Upstream,Upstream,Upstream,Upstream,Downstream
2080516240,2279149,Upstream,Upstream,Upstream,Upstream,Upstream,Upstream,Downstream,Downstream
2080585370,2274029,Downstream,Downstream,Downstream,Downstream,Downstream,Downstream,Downstream,Downstream
2080585400,2274029,Downstream,Downstream,Downstream,Downstream,Downstream,Downstream,Downstream,Downstream
2080532840,2276250,Downstream,Downstream,Downstream,Downstream,Downstream,Downstream,Downstream,Downstream
2080532580,2276250,Downstream,Downstream,Downstream,Downstream,Downstream,Downstream,Downstream,Downstream
2080516840,2279149,Upstream,Upstream,Upstream,Upstream,Upstream,Upstream,Upstream,Upstream
2080516960,2279149,Upstream,Upstream,Upstream,Upstream,Upstream,Upstream,Upstream,Downstream
2080521950,2278050,Upstream,Upstream,Upstream,Upstream,Upstream,Upstream,Upstream,Upstream
2080522110,2278050,Downstream,Downstream,Downstream,Downstream,Upstream,Upstream,Downstream,Downstream
2080509940,2276404,Downstream,Downstream,Downstream,Downstream,Downstream,Downstream,Upstream,Downstream
2080510090,2276404,Downstream,Downstream,Downstream,Downstream,Downstream,Downstream,Upstream,Downstream
2080486470,2279160,Downstream,Downstream,Downstream,Downstream,Downstream,Downstream,Downstream,Downstream
2080586970,2274029,Downstream,Downstream,Downstream,Downstream,Downstream,Downstream,Downstream,Downstream
2080587060,2274029,Upstream,Upstream,Upstream,Upstream,Upstream,Upstream,Upstream,Upstream
2080531320,2276250,Upstream,Upstream,Upstream,Upstream,Upstream,Upstream,Upstream,Upstream
2080531440,2276250,Downstream,Downstream,Downstream,Downstream,Downstream,Downstream,Downstream,Downstream
2080511030,2276404,Downstream,Downstream,Downstream,Downstream,Downstream,Downstream,Upstream,Downstream
2080511140,2276404,Downstream,Downstream,Downstream,Downstream,Downstream,Downstream,Upstream,Downstream
2080486460,2279180,Downstream,Downstream,Downstream,Downstream,Downstream,Downstream,Downstream,Downstream
2080481530,2276604,Downstream,Downstream,Downstream,Downstream,Downstream,Downstream,Downstream,Downstream
2080485160,2279180,Downstream,Downstream,Downstream,Downstream,Downstream,Downstream,Downstream,Downstream
2080485020,2279180,Downstream,Downstream,Downstream,Downstream,Downstream,Downstream,Downstream,Downstream
2080588020,2274029,Upstream,Upstream,Upstream,Upstream,Upstream,Upstream,Upstream,Upstream
2080588070,2274029,Upstream,Upstream,Upstream,Upstream,Upstream,Upstream,Upstream,Upstream
2080484220,2279180,Downstream,Downstream,Downstream,Downstream,Downstream,Downstream,Downstream,Downstream
2080484140,2279180,Downstream,Downstream,Downstream,Downstream,Downstream,Downstream,Downstream,Downstream
2080529580,2276250,Upstream,Upstream,Upstream,Upstream,Upstream,Upstream,Upstream,Upstream
2080529470,2276250,Upstream,Upstream,Upstream,Upstream,Upstream,Upstream,Upstream,Upstream
2080528920,2276250,Upstream,Upstream,Upstream,Upstream,Upstream,Upstream,Upstream,Upstream
2080528820,2276250,Upstream,Upstream,Upstream,Upstream,Upstream,Upstream,Upstream,Upstream
2080475770,2276604,Downstream,Downstream,Downstream,Downstream,Downstream,Downstream,Downstream,Downstream
2080475760,2276604,Upstream,Downstream,Downstream,Downstream,Downstream,Downstream,Upstream,Upstream
2080479660,2279160,Downstream,Downstream,Downstream,Downstream,Downstream,Downstream,Upstream,Downstream
2080479440,2279160,Downstream,Downstream,Downstream,Downstream,Downstream,Downstream,Downstream,Downstream
2080590520,2274029,Upstream,Upstream,Upstream,Upstream,Upstream,Upstream,Upstream,Upstream
2080590530,2274029,Upstream,Upstream,Upstream,Upstream,Upstream,Upstream,Upstream,Upstream
2080479940,2279160,Upstream,Upstream,Upstream,Upstream,Upstream,Upstream,Upstream,Upstream
2080479670,2279160,Downstream,Downstream,Downstream,Downstream,Downstream,Downstream,Upstream,Downstream
2080473540,2276604,Upstream,Upstream,Upstream,Upstream,Upstream,Upstream,Upstream,Upstream
2080473620,2276604,Upstream,Downstream,Downstream,Downstream,Downstream,Downstream,Upstream,Upstream
2080483540,2279205,Downstream,Downstream,Downstream,Downstream,Downstream,Downstream,Downstream,Downstream
2080470320,2276604,Upstream,Upstream,Upstream,Upstream,Upstream,Upstream,Upstream,Upstream
2080470310,2276604,Upstream,Upstream,Upstream,Upstream,Upstream,Upstream,Upstream,Upstream
2080469080,2276804,Downstream,Downstream,Downstream,Downstream,Downstream,Downstream,Downstream,Downstream
2080468610,2276604,Upstream,Upstream,Upstream,Upstream,Upstream,Upstream,Upstream,Upstream
2080468620,2276604,Upstream,Upstream,Upstream,Upstream,Upstream,Upstream,Upstream,Upstream
2080489610,2279402,Upstream,Upstream,Upstream,Downstream,Downstream,Downstream,Upstream,Downstream
2080489410,2279402,Upstream,Upstream,Upstream,Downstream,Downstream,Downstream,Upstream,Downstream
2080489600,2279402,Upstream,Upstream,Upstream,Upstream,Upstream,Upstream,Upstream,Upstream
2080516700,2278050,Upstream,Upstream,Upstream,Upstream,Upstream,Upstream,Upstream,Upstream
2080516570,2278050,Upstream,Upstream,Upstream,Upstream,Upstream,Upstream,Upstream,Upstream
2080466600,2276804,Downstream,Downstream,Downstream,Downstream,Downstream,Downstream,Downstream,Downstream
2080466590,2276804,Downstream,Downstream,Downstream,Downstream,Downstream,Downstream,Downstream,Downstream
2080463460,2276804,Downstream,Downstream,Downstream,Downstream,Downstream,Downstream,Downstream,Downstream
2080463280,2276804,Downstream,Upstream,Upstream,Upstream,Upstream,Upstream,Downstream,Downstream
2080473140,2279160,Upstream,Upstream,Upstream,Upstream,Upstream,Upstream,Upstream,Upstream
2080473150,2279160,Upstream,Upstream,Upstream,Upstream,Upstream,Upstream,Upstream,Upstream
2080461360,2276804,Downstream,Upstream,Upstream,Upstream,Upstream,Upstream,Downstream,Downstream
2080461350,2276804,Upstream,Upstream,Upstream,Upstream,Upstream,Upstream,Upstream,Upstream
2080472920,2279160,Upstream,Upstream,Upstream,Upstream,Upstream,Upstream,Upstream,Upstream
2080473160,2279160,Upstream,Upstream,Upstream,Upstream,Upstream,Upstream,Upstream,Upstream
2080497610,2278049,Downstream,Downstream,Downstream,Downstream,Downstream,Downstream,Downstream,Downstream
2080465640,2279180,Upstream,Upstream,Upstream,Upstream,Upstream,Upstream,Upstream,Upstream
2080465900,2279180,Downstream,Downstream,Downstream,Downstream,Downstream,Downstream,Downstream,Downstream
2080499110,2278049,Downstream,Downstream,Downstream,Downstream,Downstream,Downstream,Downstream,Downstream
2080499350,2278049,Downstream,Downstream,Downstream,Downstream,Downstream,Downstream,Downstream,Downstream
2080477000,2279701,Downstream,Downstream,Downstream,Downstream,Downstream,Downstream,Downstream,Downstream
2080460100,2279180,Upstream,Upstream,Upstream,Upstream,Upstream,Upstream,Upstream,Upstream
2080460000,2279180,Upstream,Upstream,Upstream,Upstream,Upstream,Upstream,Upstream,Upstream
2080503570,2278049,Downstream,Downstream,Downstream,Downstream,Downstream,Downstream,Downstream,Downstream
2080503560,2278049,Upstream,Upstream,Upstream,Upstream,Downstream,Downstream,Upstream,Upstream
2080479820,2276923,Downstream,Downstream,Downstream,Downstream,Downstream,Downstream,Downstream,Downstream
2080478250,2279701,Downstream,Downstream,Downstream,Downstream,Downstream,Downstream,Downstream,Downstream
2080478390,2279701,Downstream,Downstream,Downstream,Downstream,Downstream,Downstream,Downstream,Downstream
2080517330,2278090,Downstream,Downstream,Downstream,Downstream,Downstream,Downstream,Downstream,Downstream
2080517320,2278090,Downstream,Downstream,Downstream,Downstream,Downstream,Downstream,Downstream,Downstream
2080517190,2278090,Downstream,Downstream,Downstream,Downstream,Downstream,Downstream,Downstream,Downstream
2080446630,2276804,Upstream,Upstream,Upstream,Upstream,Upstream,Upstream,Upstream,Upstream
2080446500,2276804,Upstream,Upstream,Upstream,Upstream,Upstream,Upstream,Upstream,Upstream
2080477280,2279701,Upstream,Downstream,Downstream,Downstream,Downstream,Downstream,Upstream,Upstream
2080477560,2279701,Downstream,Downstream,Downstream,Downstream,Downstream,Downstream,Downstream,Downstream
2080456080,2279205,Downstream,Downstream,Downstream,Downstream,Downstream,Downstream,Downstream,Downstream
2080456090,2279205,Downstream,Downstream,Downstream,Downstream,Downstream,Downstream,Upstream,Upstream
2080504660,2278049,Upstream,Upstream,Upstream,Upstream,Downstream,Downstream,Upstream,Upstream
2080504940,2278049,Upstream,Upstream,Upstream,Upstream,Upstream,Upstream,Upstream,Upstream
2080479180,2276923,Downstream,Downstream,Downstream,Downstream,Downstream,Downstream,Downstream,Downstream
2080479240,2276923,Downstream,Downstream,Downstream,Downstream,Downstream,Downstream,Downstream,Downstream
2080464410,2279604,Downstream,Downstream,Downstream,Downstream,Downstream,Downstream,Downstream,Downstream
2080464110,2279604,Downstream,Downstream,Downstream,Downstream,Downstream,Downstream,Downstream,Downstream
2080464000,2279604,Downstream,Downstream,Downstream,Downstream,Downstream,Downstream,Downstream,Downstream
2080453310,2279205,Downstream,Downstream,Downstream,Downstream,Downstream,Downstream,Upstream,Upstream
2080453270,2279205,Upstream,Upstream,Upstream,Upstream,Upstream,Upstream,Upstream,Upstream
2080471760,2279701,Upstream,Upstream,Upstream,Upstream,Upstream,Upstream,Upstream,Upstream
2080471590,2279701,Upstream,Downstream,Downstream,Downstream,Downstream,Downstream,Upstream,Upstream
2080528890,2274099,Downstream,Downstream,Downstream,Downstream,Downstream,Downstream,Downstream,Downstream
2080452200,2279205,Upstream,Upstream,Upstream,Upstream,Upstream,Upstream,Upstream,Upstream
2080452210,2279205,Upstream,Upstream,Upstream,Upstream,Upstream,Upstream,Upstream,Upstream
2080528880,2274099,Downstream,Downstream,Downstream,Downstream,Downstream,Downstream,Downstream,Downstream
2080528800,2274099,Downstream,Downstream,Downstream,Downstream,Downstream,Downstream,Downstream,Downstream
2080513100,2278090,Downstream,Downstream,Downstream,Downstream,Downstream,Downstream,Downstream,Downstream
2080512940,2278090,Downstream,Downstream,Downstream,Downstream,Downstream,Downstream,Downstream,Downstream
2080512270,2278090,Upstream,Upstream,Upstream,Upstream,Upstream,Upstream,Upstream,Upstream
2080512060,2278090,Downstream,Downstream,Downstream,Downstream,Downstream,Downstream,Downstream,Downstream
2080527530,2274099,Downstream,Downstream,Downstream,Downstream,Downstream,Downstream,Downstream,Downstream
2080527400,2274099,Upstream,Upstream,Upstream,Upstream,Upstream,Upstream,Upstream,Upstream
2080485430,2279402,Upstream,Upstream,Upstream,Downstream,Downstream,Downstream,Upstream,Downstream
2080485580,2279402,Upstream,Upstream,Upstream,Downstream,Downstream,Downstream,Upstream,Downstream
2080477030,2276923,Downstream,Downstream,Downstream,Downstream,Downstream,Downstream,Downstream,Downstream
2080477140,2276923,Upstream,Upstream,Upstream,Upstream,Downstream,Downstream,Upstream,Upstream
2080471230,2279701,Upstream,Upstream,Upstream,Upstream,Upstream,Upstream,Upstream,Upstream
2080471330,2279701,Upstream,Upstream,Upstream,Upstream,Upstream,Upstream,Upstream,Upstream
2080525670,2274099,Upstream,Upstream,Upstream,Upstream,Upstream,Upstream,Upstream,Upstream
2080525540,2274099,Upstream,Upstream,Upstream,Upstream,Upstream,Upstream,Upstream,Upstream
2080457600,2279606,Downstream,Downstream,Downstream,Downstream,Downstream,Downstream,Upstream,Downstream
2080457280,2279606,Downstream,Downstream,Downstream,Downstream,Downstream,Downstream,Upstream,Downstream
2080457160,2279606,Upstream,Upstream,Upstream,Upstream,Upstream,Upstream,Upstream,Upstream
2080471090,2279703,Downstream,Downstream,Downstream,Downstream,Downstream,Downstream,Downstream,Downstream
2080478830,2276923,Upstream,Upstream,Upstream,Upstream,Upstream,Upstream,Upstream,Upstream
2080478580,2276923,Upstream,Upstream,Upstream,Upstream,Downstream,Downstream,Upstream,Upstream
2080505290,2278049,Upstream,Upstream,Upstream,Upstream,Upstream,Upstream,Upstream,Upstream
2080505220,2278049,Upstream,Upstream,Upstream,Upstream,Upstream,Upstream,Upstream,Upstream
2080488470,2279402,Upstream,Upstream,Upstream,Downstream,Downstream,Downstream,Upstream,Downstream
2080488510,2279402,Upstream,Upstream,Upstream,Downstream,Downstream,Downstream,Upstream,Downstream
2080448490,2279205,Upstream,Upstream,Upstream,Upstream,Upstream,Upstream,Upstream,Upstream
2080448650,2279205,Upstream,Upstream,Upstream,Upstream,Upstream,Upstream,Upstream,Upstream
2080470490,2279703,Downstream,Downstream,Downstream,Downstream,Downstream,Downstream,Downstream,Downstream
2080470410,2279703,Downstream,Downstream,Downstream,Downstream,Downstream,Downstream,Downstream,Downstream
2080480950,2276923,Upstream,Upstream,Upstream,Upstream,Upstream,Upstream,Upstream,Upstream
2080480870,2276923,Upstream,Upstream,Upstream,Upstream,Upstream,Upstream,Upstream,Upstream
2080490930,2276970,Downstream,Downstream,Downstream,Downstream,Downstream,Downstream,Downstream,Downstream
2080489230,2279402,Upstream,Upstream,Upstream,Downstream,Downstream,Downstream,Upstream,Downstream
2080488960,2279402,Upstream,Upstream,Upstream,Downstream,Downstream,Downstream,Upstream,Downstream
2080522660,2274099,Upstream,Upstream,Upstream,Upstream,Upstream,Upstream,Upstream,Upstream
2080522870,2274099,Upstream,Upstream,Upstream,Upstream,Upstream,Upstream,Upstream,Upstream
2080491940,2276970,Downstream,Downstream,Downstream,Downstream,Downstream,Downstream,Downstream,Downstream
2080492050,2276970,Downstream,Downstream,Downstream,Downstream,Downstream,Downstream,Downstream,Downstream
2080452570,2279606,Downstream,Downstream,Downstream,Downstream,Downstream,Downstream,Upstream,Downstream
2080452660,2279606,Downstream,Downstream,Downstream,Downstream,Downstream,Downstream,Upstream,Downstream
2080452560,2279606,Downstream,Downstream,Downstream,Downstream,Downstream,Downstream,Upstream,Downstream
2080452650,2279606,Downstream,Downstream,Downstream,Downstream,Downstream,Downstream,Upstream,Downstream
2080494680,2276970,Downstream,Downstream,Downstream,Downstream,Downstream,Downstream,Downstream,Downstream
2080494810,2276970,Downstream,Downstream,Downstream,Downstream,Downstream,Downstream,Downstream,Downstream
2080512050,2278090,Upstream,Upstream,Upstream,Upstream,Upstream,Upstream,Upstream,Upstream
2080512390,2278090,Upstream,Upstream,Upstream,Upstream,Upstream,Upstream,Upstream,Upstream
2080474880,2279703,Upstream,Upstream,Upstream,Upstream,Upstream,Upstream,Upstream,Upstream
2080475050,2279703,Downstream,Downstream,Downstream,Downstream,Downstream,Downstream,Downstream,Downstream
2080475520,2279703,Upstream,Upstream,Upstream,Upstream,Upstream,Upstream,Upstream,Upstream
2080475620,2279703,Upstream,Upstream,Upstream,Upstream,Upstream,Upstream,Upstream,Upstream
2080445420,2279604,Upstream,Upstream,Upstream,Upstream,Upstream,Upstream,Upstream,Upstream
2080445700,2279604,Downstream,Downstream,Downstream,Downstream,Downstream,Downstream,Downstream,Downstream
2080475730,2279703,Upstream,Upstream,Upstream,Upstream,Upstream,Upstream,Upstream,Upstream
2080475950,2279703,Upstream,Upstream,Upstream,Upstream,Upstream,Upstream,Upstream,Upstream
2080501740,2276970,Downstream,Downstream,Downstream,Downstream,Downstream,Downstream,Downstream,Downstream
2080501750,2276970,Upstream,Upstream,Upstream,Upstream,Upstream,Upstream,Upstream,Upstream
2080501980,2276970,Upstream,Upstream,Upstream,Upstream,Upstream,Upstream,Upstream,Upstream
2080443580,2279604,Upstream,Upstream,Upstream,Upstream,Upstream,Upstream,Upstream,Upstream
2080443590,2279604,Upstream,Upstream,Upstream,Upstream,Upstream,Upstream,Upstream,Upstream
2080501910,2276970,Upstream,Upstream,Upstream,Upstream,Upstream,Upstream,Upstream,Upstream
2080435940,2279604,Upstream,Upstream,Upstream,Upstream,Upstream,Upstream,Upstream,Upstream
2080435700,2279604,Upstream,Upstream,Upstream,Upstream,Upstream,Upstream,Upstream,Upstream
2080475160,2279706,Downstream,Downstream,Downstream,Downstream,Downstream,Downstream,Downstream,Downstream
2081140620,2279606,Downstream,Downstream,Downstream,Downstream,Downstream,Downstream,Upstream,Downstream
2080473910,2279709,Downstream,Downstream,Downstream,Downstream,Downstream,Downstream,Downstream,Downstream
2080474240,2279708,Downstream,Downstream,Downstream,Downstream,Downstream,Downstream,Downstream,Downstream
2080475720,2279708,Downstream,Downstream,Downstream,Downstream,Downstream,Downstream,Downstream,Downstream
2080475940,2279708,Downstream,Downstream,Downstream,Downstream,Downstream,Downstream,Downstream,Downstream
2080480790,2279706,Downstream,Downstream,Downstream,Downstream,Downstream,Downstream,Downstream,Downstream
2080480850,2279706,Downstream,Downstream,Downstream,Downstream,Downstream,Downstream,Downstream,Downstream
2080472510,2279709,Downstream,Downstream,Downstream,Downstream,Downstream,Downstream,Downstream,Downstream
2080472720,2279709,Downstream,Downstream,Downstream,Downstream,Downstream,Downstream,Downstream,Downstream
2080472910,2279709,Upstream,Upstream,Upstream,Upstream,Upstream,Upstream,Upstream,Upstream
2080473010,2279709,Downstream,Downstream,Downstream,Downstream,Downstream,Downstream,Downstream,Downstream
2080479430,2279708,Upstream,Upstream,Upstream,Upstream,Upstream,Upstream,Upstream,Downstream
2080479650,2279708,Downstream,Downstream,Downstream,Downstream,Downstream,Downstream,Downstream,Downstream
2080469900,2279709,Upstream,Upstream,Upstream,Upstream,Upstream,Upstream,Upstream,Upstream
2080470120,2279709,Upstream,Upstream,Upstream,Upstream,Upstream,Upstream,Upstream,Upstream
2080479420,2279708,Upstream,Upstream,Upstream,Upstream,Upstream,Upstream,Upstream,Downstream
2080479640,2279708,Upstream,Upstream,Upstream,Upstream,Upstream,Upstream,Upstream,Upstream
2080490390,2279706,Upstream,Upstream,Upstream,Upstream,Upstream,Upstream,Upstream,Upstream
2080490160,2279706,Downstream,Downstream,Downstream,Downstream,Downstream,Downstream,Downstream,Downstream
2080466280,2279709,Upstream,Upstream,Upstream,Upstream,Upstream,Upstream,Upstream,Upstream
2080466110,2279709,Upstream,Upstream,Upstream,Upstream,Upstream,Upstream,Upstream,Upstream
2080488950,2279708,Upstream,Upstream,Upstream,Upstream,Upstream,Upstream,Upstream,Upstream
2080489220,2279708,Upstream,Upstream,Upstream,Upstream,Upstream,Upstream,Upstream,Upstream
2080465610,2279910,Downstream,Downstream,Downstream,Downstream,Downstream,Downstream,Downstream,Downstream
2080465600,2279910,Downstream,Downstream,Downstream,Downstream,Downstream,Downstream,Upstream,Downstream
2080465480,2279910,Downstream,Downstream,Downstream,Downstream,Downstream,Downstream,Downstream,Downstream
2080465010,2279910,Upstream,Upstream,Upstream,Upstream,Upstream,Upstream,Upstream,Downstream
2080464840,2279910,Downstream,Downstream,Downstream,Downstream,Downstream,Downstream,Upstream,Downstream
2080463900,2279910,Upstream,Upstream,Upstream,Upstream,Upstream,Upstream,Upstream,Downstream
2080464100,2279910,Upstream,Upstream,Upstream,Upstream,Upstream,Upstream,Upstream,Upstream
2080493370,2279706,Upstream,Upstream,Upstream,Upstream,Upstream,Upstream,Upstream,Upstream
2080493360,2279706,Upstream,Upstream,Upstream,Upstream,Upstream,Upstream,Upstream,Upstream
2080461120,2279910,Upstream,Upstream,Upstream,Upstream,Upstream,Upstream,Upstream,Downstream
2080460990,2279910,Upstream,Upstream,Upstream,Upstream,Upstream,Upstream,Upstream,Downstream
2080460080,2279930,Downstream,Downstream,Downstream,Downstream,Downstream,Downstream,Downstream,Downstream
2080496910,2279706,Upstream,Upstream,Upstream,Upstream,Upstream,Upstream,Upstream,Upstream
2080496980,2279706,Upstream,Upstream,Upstream,Upstream,Upstream,Upstream,Upstream,Upstream
2080476090,2279804,Downstream,Downstream,Downstream,Downstream,Downstream,Downstream,Downstream,Downstream
2080474220,2279807,Downstream,Downstream,Downstream,Downstream,Downstream,Downstream,Downstream,Downstream
2080457430,2279930,Downstream,Downstream,Downstream,Downstream,Downstream,Downstream,Downstream,Downstream
2080457560,2279930,Downstream,Downstream,Downstream,Downstream,Downstream,Downstream,Downstream,Downstream
2080457370,2279930,Downstream,Downstream,Downstream,Downstream,Downstream,Downstream,Downstream,Downstream
2080457550,2279930,Upstream,Upstream,Upstream,Upstream,Upstream,Upstream,Downstream,Downstream
2080474740,2279807,Downstream,Downstream,Downstream,Downstream,Downstream,Downstream,Downstream,Downstream
2080474590,2279807,Downstream,Downstream,Downstream,Downstream,Downstream,Downstream,Downstream,Downstream
2080457360,2279930,Upstream,Upstream,Upstream,Upstream,Upstream,Upstream,Downstream,Downstream
2080457270,2279930,Upstream,Upstream,Upstream,Upstream,Upstream,Upstream,Downstream,Downstream
2080485710,2279804,Downstream,Downstream,Downstream,Downstream,Downstream,Downstream,Downstream,Downstream
2080485720,2279804,Downstream,Downstream,Downstream,Downstream,Downstream,Downstream,Downstream,Downstream
2080488460,2279804,Downstream,Downstream,Downstream,Downstream,Downstream,Downstream,Downstream,Downstream
2080488500,2279804,Upstream,Upstream,Upstream,Upstream,Upstream,Upstream,Upstream,Downstream
2080454380,2279930,Upstream,Upstream,Upstream,Upstream,Upstream,Upstream,Downstream,Downstream
2080454220,2279930,Upstream,Upstream,Upstream,Upstream,Upstream,Upstream,Upstream,Upstream
2080468060,2279924,Downstream,Downstream,Downstream,Downstream,Downstream,Downstream,Downstream,Downstream
2080481300,2279807,Upstream,Upstream,Upstream,Upstream,Upstream,Upstream,Upstream,Downstream
2080481230,2279807,Downstream,Downstream,Downstream,Downstream,Downstream,Downstream,Downstream,Downstream
2080492430,2279804,Upstream,Upstream,Upstream,Upstream,Upstream,Upstream,Upstream,Downstream
2080492830,2279804,Upstream,Upstream,Upstream,Upstream,Upstream,Upstream,Upstream,Upstream
2080470030,2279924,Downstream,Downstream,Downstream,Downstream,Downstream,Downstream,Downstream,Downstream
2080469810,2279924,Downstream,Downstream,Downstream,Downstream,Downstream,Downstream,Downstream,Downstream
2080457140,2279960,Downstream,Downstream,Downstream,Downstream,Downstream,Downstream,Downstream,Downstream
2080485570,2279807,Upstream,Upstream,Upstream,Upstream,Upstream,Upstream,Upstream,Upstream
2080485690,2279807,Upstream,Upstream,Upstream,Upstream,Upstream,Upstream,Upstream,Downstream
2080455790,2279960,Downstream,Downstream,Downstream,Downstream,Downstream,Downstream,Downstream,Downstream
2080456050,2279960,Downstream,Downstream,Downstream,Downstream,Downstream,Downstream,Downstream,Downstream
2080473900,2279924,Upstream,Upstream,Upstream,Upstream,Upstream,Upstream,Upstream,Upstream
2080474060,2279924,Downstream,Downstream,Downstream,Downstream,Downstream,Downstream,Downstream,Downstream
2080500480,2279804,Upstream,Upstream,Upstream,Upstream,Upstream,Upstream,Upstream,Upstream
2080500640,2279804,Upstream,Upstream,Upstream,Upstream,Upstream,Upstream,Upstream,Upstream
2080474840,2279924,Upstream,Upstream,Upstream,Upstream,Upstream,Upstream,Upstream,Upstream
2080474660,2279924,Upstream,Upstream,Upstream,Upstream,Upstream,Upstream,Upstream,Upstream
2080454200,2279960,Upstream,Upstream,Upstream,Upstream,Upstream,Upstream,Upstream,Downstream
2080454210,2279960,Downstream,Downstream,Downstream,Downstream,Downstream,Downstream,Downstream,Downstream
2080454370,2279960,Upstream,Upstream,Upstream,Upstream,Upstream,Upstream,Upstream,Downstream
2080454190,2279960,Upstream,Upstream,Upstream,Upstream,Upstream,Upstream,Upstream,Downstream
2080495600,2279807,Upstream,Upstream,Upstream,Upstream,Upstream,Upstream,Upstream,Upstream
2080495610,2279807,Upstream,Upstream,Upstream,Upstream,Upstream,Upstream,Upstream,Upstream
2080455150,2279960,Upstream,Upstream,Upstream,Upstream,Upstream,Upstream,Upstream,Downstream
2080455190,2279960,Upstream,Upstream,Upstream,Upstream,Upstream,Upstream,Upstream,Upstream
2080479800,2279924,Upstream,Upstream,Upstream,Upstream,Upstream,Upstream,Upstream,Upstream
2080479410,2279924,Upstream,Upstream,Upstream,Upstream,Upstream,Upstream,Upstream,Upstream
2080497830,2279809,Downstream,Downstream,Downstream,Downstream,Downstream,Downstream,Downstream,Downstream
2080461650,2279980,Downstream,Downstream,Downstream,Downstream,Downstream,Downstream,Downstream,Downstream
2080467560,2279980,Downstream,Downstream,Downstream,Downstream,Downstream,Downstream,Downstream,Downstream
2080467360,2279980,Downstream,Downstream,Downstream,Downstream,Downstream,Downstream,Downstream,Downstream
2080501040,2279809,Downstream,Downstream,Downstream,Downstream,Downstream,Downstream,Downstream,Downstream
2080501180,2279809,Downstream,Downstream,Downstream,Downstream,Downstream,Downstream,Downstream,Downstream
2080470600,2279980,Upstream,Upstream,Upstream,Upstream,Upstream,Upstream,Upstream,Upstream
2080470590,2279980,Downstream,Downstream,Downstream,Downstream,Downstream,Downstream,Downstream,Downstream
2080502370,2279809,Upstream,Upstream,Upstream,Upstream,Upstream,Upstream,Upstream,Upstream
2080502380,2279809,Downstream,Downstream,Downstream,Downstream,Downstream,Downstream,Downstream,Downstream
2080470940,2279999,Downstream,Downstream,Downstream,Downstream,Downstream,Downstream,Downstream,Downstream
2080504800,2279809,Upstream,Upstream,Upstream,Upstream,Upstream,Upstream,Upstream,Upstream
2080504920,2279809,Upstream,Upstream,Upstream,Upstream,Upstream,Upstream,Upstream,Upstream
2080473610,2279999,Downstream,Downstream,Downstream,Downstream,Downstream,Downstream,Downstream,Downstream
2080473750,2279999,Downstream,Downstream,Downstream,Downstream,Downstream,Downstream,Downstream,Downstream
2080474830,2279999,Downstream,Downstream,Downstream,Downstream,Downstream,Downstream,Upstream,Downstream
2080474730,2279999,Downstream,Downstream,Downstream,Downstream,Downstream,Downstream,Downstream,Downstream
2080493760,2279980,Upstream,Upstream,Upstream,Upstream,Upstream,Upstream,Upstream,Upstream
2080493850,2279980,Upstream,Upstream,Upstream,Upstream,Upstream,Upstream,Upstream,Upstream
2080495200,2279980,Upstream,Upstream,Upstream,Upstream,Upstream,Upstream,Upstream,Upstream
2080495300,2279980,Upstream,Upstream,Upstream,Upstream,Upstream,Upstream,Upstream,Upstream
2080480060,2279999,Upstream,Upstream,Upstream,Upstream,Upstream,Upstream,Upstream,Upstream
2080480240,2279999,Downstream,Downstream,Downstream,Downstream,Downstream,Downstream,Upstream,Downstream
2080480230,2279999,Upstream,Upstream,Upstream,Upstream,Upstream,Upstream,Upstream,Upstream
2080480050,2279999,Upstream,Upstream,Upstream,Upstream,Upstream,Upstream,Upstream,Upstream
2080515080,2279809,Upstream,Upstream,Upstream,Upstream,Upstream,Upstream,Upstream,Upstream
2080515090,2279809,Upstream,Upstream,Upstream,Upstream,Upstream,Upstream,Upstream,Upstream
2080520360,2140409,Downstream,Downstream,Downstream,Downstream,Downstream,Downstream,Downstream,Downstream
2080520030,2140409,Downstream,Downstream,Downstream,Downstream,Downstream,Downstream,Downstream,Downstream
2080519950,2140409,Downstream,Downstream,Downstream,Downstream,Downstream,Downstream,Downstream,Downstream
2080514690,2140409,Upstream,Upstream,Upstream,Upstream,Upstream,Upstream,Upstream,Upstream
2080514680,2140409,Downstream,Downstream,Downstream,Downstream,Downstream,Downstream,Downstream,Downstream
2080513090,2140409,Upstream,Upstream,Upstream,Upstream,Upstream,Upstream,Upstream,Upstream
2080513210,2140409,Upstream,Upstream,Upstream,Upstream,Upstream,Upstream,Upstream,Upstream
2080512850,2140409,Upstream,Upstream,Upstream,Upstream,Upstream,Upstream,Upstream,Upstream
2080512800,2140409,Upstream,Upstream,Upstream,Upstream,Upstream,Upstream,Upstream,Upstream
2080548650,2140640,Downstream,Downstream,Downstream,Downstream,Downstream,Downstream,Downstream,Downstream
2080545550,2140640,Downstream,Downstream,Downstream,Downstream,Downstream,Downstream,Downstream,Downstream
2080545670,2140640,Downstream,Downstream,Downstream,Downstream,Downstream,Downstream,Downstream,Downstream
2080539100,2140640,Upstream,Upstream,Upstream,Upstream,Upstream,Upstream,Upstream,Downstream
2080539110,2140640,Downstream,Downstream,Downstream,Downstream,Downstream,Downstream,Downstream,Downstream
2080530300,2140640,Upstream,Upstream,Upstream,Upstream,Upstream,Upstream,Upstream,Downstream
2080530180,2140640,Upstream,Upstream,Upstream,Upstream,Upstream,Upstream,Upstream,Upstream
2080527240,2140640,Upstream,Upstream,Upstream,Upstream,Upstream,Upstream,Upstream,Upstream
2080527060,2140640,Upstream,Upstream,Upstream,Upstream,Upstream,Upstream,Upstream,Upstream
2080016280,2160104,Downstream,Downstream,Downstream,Downstream,Downstream,Downstream,Downstream,Downstream
2080573590,2160104,Downstream,Downstream,Downstream,Downstream,Downstream,Downstream,Downstream,Downstream
2080573580,2160104,Downstream,Downstream,Downstream,Downstream,Downstream,Downstream,Downstream,Downstream
2080572970,2160104,Downstream,Downstream,Downstream,Downstream,Downstream,Downstream,Downstream,Downstream
2080572900,2160104,Upstream,Upstream,Upstream,Upstream,Upstream,Upstream,Upstream,Downstream
2080572220,2160104,Upstream,Upstream,Upstream,Upstream,Upstream,Upstream,Upstream,Upstream
2080572110,2160104,Upstream,Upstream,Upstream,Upstream,Upstream,Upstream,Upstream,Downstream
2080571100,2160104,Upstream,Upstream,Upstream,Upstream,Upstream,Upstream,Upstream,Upstream
2080571210,2160104,Upstream,Upstream,Upstream,Upstream,Upstream,Upstream,Upstream,Upstream
2080574960,2160225,Downstream,Downstream,Downstream,Downstream,Downstream,Downstream,Downstream,Downstream
2080572960,2160225,Downstream,Downstream,Downstream,Downstream,Downstream,Downstream,Downstream,Downstream
2080572950,2160225,Downstream,Downstream,Downstream,Downstream,Downstream,Downstream,Downstream,Downstream
2080572780,2160225,Upstream,Upstream,Upstream,Upstream,Upstream,Upstream,Upstream,Upstream
2080572790,2160225,Downstream,Downstream,Downstream,Downstream,Downstream,Downstream,Downstream,Downstream
2080569500,2160225,Upstream,Upstream,Upstream,Upstream,Upstream,Upstream,Upstream,Upstream
2080569440,2160225,Upstream,Upstream,Upstream,Upstream,Upstream,Upstream,Upstream,Upstream
2080567620,2160225,Upstream,Upstream,Upstream,Upstream,Upstream,Upstream,Upstream,Upstream
2080567530,2160225,Upstream,Upstream,Upstream,Upstream,Upstream,Upstream,Upstream,Upstream
2080547260,2160244,Downstream,Downstream,Downstream,Downstream,Downstream,Downstream,Downstream,Downstream
2080549760,2160244,Upstream,Upstream,Upstream,Upstream,Upstream,Upstream,Upstream,Downstream
2080549770,2160244,Downstream,Downstream,Downstream,Downstream,Downstream,Downstream,Downstream,Downstream
2080554640,2160244,Upstream,Upstream,Upstream,Upstream,Upstream,Upstream,Upstream,Downstream
2080554650,2160244,Upstream,Upstream,Upstream,Upstream,Upstream,Upstream,Upstream,Upstream
2080554660,2160244,Upstream,Upstream,Upstream,Upstream,Upstream,Upstream,Upstream,Upstream
2080554750,2160244,Upstream,Upstream,Upstream,Upstream,Upstream,Upstream,Upstream,Upstream
2080556700,2160244,Upstream,Upstream,Upstream,Upstream,Upstream,Upstream,Upstream,Upstream
2080556780,2160244,Upstream,Upstream,Upstream,Upstream,Upstream,Upstream,Upstream,Upstream
2080525920,2160267,Downstream,Downstream,Downstream,Downstream,Downstream,Downstream,Downstream,Downstream
2080520820,2160267,Downstream,Downstream,Downstream,Downstream,Downstream,Downstream,Downstream,Downstream
2080520910,2160267,Downstream,Downstream,Downstream,Downstream,Downstream,Downstream,Downstream,Downstream
2080527880,2160267,Downstream,Downstream,Downstream,Downstream,Downstream,Downstream,Downstream,Downstream
2080527890,2160267,Upstream,Upstream,Upstream,Upstream,Upstream,Upstream,Upstream,Upstream
2080525110,2160267,Upstream,Upstream,Upstream,Upstream,Upstream,Upstream,Upstream,Upstream
2080525120,2160267,Upstream,Upstream,Upstream,Upstream,Upstream,Upstream,Upstream,Upstream
2080524350,2160267,Upstream,Upstream,Upstream,Upstream,Upstream,Upstream,Upstream,Upstream
2080524140,2160267,Upstream,Upstream,Upstream,Upstream,Upstream,Upstream,Upstream,Upstream
2080016750,2160340,Downstream,Downstream,Downstream,Downstream,Downstream,Downstream,Downstream,Downstream
2080583010,2160340,Downstream,Downstream,Downstream,Downstream,Downstream,Downstream,Downstream,Downstream
2080582900,2160340,Downstream,Downstream,Downstream,Downstream,Downstream,Downstream,Downstream,Downstream
2080583360,2160340,Downstream,Downstream,Downstream,Downstream,Downstream,Downstream,Downstream,Downstream
2080583280,2160340,Downstream,Downstream,Downstream,Downstream,Downstream,Downstream,Downstream,Downstream
2080583750,2160340,Upstream,Upstream,Upstream,Upstream,Upstream,Upstream,Upstream,Upstream
2080583680,2160340,Downstream,Downstream,Downstream,Downstream,Downstream,Downstream,Downstream,Downstream
2080583140,2160340,Upstream,Upstream,Upstream,Upstream,Upstream,Upstream,Upstream,Upstream
2080583270,2160340,Upstream,Upstream,Upstream,Upstream,Upstream,Upstream,Upstream,Upstream
2080614290,2160422,Downstream,Downstream,Downstream,Downstream,Downstream,Downstream,Downstream,Downstream
2080610900,2160422,Upstream,Upstream,Upstream,Upstream,Upstream,Upstream,Upstream,Downstream
2080610910,2160422,Downstream,Downstream,Downstream,Downstream,Downstream,Downstream,Downstream,Downstream
2080609940,2160422,Upstream,Upstream,Upstream,Upstream,Upstream,Upstream,Upstream,Downstream
2080609840,2160422,Upstream,Upstream,Upstream,Upstream,Upstream,Upstream,Upstream,Upstream
2080604710,2160428,Downstream,Downstream,Downstream,Downstream,Downstream,Downstream,Downstream,Downstream
2080601050,2160422,Upstream,Upstream,Upstream,Upstream,Upstream,Upstream,Upstream,Upstream
2080600940,2160422,Upstream,Upstream,Upstream,Upstream,Upstream,Upstream,Upstream,Upstream
2080600480,2160428,Downstream,Downstream,Downstream,Downstream,Downstream,Downstream,Downstream,Downstream
2080600410,2160428,Upstream,Upstream,Upstream,Upstream,Upstream,Upstream,Upstream,Downstream
2080598110,2160428,Upstream,Upstream,Upstream,Upstream,Upstream,Upstream,Upstream,Upstream
2080598100,2160428,Upstream,Upstream,Upstream,Upstream,Upstream,Upstream,Upstream,Downstream
2080595100,2160422,Upstream,Upstream,Upstream,Upstream,Upstream,Upstream,Upstream,Upstream
2080595000,2160422,Upstream,Upstream,Upstream,Upstream,Upstream,Upstream,Upstream,Upstream
2080594110,2160428,Upstream,Upstream,Upstream,Upstream,Upstream,Upstream,Upstream,Upstream
2080594050,2160428,Upstream,Upstream,Upstream,Upstream,Upstream,Upstream,Upstream,Upstream
2080593580,2160428,Upstream,Upstream,Upstream,Upstream,Upstream,Upstream,Upstream,Upstream
2080593590,2160428,Upstream,Upstream,Upstream,Upstream,Upstream,Upstream,Upstream,Upstream
2080017430,2160508,Downstream,Downstream,Downstream,Downstream,Downstream,Downstream,Downstream,Downstream
2080652020,2160508,Downstream,Downstream,Downstream,Downstream,Downstream,Downstream,Downstream,Downstream
2080651840,2160508,Downstream,Downstream,Downstream,Downstream,Downstream,Downstream,Downstream,Downstream
2080649400,2160508,Upstream,Upstream,Upstream,Upstream,Upstream,Upstream,Upstream,Upstream
2080649270,2160508,Downstream,Downstream,Downstream,Downstream,Downstream,Downstream,Downstream,Downstream
2080636220,2160508,Upstream,Upstream,Upstream,Upstream,Upstream,Upstream,Upstream,Upstream
2080636030,2160508,Upstream,Upstream,Upstream,Upstream,Upstream,Upstream,Upstream,Upstream
2080632150,2160508,Upstream,Upstream,Upstream,Upstream,Upstream,Upstream,Upstream,Upstream
2080632140,2160508,Upstream,Upstream,Upstream,Upstream,Upstream,Upstream,Upstream,Upstream
2080584600,2321449,Downstream,Downstream,Downstream,Downstream,Downstream,Downstream,Downstream,Downstream
2080585520,2321449,Upstream,Upstream,Upstream,Upstream,Upstream,Upstream,Upstream,Downstream
2080585660,2321449,Downstream,Downstream,Downstream,Downstream,Downstream,Downstream,Downstream,Downstream
2080559130,2321426,Downstream,Downstream,Downstream,Downstream,Downstream,Downstream,Downstream,Downstream
2080585960,2321449,Upstream,Upstream,Upstream,Upstream,Upstream,Upstream,Upstream,Downstream
2080586030,2321449,Upstream,Upstream,Upstream,Upstream,Upstream,Upstream,Upstream,Upstream
2080558280,2321426,Downstream,Downstream,Downstream,Downstream,Downstream,Downstream,Downstream,Downstream
2080558290,2321426,Downstream,Downstream,Downstream,Downstream,Downstream,Downstream,Downstream,Downstream
2080586680,2321449,Upstream,Upstream,Upstream,Upstream,Upstream,Upstream,Upstream,Upstream
2080586670,2321449,Upstream,Upstream,Upstream,Upstream,Upstream,Upstream,Upstream,Upstream
2080587970,2321449,Upstream,Upstream,Upstream,Upstream,Upstream,Upstream,Upstream,Upstream
2080587960,2321449,Upstream,Upstream,Upstream,Upstream,Upstream,Upstream,Upstream,Upstream
2080553820,2321426,Downstream,Downstream,Downstream,Downstream,Downstream,Downstream,Downstream,Downstream
2080553670,2321426,Upstream,Upstream,Upstream,Upstream,Upstream,Upstream,Upstream,Upstream
2080552800,2321426,Upstream,Upstream,Upstream,Upstream,Upstream,Upstream,Upstream,Upstream
2080552720,2321426,Upstream,Upstream,Upstream,Upstream,Upstream,Upstream,Upstream,Upstream
2080556770,2321426,Upstream,Upstream,Upstream,Upstream,Upstream,Upstream,Upstream,Upstream
2080556890,2321426,Upstream,Upstream,Upstream,Upstream,Upstream,Upstream,Upstream,Upstream
2080520310,2322907,Downstream,Downstream,Downstream,Downstream,Downstream,Downstream,Downstream,Downstream
2080520800,2322907,Downstream,Downstream,Downstream,Downstream,Downstream,Downstream,Downstream,Downstream
2080520810,2322907,Downstream,Downstream,Downstream,Downstream,Downstream,Downstream,Downstream,Downstream
2080527210,2322907,Downstream,Downstream,Downstream,Downstream,Downstream,Downstream,Downstream,Downstream
2080527320,2322907,Upstream,Downstream,Downstream,Downstream,Downstream,Downstream,Upstream,Downstream
2080541830,2322809,Downstream,Downstream,Downstream,Downstream,Downstream,Downstream,Downstream,Downstream
2080535760,2322907,Upstream,Downstream,Downstream,Downstream,Downstream,Downstream,Upstream,Downstream
2080535770,2322907,Upstream,Upstream,Upstream,Upstream,Upstream,Upstream,Upstream,Upstream
2080545370,2322809,Downstream,Downstream,Downstream,Downstream,Downstream,Downstream,Downstream,Downstream
2080545480,2322809,Downstream,Downstream,Downstream,Downstream,Downstream,Downstream,Downstream,Downstream
2080548120,2322809,Upstream,Upstream,Upstream,Downstream,Downstream,Downstream,Upstream,Upstream
2080548110,2322809,Downstream,Downstream,Downstream,Downstream,Downstream,Downstream,Downstream,Downstream
2080545100,2322907,Upstream,Upstream,Upstream,Upstream,Upstream,Upstream,Upstream,Upstream
2080545110,2322907,Upstream,Upstream,Upstream,Upstream,Upstream,Upstream,Upstream,Upstream
2080552810,2322809,Upstream,Upstream,Upstream,Downstream,Downstream,Downstream,Upstream,Upstream
2080552820,2322809,Upstream,Upstream,Upstream,Upstream,Upstream,Upstream,Upstream,Upstream
2080555520,2322809,Upstream,Upstream,Upstream,Upstream,Upstream,Upstream,Upstream,Upstream
2080555510,2322809,Upstream,Upstream,Upstream,Upstream,Upstream,Upstream,Upstream,Upstream
2080420240,2326201,Downstream,Downstream,Downstream,Downstream,Downstream,Downstream,Downstream,Downstream
2080421680,2326302,Downstream,Downstream,Downstream,Downstream,Downstream,Downstream,Downstream,Downstream
2080419440,2326302,Downstream,Downstream,Downstream,Downstream,Downstream,Downstream,Downstream,Downstream
2080419610,2326302,Downstream,Downstream,Downstream,Downstream,Downstream,Downstream,Downstream,Downstream
2080419450,2326302,Downstream,Downstream,Downstream,Downstream,Downstream,Downstream,Downstream,Downstream
2080419390,2326302,Downstream,Downstream,Downstream,Downstream,Downstream,Downstream,Upstream,Downstream
2080428080,2326201,Downstream,Downstream,Downstream,Downstream,Downstream,Downstream,Downstream,Downstream
2080428160,2326201,Downstream,Downstream,Downstream,Downstream,Downstream,Downstream,Downstream,Downstream
2080415930,2326302,Upstream,Upstream,Upstream,Upstream,Upstream,Upstream,Upstream,Upstream
2080415920,2326302,Downstream,Downstream,Downstream,Downstream,Downstream,Downstream,Upstream,Downstream
2080431750,2326201,Upstream,Upstream,Upstream,Upstream,Upstream,Upstream,Upstream,Upstream
2080431660,2326201,Downstream,Downstream,Downstream,Downstream,Downstream,Downstream,Downstream,Downstream
2080433520,2326201,Upstream,Upstream,Upstream,Upstream,Upstream,Upstream,Upstream,Upstream
2080433740,2326201,Upstream,Upstream,Upstream,Upstream,Upstream,Upstream,Upstream,Upstream
2080408600,2326302,Upstream,Upstream,Upstream,Upstream,Upstream,Upstream,Upstream,Upstream
2080408610,2326302,Upstream,Upstream,Upstream,Upstream,Upstream,Upstream,Upstream,Upstream
2080434630,2326201,Upstream,Upstream,Upstream,Upstream,Upstream,Upstream,Upstream,Upstream
2080434470,2326201,Upstream,Upstream,Upstream,Upstream,Upstream,Upstream,Upstream,Upstream
2080441280,2326701,Downstream,Downstream,Downstream,Downstream,Downstream,Downstream,Downstream,Downstream
2080446220,2326701,Downstream,Downstream,Downstream,Downstream,Downstream,Downstream,Downstream,Downstream
2080446320,2326701,Downstream,Downstream,Downstream,Downstream,Downstream,Downstream,Upstream,Downstream
2080447840,2326701,Downstream,Downstream,Downstream,Downstream,Downstream,Downstream,Upstream,Upstream
2080447870,2326701,Downstream,Downstream,Downstream,Downstream,Downstream,Downstream,Upstream,Downstream
2080457240,2326701,Downstream,Downstream,Downstream,Downstream,Downstream,Downstream,Upstream,Upstream
2080457250,2326701,Upstream,Upstream,Upstream,Upstream,Upstream,Upstream,Upstream,Upstream
2080457230,2326701,Downstream,Downstream,Downstream,Downstream,Downstream,Downstream,Upstream,Upstream
2080457340,2326701,Downstream,Downstream,Downstream,Downstream,Downstream,Downstream,Upstream,Upstream
2080428090,2326406,Downstream,Downstream,Downstream,Downstream,Downstream,Downstream,Downstream,Downstream
2080427910,2326406,Downstream,Downstream,Downstream,Downstream,Downstream,Downstream,Downstream,Downstream
2080427920,2326406,Downstream,Downstream,Downstream,Downstream,Downstream,Downstream,Upstream,Downstream
2080469050,2326706,Downstream,Downstream,Downstream,Downstream,Downstream,Downstream,Downstream,Downstream
2080473590,2326706,Downstream,Downstream,Downstream,Downstream,Downstream,Downstream,Downstream,Downstream
2080473720,2326706,Upstream,Upstream,Downstream,Downstream,Downstream,Downstream,Upstream,Downstream
2080462440,2326609,Downstream,Downstream,Downstream,Downstream,Downstream,Downstream,Downstream,Downstream
2080462780,2326609,Downstream,Downstream,Downstream,Downstream,Downstream,Downstream,Downstream,Downstream
2080462920,2326609,Downstream,Downstream,Downstream,Downstream,Downstream,Downstream,Downstream,Downstream
2080476870,2326706,Upstream,Upstream,Upstream,Upstream,Upstream,Upstream,Upstream,Downstream
2080476730,2326706,Upstream,Upstream,Downstream,Downstream,Downstream,Downstream,Upstream,Downstream
2080479610,2326706,Upstream,Upstream,Upstream,Upstream,Upstream,Upstream,Upstream,Downstream
2080479620,2326706,Upstream,Upstream,Upstream,Upstream,Upstream,Upstream,Upstream,Upstream
2080421790,2326406,Upstream,Upstream,Upstream,Upstream,Upstream,Upstream,Upstream,Upstream
2080422050,2326406,Downstream,Downstream,Downstream,Downstream,Downstream,Downstream,Upstream,Downstream
2080465110,2326609,Downstream,Downstream,Downstream,Downstream,Downstream,Downstream,Downstream,Downstream
2080465240,2326609,Downstream,Downstream,Downstream,Downstream,Downstream,Downstream,Downstream,Downstream
2080420580,2326406,Upstream,Upstream,Upstream,Upstream,Upstream,Upstream,Upstream,Upstream
2080420570,2326406,Upstream,Upstream,Upstream,Upstream,Upstream,Upstream,Upstream,Upstream
2080421430,2326406,Upstream,Upstream,Upstream,Upstream,Upstream,Upstream,Upstream,Upstream
2080421570,2326406,Upstream,Upstream,Upstream,Upstream,Upstream,Upstream,Upstream,Upstream
2080484890,2326706,Upstream,Upstream,Upstream,Upstream,Upstream,Upstream,Upstream,Upstream
2080484990,2326706,Upstream,Upstream,Upstream,Upstream,Upstream,Upstream,Upstream,Upstream
2080469350,2326609,Upstream,Upstream,Upstream,Upstream,Upstream,Upstream,Upstream,Upstream
2080469510,2326609,Downstream,Downstream,Downstream,Downstream,Downstream,Downstream,Downstream,Downstream
2080470570,2326609,Upstream,Upstream,Upstream,Upstream,Upstream,Upstream,Upstream,Upstream
2080470690,2326609,Upstream,Upstream,Upstream,Upstream,Upstream,Upstream,Upstream,Upstream
2080431670,2326408,Downstream,Downstream,Downstream,Downstream,Downstream,Downstream,Downstream,Downstream
2080431760,2326409,Downstream,Downstream,Downstream,Downstream,Downstream,Downstream,Downstream,Downstream
2080430150,2326408,Downstream,Downstream,Downstream,Downstream,Downstream,Downstream,Downstream,Downstream
2080430160,2326408,Downstream,Downstream,Downstream,Downstream,Downstream,Downstream,Downstream,Downstream
2080429880,2326408,Upstream,Upstream,Upstream,Upstream,Upstream,Upstream,Upstream,Upstream
2080429780,2326408,Downstream,Downstream,Downstream,Downstream,Downstream,Downstream,Downstream,Downstream
2080433560,2326409,Downstream,Downstream,Downstream,Downstream,Downstream,Downstream,Downstream,Downstream
2080433660,2326409,Downstream,Downstream,Downstream,Downstream,Downstream,Downstream,Downstream,Downstream
2080435180,2326409,Upstream,Upstream,Upstream,Upstream,Upstream,Upstream,Downstream,Downstream
2080435170,2326409,Downstream,Downstream,Downstream,Downstream,Downstream,Downstream,Downstream,Downstream
2080436990,2326409,Upstream,Upstream,Upstream,Upstream,Upstream,Upstream,Downstream,Downstream
2080437110,2326409,Upstream,Upstream,Upstream,Upstream,Upstream,Upstream,Upstream,Upstream
2080495890,2326804,Downstream,Downstream,Downstream,Downstream,Downstream,Downstream,Downstream,Downstream
2080425550,2326408,Upstream,Upstream,Upstream,Upstream,Upstream,Upstream,Upstream,Upstream
2080425470,2326408,Upstream,Upstream,Upstream,Upstream,Upstream,Upstream,Upstream,Upstream
2080491910,2326905,Downstream,Downstream,Downstream,Downstream,Downstream,Downstream,Downstream,Downstream
2080442040,2326409,Upstream,Upstream,Upstream,Upstream,Upstream,Upstream,Upstream,Upstream
2080442050,2326409,Upstream,Upstream,Upstream,Upstream,Upstream,Upstream,Upstream,Upstream
2080427500,2326408,Upstream,Upstream,Upstream,Upstream,Upstream,Upstream,Upstream,Upstream
2080427290,2326408,Upstream,Upstream,Upstream,Upstream,Upstream,Upstream,Upstream,Upstream
2080501870,2326804,Downstream,Downstream,Downstream,Downstream,Downstream,Downstream,Downstream,Downstream
2080501880,2326804,Downstream,Downstream,Downstream,Downstream,Downstream,Downstream,Downstream,Downstream
2080506610,2326804,Downstream,Downstream,Downstream,Downstream,Downstream,Downstream,Downstream,Downstream
2080506740,2326804,Downstream,Downstream,Downstream,Downstream,Downstream,Downstream,Downstream,Downstream
2080507640,2326804,Upstream,Upstream,Upstream,Upstream,Upstream,Upstream,Upstream,Upstream
2080507730,2326804,Downstream,Downstream,Downstream,Downstream,Downstream,Downstream,Downstream,Downstream
2080490680,2326905,Downstream,Downstream,Downstream,Downstream,Downstream,Downstream,Downstream,Downstream
2080490790,2326905,Downstream,Downstream,Downstream,Downstream,Downstream,Downstream,Downstream,Downstream
2080508390,2326804,Upstream,Upstream,Upstream,Upstream,Upstream,Upstream,Upstream,Upstream
2080508130,2326804,Upstream,Upstream,Upstream,Upstream,Upstream,Upstream,Upstream,Upstream
2080492420,2326905,Downstream,Downstream,Downstream,Downstream,Downstream,Downstream,Downstream,Downstream
2080492800,2326905,Upstream,Upstream,Upstream,Upstream,Upstream,Upstream,Upstream,Upstream
2080493150,2326905,Upstream,Upstream,Upstream,Upstream,Upstream,Upstream,Upstream,Upstream
2080493230,2326905,Upstream,Upstream,Upstream,Upstream,Upstream,Upstream,Upstream,Upstream
2080494490,2326905,Upstream,Upstream,Upstream,Upstream,Upstream,Upstream,Upstream,Upstream
2080494660,2326905,Upstream,Upstream,Upstream,Upstream,Upstream,Upstream,Upstream,Upstream
2080508840,2326809,Downstream,Downstream,Downstream,Downstream,Downstream,Downstream,Downstream,Downstream
2080510580,2326809,Downstream,Downstream,Downstream,Downstream,Downstream,Downstream,Downstream,Downstream
2080510720,2326809,Downstream,Downstream,Downstream,Downstream,Downstream,Downstream,Downstream,Downstream
2080514280,2326809,Upstream,Upstream,Upstream,Upstream,Upstream,Upstream,Upstream,Upstream
2080514370,2326809,Downstream,Downstream,Downstream,Downstream,Downstream,Downstream,Downstream,Downstream
2080515270,2326809,Upstream,Upstream,Upstream,Upstream,Upstream,Upstream,Upstream,Upstream
2080515500,2326809,Upstream,Upstream,Upstream,Upstream,Upstream,Upstream,Upstream,Upstream
2080515180,2326809,Upstream,Upstream,Upstream,Upstream,Upstream,Upstream,Upstream,Upstream
2080514970,2326809,Upstream,Upstream,Upstream,Upstream,Upstream,Upstream,Upstream,Upstream
2080352840,2327066,Downstream,Downstream,Downstream,Downstream,Downstream,Downstream,Upstream,Downstream
2080358520,2327066,Downstream,Downstream,Downstream,Downstream,Downstream,Downstream,Upstream,Downstream
2080358530,2327066,Upstream,Upstream,Upstream,Upstream,Upstream,Upstream,Upstream,Upstream
2080365880,2327066,Downstream,Downstream,Downstream,Downstream,Downstream,Downstream,Upstream,Downstream
2080365870,2327066,Downstream,Downstream,Downstream,Downstream,Downstream,Downstream,Upstream,Downstream
2080370900,2327066,Downstream,Downstream,Downstream,Downstream,Downstream,Downstream,Upstream,Downstream
2080370950,2327066,Downstream,Downstream,Downstream,Downstream,Downstream,Downstream,Upstream,Downstream
2080385660,2327066,Downstream,Downstream,Downstream,Downstream,Downstream,Downstream,Upstream,Downstream
2080385770,2327066,Downstream,Downstream,Downstream,Downstream,Downstream,Downstream,Upstream,Downstream
2080393590,2327068,Downstream,Downstream,Downstream,Downstream,Downstream,Downstream,Downstream,Downstream
2080393600,2327069,Downstream,Downstream,Downstream,Downstream,Downstream,Downstream,Downstream,Downstream
2080398860,2327068,Downstream,Downstream,Downstream,Downstream,Downstream,Downstream,Downstream,Downstream
2080398850,2327068,Downstream,Downstream,Downstream,Downstream,Downstream,Downstream,Upstream,Upstream
2080399030,2327069,Downstream,Downstream,Downstream,Downstream,Downstream,Downstream,Downstream,Downstream
2080399200,2327069,Downstream,Downstream,Downstream,Downstream,Downstream,Downstream,Downstream,Downstream
2080401920,2327068,Downstream,Downstream,Downstream,Downstream,Downstream,Downstream,Upstream,Upstream
2080402060,2327068,Downstream,Downstream,Downstream,Downstream,Downstream,Downstream,Upstream,Upstream
2080404730,2327069,Downstream,Downstream,Downstream,Downstream,Downstream,Downstream,Upstream,Downstream
2080404740,2327069,Downstream,Downstream,Downstream,Downstream,Downstream,Downstream,Downstream,Downstream
2080401610,2327068,Downstream,Downstream,Downstream,Downstream,Downstream,Downstream,Upstream,Upstream
2080401750,2327068,Upstream,Upstream,Upstream,Upstream,Upstream,Upstream,Upstream,Upstream
2080402910,2327068,Upstream,Upstream,Upstream,Upstream,Upstream,Upstream,Upstream,Upstream
2080402710,2327068,Upstream,Upstream,Upstream,Upstream,Upstream,Upstream,Upstream,Upstream
2080408960,2327069,Upstream,Upstream,Upstream,Upstream,Upstream,Upstream,Upstream,Upstream
2080409070,2327069,Downstream,Downstream,Downstream,Downstream,Downstream,Downstream,Upstream,Downstream
2080416790,2327069,Upstream,Upstream,Upstream,Upstream,Upstream,Upstream,Upstream,Upstream
2080416690,2327069,Upstream,Upstream,Upstream,Upstream,Upstream,Upstream,Upstream,Upstream
2080381550,2328502,Downstream,Downstream,Downstream,Downstream,Downstream,Downstream,Downstream,Downstream
2080365990,2328209,Downstream,Downstream,Downstream,Downstream,Downstream,Downstream,Downstream,Downstream
2080388790,2328502,Downstream,Downstream,Downstream,Downstream,Downstream,Downstream,Downstream,Downstream
2080388930,2328502,Downstream,Downstream,Downstream,Downstream,Downstream,Downstream,Downstream,Downstream
2080366980,2328209,Downstream,Downstream,Downstream,Downstream,Downstream,Downstream,Downstream,Downstream
2080366780,2328209,Downstream,Downstream,Downstream,Downstream,Downstream,Downstream,Downstream,Downstream
2080383060,2328505,Downstream,Downstream,Downstream,Downstream,Downstream,Downstream,Downstream,Downstream
2080394350,2328404,Downstream,Downstream,Downstream,Downstream,Downstream,Downstream,Downstream,Downstream
2080394910,2328404,Downstream,Downstream,Downstream,Downstream,Downstream,Downstream,Downstream,Downstream
2080395090,2328404,Downstream,Downstream,Downstream,Downstream,Downstream,Downstream,Downstream,Downstream
2080390260,2328505,Downstream,Downstream,Downstream,Downstream,Downstream,Downstream,Downstream,Downstream
2080390270,2328505,Downstream,Downstream,Downstream,Downstream,Downstream,Downstream,Upstream,Downstream
2080396040,2328404,Upstream,Downstream,Downstream,Downstream,Downstream,Downstream,Upstream,Upstream
2080396050,2328404,Downstream,Downstream,Downstream,Downstream,Downstream,Downstream,Downstream,Downstream
2080400420,2328502,Downstream,Downstream,Downstream,Downstream,Downstream,Downstream,Downstream,Downstream
2080400430,2328502,Upstream,Upstream,Upstream,Upstream,Upstream,Upstream,Upstream,Upstream
2080375820,2328209,Downstream,Downstream,Downstream,Downstream,Downstream,Downstream,Downstream,Downstream
2080400180,2328406,Downstream,Downstream,Downstream,Downstream,Downstream,Downstream,Downstream,Downstream
2080375810,2328209,Upstream,Upstream,Upstream,Upstream,Upstream,Upstream,Downstream,Downstream
2080402200,2328409,Downstream,Downstream,Downstream,Downstream,Downstream,Downstream,Downstream,Downstream
2080405110,2328502,Downstream,Downstream,Downstream,Downstream,Downstream,Downstream,Downstream,Downstream
2080405260,2328502,Downstream,Downstream,Downstream,Downstream,Downstream,Downstream,Downstream,Downstream
2080379850,2328209,Upstream,Upstream,Upstream,Upstream,Upstream,Upstream,Upstream,Upstream
2080379840,2328209,Upstream,Upstream,Upstream,Upstream,Upstream,Upstream,Downstream,Downstream
2080408150,2328409,Downstream,Downstream,Downstream,Downstream,Downstream,Downstream,Downstream,Downstream
2080408270,2328409,Downstream,Downstream,Downstream,Downstream,Downstream,Downstream,Downstream,Downstream
2080395590,2328406,Downstream,Downstream,Downstream,Downstream,Downstream,Downstream,Downstream,Downstream
2080395600,2328406,Downstream,Downstream,Downstream,Downstream,Downstream,Downstream,Downstream,Downstream
2080410780,2328409,Upstream,Upstream,Upstream,Upstream,Upstream,Upstream,Upstream,Downstream
2080410890,2328409,Downstream,Downstream,Downstream,Downstream,Downstream,Downstream,Downstream,Downstream
2080410010,2328404,Upstream,Downstream,Downstream,Downstream,Downstream,Downstream,Upstream,Upstream
2080410020,2328404,Upstream,Upstream,Upstream,Upstream,Upstream,Upstream,Upstream,Upstream
2080397790,2328406,Downstream,Downstream,Downstream,Downstream,Downstream,Downstream,Downstream,Downstream
2080397920,2328406,Upstream,Upstream,Upstream,Upstream,Upstream,Upstream,Upstream,Downstream
2080398490,2328406,Upstream,Upstream,Upstream,Upstream,Upstream,Upstream,Upstream,Upstream
2080398480,2328406,Upstream,Upstream,Upstream,Upstream,Upstream,Upstream,Upstream,Downstream
2080412970,2328409,Upstream,Upstream,Upstream,Upstream,Upstream,Upstream,Upstream,Downstream
2080413040,2328409,Upstream,Upstream,Upstream,Upstream,Upstream,Upstream,Upstream,Upstream
2080403210,2328505,Downstream,Downstream,Downstream,Downstream,Downstream,Downstream,Upstream,Downstream
2080403220,2328505,Upstream,Upstream,Upstream,Upstream,Upstream,Upstream,Upstream,Upstream
2080413950,2328404,Upstream,Upstream,Upstream,Upstream,Upstream,Upstream,Upstream,Upstream
2080414060,2328404,Upstream,Upstream,Upstream,Upstream,Upstream,Upstream,Upstream,Upstream
2080415270,2328502,Downstream,Downstream,Downstream,Downstream,Downstream,Downstream,Downstream,Downstream
2080415440,2328502,Downstream,Downstream,Downstream,Downstream,Downstream,Downstream,Downstream,Downstream
2080414680,2328409,Upstream,Upstream,Upstream,Upstream,Upstream,Upstream,Upstream,Upstream
2080414770,2328409,Upstream,Upstream,Upstream,Upstream,Upstream,Upstream,Upstream,Upstream
2080401390,2328406,Upstream,Upstream,Upstream,Upstream,Upstream,Upstream,Upstream,Upstream
2080401630,2328406,Upstream,Upstream,Upstream,Upstream,Upstream,Upstream,Upstream,Upstream
2080405730,2328505,Upstream,Upstream,Upstream,Upstream,Upstream,Upstream,Upstream,Upstream
2080405740,2328505,Upstream,Upstream,Upstream,Upstream,Upstream,Upstream,Upstream,Upstream
2080407110,2328505,Upstream,Upstream,Upstream,Upstream,Upstream,Upstream,Upstream,Upstream
2080407010,2328505,Upstream,Upstream,Upstream,Upstream,Upstream,Upstream,Upstream,Upstream
2080393370,2328209,Upstream,Upstream,Upstream,Upstream,Upstream,Upstream,Upstream,Upstream
2080393380,2328209,Upstream,Upstream,Upstream,Upstream,Upstream,Upstream,Upstream,Upstream
2080416800,2328508,Downstream,Downstream,Downstream,Downstream,Downstream,Downstream,Downstream,Downstream
2080421350,2328508,Downstream,Downstream,Downstream,Downstream,Downstream,Downstream,Downstream,Downstream
2080421580,2328508,Downstream,Downstream,Downstream,Downstream,Downstream,Downstream,Downstream,Downstream
2080420760,2328508,Downstream,Upstream,Upstream,Upstream,Upstream,Upstream,Downstream,Downstream
2080420950,2328508,Downstream,Downstream,Downstream,Downstream,Downstream,Downstream,Downstream,Downstream
2080429790,2328800,Downstream,Downstream,Downstream,Downstream,Downstream,Downstream,Downstream,Downstream
2080432540,2328902,Downstream,Downstream,Downstream,Downstream,Downstream,Downstream,Downstream,Downstream
2080423840,2328508,Upstream,Upstream,Upstream,Upstream,Upstream,Upstream,Upstream,Upstream
2080423850,2328508,Downstream,Upstream,Upstream,Upstream,Upstream,Upstream,Downstream,Downstream
2080430390,2328800,Downstream,Downstream,Downstream,Downstream,Downstream,Downstream,Downstream,Downstream
2080430330,2328800,Downstream,Downstream,Downstream,Downstream,Downstream,Downstream,Downstream,Downstream
2080433890,2328902,Downstream,Downstream,Downstream,Downstream,Downstream,Downstream,Downstream,Downstream
2080433980,2328902,Downstream,Downstream,Downstream,Downstream,Downstream,Downstream,Downstream,Downstream
2080426870,2328508,Upstream,Upstream,Upstream,Upstream,Upstream,Upstream,Upstream,Upstream
2080426960,2328508,Upstream,Upstream,Upstream,Upstream,Upstream,Upstream,Upstream,Upstream
2080434670,2328902,Downstream,Downstream,Downstream,Downstream,Downstream,Downstream,Downstream,Downstream
2080434680,2328902,Upstream,Upstream,Upstream,Upstream,Upstream,Upstream,Upstream,Downstream
2080443110,2328904,Downstream,Downstream,Downstream,Downstream,Downstream,Downstream,Downstream,Downstream
2080436340,2328902,Upstream,Upstream,Upstream,Upstream,Upstream,Upstream,Upstream,Upstream
2080436390,2328902,Upstream,Upstream,Upstream,Upstream,Upstream,Upstream,Upstream,Downstream
2080431770,2328800,Downstream,Downstream,Downstream,Downstream,Downstream,Downstream,Downstream,Downstream
2080444150,2328904,Downstream,Downstream,Downstream,Downstream,Downstream,Downstream,Downstream,Downstream
2080431850,2328800,Upstream,Upstream,Upstream,Upstream,Upstream,Upstream,Upstream,Downstream
2080444310,2328904,Downstream,Downstream,Downstream,Downstream,Downstream,Downstream,Upstream,Downstream
2080447630,2328904,Downstream,Downstream,Downstream,Downstream,Downstream,Downstream,Upstream,Downstream
2080447620,2328904,Upstream,Upstream,Upstream,Upstream,Upstream,Upstream,Upstream,Upstream
2080448340,2328906,Downstream,Downstream,Downstream,Downstream,Downstream,Downstream,Downstream,Downstream
2080435470,2328800,Upstream,Upstream,Upstream,Upstream,Upstream,Upstream,Upstream,Upstream
2080435570,2328800,Upstream,Upstream,Upstream,Upstream,Upstream,Upstream,Upstream,Downstream
2080435930,2328800,Upstream,Upstream,Upstream,Upstream,Upstream,Upstream,Upstream,Upstream
2080436100,2328800,Upstream,Upstream,Upstream,Upstream,Upstream,Upstream,Upstream,Upstream
2080446930,2328906,Downstream,Downstream,Downstream,Downstream,Downstream,Downstream,Downstream,Downstream
2080446920,2328906,Downstream,Downstream,Downstream,Downstream,Downstream,Downstream,Downstream,Downstream
2080447820,2328904,Upstream,Upstream,Upstream,Upstream,Upstream,Upstream,Upstream,Upstream
2080447850,2328904,Upstream,Upstream,Upstream,Upstream,Upstream,Upstream,Upstream,Upstream
2080439420,2328902,Upstream,Upstream,Upstream,Upstream,Upstream,Upstream,Upstream,Upstream
2080439240,2328902,Upstream,Upstream,Upstream,Upstream,Upstream,Upstream,Upstream,Upstream
2080450090,2328906,Downstream,Downstream,Downstream,Downstream,Downstream,Downstream,Upstream,Upstream
2080450100,2328906,Downstream,Downstream,Downstream,Downstream,Downstream,Downstream,Downstream,Downstream
2080452190,2328904,Upstream,Upstream,Upstream,Upstream,Upstream,Upstream,Upstream,Upstream
2080452180,2328904,Upstream,Upstream,Upstream,Upstream,Upstream,Upstream,Upstream,Upstream
2080456420,2328906,Downstream,Downstream,Downstream,Downstream,Downstream,Downstream,Upstream,Upstream
2080456510,2328906,Upstream,Upstream,Upstream,Upstream,Upstream,Upstream,Upstream,Upstream
2080460690,2328906,Upstream,Upstream,Upstream,Upstream,Upstream,Upstream,Upstream,Upstream
2080460780,2328906,Upstream,Upstream,Upstream,Upstream,Upstream,Upstream,Upstream,Upstream
2080025110,2410039,Downstream,Downstream,Downstream,Downstream,Downstream,Downstream,Downstream,Downstream
2080025150,2410039,Downstream,Downstream,Downstream,Downstream,Downstream,Downstream,Downstream,Downstream
2080025160,2410039,Upstream,Upstream,Upstream,Upstream,Upstream,Upstream,Upstream,Upstream
2080025190,2410039,Downstream,Downstream,Downstream,Downstream,Downstream,Downstream,Downstream,Downstream
2080025200,2410039,Downstream,Downstream,Downstream,Downstream,Downstream,Downstream,Downstream,Downstream
2080025230,2410039,Downstream,Downstream,Downstream,Downstream,Downstream,Downstream,Downstream,Downstream
2080025240,2410039,Downstream,Downstream,Downstream,Downstream,Downstream,Downstream,Downstream,Downstream
2080025260,2410039,Downstream,Downstream,Downstream,Downstream,Downstream,Downstream,Downstream,Downstream
2080376600,2422220,Downstream,Downstream,Downstream,Downstream,Downstream,Downstream,Downstream,Downstream
2080379570,2422220,Downstream,Downstream,Downstream,Downstream,Downstream,Downstream,Downstream,Downstream
2080379700,2422220,Downstream,Downstream,Downstream,Downstream,Downstream,Downstream,Downstream,Downstream
2080377070,2422240,Downstream,Downstream,Downstream,Downstream,Downstream,Downstream,Downstream,Downstream
2080391040,2422220,Downstream,Downstream,Downstream,Downstream,Downstream,Downstream,Downstream,Downstream
2080391170,2422220,Upstream,Downstream,Downstream,Downstream,Downstream,Downstream,Upstream,Upstream
2080388320,2422240,Downstream,Downstream,Downstream,Downstream,Downstream,Downstream,Downstream,Downstream
2080388330,2422240,Downstream,Downstream,Downstream,Downstream,Downstream,Downstream,Downstream,Downstream
2080389760,2422240,Upstream,Upstream,Upstream,Upstream,Upstream,Upstream,Upstream,Upstream
2080389750,2422240,Downstream,Downstream,Downstream,Downstream,Downstream,Downstream,Downstream,Downstream
2080350370,2422404,Downstream,Downstream,Downstream,Downstream,Downstream,Downstream,Downstream,Downstream
2080390200,2422240,Upstream,Upstream,Upstream,Upstream,Upstream,Upstream,Upstream,Upstream
2080389900,2422240,Upstream,Upstream,Upstream,Upstream,Upstream,Upstream,Upstream,Upstream
2080360820,2422704,Downstream,Downstream,Downstream,Downstream,Downstream,Downstream,Downstream,Downstream
2080346270,2422404,Downstream,Downstream,Downstream,Downstream,Downstream,Downstream,Downstream,Downstream
2080346130,2422404,Downstream,Downstream,Downstream,Downstream,Downstream,Downstream,Upstream,Downstream
2080346020,2422404,Upstream,Upstream,Upstream,Upstream,Upstream,Upstream,Upstream,Upstream
2080346280,2422404,Downstream,Downstream,Downstream,Downstream,Downstream,Downstream,Upstream,Downstream
2080358540,2422704,Downstream,Downstream,Downstream,Downstream,Downstream,Downstream,Downstream,Downstream
2080358430,2422704,Downstream,Downstream,Downstream,Downstream,Downstream,Downstream,Downstream,Downstream
2080344200,2422404,Upstream,Upstream,Upstream,Upstream,Upstream,Upstream,Upstream,Upstream
2080344080,2422404,Upstream,Upstream,Upstream,Upstream,Upstream,Upstream,Upstream,Upstream
2080403410,2422220,Upstream,Downstream,Downstream,Downstream,Downstream,Downstream,Upstream,Upstream
2080403540,2422220,Upstream,Upstream,Upstream,Upstream,Upstream,Upstream,Upstream,Upstream
2080357890,2422704,Downstream,Downstream,Downstream,Downstream,Downstream,Downstream,Downstream,Downstream
2080357640,2422704,Upstream,Upstream,Upstream,Upstream,Upstream,Upstream,Upstream,Upstream
2080357480,2422704,Upstream,Upstream,Upstream,Upstream,Upstream,Upstream,Upstream,Upstream
2080357320,2422704,Upstream,Upstream,Upstream,Upstream,Upstream,Upstream,Upstream,Upstream
2080356460,2422704,Upstream,Upstream,Upstream,Upstream,Upstream,Upstream,Upstream,Upstream
2080356300,2422704,Upstream,Upstream,Upstream,Upstream,Upstream,Upstream,Upstream,Upstream
2080407890,2422220,Upstream,Upstream,Upstream,Upstream,Upstream,Upstream,Upstream,Upstream
2080407710,2422220,Upstream,Upstream,Upstream,Upstream,Upstream,Upstream,Upstream,Upstream
2080337200,2422404,Upstream,Upstream,Upstream,Upstream,Upstream,Upstream,Upstream,Upstream
2080337190,2422404,Upstream,Upstream,Upstream,Upstream,Upstream,Upstream,Upstream,Upstream
2080407360,2422240,Upstream,Upstream,Upstream,Upstream,Upstream,Upstream,Upstream,Upstream
2080407390,2422240,Upstream,Upstream,Upstream,Upstream,Upstream,Upstream,Upstream,Upstream
2080374390,2422800,Downstream,Downstream,Downstream,Downstream,Downstream,Downstream,Downstream,Downstream
2080384990,2422800,Downstream,Downstream,Downstream,Downstream,Downstream,Downstream,Downstream,Downstream
2080385110,2422800,Downstream,Downstream,Downstream,Downstream,Downstream,Downstream,Upstream,Downstream
2080387590,2422800,Downstream,Downstream,Downstream,Downstream,Downstream,Downstream,Upstream,Downstream
2080387760,2422800,Upstream,Upstream,Upstream,Upstream,Upstream,Upstream,Upstream,Upstream
2080390510,2422800,Upstream,Upstream,Upstream,Upstream,Upstream,Upstream,Upstream,Upstream
2080390500,2422800,Upstream,Upstream,Upstream,Upstream,Upstream,Upstream,Upstream,Upstream
2080396820,2422800,Upstream,Upstream,Upstream,Upstream,Upstream,Upstream,Upstream,Upstream
2080396830,2422800,Upstream,Upstream,Upstream,Upstream,Upstream,Upstream,Upstream,Upstream
2080361930,2424930,Downstream,Downstream,Downstream,Downstream,Downstream,Downstream,Downstream,Downstream
2080359010,2424930,Downstream,Downstream,Downstream,Downstream,Downstream,Downstream,Downstream,Downstream
2080359190,2424930,Downstream,Downstream,Downstream,Downstream,Downstream,Downstream,Downstream,Downstream
2080362240,2424930,Downstream,Downstream,Downstream,Downstream,Downstream,Downstream,Upstream,Upstream
2080361960,2424930,Downstream,Downstream,Downstream,Downstream,Downstream,Downstream,Downstream,Downstream
2080345900,2424806,Downstream,Downstream,Downstream,Downstream,Downstream,Downstream,Downstream,Downstream
2080344930,2424806,Downstream,Downstream,Downstream,Downstream,Downstream,Downstream,Downstream,Downstream
2080344840,2424806,Downstream,Downstream,Downstream,Downstream,Downstream,Downstream,Downstream,Downstream
2080368010,2424930,Downstream,Downstream,Downstream,Downstream,Downstream,Downstream,Upstream,Upstream
2080368020,2424930,Upstream,Upstream,Upstream,Upstream,Upstream,Upstream,Upstream,Upstream
2080336670,2424806,Upstream,Upstream,Upstream,Upstream,Upstream,Upstream,Upstream,Downstream
2080336680,2424806,Downstream,Downstream,Downstream,Downstream,Downstream,Downstream,Downstream,Downstream
2080346320,2424809,Downstream,Downstream,Downstream,Downstream,Downstream,Downstream,Downstream,Downstream
2080396530,2424429,Downstream,Downstream,Downstream,Downstream,Downstream,Downstream,Downstream,Downstream
2080334750,2424806,Upstream,Upstream,Upstream,Upstream,Upstream,Upstream,Upstream,Upstream
2080334610,2424806,Upstream,Upstream,Upstream,Upstream,Upstream,Upstream,Upstream,Downstream
2080395260,2424445,Downstream,Downstream,Downstream,Downstream,Downstream,Downstream,Downstream,Downstream
2080346650,2424809,Downstream,Downstream,Downstream,Downstream,Downstream,Downstream,Downstream,Downstream
2080346700,2424809,Downstream,Downstream,Downstream,Downstream,Downstream,Downstream,Downstream,Downstream
2080334210,2424806,Upstream,Upstream,Upstream,Upstream,Upstream,Upstream,Upstream,Upstream
2080334020,2424806,Upstream,Upstream,Upstream,Upstream,Upstream,Upstream,Upstream,Upstream
2080396420,2424445,Downstream,Downstream,Downstream,Downstream,Downstream,Downstream,Downstream,Downstream
2080396570,2424445,Downstream,Downstream,Downstream,Downstream,Downstream,Downstream,Downstream,Downstream
2080397450,2424445,Downstream,Downstream,Downstream,Downstream,Downstream,Downstream,Downstream,Downstream
2080397550,2424445,Upstream,Upstream,Upstream,Upstream,Upstream,Upstream,Upstream,Downstream
2080372330,2424930,Upstream,Upstream,Upstream,Upstream,Upstream,Upstream,Upstream,Upstream
2080372560,2424930,Upstream,Upstream,Upstream,Upstream,Upstream,Upstream,Upstream,Upstream
2080347450,2424809,Downstream,Downstream,Downstream,Downstream,Downstream,Downstream,Downstream,Downstream
2080347580,2424809,Downstream,Downstream,Downstream,Downstream,Downstream,Downstream,Upstream,Upstream
2080400050,2424445,Upstream,Upstream,Upstream,Upstream,Upstream,Upstream,Upstream,Downstream
2080400060,2424445,Upstream,Upstream,Upstream,Upstream,Upstream,Upstream,Upstream,Upstream
2080406430,2424429,Downstream,Downstream,Downstream,Downstream,Downstream,Downstream,Downstream,Downstream
2080406580,2424429,Downstream,Downstream,Downstream,Downstream,Downstream,Downstream,Upstream,Downstream
2080407020,2424429,Downstream,Downstream,Downstream,Downstream,Downstream,Downstream,Upstream,Downstream
2080407200,2424429,Downstream,Downstream,Downstream,Downstream,Downstream,Downstream,Upstream,Upstream
2080406930,2424445,Upstream,Upstream,Upstream,Upstream,Upstream,Upstream,Upstream,Upstream
2080406920,2424445,Upstream,Upstream,Upstream,Upstream,Upstream,Upstream,Upstream,Upstream
2080411930,2424429,Downstream,Downstream,Downstream,Downstream,Downstream,Downstream,Upstream,Upstream
2080412050,2424429,Upstream,Upstream,Upstream,Upstream,Upstream,Upstream,Upstream,Upstream
2080413710,2424429,Upstream,Upstream,Upstream,Upstream,Upstream,Upstream,Upstream,Upstream
2080413810,2424429,Upstream,Upstream,Upstream,Upstream,Upstream,Upstream,Upstream,Upstream
2080353780,2424809,Upstream,Upstream,Upstream,Upstream,Upstream,Upstream,Upstream,Upstream
2080353930,2424809,Downstream,Downstream,Downstream,Downstream,Downstream,Downstream,Upstream,Upstream
2080353370,2424809,Upstream,Upstream,Upstream,Upstream,Upstream,Upstream,Upstream,Upstream
2080353210,2424809,Upstream,Upstream,Upstream,Upstream,Upstream,Upstream,Upstream,Upstream
2080423860,2424466,Downstream,Downstream,Downstream,Downstream,Downstream,Downstream,Downstream,Downstream
2080426080,2424466,Downstream,Downstream,Downstream,Downstream,Downstream,Downstream,Upstream,Downstream
2080426260,2424466,Downstream,Downstream,Downstream,Downstream,Downstream,Downstream,Downstream,Downstream
2080428780,2424466,Upstream,Upstream,Upstream,Upstream,Upstream,Upstream,Upstream,Upstream
2080428910,2424466,Downstream,Downstream,Downstream,Downstream,Downstream,Downstream,Upstream,Downstream
2080427970,2424466,Upstream,Upstream,Upstream,Upstream,Upstream,Upstream,Upstream,Upstream
2080427710,2424466,Upstream,Upstream,Upstream,Upstream,Upstream,Upstream,Upstream,Upstream
2080427960,2424466,Upstream,Upstream,Upstream,Upstream,Upstream,Upstream,Upstream,Upstream
2080428020,2424466,Upstream,Upstream,Upstream,Upstream,Upstream,Upstream,Upstream,Upstream
2080026740,2425006,Downstream,Downstream,Downstream,Downstream,Downstream,Downstream,Upstream,Downstream
2080318520,2425006,Downstream,Downstream,Downstream,Downstream,Downstream,Downstream,Upstream,Downstream
2080318590,2425006,Downstream,Downstream,Downstream,Downstream,Downstream,Downstream,Upstream,Upstream
2080320640,2425006,Downstream,Downstream,Downstream,Downstream,Downstream,Downstream,Upstream,Upstream
2080320760,2425006,Upstream,Upstream,Upstream,Upstream,Upstream,Upstream,Upstream,Upstream
2080324150,2425006,Upstream,Upstream,Upstream,Upstream,Upstream,Upstream,Upstream,Upstream
2080324190,2425006,Upstream,Upstream,Upstream,Upstream,Upstream,Upstream,Upstream,Upstream
2080333050,2425006,Upstream,Upstream,Upstream,Upstream,Upstream,Upstream,Upstream,Upstream
2080333170,2425006,Upstream,Upstream,Upstream,Upstream,Upstream,Upstream,Upstream,Upstream
2080311220,2426020,Downstream,Downstream,Downstream,Downstream,Downstream,Downstream,Downstream,Downstream
2080313660,2426020,Downstream,Downstream,Downstream,Downstream,Downstream,Downstream,Downstream,Downstream
2080313740,2426020,Downstream,Downstream,Downstream,Downstream,Downstream,Downstream,Downstream,Downstream
2080315340,2426020,Downstream,Downstream,Downstream,Downstream,Downstream,Downstream,Downstream,Downstream
2080315350,2426020,Downstream,Downstream,Downstream,Downstream,Downstream,Downstream,Upstream,Upstream
2080313170,2426040,Downstream,Downstream,Downstream,Downstream,Downstream,Downstream,Downstream,Downstream
2080309140,2426040,Downstream,Downstream,Downstream,Downstream,Downstream,Downstream,Downstream,Downstream
2080309150,2426040,Downstream,Downstream,Downstream,Downstream,Downstream,Downstream,Downstream,Downstream
2080320840,2426020,Downstream,Downstream,Downstream,Downstream,Downstream,Downstream,Upstream,Upstream
2080320950,2426020,Upstream,Upstream,Upstream,Upstream,Upstream,Upstream,Upstream,Upstream
2080307750,2426040,Downstream,Downstream,Downstream,Downstream,Downstream,Downstream,Downstream,Downstream
2080307680,2426040,Upstream,Upstream,Upstream,Upstream,Upstream,Upstream,Upstream,Upstream
2080310600,2426062,Downstream,Downstream,Downstream,Downstream,Downstream,Downstream,Downstream,Downstream
2080321960,2426020,Upstream,Upstream,Upstream,Upstream,Upstream,Upstream,Upstream,Upstream
2080322030,2426020,Upstream,Upstream,Upstream,Upstream,Upstream,Upstream,Upstream,Upstream
2080310090,2426062,Downstream,Downstream,Downstream,Downstream,Downstream,Downstream,Downstream,Downstream
2080310250,2426062,Downstream,Downstream,Downstream,Downstream,Downstream,Downstream,Downstream,Downstream
2080300990,2426040,Upstream,Upstream,Upstream,Upstream,Upstream,Upstream,Upstream,Upstream
2080301000,2426040,Upstream,Upstream,Upstream,Upstream,Upstream,Upstream,Upstream,Upstream
2080300570,2426040,Upstream,Upstream,Upstream,Upstream,Upstream,Upstream,Upstream,Upstream
2080300630,2426040,Upstream,Upstream,Upstream,Upstream,Upstream,Upstream,Upstream,Upstream
2080304540,2426062,Downstream,Downstream,Downstream,Downstream,Downstream,Downstream,Upstream,Upstream
2080304550,2426062,Downstream,Downstream,Downstream,Downstream,Downstream,Downstream,Downstream,Downstream
2080301320,2426062,Upstream,Upstream,Upstream,Upstream,Upstream,Upstream,Upstream,Upstream
2080301160,2426062,Downstream,Downstream,Downstream,Downstream,Downstream,Downstream,Upstream,Upstream
2080326350,2426072,Downstream,Downstream,Downstream,Downstream,Downstream,Downstream,Downstream,Downstream
2080299270,2426062,Upstream,Upstream,Upstream,Upstream,Upstream,Upstream,Upstream,Upstream
2080299130,2426062,Upstream,Upstream,Upstream,Upstream,Upstream,Upstream,Upstream,Upstream
2080326060,2426072,Downstream,Downstream,Downstream,Downstream,Downstream,Downstream,Downstream,Downstream
2080326010,2426072,Downstream,Downstream,Downstream,Downstream,Downstream,Downstream,Downstream,Downstream
2080324470,2426072,Downstream,Downstream,Downstream,Downstream,Downstream,Downstream,Upstream,Upstream
2080324430,2426072,Downstream,Downstream,Downstream,Downstream,Downstream,Downstream,Downstream,Downstream
2080323010,2426072,Upstream,Upstream,Upstream,Upstream,Upstream,Upstream,Upstream,Upstream
2080322900,2426072,Downstream,Downstream,Downstream,Downstream,Downstream,Downstream,Upstream,Upstream
2080323380,2426072,Upstream,Upstream,Upstream,Upstream,Upstream,Upstream,Upstream,Upstream
2080323530,2426072,Upstream,Upstream,Upstream,Upstream,Upstream,Upstream,Upstream,Upstream
2080333580,2426096,Downstream,Downstream,Downstream,Downstream,Downstream,Downstream,Downstream,Downstream
2080332680,2426096,Downstream,Downstream,Downstream,Downstream,Downstream,Downstream,Downstream,Downstream
2080332520,2426096,Downstream,Downstream,Downstream,Downstream,Downstream,Downstream,Downstream,Downstream
2080331820,2426096,Downstream,Downstream,Downstream,Downstream,Downstream,Downstream,Downstream,Downstream
2080331740,2426096,Upstream,Upstream,Upstream,Upstream,Upstream,Upstream,Upstream,Downstream
2080330830,2426096,Upstream,Upstream,Upstream,Upstream,Upstream,Upstream,Upstream,Upstream
2080330760,2426096,Upstream,Upstream,Upstream,Upstream,Upstream,Upstream,Upstream,Downstream
2080328870,2426096,Upstream,Upstream,Upstream,Upstream,Upstream,Upstream,Upstream,Upstream
2080328800,2426096,Upstream,Upstream,Upstream,Upstream,Upstream,Upstream,Upstream,Upstream
2080026940,2427020,Downstream,Downstream,Downstream,Downstream,Downstream,Downstream,Downstream,Downstream
2080305030,2427020,Downstream,Downstream,Downstream,Downstream,Downstream,Downstream,Downstream,Downstream
2080304890,2427020,Downstream,Downstream,Downstream,Downstream,Downstream,Downstream,Downstream,Downstream
2080303660,2427020,Downstream,Downstream,Downstream,Downstream,Downstream,Downstream,Upstream,Upstream
2080303670,2427020,Downstream,Downstream,Downstream,Downstream,Downstream,Downstream,Downstream,Downstream
2080295420,2427020,Downstream,Downstream,Downstream,Downstream,Downstream,Downstream,Upstream,Upstream
2080295550,2427020,Upstream,Upstream,Upstream,Upstream,Upstream,Upstream,Upstream,Upstream
2080296830,2427020,Upstream,Upstream,Upstream,Upstream,Upstream,Upstream,Upstream,Upstream
2080296950,2427020,Upstream,Upstream,Upstream,Upstream,Upstream,Upstream,Upstream,Upstream
2080298900,2428040,Downstream,Downstream,Downstream,Downstream,Downstream,Downstream,Downstream,Downstream
2080300010,2428040,Downstream,Downstream,Downstream,Downstream,Downstream,Downstream,Downstream,Downstream
2080299900,2428040,Downstream,Downstream,Downstream,Downstream,Downstream,Downstream,Downstream,Downstream
2080300020,2428040,Downstream,Downstream,Downstream,Downstream,Downstream,Downstream,Upstream,Upstream
2080299910,2428040,Downstream,Downstream,Downstream,Downstream,Downstream,Downstream,Downstream,Downstream
2080298760,2428040,Downstream,Downstream,Downstream,Downstream,Downstream,Downstream,Upstream,Upstream
2080298770,2428040,Upstream,Upstream,Upstream,Upstream,Upstream,Upstream,Upstream,Upstream
2080294670,2428040,Upstream,Upstream,Upstream,Upstream,Upstream,Upstream,Upstream,Upstream
2080294870,2428040,Upstream,Upstream,Upstream,Upstream,Upstream,Upstream,Upstream,Upstream
2080305270,2428079,Downstream,Downstream,Downstream,Downstream,Downstream,Downstream,Downstream,Downstream
2080304850,2428079,Upstream,Upstream,Upstream,Upstream,Upstream,Upstream,Upstream,Upstream
2080304860,2428079,Downstream,Downstream,Downstream,Downstream,Downstream,Downstream,Downstream,Downstream
2080301490,2428079,Downstream,Downstream,Downstream,Downstream,Downstream,Downstream,Downstream,Downstream
2080301370,2428079,Downstream,Downstream,Downstream,Downstream,Downstream,Downstream,Downstream,Downstream
2080300590,2428079,Downstream,Downstream,Downstream,Downstream,Downstream,Downstream,Downstream,Downstream
2080300720,2428079,Downstream,Downstream,Downstream,Downstream,Downstream,Downstream,Downstream,Downstream
2080300030,2428090,Downstream,Downstream,Downstream,Downstream,Downstream,Downstream,Downstream,Downstream
2080293840,2428090,Downstream,Downstream,Downstream,Downstream,Downstream,Downstream,Upstream,Downstream
2080293740,2428090,Downstream,Downstream,Downstream,Downstream,Downstream,Downstream,Downstream,Downstream
2080293620,2428090,Upstream,Upstream,Upstream,Upstream,Upstream,Upstream,Upstream,Upstream
2080293540,2428090,Downstream,Downstream,Downstream,Downstream,Downstream,Downstream,Upstream,Downstream
2080293750,2428090,Upstream,Upstream,Upstream,Upstream,Upstream,Upstream,Upstream,Upstream
2080293550,2428090,Upstream,Upstream,Upstream,Upstream,Upstream,Upstream,Upstream,Upstream
2080282160,2428090,Upstream,Upstream,Upstream,Upstream,Upstream,Upstream,Upstream,Upstream
2080282080,2428090,Upstream,Upstream,Upstream,Upstream,Upstream,Upstream,Upstream,Upstream
2080027530,2429400,Downstream,Downstream,Downstream,Downstream,Downstream,Downstream,Downstream,Downstream
2080257830,2429400,Downstream,Downstream,Downstream,Downstream,Downstream,Downstream,Downstream,Downstream
2080257840,2429400,Downstream,Downstream,Downstream,Downstream,Downstream,Downstream,Downstream,Downstream
2080258010,2429400,Upstream,Upstream,Upstream,Upstream,Upstream,Upstream,Upstream,Downstream
2080258130,2429400,Downstream,Downstream,Downstream,Downstream,Downstream,Downstream,Downstream,Downstream
2080255670,2429400,Upstream,Upstream,Upstream,Upstream,Upstream,Upstream,Upstream,Downstream
2080255810,2429400,Upstream,Upstream,Upstream,Upstream,Upstream,Upstream,Upstream,Upstream
2080252320,2429400,Upstream,Upstream,Upstream,Upstream,Upstream,Upstream,Upstream,Downstream
2080252270,2429400,Upstream,Upstream,Upstream,Upstream,Upstream,Upstream,Upstream,Downstream
2080027660,2429502,Downstream,Downstream,Downstream,Downstream,Downstream,Downstream,Downstream,Downstream
2080251870,2429502,Downstream,Downstream,Downstream,Downstream,Downstream,Downstream,Upstream,Downstream
2080251810,2429502,Downstream,Downstream,Downstream,Downstream,Downstream,Downstream,Downstream,Downstream
2080252140,2429502,Upstream,Upstream,Upstream,Upstream,Upstream,Upstream,Upstream,Downstream
2080252060,2429502,Downstream,Downstream,Downstream,Downstream,Downstream,Downstream,Upstream,Downstream
2080252150,2429502,Upstream,Upstream,Upstream,Upstream,Upstream,Upstream,Upstream,Upstream
2080252230,2429502,Upstream,Upstream,Upstream,Upstream,Upstream,Upstream,Upstream,Downstream
2080251880,2429502,Upstream,Upstream,Upstream,Upstream,Upstream,Upstream,Upstream,Upstream
2080252000,2429502,Upstream,Upstream,Upstream,Upstream,Upstream,Upstream,Upstream,Upstream
2080027880,2429507,Downstream,Downstream,Downstream,Downstream,Downstream,Downstream,Downstream,Downstream
2080027920,2429507,Downstream,Downstream,Downstream,Downstream,Downstream,Downstream,Downstream,Downstream
2080027930,2429507,Downstream,Downstream,Downstream,Downstream,Downstream,Downstream,Downstream,Downstream
2080027940,2429507,Downstream,Downstream,Downstream,Downstream,Downstream,Downstream,Downstream,Downstream
2080027950,2429507,Downstream,Downstream,Downstream,Downstream,Downstream,Downstream,Downstream,Downstream
2080027980,2429507,Downstream,Downstream,Downstream,Downstream,Downstream,Downstream,Downstream,Downstream
2080027990,2429507,Downstream,Downstream,Downstream,Downstream,Downstream,Downstream,Downstream,Downstream
2080028010,2429507,Upstream,Upstream,Upstream,Upstream,Upstream,Upstream,Upstream,Upstream
2080028020,2429507,Downstream,Downstream,Downstream,Downstream,Downstream,Downstream,Downstream,Downstream
2080243910,2429630,Downstream,Downstream,Downstream,Downstream,Downstream,Downstream,Downstream,Downstream
2080243970,2429620,Downstream,Downstream,Downstream,Downstream,Downstream,Downstream,Downstream,Downstream
2080248920,2429630,Downstream,Downstream,Downstream,Downstream,Downstream,Downstream,Downstream,Downstream
2080248800,2429630,Downstream,Downstream,Downstream,Downstream,Downstream,Downstream,Downstream,Downstream
2080249220,2429630,Downstream,Downstream,Downstream,Downstream,Downstream,Downstream,Downstream,Downstream
2080249290,2429630,Upstream,Upstream,Upstream,Upstream,Upstream,Upstream,Upstream,Upstream
2080250030,2429630,Upstream,Upstream,Upstream,Upstream,Upstream,Upstream,Upstream,Upstream
2080250040,2429630,Upstream,Upstream,Upstream,Upstream,Upstream,Upstream,Upstream,Upstream
2080250190,2429630,Upstream,Upstream,Upstream,Upstream,Upstream,Upstream,Upstream,Upstream
2080250290,2429630,Upstream,Upstream,Upstream,Upstream,Upstream,Upstream,Upstream,Upstream
2080250790,2429650,Downstream,Downstream,Downstream,Downstream,Downstream,Downstream,Downstream,Downstream
2080253490,2429620,Downstream,Downstream,Downstream,Downstream,Downstream,Downstream,Downstream,Downstream
2080253420,2429620,Downstream,Downstream,Downstream,Downstream,Downstream,Downstream,Downstream,Downstream
2080256800,2429650,Downstream,Downstream,Downstream,Downstream,Downstream,Downstream,Downstream,Downstream
2080256890,2429650,Downstream,Downstream,Downstream,Downstream,Downstream,Downstream,Downstream,Downstream
2080254660,2429620,Upstream,Upstream,Upstream,Upstream,Upstream,Upstream,Upstream,Upstream
2080254750,2429620,Downstream,Downstream,Downstream,Downstream,Downstream,Downstream,Downstream,Downstream
2080261240,2429650,Downstream,Downstream,Downstream,Downstream,Downstream,Downstream,Downstream,Downstream
2080261250,2429650,Downstream,Downstream,Downstream,Downstream,Downstream,Downstream,Upstream,Upstream
2080254460,2429620,Upstream,Upstream,Upstream,Upstream,Upstream,Upstream,Upstream,Upstream
2080254520,2429620,Upstream,Upstream,Upstream,Upstream,Upstream,Upstream,Upstream,Upstream
2080262600,2429650,Upstream,Upstream,Upstream,Upstream,Upstream,Upstream,Upstream,Upstream
2080262700,2429650,Downstream,Downstream,Downstream,Downstream,Downstream,Downstream,Upstream,Upstream
2080257910,2429620,Upstream,Upstream,Upstream,Upstream,Upstream,Upstream,Upstream,Upstream
2080257960,2429620,Upstream,Upstream,Upstream,Upstream,Upstream,Upstream,Upstream,Upstream
2080257480,2429649,Downstream,Downstream,Downstream,Downstream,Downstream,Downstream,Downstream,Downstream
2080258240,2429649,Downstream,Downstream,Downstream,Downstream,Downstream,Downstream,Downstream,Downstream
2080258140,2429649,Downstream,Downstream,Downstream,Downstream,Downstream,Downstream,Downstream,Downstream
2080265410,2429650,Upstream,Upstream,Upstream,Upstream,Upstream,Upstream,Upstream,Upstream
2080265490,2429650,Upstream,Upstream,Upstream,Upstream,Upstream,Upstream,Upstream,Upstream
2080259060,2429649,Downstream,Downstream,Downstream,Downstream,Downstream,Downstream,Downstream,Downstream
2080259190,2429649,Upstream,Upstream,Upstream,Upstream,Upstream,Upstream,Upstream,Downstream
2080259230,2429649,Upstream,Upstream,Upstream,Upstream,Upstream,Upstream,Upstream,Downstream
2080259290,2429649,Upstream,Upstream,Upstream,Upstream,Upstream,Upstream,Upstream,Upstream
2080265160,2429649,Upstream,Upstream,Upstream,Upstream,Upstream,Upstream,Upstream,Upstream
2080265210,2429649,Upstream,Upstream,Upstream,Upstream,Upstream,Upstream,Upstream,Upstream
2080272140,2429676,Downstream,Downstream,Downstream,Downstream,Downstream,Downstream,Upstream,Downstream
2080274400,2429676,Downstream,Downstream,Downstream,Downstream,Downstream,Downstream,Upstream,Downstream
2080274460,2429676,Downstream,Downstream,Downstream,Downstream,Downstream,Downstream,Upstream,Upstream
2080276300,2429690,Downstream,Downstream,Downstream,Downstream,Downstream,Downstream,Downstream,Downstream
2080279790,2429676,Upstream,Upstream,Upstream,Upstream,Upstream,Upstream,Upstream,Upstream
2080279870,2429676,Downstream,Downstream,Downstream,Downstream,Downstream,Downstream,Upstream,Upstream
2080278140,2429690,Downstream,Downstream,Downstream,Downstream,Downstream,Downstream,Downstream,Downstream
2080278210,2429690,Downstream,Downstream,Downstream,Downstream,Downstream,Downstream,Upstream,Downstream
2080278590,2429690,Downstream,Downstream,Downstream,Downstream,Downstream,Downstream,Upstream,Upstream
2080278600,2429690,Downstream,Downstream,Downstream,Downstream,Downstream,Downstream,Upstream,Downstream
2080285390,2429676,Upstream,Upstream,Upstream,Upstream,Upstream,Upstream,Upstream,Upstream
2080285600,2429676,Upstream,Upstream,Upstream,Upstream,Upstream,Upstream,Upstream,Upstream
2080285930,2429676,Upstream,Upstream,Upstream,Upstream,Upstream,Upstream,Upstream,Upstream
2080286000,2429676,Upstream,Upstream,Upstream,Upstream,Upstream,Upstream,Upstream,Upstream
2080288310,2429690,Upstream,Upstream,Upstream,Upstream,Upstream,Upstream,Upstream,Upstream
2080288450,2429690,Downstream,Downstream,Downstream,Downstream,Downstream,Downstream,Upstream,Upstream
2080287120,2429690,Upstream,Upstream,Upstream,Upstream,Upstream,Upstream,Upstream,Upstream
2080287220,2429690,Upstream,Upstream,Upstream,Upstream,Upstream,Upstream,Upstream,Upstream
2080251000,2429809,Downstream,Downstream,Downstream,Downstream,Downstream,Downstream,Downstream,Downstream
2080249730,2429809,Downstream,Downstream,Downstream,Downstream,Downstream,Downstream,Downstream,Downstream
2080249680,2429809,Downstream,Downstream,Downstream,Downstream,Downstream,Downstream,Downstream,Downstream
2080247760,2429809,Downstream,Downstream,Downstream,Downstream,Downstream,Downstream,Downstream,Downstream
2080247680,2429809,Upstream,Upstream,Upstream,Upstream,Upstream,Upstream,Upstream,Upstream
2080242770,2429809,Upstream,Upstream,Upstream,Upstream,Upstream,Upstream,Upstream,Upstream
2080242710,2429809,Upstream,Upstream,Upstream,Upstream,Upstream,Upstream,Upstream,Upstream
2080243200,2429809,Upstream,Upstream,Upstream,Upstream,Upstream,Upstream,Upstream,Upstream
2080243310,2429809,Upstream,Upstream,Upstream,Upstream,Upstream,Upstream,Upstream,Upstream
2080229800,2432300,Downstream,Downstream,Downstream,Downstream,Downstream,Downstream,Downstream,Downstream
2080229660,2432220,Downstream,Downstream,Downstream,Downstream,Downstream,Downstream,Downstream,Downstream
2080225610,2432300,Downstream,Downstream,Downstream,Downstream,Downstream,Downstream,Upstream,Downstream
2080225500,2432300,Downstream,Downstream,Downstream,Downstream,Downstream,Downstream,Downstream,Downstream
2080225140,2432300,Upstream,Upstream,Upstream,Upstream,Upstream,Upstream,Upstream,Upstream
2080224990,2432300,Downstream,Downstream,Downstream,Downstream,Downstream,Downstream,Upstream,Downstream
2080224790,2432300,Upstream,Upstream,Upstream,Upstream,Upstream,Upstream,Upstream,Upstream
2080224700,2432300,Upstream,Upstream,Upstream,Upstream,Upstream,Upstream,Upstream,Upstream
2080224050,2432300,Upstream,Upstream,Upstream,Upstream,Upstream,Upstream,Upstream,Upstream
2080223880,2432300,Upstream,Upstream,Upstream,Upstream,Upstream,Upstream,Upstream,Upstream
2080223940,2432412,Downstream,Downstream,Downstream,Downstream,Downstream,Downstream,Upstream,Downstream
2080213020,2432220,Downstream,Downstream,Downstream,Downstream,Downstream,Downstream,Downstream,Downstream
2080212960,2432220,Downstream,Downstream,Downstream,Downstream,Downstream,Downstream,Upstream,Downstream
2080227130,2432420,Downstream,Downstream,Downstream,Downstream,Downstream,Downstream,Downstream,Downstream
2080226720,2432440,Downstream,Downstream,Downstream,Downstream,Downstream,Downstream,Downstream,Downstream
2080210030,2432220,Downstream,Downstream,Downstream,Downstream,Downstream,Downstream,Upstream,Upstream
2080210040,2432220,Downstream,Downstream,Downstream,Downstream,Downstream,Downstream,Upstream,Downstream
2080216700,2432412,Downstream,Downstream,Downstream,Downstream,Downstream,Downstream,Upstream,Downstream
2080216630,2432412,Downstream,Downstream,Downstream,Downstream,Downstream,Downstream,Upstream,Upstream
2080216520,2432412,Upstream,Upstream,Upstream,Upstream,Upstream,Upstream,Upstream,Upstream
2080216510,2432412,Downstream,Downstream,Downstream,Downstream,Downstream,Downstream,Upstream,Upstream
2080216030,2432412,Upstream,Upstream,Upstream,Upstream,Upstream,Upstream,Upstream,Upstream
2080215980,2432412,Upstream,Upstream,Upstream,Upstream,Upstream,Upstream,Upstream,Upstream
2080230460,2432420,Downstream,Downstream,Downstream,Downstream,Downstream,Downstream,Downstream,Downstream
2080230510,2432420,Downstream,Downstream,Downstream,Downstream,Downstream,Downstream,Downstream,Downstream
2080231040,2432420,Upstream,Upstream,Upstream,Upstream,Upstream,Upstream,Downstream,Downstream
2080231140,2432420,Downstream,Downstream,Downstream,Downstream,Downstream,Downstream,Downstream,Downstream
2080209600,2432412,Upstream,Upstream,Upstream,Upstream,Upstream,Upstream,Upstream,Upstream
2080209610,2432412,Upstream,Upstream,Upstream,Upstream,Upstream,Upstream,Upstream,Upstream
2080200900,2432220,Downstream,Downstream,Downstream,Downstream,Downstream,Downstream,Upstream,Upstream
2080200890,2432220,Upstream,Upstream,Upstream,Upstream,Upstream,Upstream,Upstream,Upstream
2080228290,2432440,Downstream,Downstream,Downstream,Downstream,Downstream,Downstream,Downstream,Downstream
2080228280,2432440,Downstream,Downstream,Downstream,Downstream,Downstream,Downstream,Downstream,Downstream
2080215360,2432260,Downstream,Downstream,Downstream,Downstream,Downstream,Downstream,Downstream,Downstream
2080215280,2432270,Downstream,Downstream,Downstream,Downstream,Downstream,Downstream,Downstream,Downstream
2080245080,2432509,Downstream,Downstream,Downstream,Downstream,Downstream,Downstream,Downstream,Downstream
2080226250,2432440,Downstream,Downstream,Downstream,Downstream,Downstream,Downstream,Downstream,Downstream
2080226260,2432440,Upstream,Upstream,Upstream,Upstream,Upstream,Upstream,Upstream,Upstream
2080235970,2432420,Upstream,Upstream,Upstream,Upstream,Upstream,Upstream,Downstream,Downstream
2080236050,2432420,Upstream,Upstream,Upstream,Upstream,Upstream,Upstream,Upstream,Upstream
2080245890,2432509,Downstream,Downstream,Downstream,Downstream,Downstream,Downstream,Downstream,Downstream
2080245960,2432509,Downstream,Downstream,Downstream,Downstream,Downstream,Downstream,Downstream,Downstream
2080224740,2432440,Upstream,Upstream,Upstream,Upstream,Upstream,Upstream,Upstream,Upstream
2080224590,2432440,Upstream,Upstream,Upstream,Upstream,Upstream,Upstream,Upstream,Upstream
2080196940,2432220,Upstream,Upstream,Upstream,Upstream,Upstream,Upstream,Upstream,Upstream
2080196860,2432220,Upstream,Upstream,Upstream,Upstream,Upstream,Upstream,Upstream,Upstream
2080213730,2432270,Downstream,Downstream,Downstream,Downstream,Downstream,Downstream,Downstream,Downstream
2080213680,2432270,Downstream,Downstream,Downstream,Downstream,Downstream,Downstream,Downstream,Downstream
2080224230,2432440,Upstream,Upstream,Upstream,Upstream,Upstream,Upstream,Upstream,Upstream
2080224180,2432440,Upstream,Upstream,Upstream,Upstream,Upstream,Upstream,Upstream,Upstream
2080247460,2432509,Downstream,Downstream,Downstream,Downstream,Downstream,Downstream,Downstream,Downstream
2080247530,2432509,Downstream,Downstream,Downstream,Downstream,Downstream,Downstream,Upstream,Upstream
2080209960,2432270,Upstream,Upstream,Upstream,Upstream,Upstream,Upstream,Upstream,Upstream
2080209890,2432270,Downstream,Downstream,Downstream,Downstream,Downstream,Downstream,Downstream,Downstream
2080230560,2432420,Upstream,Upstream,Upstream,Upstream,Upstream,Upstream,Downstream,Downstream
2080230520,2432420,Upstream,Upstream,Upstream,Upstream,Upstream,Upstream,Downstream,Downstream
2080209580,2432270,Upstream,Upstream,Upstream,Upstream,Upstream,Upstream,Upstream,Upstream
2080209570,2432270,Upstream,Upstream,Upstream,Upstream,Upstream,Upstream,Upstream,Upstream
2080254080,2432509,Downstream,Downstream,Downstream,Downstream,Downstream,Downstream,Upstream,Upstream
2080254090,2432509,Upstream,Upstream,Upstream,Upstream,Upstream,Upstream,Upstream,Upstream
2080254600,2432509,Downstream,Downstream,Downstream,Downstream,Downstream,Downstream,Upstream,Upstream
2080254470,2432509,Downstream,Downstream,Downstream,Downstream,Downstream,Downstream,Upstream,Upstream
2080207620,2432270,Upstream,Upstream,Upstream,Upstream,Upstream,Upstream,Upstream,Upstream
2080207540,2432270,Upstream,Upstream,Upstream,Upstream,Upstream,Upstream,Upstream,Upstream
2080212540,2432260,Downstream,Downstream,Downstream,Downstream,Downstream,Downstream,Downstream,Downstream
2080212470,2432260,Downstream,Downstream,Downstream,Downstream,Downstream,Downstream,Downstream,Downstream
2080209420,2432260,Upstream,Upstream,Upstream,Upstream,Upstream,Upstream,Upstream,Upstream
2080209430,2432260,Downstream,Downstream,Downstream,Downstream,Downstream,Downstream,Downstream,Downstream
2080208960,2432260,Upstream,Upstream,Upstream,Upstream,Upstream,Upstream,Upstream,Upstream
2080208950,2432260,Upstream,Upstream,Upstream,Upstream,Upstream,Upstream,Upstream,Upstream
2080203950,2432260,Upstream,Upstream,Upstream,Upstream,Upstream,Upstream,Upstream,Upstream
2080203960,2432260,Upstream,Upstream,Upstream,Upstream,Upstream,Upstream,Upstream,Upstream
2080194240,2432286,Downstream,Downstream,Downstream,Downstream,Downstream,Downstream,Upstream,Downstream
2080193220,2432286,Downstream,Downstream,Downstream,Downstream,Downstream,Downstream,Upstream,Downstream
2080193230,2432286,Downstream,Downstream,Downstream,Downstream,Downstream,Downstream,Upstream,Downstream
2080207350,2432497,Downstream,Downstream,Downstream,Downstream,Downstream,Downstream,Downstream,Downstream
2080207300,2432497,Downstream,Downstream,Downstream,Downstream,Downstream,Downstream,Downstream,Downstream
2080207220,2432497,Downstream,Downstream,Downstream,Downstream,Downstream,Downstream,Downstream,Downstream
2080189150,2432286,Upstream,Upstream,Upstream,Upstream,Upstream,Upstream,Upstream,Upstream
2080189140,2432286,Downstream,Downstream,Downstream,Downstream,Downstream,Downstream,Upstream,Downstream
2080191490,2432296,Downstream,Downstream,Downstream,Downstream,Downstream,Downstream,Downstream,Downstream
2080205290,2432497,Upstream,Upstream,Upstream,Upstream,Upstream,Upstream,Upstream,Upstream
2080205210,2432497,Downstream,Downstream,Downstream,Downstream,Downstream,Downstream,Downstream,Downstream
2080191570,2432296,Downstream,Downstream,Downstream,Downstream,Downstream,Downstream,Upstream,Upstream
2080191500,2432296,Downstream,Downstream,Downstream,Downstream,Downstream,Downstream,Downstream,Downstream
2080275300,2432860,Downstream,Downstream,Downstream,Downstream,Downstream,Downstream,Downstream,Downstream
2080275580,2432860,Downstream,Downstream,Downstream,Downstream,Downstream,Downstream,Downstream,Downstream
2080275590,2432860,Downstream,Downstream,Downstream,Downstream,Downstream,Downstream,Downstream,Downstream
2080275710,2432860,Upstream,Upstream,Upstream,Upstream,Upstream,Upstream,Upstream,Downstream
2080275730,2432860,Downstream,Downstream,Downstream,Downstream,Downstream,Downstream,Downstream,Downstream
2080187880,2432286,Upstream,Upstream,Upstream,Upstream,Upstream,Upstream,Upstream,Upstream
2080187870,2432286,Upstream,Upstream,Upstream,Upstream,Upstream,Upstream,Upstream,Upstream
2080186710,2432299,Downstream,Downstream,Downstream,Downstream,Downstream,Downstream,Downstream,Downstream
2080206980,2432497,Upstream,Upstream,Upstream,Upstream,Upstream,Upstream,Upstream,Upstream
2080207100,2432497,Upstream,Upstream,Upstream,Upstream,Upstream,Upstream,Upstream,Upstream
2080278310,2432860,Upstream,Upstream,Upstream,Upstream,Upstream,Upstream,Upstream,Downstream
2080278360,2432860,Upstream,Upstream,Upstream,Upstream,Upstream,Upstream,Upstream,Upstream
2080206870,2432497,Upstream,Upstream,Upstream,Upstream,Upstream,Upstream,Upstream,Upstream
2080206780,2432497,Upstream,Upstream,Upstream,Upstream,Upstream,Upstream,Upstream,Upstream
2080192720,2432296,Upstream,Upstream,Upstream,Upstream,Upstream,Upstream,Upstream,Upstream
2080192750,2432296,Downstream,Downstream,Downstream,Downstream,Downstream,Downstream,Upstream,Upstream
2080181910,2432288,Downstream,Downstream,Downstream,Downstream,Downstream,Downstream,Downstream,Downstream
2080183920,2432299,Downstream,Downstream,Downstream,Downstream,Downstream,Downstream,Downstream,Downstream
2080183930,2432299,Downstream,Downstream,Downstream,Downstream,Downstream,Downstream,Downstream,Downstream
2080181320,2432288,Downstream,Downstream,Downstream,Downstream,Downstream,Downstream,Downstream,Downstream
2080181310,2432288,Downstream,Downstream,Downstream,Downstream,Downstream,Downstream,Upstream,Upstream
2080192760,2432296,Upstream,Upstream,Upstream,Upstream,Upstream,Upstream,Upstream,Upstream
2080182320,2432286,Upstream,Upstream,Upstream,Upstream,Upstream,Upstream,Upstream,Upstream
2080182330,2432286,Upstream,Upstream,Upstream,Upstream,Upstream,Upstream,Upstream,Upstream
2080192730,2432296,Upstream,Upstream,Upstream,Upstream,Upstream,Upstream,Upstream,Upstream
2080279610,2432890,Downstream,Downstream,Downstream,Downstream,Downstream,Downstream,Downstream,Downstream
2080282690,2432860,Upstream,Upstream,Upstream,Upstream,Upstream,Upstream,Upstream,Upstream
2080282740,2432860,Upstream,Upstream,Upstream,Upstream,Upstream,Upstream,Upstream,Upstream
2080191860,2432296,Upstream,Upstream,Upstream,Upstream,Upstream,Upstream,Upstream,Upstream
2080191820,2432296,Upstream,Upstream,Upstream,Upstream,Upstream,Upstream,Upstream,Upstream
2080183320,2432299,Upstream,Upstream,Upstream,Upstream,Upstream,Upstream,Upstream,Downstream
2080183230,2432299,Downstream,Downstream,Downstream,Downstream,Downstream,Downstream,Downstream,Downstream
2080179540,2432288,Downstream,Downstream,Downstream,Downstream,Downstream,Downstream,Upstream,Upstream
2080179460,2432288,Upstream,Upstream,Upstream,Upstream,Upstream,Upstream,Upstream,Upstream
2080178390,2432288,Upstream,Upstream,Upstream,Upstream,Upstream,Upstream,Upstream,Upstream
2080178360,2432288,Upstream,Upstream,Upstream,Upstream,Upstream,Upstream,Upstream,Upstream
2080183330,2432299,Upstream,Upstream,Upstream,Upstream,Upstream,Upstream,Upstream,Downstream
2080183250,2432299,Upstream,Upstream,Upstream,Upstream,Upstream,Upstream,Upstream,Upstream
2080177720,2432288,Upstream,Upstream,Upstream,Upstream,Upstream,Upstream,Upstream,Upstream
2080177730,2432288,Upstream,Upstream,Upstream,Upstream,Upstream,Upstream,Upstream,Upstream
2080286600,2432890,Downstream,Downstream,Downstream,Downstream,Downstream,Downstream,Downstream,Downstream
2080286630,2432890,Downstream,Downstream,Downstream,Downstream,Downstream,Downstream,Upstream,Downstream
2080260450,2432904,Downstream,Downstream,Downstream,Downstream,Downstream,Downstream,Downstream,Downstream
2080260010,2432904,Downstream,Downstream,Downstream,Downstream,Downstream,Downstream,Upstream,Downstream
2080260110,2432904,Downstream,Downstream,Downstream,Downstream,Downstream,Downstream,Downstream,Downstream
2080292290,2432890,Upstream,Upstream,Upstream,Upstream,Upstream,Upstream,Upstream,Upstream
2080292110,2432890,Downstream,Downstream,Downstream,Downstream,Downstream,Downstream,Upstream,Downstream
2080258300,2432904,Upstream,Upstream,Upstream,Upstream,Upstream,Upstream,Upstream,Upstream
2080258290,2432904,Downstream,Downstream,Downstream,Downstream,Downstream,Downstream,Upstream,Downstream
2080293830,2432890,Upstream,Upstream,Upstream,Upstream,Upstream,Upstream,Upstream,Upstream
2080293940,2432890,Upstream,Upstream,Upstream,Upstream,Upstream,Upstream,Upstream,Upstream
2080174970,2432299,Upstream,Upstream,Upstream,Upstream,Upstream,Upstream,Upstream,Upstream
2080174960,2432299,Upstream,Upstream,Upstream,Upstream,Upstream,Upstream,Upstream,Upstream
2080257660,2432904,Upstream,Upstream,Upstream,Upstream,Upstream,Upstream,Upstream,Upstream
2080257570,2432904,Upstream,Upstream,Upstream,Upstream,Upstream,Upstream,Upstream,Upstream
2080296840,2432890,Upstream,Upstream,Upstream,Upstream,Upstream,Upstream,Upstream,Upstream
2080296850,2432890,Upstream,Upstream,Upstream,Upstream,Upstream,Upstream,Upstream,Upstream
2080252870,2432904,Upstream,Upstream,Upstream,Upstream,Upstream,Upstream,Upstream,Upstream
2080253080,2432904,Upstream,Upstream,Upstream,Upstream,Upstream,Upstream,Upstream,Upstream
2080028660,2434001,Downstream,Downstream,Downstream,Downstream,Downstream,Downstream,Downstream,Downstream
2080222530,2434001,Downstream,Downstream,Downstream,Downstream,Downstream,Downstream,Downstream,Downstream
2080222500,2434001,Downstream,Downstream,Downstream,Downstream,Downstream,Downstream,Downstream,Downstream
2080220060,2434001,Downstream,Downstream,Downstream,Downstream,Downstream,Downstream,Downstream,Downstream
2080220050,2434001,Downstream,Downstream,Downstream,Downstream,Downstream,Downstream,Upstream,Upstream
2080217690,2434001,Downstream,Downstream,Downstream,Downstream,Downstream,Downstream,Upstream,Upstream
2080217680,2434001,Upstream,Upstream,Upstream,Upstream,Upstream,Upstream,Upstream,Upstream
2080215150,2434001,Upstream,Upstream,Upstream,Upstream,Upstream,Upstream,Upstream,Upstream
2080215250,2434001,Upstream,Upstream,Upstream,Upstream,Upstream,Upstream,Upstream,Upstream
2080213670,2434003,Downstream,Downstream,Downstream,Downstream,Downstream,Downstream,Downstream,Downstream
2080212200,2434003,Downstream,Downstream,Downstream,Downstream,Downstream,Downstream,Downstream,Downstream
2080212210,2434003,Downstream,Downstream,Downstream,Downstream,Downstream,Downstream,Downstream,Downstream
2080202870,2434003,Downstream,Downstream,Downstream,Downstream,Downstream,Downstream,Downstream,Downstream
2080202880,2434003,Upstream,Upstream,Upstream,Upstream,Upstream,Upstream,Upstream,Upstream
2080194540,2434003,Upstream,Upstream,Upstream,Upstream,Upstream,Upstream,Upstream,Upstream
2080194490,2434003,Upstream,Upstream,Upstream,Upstream,Upstream,Upstream,Upstream,Upstream
2080194390,2434003,Upstream,Upstream,Upstream,Upstream,Upstream,Upstream,Upstream,Upstream
2080194220,2434003,Upstream,Upstream,Upstream,Upstream,Upstream,Upstream,Upstream,Upstream
2080193110,2434004,Downstream,Downstream,Downstream,Downstream,Downstream,Downstream,Downstream,Downstream
2080190990,2434004,Downstream,Downstream,Downstream,Downstream,Downstream,Downstream,Upstream,Upstream
2080191000,2434004,Downstream,Downstream,Downstream,Downstream,Downstream,Downstream,Downstream,Downstream
2080187720,2434004,Upstream,Upstream,Upstream,Upstream,Upstream,Upstream,Upstream,Upstream
2080187710,2434004,Downstream,Downstream,Downstream,Downstream,Downstream,Downstream,Upstream,Upstream
2080188020,2434009,Downstream,Downstream,Downstream,Downstream,Downstream,Downstream,Downstream,Downstream
2080187640,2434009,Downstream,Downstream,Downstream,Downstream,Downstream,Downstream,Downstream,Downstream
2080187580,2434009,Downstream,Downstream,Downstream,Downstream,Downstream,Downstream,Downstream,Downstream
2080186280,2434004,Downstream,Downstream,Downstream,Downstream,Downstream,Downstream,Upstream,Upstream
2080186230,2434004,Downstream,Downstream,Downstream,Downstream,Downstream,Downstream,Upstream,Upstream
2080184920,2434004,Downstream,Downstream,Downstream,Downstream,Downstream,Downstream,Upstream,Upstream
2080184850,2434004,Downstream,Downstream,Downstream,Downstream,Downstream,Downstream,Upstream,Upstream
2080189070,2434009,Upstream,Upstream,Upstream,Upstream,Upstream,Upstream,Upstream,Downstream
2080189130,2434009,Downstream,Downstream,Downstream,Downstream,Downstream,Downstream,Downstream,Downstream
2080188880,2434009,Upstream,Upstream,Upstream,Upstream,Upstream,Upstream,Upstream,Downstream
2080188820,2434009,Upstream,Upstream,Upstream,Upstream,Upstream,Upstream,Upstream,Upstream
2080187430,2434009,Upstream,Upstream,Upstream,Upstream,Upstream,Upstream,Upstream,Upstream
2080187420,2434009,Upstream,Upstream,Upstream,Upstream,Upstream,Upstream,Upstream,Upstream
2080029130,2435109,Upstream,Upstream,Upstream,Upstream,Upstream,Upstream,Upstream,Upstream
2080029170,2435109,Downstream,Downstream,Downstream,Downstream,Downstream,Downstream,Downstream,Downstream
2080029180,2435109,Downstream,Downstream,Downstream,Downstream,Downstream,Downstream,Downstream,Downstream
2080029220,2435109,Downstream,Downstream,Downstream,Downstream,Downstream,Downstream,Downstream,Downstream
2080029230,2435109,Downstream,Downstream,Downstream,Downstream,Downstream,Downstream,Downstream,Downstream
2080029240,2435109,Downstream,Downstream,Downstream,Downstream,Downstream,Downstream,Downstream,Downstream
2080029250,2435109,Downstream,Downstream,Downstream,Downstream,Downstream,Downstream,Downstream,Downstream
2080029280,2435109,Downstream,Downstream,Downstream,Downstream,Downstream,Downstream,Downstream,Downstream
2080029290,2435109,Downstream,Downstream,Downstream,Downstream,Downstream,Downstream,Downstream,Downstream
2080211950,2435204,Downstream,Downstream,Downstream,Downstream,Downstream,Downstream,Downstream,Downstream
2080210690,2435204,Downstream,Downstream,Downstream,Downstream,Downstream,Downstream,Downstream,Downstream
2080210700,2435204,Downstream,Downstream,Downstream,Downstream,Downstream,Downstream,Downstream,Downstream
2080212100,2435206,Downstream,Downstream,Downstream,Downstream,Downstream,Downstream,Downstream,Downstream
2080208820,2435204,Upstream,Upstream,Upstream,Upstream,Upstream,Upstream,Downstream,Downstream
2080208830,2435204,Downstream,Downstream,Downstream,Downstream,Downstream,Downstream,Downstream,Downstream
2080207090,2435204,Upstream,Upstream,Upstream,Upstream,Upstream,Upstream,Downstream,Downstream
2080206970,2435204,Upstream,Upstream,Upstream,Upstream,Upstream,Upstream,Upstream,Upstream
2080215350,2435206,Downstream,Downstream,Downstream,Downstream,Downstream,Downstream,Downstream,Downstream
2080215340,2435206,Downstream,Downstream,Downstream,Downstream,Downstream,Downstream,Downstream,Downstream
2080205270,2435204,Upstream,Upstream,Upstream,Upstream,Upstream,Upstream,Upstream,Upstream
2080205280,2435204,Upstream,Upstream,Upstream,Upstream,Upstream,Upstream,Upstream,Upstream
2080216610,2435206,Upstream,Upstream,Upstream,Upstream,Upstream,Upstream,Upstream,Upstream
2080216690,2435206,Downstream,Downstream,Downstream,Downstream,Downstream,Downstream,Downstream,Downstream
2080202990,2435209,Downstream,Downstream,Downstream,Downstream,Downstream,Downstream,Downstream,Downstream
2080201310,2435209,Downstream,Downstream,Downstream,Downstream,Downstream,Downstream,Downstream,Downstream
2080201260,2435209,Downstream,Downstream,Downstream,Downstream,Downstream,Downstream,Downstream,Downstream
2080220910,2435206,Downstream,Downstream,Downstream,Downstream,Downstream,Downstream,Downstream,Downstream
2080220920,2435206,Downstream,Downstream,Downstream,Downstream,Downstream,Downstream,Downstream,Downstream
2080221470,2435206,Downstream,Downstream,Downstream,Downstream,Downstream,Downstream,Downstream,Downstream
2080221540,2435206,Downstream,Downstream,Downstream,Downstream,Downstream,Downstream,Downstream,Downstream
2080199610,2435209,Downstream,Downstream,Downstream,Downstream,Downstream,Downstream,Downstream,Downstream
2080199620,2435209,Downstream,Downstream,Downstream,Downstream,Downstream,Downstream,Upstream,Upstream
2080195860,2435209,Upstream,Upstream,Upstream,Upstream,Upstream,Upstream,Upstream,Upstream
2080195870,2435209,Downstream,Downstream,Downstream,Downstream,Downstream,Downstream,Upstream,Upstream
2080195320,2435209,Upstream,Upstream,Upstream,Upstream,Upstream,Upstream,Upstream,Upstream
2080195310,2435209,Upstream,Upstream,Upstream,Upstream,Upstream,Upstream,Upstream,Upstream
2080029510,2435400,Downstream,Downstream,Downstream,Downstream,Downstream,Downstream,Downstream,Downstream
2080187960,2435400,Downstream,Downstream,Downstream,Downstream,Downstream,Downstream,Downstream,Downstream
2080188000,2435400,Downstream,Downstream,Downstream,Downstream,Downstream,Downstream,Downstream,Downstream
2080188410,2435400,Downstream,Downstream,Downstream,Downstream,Downstream,Downstream,Downstream,Downstream
2080188420,2435400,Downstream,Downstream,Downstream,Downstream,Downstream,Downstream,Upstream,Downstream
2080194360,2435400,Upstream,Upstream,Upstream,Upstream,Upstream,Upstream,Upstream,Upstream
2080194350,2435400,Downstream,Downstream,Downstream,Downstream,Downstream,Downstream,Upstream,Downstream
2080196450,2435400,Upstream,Upstream,Upstream,Upstream,Upstream,Upstream,Upstream,Upstream
2080196520,2435400,Upstream,Upstream,Upstream,Upstream,Upstream,Upstream,Upstream,Upstream
2080029570,2435600,Downstream,Downstream,Downstream,Downstream,Downstream,Downstream,Downstream,Downstream
2080186450,2435600,Downstream,Downstream,Downstream,Downstream,Downstream,Downstream,Downstream,Downstream
2080186440,2435600,Downstream,Downstream,Downstream,Downstream,Downstream,Downstream,Downstream,Downstream
2080187480,2435600,Downstream,Downstream,Downstream,Downstream,Downstream,Downstream,Downstream,Downstream
2080187570,2435600,Upstream,Upstream,Upstream,Upstream,Upstream,Upstream,Upstream,Downstream
2080189120,2435600,Upstream,Upstream,Upstream,Upstream,Upstream,Upstream,Upstream,Upstream
2080189010,2435600,Upstream,Upstream,Upstream,Upstream,Upstream,Upstream,Upstream,Downstream
2080191120,2435600,Upstream,Upstream,Upstream,Upstream,Upstream,Upstream,Upstream,Upstream
2080191130,2435600,Upstream,Upstream,Upstream,Upstream,Upstream,Upstream,Upstream,Upstream
2080029650,2435706,Downstream,Downstream,Downstream,Downstream,Downstream,Downstream,Downstream,Downstream
2080179530,2435706,Downstream,Downstream,Downstream,Downstream,Downstream,Downstream,Downstream,Downstream
2080179630,2435706,Downstream,Downstream,Downstream,Downstream,Downstream,Downstream,Downstream,Downstream
2080180050,2435706,Downstream,Downstream,Downstream,Downstream,Downstream,Downstream,Downstream,Downstream
2080180060,2435706,Upstream,Upstream,Upstream,Upstream,Upstream,Upstream,Upstream,Downstream
2080183400,2435706,Upstream,Upstream,Upstream,Upstream,Upstream,Upstream,Upstream,Downstream
2080183500,2435706,Upstream,Upstream,Upstream,Upstream,Upstream,Upstream,Upstream,Upstream
2080189850,2435706,Upstream,Upstream,Upstream,Upstream,Upstream,Upstream,Upstream,Upstream
2080189840,2435706,Upstream,Upstream,Upstream,Upstream,Upstream,Upstream,Upstream,Upstream
2080029750,2435800,Downstream,Downstream,Downstream,Downstream,Downstream,Downstream,Downstream,Downstream
2080171040,2435800,Downstream,Downstream,Downstream,Downstream,Downstream,Downstream,Downstream,Downstream
2080171050,2435800,Downstream,Downstream,Downstream,Downstream,Downstream,Downstream,Downstream,Downstream
2080174600,2435800,Downstream,Downstream,Downstream,Downstream,Downstream,Downstream,Downstream,Downstream
2080174610,2435800,Upstream,Upstream,Upstream,Upstream,Upstream,Upstream,Upstream,Upstream
2080176010,2435800,Upstream,Upstream,Upstream,Upstream,Upstream,Upstream,Upstream,Upstream
2080176070,2435800,Upstream,Upstream,Upstream,Upstream,Upstream,Upstream,Upstream,Upstream
2080177700,2435800,Upstream,Upstream,Upstream,Upstream,Upstream,Upstream,Upstream,Upstream
2080177710,2435800,Upstream,Upstream,Upstream,Upstream,Upstream,Upstream,Upstream,Upstream
2080029790,2435902,Downstream,Downstream,Downstream,Downstream,Downstream,Downstream,Downstream,Downstream
2080170800,2435902,Downstream,Downstream,Downstream,Downstream,Downstream,Downstream,Downstream,Downstream
2080170840,2435902,Downstream,Downstream,Downstream,Downstream,Downstream,Downstream,Downstream,Downstream
2080170810,2435902,Downstream,Downstream,Downstream,Downstream,Downstream,Downstream,Upstream,Upstream
2080170720,2435902,Downstream,Downstream,Downstream,Downstream,Downstream,Downstream,Downstream,Downstream
2080175190,2435902,Downstream,Downstream,Downstream,Downstream,Downstream,Downstream,Upstream,Upstream
2080175240,2435902,Upstream,Upstream,Upstream,Upstream,Upstream,Upstream,Upstream,Upstream
2081036810,2435902,Upstream,Upstream,Upstream,Upstream,Upstream,Upstream,Upstream,Upstream
2080170000,2436007,Downstream,Downstream,Downstream,Downstream,Downstream,Downstream,Downstream,Downstream
2080170060,2436006,Downstream,Downstream,Downstream,Downstream,Downstream,Downstream,Downstream,Downstream
2080169640,2436007,Downstream,Downstream,Downstream,Downstream,Downstream,Downstream,Downstream,Downstream
2080169610,2436007,Downstream,Downstream,Downstream,Downstream,Downstream,Downstream,Downstream,Downstream
2080172320,2436006,Downstream,Downstream,Downstream,Downstream,Downstream,Downstream,Downstream,Downstream
2080172380,2436006,Downstream,Downstream,Downstream,Downstream,Downstream,Downstream,Downstream,Downstream
2080166920,2436007,Downstream,Downstream,Downstream,Downstream,Downstream,Downstream,Downstream,Downstream
2080166860,2436007,Upstream,Upstream,Upstream,Upstream,Upstream,Upstream,Upstream,Upstream
2080165370,2436007,Upstream,Upstream,Upstream,Upstream,Upstream,Upstream,Upstream,Upstream
2080165380,2436007,Upstream,Upstream,Upstream,Upstream,Upstream,Upstream,Upstream,Upstream
2080165390,2436007,Upstream,Upstream,Upstream,Upstream,Upstream,Upstream,Upstream,Upstream
2080165310,2436007,Upstream,Upstream,Upstream,Upstream,Upstream,Upstream,Upstream,Upstream
2080172850,2436006,Upstream,Upstream,Upstream,Upstream,Upstream,Upstream,Upstream,Upstream
2080172840,2436006,Downstream,Downstream,Downstream,Downstream,Downstream,Downstream,Downstream,Downstream
2080172870,2436006,Upstream,Upstream,Upstream,Upstream,Upstream,Upstream,Upstream,Upstream
2080172800,2436006,Upstream,Upstream,Upstream,Upstream,Upstream,Upstream,Upstream,Upstream
2080171060,2436006,Upstream,Upstream,Upstream,Upstream,Upstream,Upstream,Upstream,Upstream
2080170960,2436006,Upstream,Upstream,Upstream,Upstream,Upstream,Upstream,Upstream,Upstream
2080029980,2437004,Downstream,Downstream,Downstream,Downstream,Downstream,Downstream,Upstream,Downstream
2080156710,2437004,Downstream,Downstream,Downstream,Downstream,Downstream,Downstream,Upstream,Upstream
2080156680,2437004,Downstream,Downstream,Downstream,Downstream,Downstream,Downstream,Upstream,Downstream
2080157120,2437004,Upstream,Upstream,Upstream,Upstream,Upstream,Upstream,Upstream,Upstream
2080157160,2437004,Downstream,Downstream,Downstream,Downstream,Downstream,Downstream,Upstream,Upstream
2080154060,2437004,Upstream,Upstream,Upstream,Upstream,Upstream,Upstream,Upstream,Upstream
2080154150,2437004,Upstream,Upstream,Upstream,Upstream,Upstream,Upstream,Upstream,Upstream
2080154280,2437004,Upstream,Upstream,Upstream,Upstream,Upstream,Upstream,Upstream,Upstream
2080154200,2437004,Upstream,Upstream,Upstream,Upstream,Upstream,Upstream,Upstream,Upstream
2080142460,2438030,Downstream,Downstream,Downstream,Downstream,Downstream,Downstream,Upstream,Downstream
2080142970,2438030,Upstream,Upstream,Upstream,Upstream,Upstream,Upstream,Upstream,Upstream
2080143030,2438030,Downstream,Downstream,Downstream,Downstream,Downstream,Downstream,Upstream,Downstream
2080144670,2438030,Downstream,Downstream,Downstream,Downstream,Downstream,Downstream,Upstream,Downstream
2080144730,2438030,Downstream,Downstream,Downstream,Downstream,Downstream,Downstream,Upstream,Downstream
2080144680,2438030,Downstream,Downstream,Downstream,Downstream,Downstream,Downstream,Upstream,Downstream
2080144740,2438030,Downstream,Downstream,Downstream,Downstream,Downstream,Downstream,Upstream,Downstream
2080143190,2438030,Downstream,Downstream,Downstream,Downstream,Downstream,Downstream,Upstream,Downstream
2080143180,2438030,Downstream,Downstream,Downstream,Downstream,Downstream,Downstream,Upstream,Downstream
2080135880,2438060,Downstream,Downstream,Downstream,Downstream,Downstream,Downstream,Downstream,Downstream
2080135380,2438060,Downstream,Downstream,Downstream,Downstream,Downstream,Downstream,Downstream,Downstream
2080135280,2438060,Downstream,Downstream,Downstream,Downstream,Downstream,Downstream,Downstream,Downstream
2080134070,2438082,Downstream,Downstream,Downstream,Downstream,Downstream,Downstream,Downstream,Downstream
2080132810,2438082,Downstream,Downstream,Downstream,Downstream,Downstream,Downstream,Downstream,Downstream
2080132800,2438082,Downstream,Downstream,Downstream,Downstream,Downstream,Downstream,Downstream,Downstream
2080131460,2438060,Downstream,Downstream,Downstream,Downstream,Downstream,Downstream,Downstream,Downstream
2080131410,2438060,Upstream,Upstream,Upstream,Upstream,Upstream,Upstream,Upstream,Upstream
2080131160,2438060,Upstream,Upstream,Upstream,Upstream,Upstream,Upstream,Upstream,Upstream
2080131170,2438060,Upstream,Upstream,Upstream,Upstream,Upstream,Upstream,Upstream,Upstream
2080130950,2438082,Downstream,Downstream,Downstream,Downstream,Downstream,Downstream,Downstream,Downstream
2080130910,2438082,Upstream,Upstream,Upstream,Upstream,Upstream,Upstream,Upstream,Upstream
2080129740,2438082,Upstream,Upstream,Upstream,Upstream,Upstream,Upstream,Upstream,Upstream
2080129750,2438082,Upstream,Upstream,Upstream,Upstream,Upstream,Upstream,Upstream,Upstream
2080129430,2438060,Upstream,Upstream,Upstream,Upstream,Upstream,Upstream,Upstream,Upstream
2080129380,2438060,Upstream,Upstream,Upstream,Upstream,Upstream,Upstream,Upstream,Upstream
2080129080,2438082,Upstream,Upstream,Upstream,Upstream,Upstream,Upstream,Upstream,Upstream
2080128990,2438082,Upstream,Upstream,Upstream,Upstream,Upstream,Upstream,Upstream,Upstream
2080144710,2442030,Downstream,Downstream,Downstream,Downstream,Downstream,Downstream,Downstream,Downstream
2080144720,2442020,Downstream,Downstream,Downstream,Downstream,Downstream,Downstream,Downstream,Downstream
2080143400,2442030,Downstream,Downstream,Downstream,Downstream,Downstream,Downstream,Downstream,Downstream
2080143390,2442030,Downstream,Downstream,Downstream,Downstream,Downstream,Downstream,Downstream,Downstream
2080143120,2442020,Downstream,Downstream,Downstream,Downstream,Downstream,Downstream,Downstream,Downstream
2080143060,2442020,Downstream,Downstream,Downstream,Downstream,Downstream,Downstream,Downstream,Downstream
2080142440,2442020,Upstream,Upstream,Upstream,Upstream,Upstream,Upstream,Upstream,Upstream
2080142430,2442020,Downstream,Downstream,Downstream,Downstream,Downstream,Downstream,Downstream,Downstream
2080140210,2442030,Downstream,Downstream,Downstream,Downstream,Downstream,Downstream,Downstream,Downstream
2080140220,2442030,Downstream,Downstream,Downstream,Downstream,Downstream,Downstream,Upstream,Upstream
2080141820,2442020,Upstream,Upstream,Upstream,Upstream,Upstream,Upstream,Upstream,Upstream
2080141760,2442020,Upstream,Upstream,Upstream,Upstream,Upstream,Upstream,Upstream,Upstream
2080140940,2442020,Upstream,Upstream,Upstream,Upstream,Upstream,Upstream,Upstream,Upstream
2080141000,2442020,Upstream,Upstream,Upstream,Upstream,Upstream,Upstream,Upstream,Upstream
2080137160,2442030,Downstream,Downstream,Downstream,Downstream,Downstream,Downstream,Upstream,Upstream
2080137170,2442030,Upstream,Upstream,Upstream,Upstream,Upstream,Upstream,Upstream,Upstream
2080135750,2442030,Downstream,Downstream,Downstream,Downstream,Downstream,Downstream,Upstream,Upstream
2080135740,2442030,Downstream,Downstream,Downstream,Downstream,Downstream,Downstream,Upstream,Upstream
2080132720,2442060,Downstream,Downstream,Downstream,Downstream,Downstream,Downstream,Downstream,Downstream
2080132710,2442070,Downstream,Downstream,Downstream,Downstream,Downstream,Downstream,Downstream,Downstream
2080128330,2442060,Downstream,Downstream,Downstream,Downstream,Downstream,Downstream,Downstream,Downstream
2080128310,2442060,Downstream,Downstream,Downstream,Downstream,Downstream,Downstream,Downstream,Downstream
2080127560,2442060,Downstream,Downstream,Downstream,Downstream,Downstream,Downstream,Downstream,Downstream
2080127550,2442060,Upstream,Upstream,Downstream,Downstream,Downstream,Downstream,Upstream,Downstream
2080128700,2442070,Downstream,Downstream,Downstream,Downstream,Downstream,Downstream,Downstream,Downstream
2080128750,2442070,Upstream,Upstream,Downstream,Downstream,Downstream,Downstream,Upstream,Upstream
2080123680,2442049,Downstream,Downstream,Downstream,Downstream,Downstream,Downstream,Downstream,Downstream
2080123190,2442049,Downstream,Downstream,Downstream,Downstream,Downstream,Downstream,Downstream,Downstream
2080123120,2442049,Downstream,Downstream,Downstream,Downstream,Downstream,Downstream,Downstream,Downstream
2080123780,2442060,Upstream,Upstream,Upstream,Upstream,Upstream,Upstream,Upstream,Upstream
2080123770,2442060,Upstream,Upstream,Downstream,Downstream,Downstream,Downstream,Upstream,Downstream
2080125910,2442070,Upstream,Upstream,Upstream,Upstream,Upstream,Upstream,Upstream,Upstream
2080126000,2442070,Upstream,Upstream,Downstream,Downstream,Downstream,Downstream,Upstream,Upstream
2080125880,2442070,Upstream,Upstream,Upstream,Upstream,Upstream,Upstream,Upstream,Upstream
2080125800,2442070,Upstream,Upstream,Upstream,Upstream,Upstream,Upstream,Upstream,Upstream
2080121990,2442049,Downstream,Downstream,Downstream,Downstream,Downstream,Downstream,Downstream,Downstream
2080121980,2442049,Downstream,Upstream,Upstream,Upstream,Upstream,Upstream,Downstream,Downstream
2080121920,2442049,Upstream,Upstream,Upstream,Upstream,Upstream,Upstream,Upstream,Upstream
2080121970,2442049,Downstream,Upstream,Upstream,Upstream,Upstream,Upstream,Downstream,Downstream
2080124240,2442070,Upstream,Upstream,Upstream,Upstream,Upstream,Upstream,Upstream,Upstream
2080124230,2442070,Upstream,Upstream,Upstream,Upstream,Upstream,Upstream,Upstream,Upstream
2080121390,2442060,Upstream,Upstream,Upstream,Upstream,Upstream,Upstream,Upstream,Upstream
2080121370,2442060,Upstream,Upstream,Upstream,Upstream,Upstream,Upstream,Upstream,Upstream
2080119290,2442049,Upstream,Upstream,Upstream,Upstream,Upstream,Upstream,Upstream,Upstream
2080119250,2442049,Upstream,Upstream,Upstream,Upstream,Upstream,Upstream,Upstream,Upstream
2080030170,2443300,Downstream,Downstream,Downstream,Downstream,Downstream,Downstream,Downstream,Downstream
2080030180,2443300,Downstream,Downstream,Downstream,Downstream,Downstream,Downstream,Downstream,Downstream
2080030190,2443300,Downstream,Downstream,Downstream,Downstream,Downstream,Downstream,Downstream,Downstream
2080030200,2443300,Downstream,Downstream,Downstream,Downstream,Downstream,Downstream,Downstream,Downstream
2080030210,2443300,Downstream,Downstream,Downstream,Downstream,Downstream,Downstream,Downstream,Downstream
2080030220,2443300,Upstream,Upstream,Upstream,Upstream,Upstream,Upstream,Upstream,Upstream
2080030230,2443300,Downstream,Downstream,Downstream,Downstream,Downstream,Downstream,Downstream,Downstream
2080030240,2443300,Downstream,Downstream,Downstream,Downstream,Downstream,Downstream,Downstream,Downstream
2080030250,2443300,Downstream,Downstream,Downstream,Downstream,Downstream,Downstream,Downstream,Downstream
2080143290,2443404,Downstream,Downstream,Downstream,Downstream,Downstream,Downstream,Downstream,Downstream
2080140920,2443404,Upstream,Upstream,Upstream,Downstream,Downstream,Downstream,Upstream,Downstream
2080140960,2443404,Downstream,Downstream,Downstream,Downstream,Downstream,Downstream,Downstream,Downstream
2080139820,2443404,Upstream,Upstream,Upstream,Upstream,Upstream,Upstream,Upstream,Upstream
2080139790,2443404,Upstream,Upstream,Upstream,Downstream,Downstream,Downstream,Upstream,Downstream
2080137780,2443404,Upstream,Upstream,Upstream,Upstream,Upstream,Upstream,Upstream,Upstream
2080137760,2443404,Upstream,Upstream,Upstream,Upstream,Upstream,Upstream,Upstream,Upstream
2080138230,2443404,Upstream,Upstream,Upstream,Upstream,Upstream,Upstream,Upstream,Upstream
2080138310,2443404,Upstream,Upstream,Upstream,Upstream,Upstream,Upstream,Upstream,Upstream
2080030340,2443502,Downstream,Downstream,Downstream,Downstream,Downstream,Downstream,Downstream,Downstream
2080150750,2443502,Downstream,Downstream,Downstream,Downstream,Downstream,Downstream,Downstream,Downstream
2080150660,2443502,Downstream,Downstream,Downstream,Downstream,Downstream,Downstream,Downstream,Downstream
2080150320,2443502,Upstream,Upstream,Upstream,Upstream,Upstream,Upstream,Upstream,Downstream
2080150270,2443502,Downstream,Downstream,Downstream,Downstream,Downstream,Downstream,Downstream,Downstream
2080148690,2443502,Upstream,Upstream,Upstream,Upstream,Upstream,Upstream,Upstream,Downstream
2080148610,2443502,Upstream,Upstream,Upstream,Upstream,Upstream,Upstream,Upstream,Upstream
2080145980,2443502,Upstream,Upstream,Upstream,Upstream,Upstream,Upstream,Upstream,Upstream
2080145930,2443502,Upstream,Upstream,Upstream,Upstream,Upstream,Upstream,Upstream,Upstream
2080030420,2443506,Downstream,Downstream,Downstream,Downstream,Downstream,Downstream,Downstream,Downstream
2080157520,2443506,Downstream,Downstream,Downstream,Downstream,Downstream,Downstream,Downstream,Downstream
2080157470,2443506,Downstream,Downstream,Downstream,Downstream,Downstream,Downstream,Downstream,Downstream
2080155750,2443506,Downstream,Downstream,Downstream,Downstream,Downstream,Downstream,Downstream,Downstream
2080155640,2443506,Downstream,Downstream,Downstream,Downstream,Downstream,Downstream,Upstream,Upstream
2080153280,2443506,Downstream,Downstream,Downstream,Downstream,Downstream,Downstream,Upstream,Upstream
2080153180,2443506,Upstream,Upstream,Upstream,Upstream,Upstream,Upstream,Upstream,Upstream
2080151990,2443506,Upstream,Upstream,Upstream,Upstream,Upstream,Upstream,Upstream,Upstream
2080151930,2443506,Upstream,Upstream,Upstream,Upstream,Upstream,Upstream,Upstream,Upstream
2080160610,2443605,Downstream,Downstream,Downstream,Downstream,Downstream,Downstream,Downstream,Downstream
2080152800,2443605,Downstream,Downstream,Downstream,Downstream,Downstream,Downstream,Upstream,Upstream
2080152810,2443605,Downstream,Downstream,Downstream,Downstream,Downstream,Downstream,Downstream,Downstream
2080149430,2443605,Downstream,Downstream,Downstream,Downstream,Downstream,Downstream,Upstream,Upstream
2080149390,2443605,Upstream,Upstream,Upstream,Upstream,Upstream,Upstream,Upstream,Upstream
2080149130,2443605,Upstream,Upstream,Upstream,Upstream,Upstream,Upstream,Upstream,Upstream
2080149140,2443605,Upstream,Upstream,Upstream,Upstream,Upstream,Upstream,Upstream,Upstream
2080148930,2443605,Upstream,Upstream,Upstream,Upstream,Upstream,Upstream,Upstream,Upstream
2080148920,2443605,Upstream,Upstream,Upstream,Upstream,Upstream,Upstream,Upstream,Upstream
2080175680,2443802,Downstream,Downstream,Downstream,Downstream,Downstream,Downstream,Downstream,Downstream
2080175640,2443803,Downstream,Downstream,Downstream,Downstream,Downstream,Downstream,Downstream,Downstream
2080169600,2443803,Downstream,Downstream,Downstream,Downstream,Downstream,Downstream,Downstream,Downstream
2080169540,2443803,Downstream,Downstream,Downstream,Downstream,Downstream,Downstream,Downstream,Downstream
2080167820,2443803,Upstream,Upstream,Upstream,Upstream,Upstream,Upstream,Upstream,Downstream
2080167810,2443803,Downstream,Downstream,Downstream,Downstream,Downstream,Downstream,Downstream,Downstream
2080165540,2443803,Upstream,Upstream,Upstream,Upstream,Upstream,Upstream,Upstream,Downstream
2080165530,2443803,Upstream,Upstream,Upstream,Upstream,Upstream,Upstream,Upstream,Upstream
2080163780,2443802,Downstream,Downstream,Downstream,Downstream,Downstream,Downstream,Downstream,Downstream
2080163740,2443802,Downstream,Downstream,Downstream,Downstream,Downstream,Downstream,Downstream,Downstream
2080162600,2443803,Upstream,Upstream,Upstream,Upstream,Upstream,Upstream,Upstream,Upstream
2080162590,2443803,Upstream,Upstream,Upstream,Upstream,Upstream,Upstream,Upstream,Upstream
2080162040,2443802,Upstream,Upstream,Upstream,Downstream,Downstream,Downstream,Upstream,Upstream
2080161960,2443802,Downstream,Downstream,Downstream,Downstream,Downstream,Downstream,Downstream,Downstream
2080155230,2443802,Upstream,Upstream,Upstream,Downstream,Downstream,Downstream,Upstream,Upstream
2080155150,2443802,Upstream,Upstream,Upstream,Upstream,Upstream,Upstream,Upstream,Upstream
2080151820,2443802,Upstream,Upstream,Upstream,Upstream,Upstream,Upstream,Upstream,Upstream
2080151830,2443802,Upstream,Upstream,Upstream,Upstream,Upstream,Upstream,Upstream,Upstream
2080030820,2443906,Downstream,Downstream,Downstream,Downstream,Downstream,Downstream,Downstream,Downstream
2080177680,2443906,Downstream,Downstream,Downstream,Downstream,Downstream,Downstream,Downstream,Downstream
2080177570,2443906,Downstream,Downstream,Downstream,Downstream,Downstream,Downstream,Upstream,Downstream
2080177450,2443906,Downstream,Downstream,Downstream,Downstream,Downstream,Downstream,Upstream,Downstream
2080177420,2443906,Downstream,Downstream,Downstream,Downstream,Downstream,Downstream,Upstream,Upstream
2080171300,2443906,Downstream,Downstream,Downstream,Downstream,Downstream,Downstream,Upstream,Upstream
2080171210,2443906,Upstream,Upstream,Upstream,Upstream,Upstream,Upstream,Upstream,Upstream
2080170230,2443906,Upstream,Upstream,Upstream,Upstream,Upstream,Upstream,Upstream,Upstream
2080170110,2443906,Upstream,Upstream,Upstream,Upstream,Upstream,Upstream,Upstream,Upstream
2080182180,2444040,Downstream,Downstream,Downstream,Downstream,Downstream,Downstream,Downstream,Downstream
2080179270,2444040,Downstream,Downstream,Downstream,Downstream,Downstream,Downstream,Downstream,Downstream
2080179260,2444040,Downstream,Downstream,Downstream,Downstream,Downstream,Downstream,Downstream,Downstream
2080176810,2444040,Upstream,Upstream,Upstream,Upstream,Upstream,Upstream,Upstream,Downstream
2080176880,2444040,Downstream,Downstream,Downstream,Downstream,Downstream,Downstream,Downstream,Downstream
2080175720,2444040,Upstream,Upstream,Upstream,Upstream,Upstream,Upstream,Upstream,Upstream
2080175730,2444040,Upstream,Upstream,Upstream,Upstream,Upstream,Upstream,Upstream,Downstream
2080172760,2444040,Upstream,Upstream,Upstream,Upstream,Upstream,Upstream,Upstream,Upstream
2080172680,2444040,Upstream,Upstream,Upstream,Upstream,Upstream,Upstream,Upstream,Upstream
2080184200,2445025,Downstream,Downstream,Downstream,Downstream,Downstream,Downstream,Downstream,Downstream
2080184130,2445024,Downstream,Downstream,Downstream,Downstream,Downstream,Downstream,Downstream,Downstream
2080184070,2445024,Downstream,Downstream,Downstream,Downstream,Downstream,Downstream,Downstream,Downstream
2080184020,2445024,Upstream,Downstream,Downstream,Downstream,Downstream,Downstream,Upstream,Downstream
2080183900,2445025,Downstream,Downstream,Downstream,Downstream,Downstream,Downstream,Downstream,Downstream
2080184010,2445025,Downstream,Downstream,Downstream,Downstream,Downstream,Downstream,Downstream,Downstream
2080184410,2445025,Upstream,Upstream,Upstream,Upstream,Upstream,Upstream,Upstream,Downstream
2080184420,2445025,Downstream,Downstream,Downstream,Downstream,Downstream,Downstream,Downstream,Downstream
2080185380,2445025,Upstream,Upstream,Upstream,Upstream,Upstream,Upstream,Upstream,Downstream
2080185450,2445025,Upstream,Upstream,Upstream,Upstream,Upstream,Upstream,Upstream,Upstream
2080185800,2445025,Upstream,Upstream,Upstream,Upstream,Upstream,Upstream,Upstream,Upstream
2080185910,2445025,Upstream,Upstream,Upstream,Upstream,Upstream,Upstream,Upstream,Upstream
2080176060,2445024,Upstream,Downstream,Downstream,Downstream,Downstream,Downstream,Upstream,Downstream
2080176000,2445024,Upstream,Upstream,Upstream,Upstream,Upstream,Upstream,Upstream,Upstream
2080174940,2445024,Upstream,Upstream,Upstream,Upstream,Upstream,Upstream,Upstream,Upstream
2080174860,2445024,Upstream,Upstream,Upstream,Upstream,Upstream,Upstream,Upstream,Upstream
2080183890,2445029,Downstream,Downstream,Downstream,Downstream,Downstream,Downstream,Downstream,Downstream
2080183850,2445028,Downstream,Downstream,Downstream,Downstream,Downstream,Downstream,Downstream,Downstream
2080172130,2445024,Upstream,Upstream,Upstream,Upstream,Upstream,Upstream,Upstream,Upstream
2080172050,2445024,Upstream,Upstream,Upstream,Upstream,Upstream,Upstream,Upstream,Upstream
2080180340,2445028,Downstream,Downstream,Downstream,Downstream,Downstream,Downstream,Downstream,Downstream
2080180330,2445028,Downstream,Downstream,Downstream,Downstream,Downstream,Downstream,Downstream,Downstream
2080182450,2445029,Downstream,Downstream,Downstream,Downstream,Downstream,Downstream,Downstream,Downstream
2080182440,2445029,Downstream,Downstream,Downstream,Downstream,Downstream,Downstream,Downstream,Downstream
2080182400,2445029,Downstream,Downstream,Downstream,Downstream,Downstream,Downstream,Downstream,Downstream
2080182430,2445029,Upstream,Upstream,Upstream,Upstream,Upstream,Upstream,Upstream,Downstream
2080178450,2445028,Downstream,Downstream,Downstream,Downstream,Downstream,Downstream,Downstream,Downstream
2080178460,2445028,Upstream,Upstream,Upstream,Upstream,Upstream,Upstream,Upstream,Upstream
2080183990,2445029,Upstream,Upstream,Upstream,Upstream,Upstream,Upstream,Upstream,Upstream
2080184000,2445029,Upstream,Upstream,Upstream,Upstream,Upstream,Upstream,Upstream,Downstream
2080184580,2445029,Upstream,Upstream,Upstream,Upstream,Upstream,Upstream,Upstream,Upstream
2080184640,2445029,Upstream,Upstream,Upstream,Upstream,Upstream,Upstream,Upstream,Upstream
2080175100,2445028,Upstream,Upstream,Upstream,Upstream,Upstream,Upstream,Upstream,Upstream
2080175090,2445028,Upstream,Upstream,Upstream,Upstream,Upstream,Upstream,Upstream,Upstream
2080174470,2445028,Upstream,Upstream,Upstream,Upstream,Upstream,Upstream,Upstream,Upstream
2080174480,2445028,Upstream,Upstream,Upstream,Upstream,Upstream,Upstream,Upstream,Upstream
2080196660,2445044,Downstream,Downstream,Downstream,Downstream,Downstream,Downstream,Downstream,Downstream
2080194730,2445044,Downstream,Downstream,Downstream,Downstream,Downstream,Downstream,Downstream,Downstream
2080194740,2445044,Downstream,Downstream,Downstream,Downstream,Downstream,Downstream,Downstream,Downstream
2080192120,2445044,Downstream,Downstream,Downstream,Downstream,Downstream,Downstream,Downstream,Downstream
2080192110,2445044,Upstream,Upstream,Upstream,Upstream,Upstream,Upstream,Downstream,Downstream
2080190620,2445044,Upstream,Upstream,Upstream,Upstream,Upstream,Upstream,Upstream,Upstream
2080190580,2445044,Upstream,Upstream,Upstream,Upstream,Upstream,Upstream,Downstream,Downstream
2080191240,2445044,Upstream,Upstream,Upstream,Upstream,Upstream,Upstream,Upstream,Upstream
2080191300,2445044,Upstream,Upstream,Upstream,Upstream,Upstream,Upstream,Upstream,Upstream
2080202580,2445089,Downstream,Downstream,Downstream,Downstream,Downstream,Downstream,Downstream,Downstream
2080201710,2445089,Downstream,Downstream,Downstream,Downstream,Downstream,Downstream,Downstream,Downstream
2080201700,2445089,Downstream,Downstream,Downstream,Downstream,Downstream,Downstream,Downstream,Downstream
2080201640,2445089,Downstream,Downstream,Downstream,Downstream,Downstream,Downstream,Downstream,Downstream
2080201560,2445089,Upstream,Upstream,Upstream,Upstream,Upstream,Upstream,Downstream,Downstream
2080200510,2445089,Upstream,Upstream,Upstream,Upstream,Upstream,Upstream,Downstream,Downstream
2080200460,2445089,Upstream,Upstream,Upstream,Upstream,Upstream,Upstream,Upstream,Upstream
2080197090,2445089,Upstream,Upstream,Upstream,Upstream,Upstream,Upstream,Upstream,Upstream
2080196990,2445089,Upstream,Upstream,Upstream,Upstream,Upstream,Upstream,Upstream,Upstream
2080031420,2445090,Downstream,Downstream,Downstream,Downstream,Downstream,Downstream,Downstream,Downstream
2080031430,2445090,Downstream,Downstream,Downstream,Downstream,Downstream,Downstream,Downstream,Downstream
2080031440,2445090,Downstream,Downstream,Downstream,Downstream,Downstream,Downstream,Downstream,Downstream
2080031450,2445090,Downstream,Downstream,Downstream,Downstream,Downstream,Downstream,Downstream,Downstream
2080031460,2445090,Downstream,Downstream,Downstream,Downstream,Downstream,Downstream,Downstream,Downstream
2080031470,2445090,Upstream,Upstream,Upstream,Upstream,Upstream,Upstream,Upstream,Upstream
2080031480,2445090,Downstream,Downstream,Downstream,Downstream,Downstream,Downstream,Downstream,Downstream
2080226310,2446004,Downstream,Downstream,Downstream,Downstream,Downstream,Downstream,Downstream,Downstream
2080226240,2446005,Downstream,Downstream,Downstream,Downstream,Downstream,Downstream,Downstream,Downstream
2080224680,2446005,Downstream,Downstream,Downstream,Downstream,Downstream,Downstream,Downstream,Downstream
2080224550,2446005,Downstream,Downstream,Downstream,Downstream,Downstream,Downstream,Downstream,Downstream
2080222700,2446005,Downstream,Downstream,Downstream,Downstream,Downstream,Downstream,Downstream,Downstream
2080222690,2446005,Upstream,Upstream,Upstream,Upstream,Upstream,Upstream,Upstream,Upstream
2080221910,2446005,Upstream,Upstream,Upstream,Upstream,Upstream,Upstream,Upstream,Upstream
2080221850,2446005,Upstream,Upstream,Upstream,Upstream,Upstream,Upstream,Upstream,Upstream
2080227910,2446004,Downstream,Downstream,Downstream,Downstream,Downstream,Downstream,Downstream,Downstream
2080228020,2446004,Downstream,Downstream,Downstream,Downstream,Downstream,Downstream,Downstream,Downstream
2080221060,2446005,Upstream,Upstream,Upstream,Upstream,Upstream,Upstream,Upstream,Upstream
2080221030,2446005,Upstream,Upstream,Upstream,Upstream,Upstream,Upstream,Upstream,Upstream
2080226750,2446004,Downstream,Downstream,Downstream,Downstream,Downstream,Downstream,Downstream,Downstream
2080226820,2446004,Upstream,Downstream,Downstream,Downstream,Downstream,Downstream,Upstream,Upstream
2080220940,2446004,Upstream,Downstream,Downstream,Downstream,Downstream,Downstream,Upstream,Upstream
2080220900,2446004,Upstream,Upstream,Upstream,Upstream,Upstream,Upstream,Upstream,Upstream
2080209040,2446009,Downstream,Downstream,Downstream,Downstream,Downstream,Downstream,Downstream,Downstream
2080214610,2446004,Upstream,Upstream,Upstream,Upstream,Upstream,Upstream,Upstream,Upstream
2080214550,2446004,Upstream,Upstream,Upstream,Upstream,Upstream,Upstream,Upstream,Upstream
2080205480,2446009,Downstream,Downstream,Downstream,Downstream,Downstream,Downstream,Upstream,Upstream
2080205460,2446009,Downstream,Downstream,Downstream,Downstream,Downstream,Downstream,Downstream,Downstream
2080205070,2446009,Downstream,Downstream,Downstream,Downstream,Downstream,Downstream,Upstream,Upstream
2080205140,2446009,Upstream,Upstream,Upstream,Upstream,Upstream,Upstream,Upstream,Upstream
2080205260,2446009,Upstream,Upstream,Upstream,Upstream,Upstream,Upstream,Upstream,Upstream
2080205380,2446009,Upstream,Upstream,Upstream,Upstream,Upstream,Upstream,Upstream,Upstream
2080206080,2446009,Upstream,Upstream,Upstream,Upstream,Upstream,Upstream,Upstream,Upstream
2080206130,2446009,Upstream,Upstream,Upstream,Upstream,Upstream,Upstream,Upstream,Upstream
2080242160,2447202,Downstream,Downstream,Downstream,Downstream,Downstream,Downstream,Downstream,Downstream
2080239940,2447202,Downstream,Downstream,Downstream,Downstream,Downstream,Downstream,Downstream,Downstream
2080239880,2447202,Downstream,Downstream,Downstream,Downstream,Downstream,Downstream,Downstream,Downstream
2080237550,2447202,Downstream,Downstream,Downstream,Downstream,Downstream,Downstream,Downstream,Downstream
2080237440,2447202,Upstream,Upstream,Upstream,Upstream,Upstream,Upstream,Upstream,Upstream
2080236420,2447202,Upstream,Upstream,Upstream,Upstream,Upstream,Upstream,Upstream,Upstream
2080236380,2447202,Upstream,Upstream,Upstream,Upstream,Upstream,Upstream,Upstream,Upstream
2080235760,2447202,Upstream,Upstream,Upstream,Upstream,Upstream,Upstream,Upstream,Upstream
2080235680,2447202,Upstream,Upstream,Upstream,Upstream,Upstream,Upstream,Upstream,Upstream
2080241350,2447206,Downstream,Downstream,Downstream,Downstream,Downstream,Downstream,Downstream,Downstream
2080241450,2447209,Downstream,Downstream,Downstream,Downstream,Downstream,Downstream,Downstream,Downstream
2080245070,2447206,Downstream,Downstream,Downstream,Downstream,Downstream,Downstream,Downstream,Downstream
2080245140,2447206,Downstream,Downstream,Downstream,Downstream,Downstream,Downstream,Downstream,Downstream
2080245060,2447206,Downstream,Downstream,Downstream,Downstream,Downstream,Downstream,Upstream,Upstream
2080245130,2447206,Downstream,Downstream,Downstream,Downstream,Downstream,Downstream,Downstream,Downstream
2080235200,2447209,Downstream,Downstream,Downstream,Downstream,Downstream,Downstream,Downstream,Downstream
2080235190,2447209,Downstream,Downstream,Downstream,Downstream,Downstream,Downstream,Upstream,Downstream
2080245250,2447206,Upstream,Upstream,Upstream,Upstream,Upstream,Upstream,Upstream,Upstream
2080245260,2447206,Downstream,Downstream,Downstream,Downstream,Downstream,Downstream,Upstream,Upstream
2080232000,2447209,Upstream,Upstream,Upstream,Upstream,Upstream,Upstream,Upstream,Upstream
2080232070,2447209,Downstream,Downstream,Downstream,Downstream,Downstream,Downstream,Upstream,Downstream
2080230970,2447209,Upstream,Upstream,Upstream,Upstream,Upstream,Upstream,Upstream,Upstream
2080230900,2447209,Upstream,Upstream,Upstream,Upstream,Upstream,Upstream,Upstream,Upstream
2080247620,2447206,Upstream,Upstream,Upstream,Upstream,Upstream,Upstream,Upstream,Upstream
2080247670,2447206,Upstream,Upstream,Upstream,Upstream,Upstream,Upstream,Upstream,Upstream
2080230730,2447209,Upstream,Upstream,Upstream,Upstream,Upstream,Upstream,Upstream,Upstream
2080230610,2447209,Upstream,Upstream,Upstream,Upstream,Upstream,Upstream,Upstream,Upstream
2080031750,2447300,Downstream,Downstream,Downstream,Downstream,Downstream,Downstream,Downstream,Downstream
2080031860,2447300,Downstream,Downstream,Downstream,Downstream,Downstream,Downstream,Downstream,Downstream
2080031870,2447300,Downstream,Downstream,Downstream,Downstream,Downstream,Downstream,Downstream,Downstream
2080031880,2447300,Downstream,Downstream,Downstream,Downstream,Downstream,Downstream,Downstream,Downstream
2080031890,2447300,Downstream,Downstream,Downstream,Downstream,Downstream,Downstream,Downstream,Downstream
2080031900,2447300,Upstream,Upstream,Upstream,Upstream,Upstream,Upstream,Upstream,Upstream
2080031910,2447300,Downstream,Downstream,Downstream,Downstream,Downstream,Downstream,Downstream,Downstream
2080031920,2447300,Downstream,Downstream,Downstream,Downstream,Downstream,Downstream,Downstream,Downstream
2080032230,2447502,Downstream,Downstream,Downstream,Downstream,Downstream,Downstream,Downstream,Downstream
2080275130,2447502,Downstream,Downstream,Downstream,Downstream,Downstream,Downstream,Downstream,Downstream
2080275070,2447502,Downstream,Downstream,Downstream,Downstream,Downstream,Downstream,Downstream,Downstream
2080272280,2447502,Downstream,Downstream,Downstream,Downstream,Downstream,Downstream,Downstream,Downstream
2080272240,2447502,Upstream,Upstream,Upstream,Upstream,Upstream,Upstream,Upstream,Downstream
2080272130,2447502,Upstream,Upstream,Upstream,Upstream,Upstream,Upstream,Upstream,Downstream
2080272120,2447502,Upstream,Upstream,Upstream,Upstream,Upstream,Upstream,Upstream,Upstream
2080271190,2447502,Upstream,Upstream,Upstream,Upstream,Upstream,Upstream,Upstream,Upstream
2080271080,2447502,Upstream,Upstream,Upstream,Upstream,Upstream,Upstream,Upstream,Upstream
2080032670,2447600,Downstream,Downstream,Downstream,Downstream,Downstream,Downstream,Downstream,Downstream
2080296040,2447600,Downstream,Downstream,Downstream,Downstream,Downstream,Downstream,Downstream,Downstream
2080296030,2447600,Downstream,Downstream,Downstream,Downstream,Downstream,Downstream,Downstream,Downstream
2080292260,2447600,Downstream,Downstream,Downstream,Downstream,Downstream,Downstream,Downstream,Downstream
2080292140,2447600,Upstream,Upstream,Upstream,Upstream,Upstream,Upstream,Upstream,Downstream
2080291610,2447600,Upstream,Upstream,Upstream,Upstream,Upstream,Upstream,Upstream,Downstream
2080291550,2447600,Upstream,Upstream,Upstream,Upstream,Upstream,Upstream,Upstream,Upstream
2080285140,2447600,Upstream,Upstream,Upstream,Upstream,Upstream,Upstream,Upstream,Upstream
2080285130,2447600,Upstream,Upstream,Upstream,Upstream,Upstream,Upstream,Upstream,Upstream
2080033010,2447800,Downstream,Downstream,Downstream,Downstream,Downstream,Downstream,Downstream,Downstream
2080283800,2447800,Downstream,Downstream,Downstream,Downstream,Downstream,Downstream,Upstream,Upstream
2080283730,2447800,Downstream,Downstream,Downstream,Downstream,Downstream,Downstream,Downstream,Downstream
2080276800,2447800,Upstream,Upstream,Upstream,Upstream,Upstream,Upstream,Upstream,Upstream
2080277020,2447800,Downstream,Downstream,Downstream,Downstream,Downstream,Downstream,Upstream,Upstream
2080273970,2447800,Upstream,Upstream,Upstream,Upstream,Upstream,Upstream,Upstream,Upstream
2080273960,2447800,Upstream,Upstream,Upstream,Upstream,Upstream,Upstream,Upstream,Upstream
2080273170,2447800,Upstream,Upstream,Upstream,Upstream,Upstream,Upstream,Upstream,Upstream
2080273010,2447800,Upstream,Upstream,Upstream,Upstream,Upstream,Upstream,Upstream,Upstream
2080033320,2448010,Downstream,Downstream,Downstream,Downstream,Downstream,Downstream,Downstream,Downstream
2080260440,2448010,Downstream,Downstream,Downstream,Downstream,Downstream,Downstream,Downstream,Downstream
2080260350,2448010,Downstream,Downstream,Downstream,Downstream,Downstream,Downstream,Upstream,Downstream
2080255190,2448010,Downstream,Downstream,Downstream,Downstream,Downstream,Downstream,Upstream,Downstream
2080255130,2448010,Upstream,Upstream,Upstream,Upstream,Upstream,Upstream,Upstream,Upstream
2080255070,2448010,Upstream,Upstream,Upstream,Upstream,Upstream,Upstream,Upstream,Upstream
2080255080,2448010,Upstream,Upstream,Upstream,Upstream,Upstream,Upstream,Upstream,Upstream
2080254510,2448010,Upstream,Upstream,Upstream,Upstream,Upstream,Upstream,Upstream,Upstream
2080254420,2448010,Upstream,Upstream,Upstream,Upstream,Upstream,Upstream,Upstream,Upstream
2080250960,2448060,Downstream,Downstream,Downstream,Downstream,Downstream,Downstream,Downstream,Downstream
2080243860,2448060,Downstream,Downstream,Downstream,Downstream,Downstream,Downstream,Downstream,Downstream
2080243700,2448060,Downstream,Downstream,Downstream,Downstream,Downstream,Downstream,Upstream,Downstream
2080236840,2448060,Upstream,Upstream,Upstream,Upstream,Upstream,Upstream,Upstream,Upstream
2080236830,2448060,Downstream,Downstream,Downstream,Downstream,Downstream,Downstream,Upstream,Downstream
2080235670,2448060,Upstream,Upstream,Upstream,Upstream,Upstream,Upstream,Upstream,Upstream
2080235580,2448060,Upstream,Upstream,Upstream,Upstream,Upstream,Upstream,Upstream,Upstream
2080232110,2448060,Upstream,Upstream,Upstream,Upstream,Upstream,Upstream,Upstream,Upstream
2080232060,2448060,Upstream,Upstream,Upstream,Upstream,Upstream,Upstream,Upstream,Upstream
2080033330,2449000,Upstream,Upstream,Upstream,Upstream,Upstream,Upstream,Upstream,Upstream
2080033400,2449000,Downstream,Downstream,Downstream,Downstream,Downstream,Downstream,Downstream,Downstream
2080033410,2449000,Downstream,Downstream,Downstream,Downstream,Downstream,Downstream,Downstream,Downstream
2080033430,2449000,Downstream,Downstream,Downstream,Downstream,Downstream,Downstream,Downstream,Downstream
2080033440,2449000,Downstream,Downstream,Downstream,Downstream,Downstream,Downstream,Downstream,Downstream
2080033450,2449000,Downstream,Downstream,Downstream,Downstream,Downstream,Downstream,Downstream,Downstream
2080033460,2449000,Downstream,Downstream,Downstream,Downstream,Downstream,Downstream,Downstream,Downstream
2080033470,2449000,Downstream,Downstream,Downstream,Downstream,Downstream,Downstream,Downstream,Downstream
2080033490,2510210,Downstream,Downstream,Downstream,Downstream,Downstream,Downstream,Downstream,Downstream
2080241610,2510210,Downstream,Downstream,Downstream,Downstream,Downstream,Downstream,Downstream,Downstream
2080241720,2510210,Downstream,Downstream,Downstream,Downstream,Downstream,Downstream,Downstream,Downstream
2080240660,2510210,Downstream,Downstream,Downstream,Downstream,Downstream,Downstream,Upstream,Upstream
2080240520,2510210,Downstream,Downstream,Downstream,Downstream,Downstream,Downstream,Downstream,Downstream
2080236220,2510210,Upstream,Upstream,Upstream,Upstream,Upstream,Upstream,Upstream,Upstream
2080236160,2510210,Downstream,Downstream,Downstream,Downstream,Downstream,Downstream,Upstream,Upstream
2080234130,2510210,Downstream,Downstream,Downstream,Downstream,Downstream,Downstream,Upstream,Upstream
2080234140,2510210,Downstream,Downstream,Downstream,Downstream,Downstream,Downstream,Upstream,Upstream
2080231800,2510230,Downstream,Downstream,Downstream,Downstream,Downstream,Downstream,Downstream,Downstream
2080230240,2510230,Downstream,Downstream,Downstream,Downstream,Downstream,Downstream,Downstream,Downstream
2080230250,2510230,Downstream,Downstream,Downstream,Downstream,Downstream,Downstream,Downstream,Downstream
2080229310,2510230,Downstream,Downstream,Downstream,Downstream,Downstream,Downstream,Downstream,Downstream
2080229230,2510230,Upstream,Upstream,Upstream,Upstream,Upstream,Upstream,Upstream,Upstream
2080225660,2510230,Upstream,Upstream,Upstream,Upstream,Upstream,Upstream,Upstream,Upstream
2080225670,2510230,Upstream,Upstream,Upstream,Upstream,Upstream,Upstream,Upstream,Upstream
2080218680,2510230,Upstream,Upstream,Upstream,Upstream,Upstream,Upstream,Upstream,Upstream
2080218670,2510230,Upstream,Upstream,Upstream,Upstream,Upstream,Upstream,Upstream,Upstream
2080217540,2510240,Downstream,Downstream,Downstream,Downstream,Downstream,Downstream,Downstream,Downstream
2080217120,2510240,Downstream,Downstream,Downstream,Downstream,Downstream,Downstream,Downstream,Downstream
2080217050,2510240,Downstream,Downstream,Downstream,Downstream,Downstream,Downstream,Downstream,Downstream
2080216460,2510240,Downstream,Downstream,Downstream,Downstream,Downstream,Downstream,Downstream,Downstream
2080216360,2510240,Upstream,Upstream,Upstream,Upstream,Upstream,Upstream,Upstream,Upstream
2080210860,2510240,Upstream,Upstream,Upstream,Upstream,Upstream,Upstream,Upstream,Upstream
2080210850,2510240,Upstream,Upstream,Upstream,Upstream,Upstream,Upstream,Upstream,Upstream
2080207410,2510229,Downstream,Downstream,Downstream,Downstream,Downstream,Downstream,Downstream,Downstream
2080204800,2510240,Upstream,Upstream,Upstream,Upstream,Upstream,Upstream,Upstream,Upstream
2080204790,2510240,Upstream,Upstream,Upstream,Upstream,Upstream,Upstream,Upstream,Upstream
2080205470,2510229,Downstream,Downstream,Downstream,Downstream,Downstream,Downstream,Downstream,Downstream
2080205520,2510229,Downstream,Downstream,Downstream,Downstream,Downstream,Downstream,Downstream,Downstream
2080205720,2510229,Downstream,Upstream,Upstream,Upstream,Upstream,Upstream,Downstream,Downstream
2080205810,2510229,Downstream,Downstream,Downstream,Downstream,Downstream,Downstream,Downstream,Downstream
2080205860,2510229,Upstream,Upstream,Upstream,Upstream,Upstream,Upstream,Upstream,Upstream
2080205940,2510229,Downstream,Upstream,Upstream,Upstream,Upstream,Upstream,Downstream,Downstream
2080201460,2510290,Downstream,Downstream,Downstream,Downstream,Downstream,Downstream,Downstream,Downstream
2080199330,2510290,Downstream,Downstream,Downstream,Downstream,Downstream,Downstream,Downstream,Downstream
2080199280,2510290,Downstream,Downstream,Downstream,Downstream,Downstream,Downstream,Downstream,Downstream
2080204760,2510229,Upstream,Upstream,Upstream,Upstream,Upstream,Upstream,Upstream,Upstream
2080204710,2510229,Upstream,Upstream,Upstream,Upstream,Upstream,Upstream,Upstream,Upstream
2080196270,2510290,Downstream,Downstream,Downstream,Downstream,Downstream,Downstream,Downstream,Downstream
2080196280,2510290,Upstream,Upstream,Upstream,Upstream,Upstream,Upstream,Upstream,Upstream
2080196120,2510290,Upstream,Upstream,Upstream,Upstream,Upstream,Upstream,Upstream,Upstream
2080196060,2510290,Upstream,Upstream,Upstream,Upstream,Upstream,Upstream,Upstream,Upstream
2080195130,2510290,Upstream,Upstream,Upstream,Upstream,Upstream,Upstream,Upstream,Upstream
2080195010,2510290,Upstream,Upstream,Upstream,Upstream,Upstream,Upstream,Upstream,Upstream
2080033500,2510300,Downstream,Downstream,Downstream,Downstream,Downstream,Downstream,Downstream,Downstream
2080033530,2510300,Upstream,Upstream,Upstream,Upstream,Upstream,Upstream,Upstream,Upstream
2080033540,2510300,Downstream,Downstream,Downstream,Downstream,Downstream,Downstream,Downstream,Downstream
2080033570,2510300,Downstream,Downstream,Downstream,Downstream,Downstream,Downstream,Downstream,Downstream
2080033580,2510300,Downstream,Downstream,Downstream,Downstream,Downstream,Downstream,Downstream,Downstream
2080033610,2510300,Downstream,Downstream,Downstream,Downstream,Downstream,Downstream,Downstream,Downstream
2080033620,2510300,Downstream,Downstream,Downstream,Downstream,Downstream,Downstream,Downstream,Downstream
2080033650,2510300,Downstream,Downstream,Downstream,Downstream,Downstream,Downstream,Downstream,Downstream
2080033660,2510300,Downstream,Downstream,Downstream,Downstream,Downstream,Downstream,Downstream,Downstream
2080235170,2510404,Downstream,Downstream,Downstream,Downstream,Downstream,Downstream,Downstream,Downstream
2080231370,2510406,Downstream,Downstream,Downstream,Downstream,Downstream,Downstream,Downstream,Downstream
2080228060,2510406,Downstream,Downstream,Downstream,Downstream,Downstream,Downstream,Downstream,Downstream
2080228180,2510406,Downstream,Downstream,Downstream,Downstream,Downstream,Downstream,Downstream,Downstream
2080226230,2510406,Downstream,Downstream,Downstream,Upstream,Upstream,Upstream,Downstream,Downstream
2080226220,2510406,Downstream,Downstream,Downstream,Downstream,Downstream,Downstream,Downstream,Downstream
2080225710,2510404,Downstream,Downstream,Downstream,Downstream,Downstream,Downstream,Downstream,Downstream
2080225770,2510404,Downstream,Downstream,Downstream,Downstream,Downstream,Downstream,Downstream,Downstream
2080223430,2510404,Upstream,Upstream,Upstream,Upstream,Downstream,Downstream,Upstream,Upstream
2080223380,2510404,Downstream,Downstream,Downstream,Downstream,Downstream,Downstream,Downstream,Downstream
2080221840,2510406,Downstream,Downstream,Downstream,Upstream,Upstream,Upstream,Downstream,Downstream
2080221780,2510406,Upstream,Upstream,Upstream,Upstream,Upstream,Upstream,Upstream,Upstream
2080224460,2510404,Upstream,Upstream,Upstream,Upstream,Upstream,Upstream,Upstream,Upstream
2080224340,2510404,Upstream,Upstream,Upstream,Upstream,Downstream,Downstream,Upstream,Upstream
2080219620,2510406,Upstream,Upstream,Upstream,Upstream,Upstream,Upstream,Upstream,Upstream
2080219530,2510406,Upstream,Upstream,Upstream,Upstream,Upstream,Upstream,Upstream,Upstream
2080225650,2510404,Upstream,Upstream,Upstream,Upstream,Upstream,Upstream,Upstream,Upstream
2080225480,2510404,Upstream,Upstream,Upstream,Upstream,Upstream,Upstream,Upstream,Upstream
2080033680,2510500,Downstream,Downstream,Downstream,Downstream,Downstream,Downstream,Downstream,Downstream
2080033690,2510500,Downstream,Downstream,Downstream,Downstream,Downstream,Downstream,Downstream,Downstream
2080033700,2510500,Downstream,Downstream,Downstream,Downstream,Downstream,Downstream,Downstream,Downstream
2080033710,2510500,Downstream,Downstream,Downstream,Downstream,Downstream,Downstream,Downstream,Downstream
2080033720,2510500,Downstream,Downstream,Downstream,Downstream,Downstream,Downstream,Downstream,Downstream
2080033730,2510500,Upstream,Upstream,Upstream,Upstream,Upstream,Upstream,Upstream,Upstream
2080033740,2510500,Downstream,Downstream,Downstream,Downstream,Downstream,Downstream,Downstream,Downstream
2080033750,2510500,Downstream,Downstream,Downstream,Downstream,Downstream,Downstream,Downstream,Downstream
2080033760,2510500,Downstream,Downstream,Downstream,Downstream,Downstream,Downstream,Downstream,Downstream
2080244230,2510602,Downstream,Downstream,Downstream,Downstream,Downstream,Downstream,Downstream,Downstream
2080242820,2510602,Downstream,Downstream,Downstream,Downstream,Downstream,Downstream,Downstream,Downstream
2080242800,2510602,Downstream,Downstream,Downstream,Downstream,Downstream,Downstream,Downstream,Downstream
2080241440,2510602,Upstream,Upstream,Upstream,Upstream,Upstream,Upstream,Upstream,Upstream
2080241590,2510602,Downstream,Downstream,Downstream,Downstream,Downstream,Downstream,Downstream,Downstream
2080239750,2510602,Upstream,Upstream,Upstream,Upstream,Upstream,Upstream,Upstream,Upstream
2080239860,2510602,Upstream,Upstream,Upstream,Upstream,Upstream,Upstream,Upstream,Upstream
2080238120,2510602,Upstream,Upstream,Upstream,Upstream,Upstream,Upstream,Upstream,Upstream
2080238130,2510602,Upstream,Upstream,Upstream,Upstream,Upstream,Upstream,Upstream,Upstream
2080033850,2510720,Downstream,Downstream,Downstream,Downstream,Downstream,Downstream,Downstream,Downstream
2080257170,2510720,Downstream,Downstream,Downstream,Downstream,Downstream,Downstream,Downstream,Downstream
2080257080,2510720,Downstream,Downstream,Downstream,Downstream,Downstream,Downstream,Downstream,Downstream
2080251180,2510720,Upstream,Upstream,Upstream,Upstream,Upstream,Upstream,Upstream,Upstream
2080251170,2510720,Downstream,Downstream,Downstream,Downstream,Downstream,Downstream,Downstream,Downstream
2080249270,2510720,Upstream,Upstream,Upstream,Upstream,Upstream,Upstream,Upstream,Upstream
2080249210,2510720,Upstream,Upstream,Upstream,Upstream,Upstream,Upstream,Upstream,Upstream
2080246190,2510720,Upstream,Upstream,Upstream,Upstream,Upstream,Upstream,Upstream,Upstream
2080246140,2510720,Upstream,Upstream,Upstream,Upstream,Upstream,Upstream,Upstream,Upstream
2080033890,2510740,Downstream,Downstream,Downstream,Downstream,Downstream,Downstream,Downstream,Downstream
2080254710,2510740,Downstream,Downstream,Downstream,Downstream,Downstream,Downstream,Downstream,Downstream
2080254650,2510740,Upstream,Upstream,Upstream,Upstream,Upstream,Upstream,Upstream,Downstream
2080243470,2510740,Upstream,Upstream,Upstream,Upstream,Upstream,Upstream,Upstream,Upstream
2080243430,2510740,Upstream,Upstream,Upstream,Upstream,Upstream,Upstream,Upstream,Downstream
2080241490,2510740,Upstream,Upstream,Upstream,Upstream,Upstream,Upstream,Upstream,Upstream
2080241430,2510740,Upstream,Upstream,Upstream,Upstream,Upstream,Upstream,Upstream,Upstream
2080240240,2510740,Upstream,Upstream,Upstream,Upstream,Upstream,Upstream,Upstream,Upstream
2080240190,2510740,Upstream,Upstream,Upstream,Upstream,Upstream,Upstream,Upstream,Upstream
2080034040,2510757,Downstream,Downstream,Downstream,Downstream,Downstream,Downstream,Downstream,Downstream
2080034110,2510757,Downstream,Downstream,Downstream,Downstream,Downstream,Downstream,Downstream,Downstream
2080034120,2510757,Downstream,Downstream,Downstream,Downstream,Downstream,Downstream,Downstream,Downstream
2080034340,2510757,Downstream,Downstream,Downstream,Downstream,Downstream,Downstream,Downstream,Downstream
2080034350,2510757,Downstream,Downstream,Downstream,Downstream,Downstream,Downstream,Downstream,Downstream
2080034420,2510757,Downstream,Downstream,Downstream,Downstream,Downstream,Downstream,Downstream,Downstream
2080034430,2510757,Upstream,Upstream,Upstream,Upstream,Upstream,Upstream,Upstream,Upstream
2080034690,2510757,Downstream,Downstream,Downstream,Downstream,Downstream,Downstream,Downstream,Downstream
2080034700,2510757,Downstream,Downstream,Downstream,Downstream,Downstream,Downstream,Downstream,Downstream
2080034940,2510759,Downstream,Downstream,Downstream,Downstream,Downstream,Downstream,Downstream,Downstream
2080035190,2510759,Downstream,Downstream,Downstream,Downstream,Downstream,Downstream,Downstream,Downstream
2080035200,2510759,Downstream,Downstream,Downstream,Downstream,Downstream,Downstream,Downstream,Downstream
2080035470,2510759,Downstream,Downstream,Downstream,Downstream,Downstream,Downstream,Downstream,Downstream
2080035480,2510759,Upstream,Upstream,Upstream,Upstream,Upstream,Upstream,Upstream,Upstream
2080035930,2510759,Downstream,Downstream,Downstream,Downstream,Downstream,Downstream,Downstream,Downstream
2080035940,2510759,Downstream,Downstream,Downstream,Downstream,Downstream,Downstream,Downstream,Downstream
2080036110,2510759,Downstream,Downstream,Downstream,Downstream,Downstream,Downstream,Downstream,Downstream
2080036120,2510759,Downstream,Downstream,Downstream,Downstream,Downstream,Downstream,Downstream,Downstream
2080036280,2510760,Downstream,Downstream,Downstream,Downstream,Downstream,Downstream,Downstream,Downstream
2080184350,2510760,Downstream,Downstream,Downstream,Downstream,Downstream,Downstream,Downstream,Downstream
2080184340,2510760,Downstream,Downstream,Downstream,Downstream,Downstream,Downstream,Downstream,Downstream
2080186100,2510760,Downstream,Downstream,Downstream,Downstream,Downstream,Downstream,Downstream,Downstream
2080186180,2510760,Downstream,Downstream,Downstream,Downstream,Downstream,Downstream,Downstream,Downstream
2080189810,2510760,Upstream,Upstream,Upstream,Upstream,Upstream,Upstream,Upstream,Downstream
2080189800,2510760,Downstream,Downstream,Downstream,Downstream,Downstream,Downstream,Downstream,Downstream
2080192170,2510760,Upstream,Upstream,Upstream,Upstream,Upstream,Upstream,Upstream,Upstream
2080192180,2510760,Upstream,Upstream,Upstream,Upstream,Upstream,Upstream,Upstream,Downstream
2080036340,2510780,Downstream,Downstream,Downstream,Downstream,Downstream,Downstream,Downstream,Downstream
2080185600,2510780,Downstream,Downstream,Downstream,Downstream,Downstream,Downstream,Downstream,Downstream
2080185610,2510780,Downstream,Downstream,Downstream,Downstream,Downstream,Downstream,Downstream,Downstream
2080187910,2510780,Downstream,Downstream,Downstream,Downstream,Downstream,Downstream,Downstream,Downstream
2080187920,2510780,Upstream,Upstream,Upstream,Upstream,Upstream,Upstream,Upstream,Downstream
2080188750,2510780,Upstream,Upstream,Upstream,Upstream,Upstream,Upstream,Upstream,Upstream
2080188800,2510780,Upstream,Upstream,Upstream,Upstream,Upstream,Upstream,Upstream,Downstream
2080190400,2510780,Upstream,Upstream,Upstream,Upstream,Upstream,Upstream,Upstream,Upstream
2080190410,2510780,Upstream,Upstream,Upstream,Upstream,Upstream,Upstream,Upstream,Upstream
2080036490,2510799,Upstream,Upstream,Upstream,Upstream,Upstream,Upstream,Upstream,Upstream
2080036580,2510799,Downstream,Downstream,Downstream,Downstream,Downstream,Downstream,Downstream,Downstream
2080036590,2510799,Downstream,Downstream,Downstream,Downstream,Downstream,Downstream,Downstream,Downstream
2080036600,2510799,Downstream,Downstream,Downstream,Downstream,Downstream,Downstream,Downstream,Downstream
2080036610,2510799,Downstream,Downstream,Downstream,Downstream,Downstream,Downstream,Downstream,Downstream
2080036670,2510799,Downstream,Downstream,Downstream,Downstream,Downstream,Downstream,Downstream,Downstream
2080036680,2510799,Downstream,Downstream,Downstream,Downstream,Downstream,Downstream,Downstream,Downstream
2080036690,2510799,Downstream,Downstream,Downstream,Downstream,Downstream,Downstream,Downstream,Downstream
2080036700,2510799,Downstream,Downstream,Downstream,Downstream,Downstream,Downstream,Downstream,Downstream
2080036710,2510800,Downstream,Downstream,Downstream,Downstream,Downstream,Downstream,Downstream,Downstream
2080168030,2510800,Downstream,Downstream,Downstream,Downstream,Downstream,Downstream,Downstream,Downstream
2080168060,2510800,Downstream,Downstream,Downstream,Downstream,Downstream,Downstream,Downstream,Downstream
2080167570,2510800,Downstream,Upstream,Upstream,Upstream,Upstream,Upstream,Downstream,Downstream
2080167530,2510800,Downstream,Downstream,Downstream,Downstream,Downstream,Downstream,Downstream,Downstream
2080167900,2510800,Downstream,Upstream,Upstream,Upstream,Upstream,Upstream,Downstream,Downstream
2080167850,2510800,Upstream,Upstream,Upstream,Upstream,Upstream,Upstream,Upstream,Upstream
2080164560,2510800,Upstream,Upstream,Upstream,Upstream,Upstream,Upstream,Upstream,Upstream
2080164520,2510800,Upstream,Upstream,Upstream,Upstream,Upstream,Upstream,Upstream,Upstream
2080036930,2510920,Downstream,Downstream,Downstream,Downstream,Downstream,Downstream,Downstream,Downstream
2080152060,2510920,Downstream,Downstream,Downstream,Downstream,Downstream,Downstream,Downstream,Downstream
2080152070,2510920,Downstream,Downstream,Downstream,Downstream,Downstream,Downstream,Downstream,Downstream
2080154260,2510920,Downstream,Downstream,Downstream,Downstream,Downstream,Downstream,Downstream,Downstream
2080154270,2510920,Upstream,Upstream,Upstream,Upstream,Upstream,Upstream,Upstream,Upstream
2080153740,2510920,Upstream,Upstream,Upstream,Upstream,Upstream,Upstream,Upstream,Upstream
2080153810,2510920,Upstream,Upstream,Upstream,Upstream,Upstream,Upstream,Upstream,Upstream
2080153750,2510920,Upstream,Upstream,Upstream,Upstream,Upstream,Upstream,Upstream,Upstream
2080153820,2510920,Upstream,Upstream,Upstream,Upstream,Upstream,Upstream,Upstream,Upstream
2080037080,2510970,Upstream,Upstream,Upstream,Upstream,Upstream,Upstream,Upstream,Upstream
2080037120,2510970,Downstream,Downstream,Downstream,Downstream,Downstream,Downstream,Downstream,Downstream
2080037130,2510970,Downstream,Downstream,Downstream,Downstream,Downstream,Downstream,Downstream,Downstream
2080037170,2510970,Downstream,Downstream,Downstream,Downstream,Downstream,Downstream,Downstream,Downstream
2080037180,2510970,Downstream,Downstream,Downstream,Downstream,Downstream,Downstream,Downstream,Downstream
2080037190,2510970,Downstream,Downstream,Downstream,Downstream,Downstream,Downstream,Downstream,Downstream
2080037200,2510970,Downstream,Downstream,Downstream,Downstream,Downstream,Downstream,Downstream,Downstream
2080037210,2510970,Downstream,Downstream,Downstream,Downstream,Downstream,Downstream,Downstream,Downstream
2080037220,2510970,Downstream,Downstream,Downstream,Downstream,Downstream,Downstream,Downstream,Downstream
2080037540,2510997,Downstream,Downstream,Downstream,Downstream,Downstream,Downstream,Downstream,Downstream
2080037550,2510997,Downstream,Downstream,Downstream,Downstream,Downstream,Downstream,Downstream,Downstream
2080037560,2510997,Downstream,Downstream,Downstream,Downstream,Downstream,Downstream,Downstream,Downstream
2080037570,2510997,Downstream,Downstream,Downstream,Downstream,Downstream,Downstream,Downstream,Downstream
2080037580,2510997,Downstream,Downstream,Downstream,Downstream,Downstream,Downstream,Downstream,Downstream
2080037610,2510997,Downstream,Downstream,Downstream,Downstream,Downstream,Downstream,Downstream,Downstream
2080037620,2510997,Upstream,Upstream,Upstream,Upstream,Upstream,Upstream,Upstream,Upstream
2080037760,2510997,Downstream,Downstream,Downstream,Downstream,Downstream,Downstream,Downstream,Downstream
2080037770,2510997,Downstream,Downstream,Downstream,Downstream,Downstream,Downstream,Downstream,Downstream
2080037820,2510999,Downstream,Downstream,Downstream,Downstream,Downstream,Downstream,Downstream,Downstream
2080037850,2510999,Downstream,Downstream,Downstream,Downstream,Downstream,Downstream,Downstream,Downstream
2080037860,2510999,Downstream,Downstream,Downstream,Downstream,Downstream,Downstream,Downstream,Downstream
2080037870,2510999,Downstream,Downstream,Downstream,Downstream,Downstream,Downstream,Downstream,Downstream
2080037880,2510999,Downstream,Downstream,Downstream,Downstream,Downstream,Downstream,Downstream,Downstream
2080037910,2510999,Downstream,Downstream,Downstream,Downstream,Downstream,Downstream,Downstream,Downstream
2080037920,2510999,Upstream,Upstream,Upstream,Upstream,Upstream,Upstream,Upstream,Upstream
2080037980,2510999,Downstream,Downstream,Downstream,Downstream,Downstream,Downstream,Downstream,Downstream
2080038000,2521020,Downstream,Downstream,Downstream,Downstream,Downstream,Downstream,Downstream,Downstream
2080118230,2521020,Downstream,Downstream,Downstream,Downstream,Downstream,Downstream,Downstream,Downstream
2080118240,2521020,Downstream,Downstream,Downstream,Downstream,Downstream,Downstream,Downstream,Downstream
2080118700,2521020,Upstream,Upstream,Upstream,Upstream,Upstream,Upstream,Upstream,Upstream
2080118720,2521020,Downstream,Downstream,Downstream,Downstream,Downstream,Downstream,Downstream,Downstream
2080118710,2521020,Upstream,Upstream,Upstream,Upstream,Upstream,Upstream,Upstream,Upstream
2080118680,2521020,Upstream,Upstream,Upstream,Upstream,Upstream,Upstream,Upstream,Upstream
2080119670,2521020,Upstream,Upstream,Upstream,Upstream,Upstream,Upstream,Upstream,Upstream
2080119700,2521020,Upstream,Upstream,Upstream,Upstream,Upstream,Upstream,Upstream,Upstream
2080038530,2521051,Downstream,Downstream,Downstream,Downstream,Downstream,Downstream,Downstream,Downstream
2080038540,2521051,Downstream,Downstream,Downstream,Downstream,Downstream,Downstream,Downstream,Downstream
2080038550,2521051,Downstream,Downstream,Downstream,Downstream,Downstream,Downstream,Downstream,Downstream
2080038560,2521051,Downstream,Downstream,Downstream,Downstream,Downstream,Downstream,Downstream,Downstream
2080038570,2521051,Downstream,Downstream,Downstream,Downstream,Downstream,Downstream,Downstream,Downstream
2080038580,2521051,Downstream,Downstream,Downstream,Downstream,Downstream,Downstream,Downstream,Downstream
2080038590,2521051,Upstream,Upstream,Upstream,Upstream,Upstream,Upstream,Upstream,Upstream
2080038650,2521051,Downstream,Downstream,Downstream,Downstream,Downstream,Downstream,Downstream,Downstream
2080038660,2521051,Downstream,Downstream,Downstream,Downstream,Downstream,Downstream,Downstream,Downstream
2080117020,2521064,Downstream,Downstream,Downstream,Downstream,Downstream,Downstream,Downstream,Downstream
2080117150,2521064,Downstream,Downstream,Downstream,Downstream,Downstream,Downstream,Downstream,Downstream
2080117180,2521064,Downstream,Downstream,Downstream,Downstream,Downstream,Downstream,Downstream,Downstream
2080117210,2521064,Upstream,Upstream,Upstream,Upstream,Upstream,Upstream,Upstream,Upstream
2080117240,2521064,Downstream,Downstream,Downstream,Downstream,Downstream,Downstream,Downstream,Downstream
2080118040,2521064,Downstream,Downstream,Downstream,Downstream,Downstream,Downstream,Downstream,Downstream
2080118070,2521064,Downstream,Downstream,Downstream,Downstream,Downstream,Downstream,Downstream,Downstream
2080118400,2521064,Downstream,Downstream,Downstream,Downstream,Downstream,Downstream,Downstream,Downstream
2080118390,2521064,Downstream,Downstream,Downstream,Downstream,Downstream,Downstream,Downstream,Downstream
2080039030,2521070,Downstream,Downstream,Downstream,Downstream,Downstream,Downstream,Downstream,Downstream
2080039100,2521070,Downstream,Downstream,Downstream,Downstream,Downstream,Downstream,Downstream,Downstream
2080039110,2521070,Downstream,Downstream,Downstream,Downstream,Downstream,Downstream,Downstream,Downstream
2080039140,2521070,Downstream,Downstream,Downstream,Downstream,Downstream,Downstream,Downstream,Downstream
2080039150,2521070,Downstream,Downstream,Downstream,Downstream,Downstream,Downstream,Downstream,Downstream
2080039180,2521070,Downstream,Downstream,Downstream,Downstream,Downstream,Downstream,Downstream,Downstream
2080039190,2521070,Downstream,Downstream,Downstream,Downstream,Downstream,Downstream,Downstream,Downstream
2080039240,2521070,Downstream,Downstream,Downstream,Downstream,Downstream,Downstream,Downstream,Downstream
2080039250,2521070,Upstream,Upstream,Upstream,Upstream,Upstream,Upstream,Upstream,Upstream
2080039350,2521080,Downstream,Downstream,Downstream,Downstream,Downstream,Downstream,Downstream,Downstream
2080116470,2521080,Downstream,Downstream,Downstream,Downstream,Downstream,Downstream,Downstream,Downstream
2080116480,2521080,Downstream,Downstream,Downstream,Downstream,Downstream,Downstream,Downstream,Downstream
2080116570,2521080,Upstream,Upstream,Upstream,Upstream,Upstream,Upstream,Upstream,Upstream
2080116580,2521080,Downstream,Downstream,Downstream,Downstream,Downstream,Downstream,Downstream,Downstream
2080116710,2521080,Upstream,Upstream,Upstream,Upstream,Upstream,Upstream,Upstream,Upstream
2080116740,2521080,Upstream,Upstream,Upstream,Upstream,Upstream,Upstream,Upstream,Upstream
2080116990,2521080,Upstream,Upstream,Upstream,Upstream,Upstream,Upstream,Upstream,Upstream
2080117000,2521080,Upstream,Upstream,Upstream,Upstream,Upstream,Upstream,Upstream,Upstream
2080116950,2522003,Downstream,Downstream,Downstream,Downstream,Downstream,Downstream,Downstream,Downstream
2080117350,2522003,Downstream,Downstream,Downstream,Downstream,Downstream,Downstream,Downstream,Downstream
2080117360,2522003,Downstream,Downstream,Downstream,Downstream,Downstream,Downstream,Upstream,Downstream
2080117620,2522003,Upstream,Upstream,Upstream,Upstream,Upstream,Upstream,Upstream,Upstream
2080117610,2522003,Downstream,Downstream,Downstream,Downstream,Downstream,Downstream,Upstream,Downstream
2080118300,2522003,Upstream,Upstream,Upstream,Upstream,Upstream,Upstream,Upstream,Upstream
2080118290,2522003,Upstream,Upstream,Upstream,Upstream,Upstream,Upstream,Upstream,Upstream
2080118540,2522003,Upstream,Upstream,Upstream,Upstream,Upstream,Upstream,Upstream,Upstream
2080118570,2522003,Upstream,Upstream,Upstream,Upstream,Upstream,Upstream,Upstream,Upstream
2080119460,2522007,Downstream,Downstream,Downstream,Downstream,Downstream,Downstream,Downstream,Downstream
2080119440,2522006,Downstream,Downstream,Downstream,Downstream,Downstream,Downstream,Downstream,Downstream
2080118790,2522006,Downstream,Downstream,Downstream,Downstream,Downstream,Downstream,Downstream,Downstream
2080118780,2522006,Downstream,Downstream,Downstream,Downstream,Downstream,Downstream,Downstream,Downstream
2080118470,2522006,Upstream,Upstream,Upstream,Upstream,Upstream,Upstream,Upstream,Upstream
2080118420,2522006,Downstream,Downstream,Downstream,Downstream,Downstream,Downstream,Downstream,Downstream
2080120030,2522007,Downstream,Downstream,Downstream,Downstream,Downstream,Downstream,Downstream,Downstream
2080120040,2522007,Downstream,Downstream,Downstream,Downstream,Downstream,Downstream,Downstream,Downstream
2080118270,2522006,Upstream,Upstream,Upstream,Upstream,Upstream,Upstream,Upstream,Upstream
2080118280,2522006,Upstream,Upstream,Upstream,Upstream,Upstream,Upstream,Upstream,Upstream
2080121460,2522007,Upstream,Upstream,Upstream,Upstream,Upstream,Upstream,Upstream,Upstream
2080121470,2522007,Downstream,Downstream,Downstream,Downstream,Downstream,Downstream,Downstream,Downstream
2080121680,2522007,Upstream,Upstream,Upstream,Upstream,Upstream,Upstream,Upstream,Upstream
2080121710,2522007,Upstream,Upstream,Upstream,Upstream,Upstream,Upstream,Upstream,Upstream
2080119040,2522006,Upstream,Upstream,Upstream,Upstream,Upstream,Upstream,Upstream,Upstream
2080119070,2522006,Upstream,Upstream,Upstream,Upstream,Upstream,Upstream,Upstream,Upstream
2080122640,2522007,Upstream,Upstream,Upstream,Upstream,Upstream,Upstream,Upstream,Upstream
2080122690,2522007,Upstream,Upstream,Upstream,Upstream,Upstream,Upstream,Upstream,Upstream
2080121080,2524006,Downstream,Downstream,Downstream,Downstream,Downstream,Downstream,Downstream,Downstream
2080123510,2524006,Downstream,Downstream,Downstream,Downstream,Downstream,Downstream,Downstream,Downstream
2080123500,2524006,Downstream,Downstream,Downstream,Downstream,Downstream,Downstream,Downstream,Downstream
2080124000,2524006,Downstream,Downstream,Downstream,Downstream,Downstream,Downstream,Downstream,Downstream
2080123990,2524006,Upstream,Upstream,Upstream,Upstream,Upstream,Upstream,Upstream,Upstream
2080124920,2524006,Upstream,Upstream,Upstream,Upstream,Upstream,Upstream,Upstream,Upstream
2080125000,2524006,Upstream,Upstream,Upstream,Upstream,Upstream,Upstream,Upstream,Upstream
2080124680,2524006,Upstream,Upstream,Upstream,Upstream,Upstream,Upstream,Upstream,Upstream
2080124640,2524006,Upstream,Upstream,Upstream,Upstream,Upstream,Upstream,Upstream,Upstream
2080040610,2525506,Downstream,Downstream,Downstream,Downstream,Downstream,Downstream,Downstream,Downstream
2080139590,2525506,Downstream,Downstream,Downstream,Downstream,Downstream,Downstream,Downstream,Downstream
2080139600,2525506,Downstream,Downstream,Downstream,Downstream,Downstream,Downstream,Downstream,Downstream
2080137250,2525506,Upstream,Upstream,Upstream,Upstream,Upstream,Upstream,Upstream,Upstream
2080137240,2525506,Downstream,Downstream,Downstream,Downstream,Downstream,Downstream,Downstream,Downstream
2080130200,2525506,Upstream,Upstream,Upstream,Upstream,Upstream,Upstream,Upstream,Upstream
2080130210,2525506,Upstream,Upstream,Upstream,Upstream,Upstream,Upstream,Upstream,Upstream
2080128740,2525506,Upstream,Upstream,Upstream,Upstream,Upstream,Upstream,Upstream,Upstream
2080128730,2525506,Upstream,Upstream,Upstream,Upstream,Upstream,Upstream,Upstream,Upstream
2080129920,2525604,Downstream,Downstream,Downstream,Downstream,Downstream,Downstream,Downstream,Downstream
2080128930,2525604,Downstream,Downstream,Downstream,Downstream,Downstream,Downstream,Downstream,Downstream
2080128880,2525604,Downstream,Downstream,Downstream,Downstream,Downstream,Downstream,Downstream,Downstream
2080129350,2525604,Upstream,Upstream,Upstream,Upstream,Upstream,Upstream,Upstream,Upstream
2080129310,2525604,Downstream,Downstream,Downstream,Downstream,Downstream,Downstream,Downstream,Downstream
2080129450,2525604,Upstream,Upstream,Upstream,Upstream,Upstream,Upstream,Upstream,Upstream
2080129440,2525604,Upstream,Upstream,Upstream,Upstream,Upstream,Upstream,Upstream,Upstream
2080131210,2525604,Upstream,Upstream,Upstream,Upstream,Upstream,Upstream,Upstream,Upstream
2080131360,2525604,Upstream,Upstream,Upstream,Upstream,Upstream,Upstream,Upstream,Upstream
2080164120,2526045,Downstream,Downstream,Downstream,Downstream,Downstream,Downstream,Downstream,Downstream
2080163950,2526045,Downstream,Downstream,Downstream,Downstream,Downstream,Downstream,Downstream,Downstream
2080163890,2526045,Downstream,Downstream,Downstream,Downstream,Downstream,Downstream,Upstream,Downstream
2080161850,2526045,Downstream,Downstream,Downstream,Downstream,Downstream,Downstream,Upstream,Downstream
2080161770,2526045,Upstream,Upstream,Upstream,Upstream,Upstream,Upstream,Upstream,Upstream
2080159450,2526045,Upstream,Upstream,Upstream,Upstream,Upstream,Upstream,Upstream,Upstream
2080159380,2526045,Upstream,Upstream,Upstream,Upstream,Upstream,Upstream,Upstream,Upstream
2080159510,2526045,Upstream,Upstream,Upstream,Upstream,Upstream,Upstream,Upstream,Upstream
2080159560,2526045,Upstream,Upstream,Upstream,Upstream,Upstream,Upstream,Upstream,Upstream
2080145620,2526090,Downstream,Downstream,Downstream,Downstream,Downstream,Downstream,Downstream,Downstream
2080145700,2526090,Downstream,Downstream,Downstream,Downstream,Downstream,Downstream,Downstream,Downstream
2080145610,2526090,Downstream,Downstream,Downstream,Downstream,Downstream,Downstream,Downstream,Downstream
2080145310,2526090,Downstream,Downstream,Downstream,Downstream,Downstream,Downstream,Downstream,Downstream
2080145250,2526090,Upstream,Upstream,Upstream,Upstream,Upstream,Upstream,Downstream,Downstream
2080143490,2526090,Upstream,Upstream,Upstream,Upstream,Upstream,Upstream,Upstream,Upstream
2080143420,2526090,Upstream,Upstream,Upstream,Upstream,Upstream,Upstream,Downstream,Downstream
2080147660,2526090,Upstream,Upstream,Upstream,Upstream,Upstream,Upstream,Upstream,Upstream
2080147650,2526090,Upstream,Upstream,Upstream,Upstream,Upstream,Upstream,Upstream,Upstream
2080041420,2612010,Downstream,Downstream,Downstream,Downstream,Downstream,Downstream,Downstream,Downstream
2080176920,2612010,Downstream,Downstream,Downstream,Downstream,Downstream,Downstream,Downstream,Downstream
2080177010,2612010,Downstream,Downstream,Downstream,Downstream,Downstream,Downstream,Downstream,Downstream
2080177290,2612010,Downstream,Downstream,Downstream,Downstream,Downstream,Downstream,Downstream,Downstream
2080177350,2612010,Upstream,Upstream,Upstream,Upstream,Upstream,Upstream,Upstream,Downstream
2080179850,2612010,Upstream,Upstream,Upstream,Upstream,Upstream,Upstream,Upstream,Upstream
2080179910,2612010,Upstream,Upstream,Upstream,Upstream,Upstream,Upstream,Upstream,Downstream
2080183690,2612010,Upstream,Upstream,Upstream,Upstream,Upstream,Upstream,Upstream,Downstream
2080183630,2612010,Upstream,Upstream,Upstream,Upstream,Upstream,Upstream,Upstream,Downstream
2080224250,2612098,Downstream,Downstream,Downstream,Downstream,Downstream,Downstream,Downstream,Downstream
2080226100,2612098,Downstream,Downstream,Downstream,Downstream,Downstream,Downstream,Downstream,Downstream
2080226180,2612098,Downstream,Downstream,Downstream,Downstream,Downstream,Downstream,Downstream,Downstream
2080226280,2612098,Downstream,Downstream,Downstream,Downstream,Downstream,Downstream,Upstream,Upstream
2080226190,2612098,Downstream,Downstream,Downstream,Downstream,Downstream,Downstream,Downstream,Downstream
2080226370,2612098,Downstream,Downstream,Downstream,Downstream,Downstream,Downstream,Upstream,Upstream
2080226420,2612098,Upstream,Upstream,Upstream,Upstream,Upstream,Upstream,Upstream,Upstream
2080226480,2612098,Upstream,Upstream,Upstream,Upstream,Upstream,Upstream,Upstream,Upstream
2080226630,2612098,Upstream,Upstream,Upstream,Upstream,Upstream,Upstream,Upstream,Upstream
2080188990,2614804,Downstream,Downstream,Downstream,Downstream,Downstream,Downstream,Downstream,Downstream
2080190340,2614804,Downstream,Downstream,Downstream,Downstream,Downstream,Downstream,Downstream,Downstream
2080190360,2614804,Downstream,Downstream,Downstream,Downstream,Downstream,Downstream,Downstream,Downstream
2080188150,2614804,Downstream,Downstream,Downstream,Downstream,Downstream,Downstream,Downstream,Downstream
2080188200,2614804,Upstream,Upstream,Upstream,Upstream,Upstream,Upstream,Upstream,Upstream
2080188610,2614804,Upstream,Upstream,Upstream,Upstream,Upstream,Upstream,Upstream,Upstream
2080188710,2614804,Upstream,Upstream,Upstream,Upstream,Upstream,Upstream,Upstream,Upstream
2080244260,2614660,Downstream,Downstream,Downstream,Downstream,Downstream,Downstream,Downstream,Downstream
2080244250,2614660,Downstream,Downstream,Downstream,Downstream,Downstream,Downstream,Downstream,Downstream
2080244170,2614660,Downstream,Downstream,Downstream,Downstream,Downstream,Downstream,Downstream,Downstream
2080192510,2614804,Upstream,Upstream,Upstream,Upstream,Upstream,Upstream,Upstream,Upstream
2080192460,2614804,Upstream,Upstream,Upstream,Upstream,Upstream,Upstream,Upstream,Upstream
2080244910,2614660,Downstream,Downstream,Downstream,Downstream,Downstream,Downstream,Upstream,Upstream
2080245000,2614660,Downstream,Downstream,Downstream,Downstream,Downstream,Downstream,Downstream,Downstream
2080243050,2614660,Upstream,Upstream,Upstream,Upstream,Upstream,Upstream,Upstream,Upstream
2080243150,2614660,Downstream,Downstream,Downstream,Downstream,Downstream,Downstream,Upstream,Upstream
2080041870,2615030,Downstream,Downstream,Downstream,Downstream,Downstream,Downstream,Downstream,Downstream
2080041880,2615030,Downstream,Downstream,Downstream,Downstream,Downstream,Downstream,Downstream,Downstream
2080041890,2615030,Downstream,Downstream,Downstream,Downstream,Downstream,Downstream,Downstream,Downstream
2080041920,2615030,Downstream,Downstream,Downstream,Downstream,Downstream,Downstream,Downstream,Downstream
2080041930,2615030,Downstream,Downstream,Downstream,Downstream,Downstream,Downstream,Downstream,Downstream
2080041980,2615030,Upstream,Upstream,Upstream,Upstream,Upstream,Upstream,Upstream,Upstream
2080041990,2615030,Downstream,Downstream,Downstream,Downstream,Downstream,Downstream,Downstream,Downstream
2080042040,2615030,Downstream,Downstream,Downstream,Downstream,Downstream,Downstream,Downstream,Downstream
2080042050,2615030,Downstream,Downstream,Downstream,Downstream,Downstream,Downstream,Downstream,Downstream
2080170180,2616043,Downstream,Downstream,Downstream,Downstream,Downstream,Downstream,Downstream,Downstream
2080171440,2616043,Downstream,Downstream,Downstream,Downstream,Downstream,Downstream,Downstream,Downstream
2080171550,2616043,Downstream,Downstream,Downstream,Downstream,Downstream,Downstream,Downstream,Downstream
2080173940,2616043,Upstream,Upstream,Upstream,Upstream,Upstream,Upstream,Upstream,Downstream
2080173930,2616043,Downstream,Downstream,Downstream,Downstream,Downstream,Downstream,Downstream,Downstream
2080174250,2616043,Upstream,Upstream,Upstream,Upstream,Upstream,Upstream,Upstream,Downstream
2080174310,2616043,Upstream,Upstream,Upstream,Upstream,Upstream,Upstream,Upstream,Upstream
2080174910,2616043,Upstream,Upstream,Upstream,Upstream,Upstream,Upstream,Upstream,Upstream
2080174980,2616043,Upstream,Upstream,Upstream,Upstream,Upstream,Upstream,Upstream,Upstream
2080171100,2618605,Downstream,Downstream,Downstream,Downstream,Downstream,Downstream,Downstream,Downstream
2080172470,2618605,Downstream,Downstream,Downstream,Downstream,Downstream,Downstream,Downstream,Downstream
2080172460,2618605,Downstream,Downstream,Downstream,Downstream,Downstream,Downstream,Downstream,Downstream
2080177370,2618605,Downstream,Downstream,Downstream,Downstream,Downstream,Downstream,Downstream,Downstream
2080177400,2618605,Upstream,Upstream,Upstream,Upstream,Upstream,Upstream,Upstream,Downstream
2080178120,2618605,Upstream,Upstream,Upstream,Upstream,Upstream,Upstream,Upstream,Downstream
2080178170,2618605,Upstream,Upstream,Upstream,Upstream,Upstream,Upstream,Upstream,Upstream
2080180040,2618605,Upstream,Upstream,Upstream,Upstream,Upstream,Upstream,Upstream,Upstream
2080180030,2618605,Upstream,Upstream,Upstream,Upstream,Upstream,Upstream,Upstream,Upstream
2080052380,2330240,Downstream,Downstream,Downstream,Downstream,Downstream,Downstream,Downstream,Downstream
2080270280,2330240,Downstream,Downstream,Downstream,Downstream,Downstream,Downstream,Downstream,Downstream
2080270370,2330240,Downstream,Downstream,Downstream,Downstream,Downstream,Downstream,Downstream,Downstream
2080271580,2330240,Upstream,Upstream,Upstream,Upstream,Upstream,Upstream,Downstream,Downstream
2080271590,2330240,Downstream,Downstream,Downstream,Downstream,Downstream,Downstream,Downstream,Downstream
2080273340,2330240,Upstream,Upstream,Upstream,Upstream,Upstream,Upstream,Upstream,Upstream
2080273150,2330240,Upstream,Upstream,Upstream,Upstream,Upstream,Upstream,Downstream,Downstream
2080275460,2330240,Upstream,Upstream,Upstream,Upstream,Upstream,Upstream,Upstream,Upstream
2080275520,2330240,Upstream,Upstream,Upstream,Upstream,Upstream,Upstream,Upstream,Upstream
2080056250,2410003,Downstream,Downstream,Downstream,Downstream,Downstream,Downstream,Downstream,Downstream
2080056260,2410003,Downstream,Downstream,Downstream,Downstream,Downstream,Downstream,Downstream,Downstream
2080056270,2410003,Downstream,Downstream,Downstream,Downstream,Downstream,Downstream,Downstream,Downstream
2080056300,2410003,Downstream,Downstream,Downstream,Downstream,Downstream,Downstream,Downstream,Downstream
2080056310,2410003,Downstream,Downstream,Downstream,Downstream,Downstream,Downstream,Downstream,Downstream
2080056320,2410003,Downstream,Downstream,Downstream,Downstream,Downstream,Downstream,Downstream,Downstream
2080056330,2410003,Upstream,Upstream,Upstream,Upstream,Upstream,Upstream,Upstream,Upstream
2080056580,2410003,Downstream,Downstream,Downstream,Downstream,Downstream,Downstream,Downstream,Downstream
2080056590,2410003,Downstream,Downstream,Downstream,Downstream,Downstream,Downstream,Downstream,Downstream
2080056990,2429000,Upstream,Upstream,Upstream,Upstream,Upstream,Upstream,Upstream,Upstream
2080057120,2429000,Downstream,Downstream,Downstream,Downstream,Downstream,Downstream,Downstream,Downstream
2080057300,2710200,Downstream,Downstream,Downstream,Downstream,Downstream,Downstream,Downstream,Downstream
2080166170,2710200,Downstream,Downstream,Downstream,Downstream,Downstream,Downstream,Downstream,Downstream
2080166090,2710200,Downstream,Downstream,Downstream,Downstream,Downstream,Downstream,Downstream,Downstream
2080166050,2710200,Downstream,Downstream,Downstream,Downstream,Downstream,Downstream,Downstream,Downstream
2080166060,2710200,Downstream,Downstream,Downstream,Upstream,Upstream,Upstream,Downstream,Downstream
2080165790,2710200,Upstream,Upstream,Upstream,Upstream,Upstream,Upstream,Upstream,Upstream
2080165640,2710200,Downstream,Downstream,Downstream,Upstream,Upstream,Upstream,Downstream,Downstream
2080164840,2710200,Upstream,Upstream,Upstream,Upstream,Upstream,Upstream,Upstream,Upstream
2080164740,2710200,Upstream,Upstream,Upstream,Upstream,Upstream,Upstream,Upstream,Upstream
2080057990,2710340,Downstream,Downstream,Downstream,Downstream,Downstream,Downstream,Downstream,Downstream
2080154560,2710340,Downstream,Downstream,Downstream,Downstream,Downstream,Downstream,Downstream,Downstream
2080154570,2710340,Upstream,Upstream,Downstream,Downstream,Downstream,Downstream,Upstream,Downstream
2080156150,2710340,Upstream,Upstream,Downstream,Downstream,Downstream,Downstream,Upstream,Downstream
2080156190,2710340,Upstream,Upstream,Upstream,Upstream,Upstream,Upstream,Upstream,Upstream
2080156440,2710340,Upstream,Upstream,Upstream,Upstream,Upstream,Upstream,Upstream,Upstream
2080156550,2710340,Upstream,Upstream,Upstream,Upstream,Upstream,Upstream,Upstream,Upstream
2080159980,2710340,Upstream,Upstream,Upstream,Upstream,Upstream,Upstream,Upstream,Upstream
2080160040,2710340,Upstream,Upstream,Upstream,Upstream,Upstream,Upstream,Upstream,Upstream
2080058000,2710350,Downstream,Downstream,Downstream,Downstream,Downstream,Downstream,Downstream,Downstream
2080058010,2710350,Downstream,Downstream,Downstream,Downstream,Downstream,Downstream,Downstream,Downstream
2080058020,2710350,Upstream,Upstream,Upstream,Upstream,Upstream,Upstream,Upstream,Upstream
2080058130,2710350,Downstream,Downstream,Downstream,Downstream,Downstream,Downstream,Downstream,Downstream
2080058140,2710350,Downstream,Downstream,Downstream,Downstream,Downstream,Downstream,Downstream,Downstream
2080058150,2710350,Downstream,Downstream,Downstream,Downstream,Downstream,Downstream,Downstream,Downstream
2080058160,2710350,Downstream,Downstream,Downstream,Downstream,Downstream,Downstream,Downstream,Downstream
2080058170,2710350,Downstream,Downstream,Downstream,Downstream,Downstream,Downstream,Downstream,Downstream
2080058180,2710350,Downstream,Downstream,Downstream,Downstream,Downstream,Downstream,Downstream,Downstream
2080058240,2710360,Downstream,Downstream,Downstream,Downstream,Downstream,Downstream,Downstream,Downstream
2080151980,2710360,Downstream,Downstream,Downstream,Downstream,Downstream,Downstream,Downstream,Downstream
2080152050,2710360,Downstream,Downstream,Downstream,Downstream,Downstream,Downstream,Downstream,Downstream
2080156290,2710360,Downstream,Downstream,Downstream,Downstream,Downstream,Downstream,Downstream,Downstream
2080156300,2710360,Upstream,Upstream,Upstream,Upstream,Upstream,Downstream,Upstream,Upstream
2080160150,2710360,Upstream,Upstream,Upstream,Upstream,Upstream,Downstream,Upstream,Upstream
2080160140,2710360,Upstream,Upstream,Upstream,Upstream,Upstream,Upstream,Upstream,Upstream
2080161260,2710360,Upstream,Upstream,Upstream,Upstream,Upstream,Upstream,Upstream,Upstream
2080161250,2710360,Upstream,Upstream,Upstream,Upstream,Upstream,Upstream,Upstream,Upstream
2080058320,2710400,Downstream,Downstream,Downstream,Downstream,Downstream,Downstream,Downstream,Downstream
2080155210,2710400,Upstream,Upstream,Upstream,Upstream,Upstream,Downstream,Upstream,Downstream
2080155220,2710400,Downstream,Downstream,Downstream,Downstream,Downstream,Downstream,Downstream,Downstream
2080159040,2710400,Upstream,Upstream,Upstream,Upstream,Upstream,Upstream,Upstream,Upstream
2080159050,2710400,Upstream,Upstream,Upstream,Upstream,Upstream,Downstream,Upstream,Downstream
2080160690,2710400,Upstream,Upstream,Upstream,Upstream,Upstream,Upstream,Upstream,Upstream
2080160750,2710400,Upstream,Upstream,Upstream,Upstream,Upstream,Upstream,Upstream,Upstream
2080161880,2710400,Upstream,Upstream,Upstream,Upstream,Upstream,Upstream,Upstream,Upstream
2080161950,2710400,Upstream,Upstream,Upstream,Upstream,Upstream,Upstream,Upstream,Upstream
2080058330,2710510,Upstream,Upstream,Upstream,Upstream,Upstream,Upstream,Upstream,Upstream
2080058400,2710510,Downstream,Downstream,Downstream,Downstream,Downstream,Downstream,Downstream,Downstream
2080058410,2710510,Downstream,Downstream,Downstream,Downstream,Downstream,Downstream,Downstream,Downstream
2080058460,2710510,Downstream,Downstream,Downstream,Downstream,Downstream,Downstream,Downstream,Downstream
2080058470,2710510,Downstream,Downstream,Downstream,Downstream,Downstream,Downstream,Downstream,Downstream
2080058500,2710510,Downstream,Downstream,Downstream,Downstream,Downstream,Downstream,Downstream,Downstream
2080058510,2710510,Downstream,Downstream,Downstream,Downstream,Downstream,Downstream,Downstream,Downstream
2080058540,2710510,Downstream,Downstream,Downstream,Downstream,Downstream,Downstream,Downstream,Downstream
2080058550,2710510,Downstream,Downstream,Downstream,Downstream,Downstream,Downstream,Downstream,Downstream
2080058580,2710540,Downstream,Downstream,Downstream,Downstream,Downstream,Downstream,Downstream,Downstream
2080153460,2710540,Downstream,Downstream,Downstream,Downstream,Downstream,Downstream,Downstream,Downstream
2080153450,2710540,Downstream,Downstream,Downstream,Downstream,Downstream,Downstream,Downstream,Downstream
2080157660,2710540,Downstream,Downstream,Downstream,Downstream,Downstream,Downstream,Downstream,Downstream
2080157650,2710540,Downstream,Downstream,Downstream,Upstream,Upstream,Upstream,Downstream,Downstream
2080158430,2710540,Upstream,Upstream,Upstream,Upstream,Upstream,Upstream,Upstream,Upstream
2080158450,2710540,Downstream,Downstream,Downstream,Upstream,Upstream,Upstream,Downstream,Downstream
2080160700,2710540,Upstream,Upstream,Upstream,Upstream,Upstream,Upstream,Upstream,Upstream
2080160760,2710540,Upstream,Upstream,Upstream,Upstream,Upstream,Upstream,Upstream,Upstream
2080058590,2710550,Upstream,Upstream,Upstream,Upstream,Upstream,Upstream,Upstream,Upstream
2080058700,2710550,Downstream,Downstream,Downstream,Downstream,Downstream,Downstream,Downstream,Downstream
2080058710,2710550,Downstream,Downstream,Downstream,Downstream,Downstream,Downstream,Downstream,Downstream
2080058800,2710550,Downstream,Downstream,Downstream,Downstream,Downstream,Downstream,Downstream,Downstream
2080058810,2710550,Downstream,Downstream,Downstream,Downstream,Downstream,Downstream,Downstream,Downstream
2080058840,2710550,Downstream,Downstream,Downstream,Downstream,Downstream,Downstream,Downstream,Downstream
2080058850,2710550,Downstream,Downstream,Downstream,Downstream,Downstream,Downstream,Downstream,Downstream
2080058940,2710550,Downstream,Downstream,Downstream,Downstream,Downstream,Downstream,Downstream,Downstream
2080058950,2710550,Downstream,Downstream,Downstream,Downstream,Downstream,Downstream,Downstream,Downstream
2080058970,2710570,Downstream,Downstream,Downstream,Downstream,Downstream,Downstream,Downstream,Downstream
2080058980,2710570,Downstream,Downstream,Downstream,Downstream,Downstream,Downstream,Downstream,Downstream
2080058990,2710570,Downstream,Downstream,Downstream,Downstream,Downstream,Downstream,Downstream,Downstream
2080059000,2710570,Downstream,Downstream,Downstream,Downstream,Downstream,Downstream,Downstream,Downstream
2080059010,2710570,Downstream,Downstream,Downstream,Downstream,Downstream,Downstream,Downstream,Downstream
2080059040,2710570,Upstream,Upstream,Upstream,Upstream,Upstream,Upstream,Upstream,Upstream
2080059050,2710570,Downstream,Downstream,Downstream,Downstream,Downstream,Downstream,Downstream,Downstream
2080059060,2710570,Downstream,Downstream,Downstream,Downstream,Downstream,Downstream,Downstream,Downstream
2080059070,2710570,Downstream,Downstream,Downstream,Downstream,Downstream,Downstream,Downstream,Downstream
2080059110,2710590,Downstream,Downstream,Downstream,Downstream,Downstream,Downstream,Downstream,Downstream
2080059120,2710590,Downstream,Downstream,Downstream,Downstream,Downstream,Downstream,Downstream,Downstream
2080059130,2710590,Downstream,Downstream,Downstream,Downstream,Downstream,Downstream,Downstream,Downstream
2080059160,2710590,Downstream,Downstream,Downstream,Downstream,Downstream,Downstream,Downstream,Downstream
2080059170,2710590,Downstream,Downstream,Downstream,Downstream,Downstream,Downstream,Downstream,Downstream
2080059200,2710590,Downstream,Downstream,Downstream,Downstream,Downstream,Downstream,Downstream,Downstream
2080059210,2710590,Downstream,Downstream,Downstream,Downstream,Downstream,Downstream,Downstream,Downstream
2080059220,2710590,Upstream,Upstream,Upstream,Upstream,Upstream,Upstream,Upstream,Upstream
2080059230,2710590,Downstream,Downstream,Downstream,Downstream,Downstream,Downstream,Downstream,Downstream
2080059310,2710800,Downstream,Downstream,Downstream,Downstream,Downstream,Downstream,Downstream,Downstream
2080174830,2710800,Downstream,Downstream,Downstream,Downstream,Downstream,Downstream,Downstream,Downstream
2080174840,2710800,Downstream,Downstream,Downstream,Downstream,Downstream,Downstream,Downstream,Downstream
2080173500,2710800,Downstream,Downstream,Downstream,Downstream,Downstream,Downstream,Downstream,Downstream
2080173510,2710800,Upstream,Upstream,Upstream,Upstream,Upstream,Upstream,Upstream,Downstream
2080172200,2710800,Upstream,Upstream,Upstream,Upstream,Upstream,Upstream,Upstream,Upstream
2080172110,2710800,Upstream,Upstream,Upstream,Upstream,Upstream,Upstream,Upstream,Downstream
2080166940,2710800,Upstream,Upstream,Upstream,Upstream,Upstream,Upstream,Upstream,Upstream
2080166930,2710800,Upstream,Upstream,Upstream,Upstream,Upstream,Upstream,Upstream,Upstream
2080400150,2828160,Downstream,Downstream,Downstream,Downstream,Downstream,Downstream,Downstream,Downstream
2080398100,2828160,Downstream,Downstream,Downstream,Downstream,Downstream,Downstream,Upstream,Downstream
2080398000,2828160,Downstream,Downstream,Downstream,Downstream,Downstream,Downstream,Downstream,Downstream
2080397260,2828160,Upstream,Upstream,Upstream,Upstream,Upstream,Upstream,Upstream,Upstream
2080397250,2828160,Downstream,Downstream,Downstream,Downstream,Downstream,Downstream,Upstream,Downstream
2080387500,2828160,Upstream,Upstream,Upstream,Upstream,Upstream,Upstream,Upstream,Upstream
2080387400,2828160,Upstream,Upstream,Upstream,Upstream,Upstream,Upstream,Upstream,Upstream
2080379910,2828160,Upstream,Upstream,Upstream,Upstream,Upstream,Upstream,Upstream,Upstream
2080379810,2828160,Upstream,Upstream,Upstream,Upstream,Upstream,Upstream,Upstream,Upstream
2080377880,2828430,Downstream,Downstream,Downstream,Downstream,Downstream,Downstream,Downstream,Downstream
2080377280,2828430,Downstream,Downstream,Downstream,Downstream,Downstream,Downstream,Downstream,Downstream
2080377290,2828430,Downstream,Downstream,Downstream,Downstream,Downstream,Downstream,Downstream,Downstream
2080379670,2828430,Downstream,Downstream,Downstream,Downstream,Downstream,Downstream,Downstream,Downstream
2080379520,2828430,Upstream,Upstream,Upstream,Upstream,Upstream,Upstream,Upstream,Upstream
2080379170,2828430,Upstream,Upstream,Upstream,Upstream,Upstream,Upstream,Upstream,Upstream
2080379180,2828430,Upstream,Upstream,Upstream,Upstream,Upstream,Upstream,Upstream,Upstream
2080381060,2828430,Upstream,Upstream,Upstream,Upstream,Upstream,Upstream,Upstream,Upstream
2080380880,2828430,Upstream,Upstream,Upstream,Upstream,Upstream,Upstream,Upstream,Upstream
2080345780,2828990,Downstream,Downstream,Downstream,Downstream,Downstream,Downstream,Downstream,Downstream
2080339770,2828990,Downstream,Downstream,Downstream,Downstream,Downstream,Downstream,Downstream,Downstream
2080339760,2828990,Downstream,Downstream,Downstream,Downstream,Downstream,Downstream,Downstream,Downstream
2080337160,2828990,Upstream,Upstream,Upstream,Upstream,Upstream,Upstream,Upstream,Upstream
2080337170,2828990,Downstream,Downstream,Downstream,Downstream,Downstream,Downstream,Downstream,Downstream
2080331630,2828990,Upstream,Upstream,Upstream,Upstream,Upstream,Upstream,Upstream,Upstream
2080331560,2828990,Upstream,Upstream,Upstream,Upstream,Upstream,Upstream,Upstream,Upstream
2080327720,2828990,Upstream,Upstream,Upstream,Upstream,Upstream,Upstream,Upstream,Upstream
2080327730,2828990,Upstream,Upstream,Upstream,Upstream,Upstream,Upstream,Upstream,Upstream
2080342140,2831702,Downstream,Downstream,Downstream,Downstream,Downstream,Downstream,Downstream,Downstream
2080339650,2831702,Downstream,Downstream,Downstream,Downstream,Downstream,Downstream,Upstream,Downstream
2080339640,2831702,Downstream,Downstream,Downstream,Downstream,Downstream,Downstream,Downstream,Downstream
2080334930,2831702,Downstream,Downstream,Downstream,Downstream,Downstream,Downstream,Upstream,Downstream
2080334680,2831702,Upstream,Upstream,Upstream,Upstream,Upstream,Upstream,Upstream,Upstream
2080330430,2831702,Upstream,Upstream,Upstream,Upstream,Upstream,Upstream,Upstream,Upstream
2080330370,2831702,Upstream,Upstream,Upstream,Upstream,Upstream,Upstream,Upstream,Upstream
2080327950,2831702,Upstream,Upstream,Upstream,Upstream,Upstream,Upstream,Upstream,Upstream
2080327940,2831702,Upstream,Upstream,Upstream,Upstream,Upstream,Upstream,Upstream,Upstream
2080336790,2831629,Downstream,Downstream,Downstream,Downstream,Downstream,Downstream,Downstream,Downstream
2080323120,2831806,Downstream,Downstream,Downstream,Downstream,Downstream,Downstream,Downstream,Downstream
2080339020,2831629,Downstream,Downstream,Downstream,Downstream,Downstream,Downstream,Downstream,Downstream
2080338960,2831629,Downstream,Downstream,Downstream,Downstream,Downstream,Downstream,Downstream,Downstream
2080341030,2831629,Downstream,Downstream,Downstream,Downstream,Downstream,Downstream,Upstream,Upstream
2080340840,2831629,Downstream,Downstream,Downstream,Downstream,Downstream,Downstream,Downstream,Downstream
2080315300,2831806,Downstream,Downstream,Downstream,Downstream,Downstream,Downstream,Downstream,Downstream
2080315490,2831806,Downstream,Downstream,Downstream,Downstream,Downstream,Downstream,Downstream,Downstream
2080344140,2831629,Downstream,Downstream,Downstream,Downstream,Downstream,Downstream,Upstream,Upstream
2080344310,2831629,Upstream,Upstream,Upstream,Upstream,Upstream,Upstream,Upstream,Upstream
2080344320,2831629,Upstream,Upstream,Upstream,Upstream,Upstream,Upstream,Upstream,Upstream
2080344400,2831629,Upstream,Upstream,Upstream,Upstream,Upstream,Upstream,Upstream,Upstream
2080313770,2831806,Downstream,Downstream,Downstream,Downstream,Downstream,Downstream,Downstream,Downstream
2080313720,2831806,Upstream,Upstream,Upstream,Upstream,Upstream,Upstream,Upstream,Upstream
2080312070,2831806,Upstream,Upstream,Upstream,Upstream,Upstream,Upstream,Upstream,Upstream
2080311960,2831806,Upstream,Upstream,Upstream,Upstream,Upstream,Upstream,Upstream,Upstream
2080309560,2833010,Downstream,Downstream,Downstream,Downstream,Downstream,Downstream,Downstream,Downstream
2080311410,2831806,Upstream,Upstream,Upstream,Upstream,Upstream,Upstream,Upstream,Upstream
2080311250,2831806,Upstream,Upstream,Upstream,Upstream,Upstream,Upstream,Upstream,Upstream
2080304350,2833010,Downstream,Downstream,Downstream,Downstream,Downstream,Downstream,Downstream,Downstream
2080304490,2833010,Downstream,Downstream,Downstream,Downstream,Downstream,Downstream,Downstream,Downstream
2080300750,2833010,Downstream,Downstream,Downstream,Downstream,Downstream,Downstream,Downstream,Downstream
2080300660,2833010,Upstream,Upstream,Upstream,Upstream,Upstream,Upstream,Upstream,Downstream
2080300430,2833010,Upstream,Upstream,Upstream,Upstream,Upstream,Upstream,Upstream,Upstream
2080300350,2833010,Upstream,Upstream,Upstream,Upstream,Upstream,Upstream,Upstream,Downstream
2080293310,2835004,Downstream,Downstream,Downstream,Downstream,Downstream,Downstream,Downstream,Downstream
2080290290,2835004,Downstream,Downstream,Downstream,Downstream,Downstream,Downstream,Downstream,Downstream
2080290220,2835004,Downstream,Downstream,Downstream,Downstream,Downstream,Downstream,Upstream,Downstream
2080288980,2836100,Downstream,Downstream,Downstream,Downstream,Downstream,Downstream,Downstream,Downstream
2080288590,2836100,Downstream,Downstream,Downstream,Downstream,Downstream,Downstream,Downstream,Downstream
2080288480,2836100,Downstream,Downstream,Downstream,Downstream,Downstream,Downstream,Downstream,Downstream
2080285760,2836100,Downstream,Downstream,Downstream,Downstream,Downstream,Downstream,Upstream,Upstream
2080285770,2836100,Downstream,Downstream,Downstream,Downstream,Downstream,Downstream,Downstream,Downstream
2080277190,2835004,Downstream,Downstream,Downstream,Downstream,Downstream,Downstream,Upstream,Downstream
2080276940,2835004,Upstream,Upstream,Upstream,Upstream,Upstream,Upstream,Upstream,Upstream
2080276660,2835004,Upstream,Upstream,Upstream,Upstream,Upstream,Upstream,Upstream,Upstream
2080276580,2835004,Upstream,Upstream,Upstream,Upstream,Upstream,Upstream,Upstream,Upstream
2080274880,2835004,Upstream,Upstream,Upstream,Upstream,Upstream,Upstream,Upstream,Upstream
2080274790,2835004,Upstream,Upstream,Upstream,Upstream,Upstream,Upstream,Upstream,Upstream
2080279540,2836100,Downstream,Downstream,Downstream,Downstream,Downstream,Downstream,Upstream,Upstream
2080279490,2836100,Upstream,Upstream,Upstream,Upstream,Upstream,Upstream,Upstream,Upstream
2080277400,2836100,Upstream,Upstream,Upstream,Upstream,Upstream,Upstream,Upstream,Upstream
2080277350,2836100,Upstream,Upstream,Upstream,Upstream,Upstream,Upstream,Upstream,Upstream
2080264790,2833086,Downstream,Downstream,Downstream,Downstream,Downstream,Downstream,Downstream,Downstream
2080264800,2833086,Downstream,Downstream,Downstream,Downstream,Downstream,Downstream,Downstream,Downstream
2080264730,2833086,Downstream,Downstream,Downstream,Downstream,Downstream,Downstream,Upstream,Upstream
2080309490,2832418,Downstream,Downstream,Downstream,Downstream,Downstream,Downstream,Downstream,Downstream
2080262410,2833086,Upstream,Upstream,Upstream,Upstream,Upstream,Upstream,Upstream,Upstream
2080262550,2833086,Downstream,Downstream,Downstream,Downstream,Downstream,Downstream,Upstream,Upstream
2080309620,2832418,Downstream,Downstream,Downstream,Downstream,Downstream,Downstream,Downstream,Downstream
2080309720,2832418,Downstream,Downstream,Downstream,Downstream,Downstream,Downstream,Downstream,Downstream
2080261580,2833086,Upstream,Upstream,Upstream,Upstream,Upstream,Upstream,Upstream,Upstream
2080261530,2833086,Upstream,Upstream,Upstream,Upstream,Upstream,Upstream,Upstream,Upstream
2080310210,2832418,Downstream,Downstream,Downstream,Downstream,Downstream,Downstream,Downstream,Downstream
2080310400,2832418,Downstream,Downstream,Downstream,Downstream,Downstream,Downstream,Downstream,Downstream
2080300270,2837040,Upstream,Upstream,Upstream,Upstream,Upstream,Upstream,Upstream,Downstream
2080260430,2833086,Upstream,Upstream,Upstream,Upstream,Upstream,Upstream,Upstream,Upstream
2080260510,2833086,Upstream,Upstream,Upstream,Upstream,Upstream,Upstream,Upstream,Upstream
2080316240,2834044,Downstream,Downstream,Downstream,Downstream,Downstream,Downstream,Downstream,Downstream
2080301460,2837060,Downstream,Downstream,Downstream,Downstream,Downstream,Downstream,Downstream,Downstream
2080265640,2836202,Downstream,Downstream,Downstream,Downstream,Downstream,Downstream,Downstream,Downstream
2080319670,2834044,Downstream,Downstream,Downstream,Downstream,Downstream,Downstream,Downstream,Downstream
2080319660,2834044,Downstream,Downstream,Downstream,Downstream,Downstream,Downstream,Downstream,Downstream
2080298290,2837040,Upstream,Upstream,Upstream,Upstream,Upstream,Upstream,Upstream,Downstream
2080298230,2837040,Upstream,Upstream,Upstream,Upstream,Upstream,Upstream,Upstream,Upstream
2080321080,2834044,Downstream,Downstream,Downstream,Downstream,Downstream,Downstream,Upstream,Upstream
2080321090,2834044,Downstream,Downstream,Downstream,Downstream,Downstream,Downstream,Downstream,Downstream
2080315870,2832418,Downstream,Downstream,Downstream,Downstream,Downstream,Downstream,Downstream,Downstream
2080316060,2832418,Upstream,Upstream,Upstream,Upstream,Upstream,Upstream,Upstream,Upstream
2080302560,2837060,Downstream,Downstream,Downstream,Downstream,Downstream,Downstream,Downstream,Downstream
2080302620,2837060,Downstream,Downstream,Downstream,Downstream,Downstream,Downstream,Upstream,Downstream
2080318870,2832418,Upstream,Upstream,Upstream,Upstream,Upstream,Upstream,Upstream,Upstream
2080318940,2832418,Upstream,Upstream,Upstream,Upstream,Upstream,Upstream,Upstream,Upstream
2080260550,2836202,Downstream,Downstream,Downstream,Downstream,Downstream,Downstream,Downstream,Downstream
2080260500,2836202,Downstream,Downstream,Downstream,Downstream,Downstream,Downstream,Downstream,Downstream
2080298910,2837040,Upstream,Upstream,Upstream,Upstream,Upstream,Upstream,Upstream,Downstream
2080299000,2837040,Upstream,Upstream,Upstream,Upstream,Upstream,Upstream,Upstream,Downstream
2080325510,2834044,Upstream,Upstream,Upstream,Upstream,Upstream,Upstream,Upstream,Upstream
2080325520,2834044,Downstream,Downstream,Downstream,Downstream,Downstream,Downstream,Upstream,Upstream
2080260080,2836202,Upstream,Upstream,Upstream,Upstream,Upstream,Upstream,Upstream,Downstream
2080260040,2836202,Downstream,Downstream,Downstream,Downstream,Downstream,Downstream,Downstream,Downstream
2080259470,2836202,Upstream,Upstream,Upstream,Upstream,Upstream,Upstream,Upstream,Downstream
2080259460,2836202,Upstream,Upstream,Upstream,Upstream,Upstream,Upstream,Upstream,Upstream
2080327670,2834044,Upstream,Upstream,Upstream,Upstream,Upstream,Upstream,Upstream,Upstream
2080327800,2834044,Upstream,Upstream,Upstream,Upstream,Upstream,Upstream,Upstream,Upstream
2080305410,2837060,Downstream,Downstream,Downstream,Downstream,Downstream,Downstream,Upstream,Upstream
2080305480,2837060,Downstream,Downstream,Downstream,Downstream,Downstream,Downstream,Upstream,Downstream
2080255620,2836202,Upstream,Upstream,Upstream,Upstream,Upstream,Upstream,Upstream,Upstream
2080255540,2836202,Upstream,Upstream,Upstream,Upstream,Upstream,Upstream,Upstream,Upstream
2080305220,2837060,Upstream,Upstream,Upstream,Upstream,Upstream,Upstream,Upstream,Upstream
2080305300,2837060,Downstream,Downstream,Downstream,Downstream,Downstream,Downstream,Upstream,Upstream
2080291280,2837029,Downstream,Downstream,Downstream,Downstream,Downstream,Downstream,Downstream,Downstream
2080306140,2837060,Upstream,Upstream,Upstream,Upstream,Upstream,Upstream,Upstream,Upstream
2080306250,2837060,Upstream,Upstream,Upstream,Upstream,Upstream,Upstream,Upstream,Upstream
2080251790,2833089,Downstream,Downstream,Downstream,Downstream,Downstream,Downstream,Downstream,Downstream
2080320990,2832444,Upstream,Upstream,Downstream,Downstream,Downstream,Downstream,Upstream,Downstream
2080320540,2832444,Upstream,Upstream,Downstream,Downstream,Downstream,Downstream,Upstream,Downstream
2080320420,2832444,Upstream,Upstream,Upstream,Upstream,Upstream,Upstream,Upstream,Upstream
2080294520,2837029,Downstream,Downstream,Downstream,Downstream,Downstream,Downstream,Downstream,Downstream
2080294290,2837029,Downstream,Downstream,Downstream,Downstream,Downstream,Downstream,Downstream,Downstream
2080249120,2833089,Downstream,Downstream,Downstream,Downstream,Downstream,Downstream,Downstream,Downstream
2080249070,2833089,Downstream,Downstream,Downstream,Downstream,Downstream,Downstream,Downstream,Downstream
2080320880,2832444,Upstream,Upstream,Downstream,Downstream,Downstream,Downstream,Upstream,Downstream
2080321110,2832444,Upstream,Upstream,Downstream,Downstream,Downstream,Downstream,Upstream,Downstream
2080297820,2837029,Downstream,Downstream,Downstream,Downstream,Downstream,Downstream,Downstream,Downstream
2080297810,2837029,Downstream,Downstream,Downstream,Downstream,Downstream,Downstream,Downstream,Downstream
2080246270,2833089,Downstream,Downstream,Downstream,Downstream,Downstream,Downstream,Downstream,Downstream
2080246230,2833089,Upstream,Upstream,Upstream,Upstream,Upstream,Upstream,Upstream,Upstream
2080241850,2833089,Upstream,Upstream,Upstream,Upstream,Upstream,Upstream,Upstream,Upstream
2080241760,2833089,Upstream,Upstream,Upstream,Upstream,Upstream,Upstream,Upstream,Upstream
2080241470,2833089,Upstream,Upstream,Upstream,Upstream,Upstream,Upstream,Upstream,Upstream
2080241410,2833089,Upstream,Upstream,Upstream,Upstream,Upstream,Upstream,Upstream,Upstream
2080297590,2837029,Upstream,Upstream,Upstream,Upstream,Upstream,Upstream,Upstream,Upstream
2080297330,2837029,Downstream,Downstream,Downstream,Downstream,Downstream,Downstream,Downstream,Downstream
2080323910,2832444,Upstream,Upstream,Downstream,Downstream,Downstream,Downstream,Upstream,Downstream
2080323930,2832444,Upstream,Upstream,Downstream,Downstream,Downstream,Downstream,Upstream,Downstream
2080324850,2832444,Upstream,Upstream,Downstream,Downstream,Downstream,Downstream,Upstream,Downstream
2080324860,2832444,Upstream,Upstream,Downstream,Downstream,Downstream,Downstream,Upstream,Downstream
2080297960,2837029,Upstream,Upstream,Upstream,Upstream,Upstream,Upstream,Upstream,Upstream
2080297950,2837029,Upstream,Upstream,Upstream,Upstream,Upstream,Upstream,Upstream,Upstream
2080322960,2839500,Downstream,Downstream,Downstream,Downstream,Downstream,Downstream,Downstream,Downstream
2080322620,2839500,Downstream,Downstream,Downstream,Downstream,Downstream,Downstream,Upstream,Downstream
2080322690,2839500,Downstream,Downstream,Downstream,Downstream,Downstream,Downstream,Downstream,Downstream
2080350010,2832448,Downstream,Downstream,Downstream,Downstream,Downstream,Downstream,Downstream,Downstream
2080350340,2832448,Downstream,Downstream,Downstream,Downstream,Downstream,Downstream,Downstream,Downstream
2080350100,2832448,Downstream,Downstream,Downstream,Downstream,Downstream,Downstream,Downstream,Downstream
2080349210,2832448,Upstream,Upstream,Upstream,Upstream,Upstream,Upstream,Upstream,Upstream
2080349100,2832448,Downstream,Downstream,Downstream,Downstream,Downstream,Downstream,Downstream,Downstream
2080316480,2839500,Downstream,Downstream,Downstream,Downstream,Downstream,Downstream,Upstream,Downstream
2080316390,2839500,Upstream,Upstream,Upstream,Upstream,Upstream,Upstream,Upstream,Upstream
2080315220,2839500,Upstream,Upstream,Upstream,Upstream,Upstream,Upstream,Upstream,Upstream
2080315230,2839500,Upstream,Upstream,Upstream,Upstream,Upstream,Upstream,Upstream,Upstream
2080347660,2832448,Upstream,Upstream,Upstream,Upstream,Upstream,Upstream,Upstream,Upstream
2080347860,2832448,Upstream,Upstream,Upstream,Upstream,Upstream,Upstream,Upstream,Upstream
2080344810,2832448,Upstream,Upstream,Upstream,Upstream,Upstream,Upstream,Upstream,Upstream
2080344800,2832448,Upstream,Upstream,Upstream,Upstream,Upstream,Upstream,Upstream,Upstream
2080311320,2839500,Upstream,Upstream,Upstream,Upstream,Upstream,Upstream,Upstream,Upstream
2080311230,2839500,Upstream,Upstream,Upstream,Upstream,Upstream,Upstream,Upstream,Upstream
2080312460,2839702,Downstream,Downstream,Downstream,Downstream,Downstream,Downstream,Downstream,Downstream
2080321040,2839702,Downstream,Downstream,Downstream,Downstream,Downstream,Downstream,Upstream,Upstream
2080320970,2839702,Downstream,Downstream,Downstream,Downstream,Downstream,Downstream,Downstream,Downstream
2080321200,2839702,Upstream,Upstream,Upstream,Upstream,Upstream,Upstream,Upstream,Upstream
2080321270,2839702,Downstream,Downstream,Downstream,Downstream,Downstream,Downstream,Upstream,Upstream
2080321540,2839702,Upstream,Upstream,Upstream,Upstream,Upstream,Upstream,Upstream,Upstream
2080321420,2839702,Upstream,Upstream,Upstream,Upstream,Upstream,Upstream,Upstream,Upstream
2080263900,2836648,Downstream,Downstream,Downstream,Downstream,Downstream,Downstream,Downstream,Downstream
2080263250,2836648,Downstream,Downstream,Downstream,Downstream,Downstream,Downstream,Downstream,Downstream
2080263260,2836648,Downstream,Downstream,Downstream,Downstream,Downstream,Downstream,Upstream,Downstream
2080322190,2839702,Upstream,Upstream,Upstream,Upstream,Upstream,Upstream,Upstream,Upstream
2080322230,2839702,Upstream,Upstream,Upstream,Upstream,Upstream,Upstream,Upstream,Upstream
2080263560,2836648,Upstream,Upstream,Upstream,Upstream,Upstream,Upstream,Upstream,Upstream
2080263650,2836648,Downstream,Downstream,Downstream,Downstream,Downstream,Downstream,Upstream,Downstream
2080261280,2836648,Upstream,Upstream,Upstream,Upstream,Upstream,Upstream,Upstream,Upstream
2080261190,2836648,Upstream,Upstream,Upstream,Upstream,Upstream,Upstream,Upstream,Upstream
2080262530,2836648,Upstream,Upstream,Upstream,Upstream,Upstream,Upstream,Upstream,Upstream
2080262470,2836648,Upstream,Upstream,Upstream,Upstream,Upstream,Upstream,Upstream,Upstream
2080248700,2832999,Downstream,Downstream,Downstream,Downstream,Downstream,Downstream,Downstream,Downstream
2080251380,2832999,Downstream,Downstream,Downstream,Downstream,Downstream,Downstream,Downstream,Downstream
2080251390,2832999,Downstream,Downstream,Downstream,Downstream,Downstream,Downstream,Downstream,Downstream
2080253040,2832999,Upstream,Upstream,Upstream,Upstream,Upstream,Upstream,Upstream,Upstream
2080253110,2832999,Downstream,Downstream,Downstream,Downstream,Downstream,Downstream,Downstream,Downstream
2080253470,2832999,Upstream,Upstream,Upstream,Upstream,Upstream,Upstream,Upstream,Upstream
2080253580,2832999,Upstream,Upstream,Upstream,Upstream,Upstream,Upstream,Upstream,Upstream
2080255020,2832999,Upstream,Upstream,Upstream,Upstream,Upstream,Upstream,Upstream,Upstream
2080255010,2832999,Upstream,Upstream,Upstream,Upstream,Upstream,Upstream,Upstream,Upstream
2080070250,2847007,Downstream,Downstream,Downstream,Downstream,Downstream,Downstream,Downstream,Downstream
2080070280,2847007,Downstream,Downstream,Downstream,Downstream,Downstream,Downstream,Downstream,Downstream
2080070290,2847007,Upstream,Upstream,Upstream,Upstream,Upstream,Upstream,Upstream,Upstream
2080070340,2847007,Downstream,Downstream,Downstream,Downstream,Downstream,Downstream,Downstream,Downstream
2080070350,2847007,Downstream,Downstream,Downstream,Downstream,Downstream,Downstream,Downstream,Downstream
2080070360,2847007,Downstream,Downstream,Downstream,Downstream,Downstream,Downstream,Downstream,Downstream
2080070370,2847007,Downstream,Downstream,Downstream,Downstream,Downstream,Downstream,Downstream,Downstream
2080070400,2847007,Downstream,Downstream,Downstream,Downstream,Downstream,Downstream,Downstream,Downstream
2080070410,2847007,Downstream,Downstream,Downstream,Downstream,Downstream,Downstream,Downstream,Downstream
2080855780,2921099,Downstream,Downstream,Downstream,Downstream,Downstream,Downstream,Downstream,Downstream
2080855500,2921099,Downstream,Downstream,Downstream,Downstream,Downstream,Downstream,Downstream,Downstream
2080855600,2921099,Downstream,Downstream,Downstream,Downstream,Downstream,Downstream,Downstream,Downstream
2080854660,2921099,Downstream,Downstream,Upstream,Upstream,Upstream,Upstream,Downstream,Downstream
2080854450,2921099,Downstream,Downstream,Downstream,Downstream,Downstream,Downstream,Downstream,Downstream
2080854270,2921099,Upstream,Upstream,Upstream,Upstream,Upstream,Upstream,Upstream,Upstream
2080854170,2921099,Downstream,Downstream,Upstream,Upstream,Upstream,Upstream,Downstream,Downstream
2080854020,2921099,Upstream,Upstream,Upstream,Upstream,Upstream,Upstream,Upstream,Upstream
2080854100,2921099,Upstream,Upstream,Upstream,Upstream,Upstream,Upstream,Upstream,Upstream
2080098580,2160508,Downstream,Downstream,Downstream,Downstream,Downstream,Downstream,Downstream,Downstream
3080198630,3121080,Downstream,Downstream,Downstream,Downstream,Downstream,Downstream,Downstream,Downstream
3080191230,3121080,Downstream,Downstream,Downstream,Downstream,Downstream,Downstream,Downstream,Downstream
3080191080,3121080,Downstream,Downstream,Downstream,Downstream,Downstream,Downstream,Downstream,Downstream
3080188390,3121080,Downstream,Downstream,Downstream,Downstream,Downstream,Downstream,Downstream,Downstream
3080188400,3121080,Upstream,Upstream,Upstream,Upstream,Upstream,Upstream,Upstream,Upstream
3080187880,3121080,Upstream,Upstream,Upstream,Upstream,Upstream,Upstream,Upstream,Upstream
3080187700,3121080,Upstream,Upstream,Upstream,Upstream,Upstream,Upstream,Upstream,Upstream
3080187890,3121080,Upstream,Upstream,Upstream,Upstream,Upstream,Upstream,Upstream,Upstream
3080188040,3121080,Upstream,Upstream,Upstream,Upstream,Upstream,Upstream,Upstream,Upstream
3080435980,3124383,Downstream,Downstream,Downstream,Downstream,Downstream,Downstream,Downstream,Downstream
3080429600,3124383,Downstream,Downstream,Downstream,Downstream,Downstream,Downstream,Downstream,Downstream
3080429960,3124383,Downstream,Downstream,Downstream,Downstream,Downstream,Downstream,Downstream,Downstream
3080460330,3124620,Downstream,Downstream,Downstream,Downstream,Downstream,Downstream,Downstream,Downstream
3080427860,3124383,Downstream,Downstream,Downstream,Downstream,Downstream,Downstream,Downstream,Downstream
3080427870,3124383,Upstream,Upstream,Upstream,Upstream,Upstream,Upstream,Upstream,Upstream
3080457780,3124620,Downstream,Downstream,Downstream,Downstream,Downstream,Downstream,Downstream,Downstream
3080457640,3124620,Downstream,Downstream,Downstream,Downstream,Downstream,Downstream,Downstream,Downstream
3080427720,3124383,Upstream,Upstream,Upstream,Upstream,Upstream,Upstream,Upstream,Upstream
3080427880,3124383,Upstream,Upstream,Upstream,Upstream,Upstream,Upstream,Upstream,Upstream
3080427600,3124383,Upstream,Upstream,Upstream,Upstream,Upstream,Upstream,Upstream,Upstream
3080427730,3124383,Upstream,Upstream,Upstream,Upstream,Upstream,Upstream,Upstream,Upstream
3080453050,3124451,Downstream,Downstream,Downstream,Downstream,Downstream,Downstream,Downstream,Downstream
3080443090,3124620,Downstream,Downstream,Downstream,Downstream,Downstream,Downstream,Downstream,Downstream
3080443100,3124620,Upstream,Upstream,Upstream,Upstream,Upstream,Upstream,Upstream,Upstream
3080441610,3124620,Upstream,Upstream,Upstream,Upstream,Upstream,Upstream,Upstream,Upstream
3080441530,3124620,Upstream,Upstream,Upstream,Upstream,Upstream,Upstream,Upstream,Upstream
3080449400,3124451,Downstream,Downstream,Downstream,Downstream,Downstream,Downstream,Downstream,Downstream
3080449220,3124451,Downstream,Downstream,Downstream,Downstream,Downstream,Downstream,Downstream,Downstream
3080449120,3124451,Upstream,Upstream,Upstream,Upstream,Upstream,Upstream,Upstream,Upstream
3080449030,3124451,Downstream,Downstream,Downstream,Downstream,Downstream,Downstream,Downstream,Downstream
3080436910,3124620,Upstream,Upstream,Upstream,Upstream,Upstream,Upstream,Upstream,Upstream
3080436730,3124620,Upstream,Upstream,Upstream,Upstream,Upstream,Upstream,Upstream,Upstream
3080449980,3124451,Upstream,Upstream,Upstream,Upstream,Upstream,Upstream,Upstream,Upstream
3080450210,3124451,Upstream,Upstream,Upstream,Upstream,Upstream,Upstream,Upstream,Upstream
3080450980,3124451,Upstream,Upstream,Upstream,Upstream,Upstream,Upstream,Upstream,Upstream
3080450990,3124451,Upstream,Upstream,Upstream,Upstream,Upstream,Upstream,Upstream,Upstream
3080528980,3129341,Downstream,Downstream,Downstream,Downstream,Downstream,Downstream,Downstream,Downstream
3080528990,3129341,Downstream,Downstream,Downstream,Downstream,Downstream,Downstream,Downstream,Downstream
3080529100,3129341,Downstream,Downstream,Downstream,Downstream,Downstream,Downstream,Downstream,Downstream
3080534390,3129341,Downstream,Downstream,Downstream,Downstream,Downstream,Downstream,Downstream,Downstream
3080534520,3129341,Upstream,Upstream,Upstream,Upstream,Upstream,Upstream,Upstream,Downstream
3080535230,3129341,Upstream,Upstream,Upstream,Upstream,Upstream,Upstream,Upstream,Upstream
3080535150,3129341,Upstream,Upstream,Upstream,Upstream,Upstream,Upstream,Upstream,Downstream
3080523990,3124821,Downstream,Downstream,Downstream,Downstream,Downstream,Downstream,Downstream,Downstream
3080537160,3129341,Upstream,Upstream,Upstream,Upstream,Upstream,Upstream,Upstream,Upstream
3080537030,3129341,Upstream,Upstream,Upstream,Upstream,Upstream,Upstream,Upstream,Upstream
3080451380,3126280,Downstream,Downstream,Downstream,Downstream,Downstream,Downstream,Downstream,Downstream
3080451750,3126280,Downstream,Downstream,Downstream,Downstream,Downstream,Downstream,Upstream,Upstream
3080451860,3126280,Downstream,Downstream,Downstream,Downstream,Downstream,Downstream,Downstream,Downstream
3080545710,3124821,Downstream,Downstream,Downstream,Downstream,Downstream,Downstream,Downstream,Downstream
3080545840,3124821,Downstream,Downstream,Downstream,Downstream,Downstream,Downstream,Downstream,Downstream
3080448210,3126280,Downstream,Downstream,Downstream,Downstream,Downstream,Downstream,Upstream,Upstream
3080448130,3126280,Upstream,Upstream,Upstream,Upstream,Upstream,Upstream,Upstream,Upstream
3080549140,3124821,Downstream,Downstream,Downstream,Downstream,Downstream,Downstream,Downstream,Downstream
3080549150,3124821,Downstream,Downstream,Downstream,Downstream,Downstream,Downstream,Upstream,Upstream
3080443670,3126280,Upstream,Upstream,Upstream,Upstream,Upstream,Upstream,Upstream,Upstream
3080443550,3126280,Upstream,Upstream,Upstream,Upstream,Upstream,Upstream,Upstream,Upstream
3080441580,3126280,Upstream,Upstream,Upstream,Upstream,Upstream,Upstream,Upstream,Upstream
3080441910,3126280,Upstream,Upstream,Upstream,Upstream,Upstream,Upstream,Upstream,Upstream
3080560240,3124821,Upstream,Upstream,Upstream,Upstream,Upstream,Upstream,Upstream,Upstream
3080560310,3124821,Downstream,Downstream,Downstream,Downstream,Downstream,Downstream,Upstream,Upstream
3080577220,3124834,Downstream,Downstream,Downstream,Downstream,Downstream,Downstream,Downstream,Downstream
3080574270,3124821,Upstream,Upstream,Upstream,Upstream,Upstream,Upstream,Upstream,Upstream
3080574010,3124821,Upstream,Upstream,Upstream,Upstream,Upstream,Upstream,Upstream,Upstream
3080542990,3124946,Downstream,Downstream,Downstream,Downstream,Downstream,Downstream,Downstream,Downstream
3080539010,3124965,Downstream,Downstream,Downstream,Downstream,Downstream,Downstream,Downstream,Downstream
3080539210,3124965,Downstream,Downstream,Downstream,Downstream,Downstream,Downstream,Downstream,Downstream
3080539330,3124965,Downstream,Downstream,Downstream,Downstream,Downstream,Downstream,Upstream,Downstream
3080574370,3129413,Downstream,Downstream,Downstream,Downstream,Downstream,Downstream,Downstream,Downstream
3080540110,3124965,Downstream,Downstream,Downstream,Downstream,Downstream,Downstream,Upstream,Downstream
3080540250,3124965,Upstream,Upstream,Upstream,Upstream,Upstream,Upstream,Upstream,Downstream
3080552500,3124946,Downstream,Downstream,Downstream,Downstream,Downstream,Downstream,Downstream,Downstream
3080552590,3124946,Downstream,Downstream,Downstream,Downstream,Downstream,Downstream,Upstream,Downstream
3080553400,3124946,Downstream,Downstream,Downstream,Downstream,Downstream,Downstream,Upstream,Downstream
3080553390,3124946,Upstream,Upstream,Upstream,Upstream,Upstream,Upstream,Upstream,Upstream
3080575110,3129413,Downstream,Downstream,Downstream,Downstream,Downstream,Downstream,Downstream,Downstream
3080575210,3129413,Downstream,Downstream,Downstream,Downstream,Downstream,Downstream,Downstream,Downstream
3080554100,3124946,Upstream,Upstream,Upstream,Upstream,Upstream,Upstream,Upstream,Upstream
3080553890,3124946,Upstream,Upstream,Upstream,Upstream,Upstream,Upstream,Upstream,Upstream
3080544310,3124965,Upstream,Upstream,Upstream,Upstream,Upstream,Upstream,Upstream,Downstream
3080544530,3124965,Upstream,Upstream,Upstream,Upstream,Upstream,Upstream,Upstream,Upstream
3080545590,3124965,Upstream,Upstream,Upstream,Upstream,Upstream,Upstream,Upstream,Downstream
3080545380,3124965,Upstream,Upstream,Upstream,Upstream,Upstream,Upstream,Upstream,Downstream
3080572310,3129413,Downstream,Downstream,Downstream,Downstream,Downstream,Downstream,Downstream,Downstream
3080572320,3129413,Upstream,Upstream,Upstream,Upstream,Upstream,Upstream,Upstream,Upstream
3080572050,3124834,Downstream,Downstream,Downstream,Downstream,Downstream,Downstream,Downstream,Downstream
3080572030,3124834,Downstream,Downstream,Downstream,Downstream,Downstream,Downstream,Upstream,Downstream
3080568330,3129413,Upstream,Upstream,Upstream,Upstream,Upstream,Upstream,Upstream,Upstream
3080568190,3129413,Upstream,Upstream,Upstream,Upstream,Upstream,Upstream,Upstream,Upstream
3080565560,3129413,Upstream,Upstream,Upstream,Upstream,Upstream,Upstream,Upstream,Upstream
3080565430,3129413,Upstream,Upstream,Upstream,Upstream,Upstream,Upstream,Upstream,Upstream
3080576780,3124834,Downstream,Downstream,Downstream,Downstream,Downstream,Downstream,Upstream,Upstream
3080576890,3124834,Downstream,Downstream,Downstream,Downstream,Downstream,Downstream,Upstream,Downstream
3080606700,3124826,Downstream,Downstream,Downstream,Downstream,Downstream,Downstream,Downstream,Downstream
3080583540,3124834,Downstream,Downstream,Downstream,Downstream,Downstream,Downstream,Upstream,Upstream
3080583620,3124834,Upstream,Upstream,Upstream,Upstream,Upstream,Upstream,Upstream,Upstream
3080612620,3124826,Downstream,Downstream,Downstream,Downstream,Downstream,Downstream,Downstream,Downstream
3080612750,3124826,Downstream,Downstream,Downstream,Downstream,Downstream,Downstream,Downstream,Downstream
3080606710,3124828,Upstream,Upstream,Downstream,Downstream,Downstream,Downstream,Upstream,Downstream
3080588250,3124834,Upstream,Upstream,Upstream,Upstream,Upstream,Upstream,Upstream,Upstream
3080588260,3124834,Upstream,Upstream,Upstream,Upstream,Upstream,Upstream,Upstream,Upstream
3080608040,3124828,Upstream,Upstream,Downstream,Downstream,Downstream,Downstream,Upstream,Downstream
3080607730,3124828,Upstream,Upstream,Downstream,Downstream,Downstream,Downstream,Upstream,Downstream
3080608660,3124828,Upstream,Upstream,Downstream,Downstream,Downstream,Downstream,Upstream,Downstream
3080608670,3124828,Upstream,Upstream,Upstream,Upstream,Upstream,Upstream,Upstream,Upstream
3080618910,3124826,Downstream,Downstream,Downstream,Downstream,Downstream,Downstream,Downstream,Downstream
3080619010,3124826,Upstream,Upstream,Upstream,Upstream,Upstream,Upstream,Upstream,Upstream
3080609390,3124828,Upstream,Upstream,Upstream,Upstream,Upstream,Upstream,Upstream,Upstream
3080609620,3124828,Upstream,Upstream,Upstream,Upstream,Upstream,Upstream,Upstream,Upstream
3080605310,3124843,Downstream,Downstream,Downstream,Downstream,Downstream,Downstream,Downstream,Downstream
3080624580,3124826,Upstream,Upstream,Upstream,Upstream,Upstream,Upstream,Upstream,Upstream
3080624620,3124826,Upstream,Upstream,Upstream,Upstream,Upstream,Upstream,Upstream,Upstream
3080614310,3124828,Upstream,Upstream,Upstream,Upstream,Upstream,Upstream,Upstream,Upstream
3080614190,3124828,Upstream,Upstream,Upstream,Upstream,Upstream,Upstream,Upstream,Upstream
3080601130,3124843,Downstream,Downstream,Downstream,Downstream,Downstream,Downstream,Upstream,Downstream
3080601040,3124843,Downstream,Downstream,Downstream,Downstream,Downstream,Downstream,Downstream,Downstream
3080630770,3124826,Upstream,Upstream,Upstream,Upstream,Upstream,Upstream,Upstream,Upstream
3080630550,3124826,Upstream,Upstream,Upstream,Upstream,Upstream,Upstream,Upstream,Upstream
3080602100,3124843,Upstream,Upstream,Upstream,Upstream,Upstream,Upstream,Upstream,Upstream
3080602110,3124843,Downstream,Downstream,Downstream,Downstream,Downstream,Downstream,Upstream,Downstream
3080605160,3124843,Upstream,Upstream,Upstream,Upstream,Upstream,Upstream,Upstream,Upstream
3080605240,3124843,Upstream,Upstream,Upstream,Upstream,Upstream,Upstream,Upstream,Upstream
3080607590,3124843,Upstream,Upstream,Upstream,Upstream,Upstream,Upstream,Upstream,Upstream
3080607600,3124843,Upstream,Upstream,Upstream,Upstream,Upstream,Upstream,Upstream,Upstream
3080635830,3124876,Downstream,Downstream,Downstream,Downstream,Downstream,Downstream,Downstream,Downstream
3080639090,3124876,Downstream,Downstream,Downstream,Downstream,Downstream,Downstream,Downstream,Downstream
3080638970,3124876,Downstream,Downstream,Downstream,Downstream,Downstream,Downstream,Downstream,Downstream
3080642740,3124876,Downstream,Downstream,Downstream,Downstream,Downstream,Downstream,Downstream,Downstream
3080642750,3124876,Downstream,Downstream,Downstream,Downstream,Downstream,Downstream,Downstream,Downstream
3080645110,3124876,Downstream,Downstream,Downstream,Downstream,Downstream,Downstream,Downstream,Downstream
3080645190,3124876,Upstream,Upstream,Upstream,Upstream,Upstream,Upstream,Upstream,Downstream
3080651490,3124876,Upstream,Upstream,Upstream,Upstream,Upstream,Upstream,Upstream,Upstream
3080651320,3124876,Upstream,Upstream,Upstream,Upstream,Upstream,Upstream,Upstream,Downstream
3080657170,3124869,Downstream,Downstream,Downstream,Downstream,Downstream,Downstream,Downstream,Downstream
3080548960,3124997,Downstream,Downstream,Downstream,Downstream,Downstream,Downstream,Downstream,Downstream
3080658590,3124869,Downstream,Downstream,Downstream,Downstream,Downstream,Downstream,Downstream,Downstream
3080658690,3124869,Downstream,Downstream,Downstream,Downstream,Downstream,Downstream,Downstream,Downstream
3080646880,3124885,Downstream,Downstream,Downstream,Downstream,Downstream,Downstream,Downstream,Downstream
3080549250,3124997,Downstream,Downstream,Downstream,Downstream,Downstream,Downstream,Downstream,Downstream
3080549340,3124997,Downstream,Downstream,Downstream,Downstream,Downstream,Downstream,Upstream,Downstream
3080648450,3124885,Upstream,Upstream,Upstream,Upstream,Upstream,Upstream,Upstream,Downstream
3080648550,3124885,Downstream,Downstream,Downstream,Downstream,Downstream,Downstream,Downstream,Downstream
3080664000,3124869,Upstream,Upstream,Upstream,Upstream,Upstream,Upstream,Upstream,Upstream
3080664070,3124869,Downstream,Downstream,Downstream,Downstream,Downstream,Downstream,Downstream,Downstream
3080665180,3124869,Upstream,Upstream,Upstream,Upstream,Upstream,Upstream,Upstream,Upstream
3080665260,3124869,Upstream,Upstream,Upstream,Upstream,Upstream,Upstream,Upstream,Upstream
3080654440,3124885,Upstream,Upstream,Upstream,Upstream,Upstream,Upstream,Upstream,Downstream
3080654580,3124885,Upstream,Upstream,Upstream,Upstream,Upstream,Upstream,Upstream,Upstream
3080655110,3124885,Upstream,Upstream,Upstream,Upstream,Upstream,Upstream,Upstream,Upstream
3080655100,3124885,Upstream,Upstream,Upstream,Upstream,Upstream,Upstream,Upstream,Upstream
3080656800,3124885,Upstream,Upstream,Upstream,Upstream,Upstream,Upstream,Upstream,Upstream
3080656910,3124885,Upstream,Upstream,Upstream,Upstream,Upstream,Upstream,Upstream,Upstream
3080667120,3124869,Upstream,Upstream,Upstream,Upstream,Upstream,Upstream,Upstream,Upstream
3080666910,3124869,Upstream,Upstream,Upstream,Upstream,Upstream,Upstream,Upstream,Upstream
3080568950,3124997,Upstream,Upstream,Upstream,Upstream,Upstream,Upstream,Upstream,Upstream
3080568840,3124997,Downstream,Downstream,Downstream,Downstream,Downstream,Downstream,Upstream,Downstream
3080573900,3124997,Upstream,Upstream,Upstream,Upstream,Upstream,Upstream,Upstream,Upstream
3080574150,3124997,Upstream,Upstream,Upstream,Upstream,Upstream,Upstream,Upstream,Upstream
3080574770,3124997,Upstream,Upstream,Upstream,Upstream,Upstream,Upstream,Upstream,Upstream
3080574860,3124997,Upstream,Upstream,Upstream,Upstream,Upstream,Upstream,Upstream,Upstream
3080723840,3129974,Downstream,Downstream,Downstream,Downstream,Downstream,Downstream,Downstream,Downstream
3080722810,3129974,Downstream,Downstream,Downstream,Downstream,Downstream,Downstream,Downstream,Downstream
3080722740,3129974,Downstream,Downstream,Downstream,Downstream,Downstream,Downstream,Downstream,Downstream
3080722820,3129974,Upstream,Upstream,Upstream,Upstream,Upstream,Upstream,Upstream,Downstream
3080722670,3129974,Downstream,Downstream,Downstream,Downstream,Downstream,Downstream,Downstream,Downstream
3080721590,3129974,Upstream,Upstream,Upstream,Upstream,Upstream,Upstream,Upstream,Downstream
3080721580,3129974,Upstream,Upstream,Upstream,Upstream,Upstream,Upstream,Upstream,Upstream
3080717420,3129974,Upstream,Upstream,Upstream,Upstream,Upstream,Upstream,Upstream,Upstream
3080717350,3129974,Upstream,Upstream,Upstream,Upstream,Upstream,Upstream,Upstream,Upstream
3080002000,3132010,Downstream,Downstream,Downstream,Downstream,Downstream,Downstream,Downstream,Downstream
3080217650,3132010,Downstream,Downstream,Downstream,Downstream,Downstream,Downstream,Downstream,Downstream
3080217660,3132010,Downstream,Downstream,Downstream,Downstream,Downstream,Downstream,Downstream,Downstream
3080220370,3132010,Upstream,Upstream,Upstream,Upstream,Upstream,Upstream,Upstream,Upstream
3080220440,3132010,Downstream,Downstream,Downstream,Downstream,Downstream,Downstream,Downstream,Downstream
3080222090,3132010,Downstream,Downstream,Downstream,Downstream,Downstream,Downstream,Downstream,Downstream
3080222220,3132010,Downstream,Downstream,Downstream,Downstream,Downstream,Downstream,Downstream,Downstream
3080224380,3132010,Downstream,Downstream,Downstream,Downstream,Downstream,Downstream,Downstream,Downstream
3080224500,3132010,Downstream,Downstream,Downstream,Downstream,Downstream,Downstream,Downstream,Downstream
3080220890,3222120,Downstream,Downstream,Downstream,Downstream,Downstream,Downstream,Downstream,Downstream
3080219000,3222120,Downstream,Downstream,Downstream,Downstream,Downstream,Downstream,Downstream,Downstream
3080218850,3222120,Downstream,Downstream,Downstream,Downstream,Downstream,Downstream,Downstream,Downstream
3080217230,3222120,Downstream,Downstream,Downstream,Downstream,Downstream,Downstream,Downstream,Downstream
3080217100,3222120,Upstream,Upstream,Upstream,Upstream,Upstream,Upstream,Downstream,Downstream
3080216460,3222120,Upstream,Upstream,Upstream,Upstream,Upstream,Upstream,Upstream,Upstream
3080216340,3222120,Upstream,Upstream,Upstream,Upstream,Upstream,Upstream,Downstream,Downstream
3080213820,3222120,Upstream,Upstream,Upstream,Upstream,Upstream,Upstream,Upstream,Upstream
3080213660,3222120,Upstream,Upstream,Upstream,Upstream,Upstream,Upstream,Upstream,Upstream
3080274280,3222708,Downstream,Downstream,Downstream,Downstream,Downstream,Downstream,Downstream,Downstream
3080283790,3222708,Downstream,Downstream,Downstream,Downstream,Downstream,Downstream,Upstream,Downstream
3080283780,3222708,Downstream,Downstream,Downstream,Downstream,Downstream,Downstream,Downstream,Downstream
3080257160,3222821,Downstream,Downstream,Downstream,Downstream,Downstream,Downstream,Downstream,Downstream
3080291650,3222708,Upstream,Upstream,Upstream,Upstream,Upstream,Upstream,Upstream,Upstream
3080291770,3222708,Downstream,Downstream,Downstream,Downstream,Downstream,Downstream,Upstream,Downstream
3080250460,3222821,Downstream,Downstream,Downstream,Downstream,Downstream,Downstream,Downstream,Downstream
3080250450,3222821,Downstream,Downstream,Downstream,Downstream,Downstream,Downstream,Upstream,Upstream
3080244300,3222821,Upstream,Upstream,Upstream,Upstream,Upstream,Upstream,Upstream,Upstream
3080244090,3222821,Downstream,Downstream,Downstream,Downstream,Downstream,Downstream,Upstream,Upstream
3080243620,3222821,Upstream,Upstream,Upstream,Upstream,Upstream,Upstream,Upstream,Upstream
3080243750,3222821,Upstream,Upstream,Upstream,Upstream,Upstream,Upstream,Upstream,Upstream
3080301160,3222708,Upstream,Upstream,Upstream,Upstream,Upstream,Upstream,Upstream,Upstream
3080301170,3222708,Upstream,Upstream,Upstream,Upstream,Upstream,Upstream,Upstream,Upstream
3080239030,3222821,Upstream,Upstream,Upstream,Upstream,Upstream,Upstream,Upstream,Upstream
3080238920,3222821,Upstream,Upstream,Upstream,Upstream,Upstream,Upstream,Upstream,Upstream
3080302780,3222708,Upstream,Upstream,Upstream,Upstream,Upstream,Upstream,Upstream,Upstream
3080302610,3222708,Upstream,Upstream,Upstream,Upstream,Upstream,Upstream,Upstream,Upstream
3080453470,3225803,Downstream,Downstream,Downstream,Downstream,Downstream,Downstream,Downstream,Downstream
3080483880,3227100,Downstream,Downstream,Downstream,Downstream,Downstream,Downstream,Downstream,Downstream
3080451410,3225803,Downstream,Downstream,Downstream,Downstream,Downstream,Downstream,Downstream,Downstream
3080451300,3225803,Downstream,Downstream,Downstream,Downstream,Downstream,Downstream,Downstream,Downstream
3080450480,3225803,Upstream,Upstream,Upstream,Upstream,Upstream,Upstream,Upstream,Upstream
3080450470,3225803,Downstream,Downstream,Downstream,Downstream,Downstream,Downstream,Downstream,Downstream
3080481620,3227100,Downstream,Downstream,Downstream,Downstream,Downstream,Downstream,Downstream,Downstream
3080481420,3227100,Upstream,Upstream,Upstream,Upstream,Upstream,Upstream,Upstream,Upstream
3080482870,3227100,Downstream,Downstream,Downstream,Downstream,Downstream,Downstream,Downstream,Downstream
3080482700,3227100,Downstream,Downstream,Downstream,Downstream,Downstream,Downstream,Downstream,Downstream
3080447130,3225803,Upstream,Upstream,Upstream,Upstream,Upstream,Upstream,Upstream,Upstream
3080446970,3225803,Upstream,Upstream,Upstream,Upstream,Upstream,Upstream,Upstream,Upstream
3080483750,3227100,Downstream,Downstream,Downstream,Downstream,Downstream,Downstream,Downstream,Downstream
3080483890,3227100,Downstream,Downstream,Downstream,Downstream,Downstream,Downstream,Downstream,Downstream
3080483580,3227100,Downstream,Downstream,Downstream,Downstream,Downstream,Downstream,Downstream,Downstream
3080483380,3227100,Downstream,Downstream,Downstream,Downstream,Downstream,Downstream,Downstream,Downstream
3080446700,3225803,Upstream,Upstream,Upstream,Upstream,Upstream,Upstream,Upstream,Upstream
3080446980,3225803,Upstream,Upstream,Upstream,Upstream,Upstream,Upstream,Upstream,Upstream
3080541110,3227245,Downstream,Downstream,Downstream,Downstream,Downstream,Downstream,Downstream,Downstream
3080546940,3227245,Downstream,Downstream,Downstream,Downstream,Downstream,Downstream,Upstream,Upstream
3080547070,3227245,Downstream,Downstream,Downstream,Downstream,Downstream,Downstream,Downstream,Downstream
3080548440,3227245,Downstream,Downstream,Downstream,Downstream,Downstream,Downstream,Upstream,Upstream
3080548430,3227245,Upstream,Upstream,Upstream,Upstream,Upstream,Upstream,Upstream,Upstream
3080548280,3227245,Upstream,Upstream,Upstream,Upstream,Upstream,Upstream,Upstream,Upstream
3080548420,3227245,Upstream,Upstream,Upstream,Upstream,Upstream,Upstream,Upstream,Upstream
3080551240,3227245,Upstream,Upstream,Upstream,Upstream,Upstream,Upstream,Upstream,Upstream
3080551050,3227245,Upstream,Upstream,Upstream,Upstream,Upstream,Upstream,Upstream,Upstream
3080624900,3226650,Downstream,Downstream,Downstream,Downstream,Downstream,Downstream,Downstream,Downstream
3080624910,3226650,Downstream,Downstream,Downstream,Downstream,Downstream,Downstream,Downstream,Downstream
3080625070,3226650,Downstream,Downstream,Downstream,Downstream,Downstream,Downstream,Downstream,Downstream
3080628430,3226650,Downstream,Downstream,Downstream,Downstream,Downstream,Downstream,Downstream,Downstream
3080628520,3226650,Upstream,Upstream,Upstream,Upstream,Upstream,Upstream,Downstream,Downstream
3080630350,3226650,Upstream,Upstream,Upstream,Upstream,Upstream,Upstream,Downstream,Downstream
3080630450,3226650,Upstream,Upstream,Upstream,Upstream,Upstream,Upstream,Upstream,Upstream
3080642780,3226740,Downstream,Downstream,Downstream,Downstream,Downstream,Downstream,Downstream,Downstream
3080643050,3226740,Downstream,Downstream,Downstream,Downstream,Downstream,Downstream,Downstream,Downstream
3080643180,3226740,Downstream,Downstream,Downstream,Downstream,Downstream,Downstream,Downstream,Downstream
3080641580,3226740,Downstream,Downstream,Downstream,Downstream,Downstream,Downstream,Downstream,Downstream
3080641830,3226740,Downstream,Downstream,Downstream,Downstream,Downstream,Downstream,Downstream,Downstream
3080638020,3226740,Downstream,Downstream,Downstream,Downstream,Downstream,Downstream,Downstream,Downstream
3080637850,3226740,Upstream,Upstream,Upstream,Upstream,Upstream,Upstream,Upstream,Upstream
3080632900,3226740,Upstream,Upstream,Upstream,Upstream,Upstream,Upstream,Upstream,Upstream
3080632910,3226740,Upstream,Upstream,Upstream,Upstream,Upstream,Upstream,Upstream,Upstream
3080568390,3227425,Downstream,Downstream,Downstream,Downstream,Downstream,Downstream,Downstream,Downstream
3080458220,3222987,Downstream,Downstream,Downstream,Downstream,Downstream,Downstream,Downstream,Downstream
3080460920,3222987,Downstream,Downstream,Downstream,Downstream,Downstream,Downstream,Downstream,Downstream
3080461040,3222987,Downstream,Downstream,Downstream,Downstream,Downstream,Downstream,Downstream,Downstream
3080466710,3222987,Downstream,Downstream,Downstream,Downstream,Downstream,Downstream,Downstream,Downstream
3080466860,3222987,Downstream,Downstream,Downstream,Downstream,Downstream,Downstream,Upstream,Downstream
3080582710,3227425,Downstream,Downstream,Downstream,Downstream,Downstream,Downstream,Downstream,Downstream
3080582800,3227425,Downstream,Downstream,Downstream,Downstream,Downstream,Downstream,Upstream,Upstream
3080586750,3227425,Downstream,Downstream,Downstream,Downstream,Downstream,Downstream,Upstream,Upstream
3080586850,3227425,Upstream,Upstream,Upstream,Upstream,Upstream,Upstream,Upstream,Upstream
3080477160,3222987,Upstream,Upstream,Upstream,Upstream,Upstream,Upstream,Upstream,Upstream
3080477150,3222987,Downstream,Downstream,Downstream,Downstream,Downstream,Downstream,Upstream,Downstream
3080588140,3227425,Upstream,Upstream,Upstream,Upstream,Upstream,Upstream,Upstream,Upstream
3080587970,3227425,Upstream,Upstream,Upstream,Upstream,Upstream,Upstream,Upstream,Upstream
3080481490,3222987,Upstream,Upstream,Upstream,Upstream,Upstream,Upstream,Upstream,Upstream
3080481670,3222987,Upstream,Upstream,Upstream,Upstream,Upstream,Upstream,Upstream,Upstream
3080590480,3227425,Upstream,Upstream,Upstream,Upstream,Upstream,Upstream,Upstream,Upstream
3080590620,3227425,Upstream,Upstream,Upstream,Upstream,Upstream,Upstream,Upstream,Upstream
3080606020,3227517,Downstream,Downstream,Downstream,Downstream,Downstream,Downstream,Downstream,Downstream
3080608830,3227517,Downstream,Downstream,Downstream,Downstream,Downstream,Downstream,Downstream,Downstream
3080608820,3227517,Downstream,Downstream,Downstream,Downstream,Downstream,Downstream,Downstream,Downstream
3080611730,3227517,Upstream,Upstream,Upstream,Upstream,Upstream,Upstream,Downstream,Downstream
3080611720,3227517,Downstream,Downstream,Downstream,Downstream,Downstream,Downstream,Downstream,Downstream
3080612550,3227517,Upstream,Upstream,Upstream,Upstream,Upstream,Upstream,Downstream,Downstream
3080612630,3227517,Upstream,Upstream,Upstream,Upstream,Upstream,Upstream,Downstream,Downstream
3080618670,3227517,Upstream,Upstream,Upstream,Upstream,Upstream,Upstream,Upstream,Upstream
3080618740,3227517,Upstream,Upstream,Upstream,Upstream,Upstream,Upstream,Downstream,Downstream
3080641980,3226848,Downstream,Downstream,Downstream,Downstream,Downstream,Downstream,Downstream,Downstream
3080646350,3226848,Downstream,Downstream,Downstream,Downstream,Downstream,Downstream,Downstream,Downstream
3080646360,3226848,Downstream,Downstream,Downstream,Downstream,Downstream,Downstream,Downstream,Downstream
3080647320,3226848,Upstream,Upstream,Upstream,Upstream,Upstream,Upstream,Upstream,Upstream
3080647400,3226848,Downstream,Downstream,Downstream,Downstream,Downstream,Downstream,Downstream,Downstream
3080648330,3226848,Upstream,Upstream,Upstream,Upstream,Upstream,Upstream,Upstream,Upstream
3080648340,3226848,Upstream,Upstream,Upstream,Upstream,Upstream,Upstream,Upstream,Upstream
3080648200,3226848,Upstream,Upstream,Upstream,Upstream,Upstream,Upstream,Upstream,Upstream
3080647980,3226848,Upstream,Upstream,Upstream,Upstream,Upstream,Upstream,Upstream,Upstream
3080650550,3227584,Downstream,Downstream,Downstream,Downstream,Downstream,Downstream,Downstream,Downstream
3080651960,3227584,Downstream,Downstream,Downstream,Downstream,Downstream,Downstream,Downstream,Downstream
3080652030,3227584,Downstream,Downstream,Downstream,Downstream,Downstream,Downstream,Downstream,Downstream
3080652020,3227584,Upstream,Upstream,Upstream,Upstream,Upstream,Upstream,Upstream,Downstream
3080652160,3227584,Downstream,Downstream,Downstream,Downstream,Downstream,Downstream,Downstream,Downstream
3080652150,3227584,Upstream,Upstream,Upstream,Upstream,Upstream,Upstream,Upstream,Upstream
3080652010,3227584,Upstream,Upstream,Upstream,Upstream,Upstream,Upstream,Upstream,Downstream
3080652460,3227584,Upstream,Upstream,Upstream,Upstream,Upstream,Upstream,Upstream,Upstream
3080652570,3227584,Upstream,Upstream,Upstream,Upstream,Upstream,Upstream,Upstream,Upstream
3080624730,3227640,Downstream,Downstream,Downstream,Downstream,Downstream,Downstream,Downstream,Downstream
3080625160,3227640,Downstream,Downstream,Downstream,Downstream,Downstream,Downstream,Downstream,Downstream
3080625170,3227640,Downstream,Downstream,Downstream,Downstream,Downstream,Downstream,Downstream,Downstream
3080614240,3227661,Downstream,Downstream,Downstream,Downstream,Downstream,Downstream,Downstream,Downstream
3080624550,3227640,Downstream,Downstream,Downstream,Downstream,Downstream,Downstream,Downstream,Downstream
3080624410,3227640,Upstream,Upstream,Upstream,Upstream,Upstream,Downstream,Upstream,Downstream
3080614250,3227661,Downstream,Downstream,Downstream,Downstream,Downstream,Downstream,Downstream,Downstream
3080614090,3227661,Downstream,Downstream,Downstream,Downstream,Downstream,Downstream,Downstream,Downstream
3080614340,3227661,Downstream,Downstream,Downstream,Downstream,Downstream,Downstream,Downstream,Downstream
3080614100,3227661,Downstream,Downstream,Upstream,Upstream,Upstream,Upstream,Downstream,Downstream
3080622480,3227640,Upstream,Upstream,Upstream,Upstream,Upstream,Upstream,Upstream,Upstream
3080622340,3227640,Upstream,Upstream,Upstream,Upstream,Upstream,Downstream,Upstream,Downstream
3080613840,3227661,Upstream,Upstream,Upstream,Upstream,Upstream,Upstream,Upstream,Upstream
3080613950,3227661,Downstream,Downstream,Upstream,Upstream,Upstream,Upstream,Downstream,Downstream
3080621980,3227640,Upstream,Upstream,Upstream,Upstream,Upstream,Upstream,Upstream,Upstream
3080621890,3227640,Upstream,Upstream,Upstream,Upstream,Upstream,Upstream,Upstream,Upstream
3080608710,3227661,Upstream,Upstream,Upstream,Upstream,Upstream,Upstream,Upstream,Upstream
3080608620,3227661,Upstream,Upstream,Upstream,Upstream,Upstream,Upstream,Upstream,Upstream
3080680250,3227850,Downstream,Downstream,Downstream,Downstream,Downstream,Downstream,Downstream,Downstream
3080678810,3227850,Downstream,Downstream,Downstream,Downstream,Downstream,Downstream,Downstream,Downstream
3080678820,3227850,Downstream,Downstream,Downstream,Downstream,Downstream,Downstream,Downstream,Downstream
3080548610,3227680,Downstream,Downstream,Downstream,Downstream,Downstream,Downstream,Downstream,Downstream
3080548460,3227690,Downstream,Downstream,Downstream,Downstream,Downstream,Downstream,Downstream,Downstream
3080677930,3227850,Downstream,Downstream,Downstream,Downstream,Downstream,Downstream,Downstream,Downstream
3080677880,3227850,Upstream,Upstream,Upstream,Upstream,Upstream,Upstream,Upstream,Downstream
3080676580,3227850,Upstream,Upstream,Upstream,Upstream,Upstream,Upstream,Upstream,Downstream
3080676460,3227850,Upstream,Upstream,Upstream,Upstream,Upstream,Upstream,Upstream,Upstream
3080548470,3227680,Downstream,Downstream,Downstream,Downstream,Downstream,Downstream,Downstream,Downstream
3080548620,3227680,Downstream,Downstream,Downstream,Downstream,Downstream,Downstream,Downstream,Downstream
3080541140,3227690,Downstream,Downstream,Downstream,Downstream,Downstream,Downstream,Downstream,Downstream
3080540940,3227690,Downstream,Downstream,Downstream,Downstream,Downstream,Downstream,Downstream,Downstream
3080552790,3227680,Downstream,Downstream,Downstream,Downstream,Downstream,Downstream,Downstream,Downstream
3080552970,3227680,Upstream,Upstream,Upstream,Upstream,Upstream,Upstream,Upstream,Upstream
3080673750,3227850,Upstream,Upstream,Upstream,Upstream,Upstream,Upstream,Upstream,Upstream
3080673590,3227850,Upstream,Upstream,Upstream,Upstream,Upstream,Upstream,Upstream,Upstream
3080553660,3227680,Upstream,Upstream,Upstream,Upstream,Upstream,Upstream,Upstream,Upstream
3080553520,3227680,Upstream,Upstream,Upstream,Upstream,Upstream,Upstream,Upstream,Upstream
3080540320,3227690,Upstream,Upstream,Upstream,Upstream,Upstream,Upstream,Upstream,Upstream
3080540160,3227690,Downstream,Downstream,Downstream,Downstream,Downstream,Downstream,Downstream,Downstream
3080541280,3227690,Upstream,Upstream,Upstream,Upstream,Upstream,Upstream,Upstream,Upstream
3080541540,3227690,Upstream,Upstream,Upstream,Upstream,Upstream,Upstream,Upstream,Upstream
3080563630,3227680,Upstream,Upstream,Upstream,Upstream,Upstream,Upstream,Upstream,Upstream
3080563640,3227680,Upstream,Upstream,Upstream,Upstream,Upstream,Upstream,Upstream,Upstream
3080538370,3227690,Upstream,Upstream,Upstream,Upstream,Upstream,Upstream,Upstream,Upstream
3080538490,3227690,Upstream,Upstream,Upstream,Upstream,Upstream,Upstream,Upstream,Upstream
3080406650,3425603,Downstream,Downstream,Downstream,Downstream,Downstream,Downstream,Downstream,Downstream
3080409040,3425603,Downstream,Downstream,Downstream,Downstream,Downstream,Downstream,Downstream,Downstream
3080409240,3425603,Downstream,Downstream,Downstream,Downstream,Downstream,Downstream,Downstream,Downstream
3080414010,3425603,Downstream,Downstream,Downstream,Downstream,Downstream,Downstream,Upstream,Upstream
3080414130,3425603,Downstream,Downstream,Downstream,Downstream,Downstream,Downstream,Downstream,Downstream
3080415550,3425603,Downstream,Downstream,Downstream,Downstream,Downstream,Downstream,Upstream,Upstream
3080415720,3425603,Upstream,Upstream,Upstream,Upstream,Upstream,Upstream,Upstream,Upstream
3080421510,3425603,Upstream,Upstream,Upstream,Upstream,Upstream,Upstream,Upstream,Upstream
3080421520,3425603,Upstream,Upstream,Upstream,Upstream,Upstream,Upstream,Upstream,Upstream
3080411570,3427100,Downstream,Downstream,Downstream,Downstream,Downstream,Downstream,Downstream,Downstream
3080410800,3424510,Downstream,Downstream,Downstream,Downstream,Downstream,Downstream,Downstream,Downstream
3080410790,3424510,Downstream,Downstream,Downstream,Downstream,Downstream,Downstream,Downstream,Downstream
3080411060,3424510,Downstream,Downstream,Downstream,Downstream,Downstream,Downstream,Downstream,Downstream
3080412210,3427100,Downstream,Downstream,Downstream,Downstream,Downstream,Downstream,Downstream,Downstream
3080412020,3427100,Downstream,Downstream,Downstream,Downstream,Downstream,Downstream,Downstream,Downstream
3080414930,3424510,Downstream,Downstream,Downstream,Downstream,Downstream,Downstream,Downstream,Downstream
3080415110,3424510,Upstream,Upstream,Upstream,Upstream,Upstream,Upstream,Upstream,Downstream
3080412750,3427100,Downstream,Downstream,Downstream,Downstream,Downstream,Downstream,Downstream,Downstream
3080413090,3427100,Upstream,Upstream,Upstream,Upstream,Upstream,Upstream,Upstream,Upstream
3080414250,3427100,Upstream,Upstream,Upstream,Upstream,Upstream,Upstream,Upstream,Upstream
3080413990,3427100,Upstream,Upstream,Upstream,Upstream,Upstream,Upstream,Upstream,Upstream
3080418540,3427100,Upstream,Upstream,Upstream,Upstream,Upstream,Upstream,Upstream,Upstream
3080418650,3427100,Upstream,Upstream,Upstream,Upstream,Upstream,Upstream,Upstream,Upstream
3080427800,3424510,Upstream,Upstream,Upstream,Upstream,Upstream,Upstream,Upstream,Upstream
3080427550,3424510,Upstream,Upstream,Upstream,Upstream,Upstream,Upstream,Upstream,Downstream
3080435390,3424510,Upstream,Upstream,Upstream,Upstream,Upstream,Upstream,Upstream,Upstream
3080435080,3424510,Upstream,Upstream,Upstream,Upstream,Upstream,Upstream,Upstream,Upstream
3080423340,3427401,Downstream,Downstream,Downstream,Downstream,Downstream,Downstream,Downstream,Downstream
3080424610,3427401,Downstream,Downstream,Downstream,Downstream,Downstream,Downstream,Downstream,Downstream
3080424700,3427401,Downstream,Downstream,Downstream,Downstream,Downstream,Downstream,Downstream,Downstream
3080421220,3427401,Downstream,Downstream,Downstream,Downstream,Downstream,Downstream,Upstream,Downstream
3080421230,3427401,Downstream,Downstream,Downstream,Downstream,Downstream,Downstream,Downstream,Downstream
3080417140,3427401,Upstream,Upstream,Upstream,Upstream,Upstream,Upstream,Upstream,Upstream
3080416770,3427401,Downstream,Downstream,Downstream,Downstream,Downstream,Downstream,Upstream,Downstream
3080419690,3427401,Upstream,Upstream,Upstream,Upstream,Upstream,Upstream,Upstream,Upstream
3080419680,3427401,Upstream,Upstream,Upstream,Upstream,Upstream,Upstream,Upstream,Upstream
3080464610,3424911,Downstream,Downstream,Downstream,Downstream,Downstream,Downstream,Downstream,Downstream
3080461560,3424911,Downstream,Downstream,Downstream,Downstream,Downstream,Downstream,Upstream,Downstream
3080461350,3424911,Downstream,Downstream,Downstream,Downstream,Downstream,Downstream,Downstream,Downstream
3080458830,3424911,Upstream,Upstream,Upstream,Upstream,Upstream,Upstream,Upstream,Upstream
3080459090,3424911,Downstream,Downstream,Downstream,Downstream,Downstream,Downstream,Upstream,Downstream
3080457270,3424911,Upstream,Upstream,Upstream,Upstream,Upstream,Upstream,Upstream,Upstream
3080457120,3424911,Upstream,Upstream,Upstream,Upstream,Upstream,Upstream,Upstream,Upstream
3080456560,3424911,Upstream,Upstream,Upstream,Upstream,Upstream,Upstream,Upstream,Upstream
3080456700,3424911,Upstream,Upstream,Upstream,Upstream,Upstream,Upstream,Upstream,Upstream
3080503210,3429350,Downstream,Downstream,Downstream,Downstream,Downstream,Downstream,Downstream,Downstream
3080501620,3429350,Downstream,Downstream,Downstream,Downstream,Downstream,Downstream,Downstream,Downstream
3080501630,3429350,Downstream,Downstream,Downstream,Downstream,Downstream,Downstream,Downstream,Downstream
3080521320,3424890,Downstream,Downstream,Downstream,Downstream,Downstream,Downstream,Downstream,Downstream
3080494540,3428610,Downstream,Downstream,Downstream,Downstream,Downstream,Downstream,Downstream,Downstream
3080523750,3424890,Downstream,Downstream,Downstream,Downstream,Downstream,Downstream,Downstream,Downstream
3080523430,3424890,Downstream,Downstream,Downstream,Downstream,Downstream,Downstream,Downstream,Downstream
3080499220,3429350,Downstream,Upstream,Upstream,Upstream,Upstream,Upstream,Downstream,Downstream
3080499400,3429350,Downstream,Downstream,Downstream,Downstream,Downstream,Downstream,Downstream,Downstream
3080499610,3428610,Downstream,Downstream,Downstream,Downstream,Downstream,Downstream,Downstream,Downstream
3080499620,3428610,Downstream,Downstream,Downstream,Downstream,Downstream,Downstream,Downstream,Downstream
3080494210,3429350,Upstream,Upstream,Upstream,Upstream,Upstream,Upstream,Upstream,Upstream
3080494010,3429350,Downstream,Upstream,Upstream,Upstream,Upstream,Upstream,Downstream,Downstream
3080530270,3424890,Upstream,Upstream,Upstream,Upstream,Upstream,Upstream,Upstream,Upstream
3080530360,3424890,Downstream,Downstream,Downstream,Downstream,Downstream,Downstream,Downstream,Downstream
3080509100,3428610,Upstream,Upstream,Upstream,Upstream,Upstream,Upstream,Upstream,Downstream
3080509110,3428610,Downstream,Downstream,Downstream,Downstream,Downstream,Downstream,Downstream,Downstream
3080510590,3428610,Upstream,Upstream,Upstream,Upstream,Upstream,Upstream,Upstream,Downstream
3080510360,3428610,Upstream,Upstream,Upstream,Upstream,Upstream,Upstream,Upstream,Upstream
3080511340,3428610,Upstream,Upstream,Upstream,Upstream,Upstream,Upstream,Upstream,Downstream
3080511440,3428610,Upstream,Upstream,Upstream,Upstream,Upstream,Upstream,Upstream,Downstream
3080502380,3429350,Upstream,Upstream,Upstream,Upstream,Upstream,Upstream,Upstream,Upstream
3080502590,3429350,Upstream,Upstream,Upstream,Upstream,Upstream,Upstream,Upstream,Upstream
3080540500,3424890,Upstream,Upstream,Upstream,Upstream,Upstream,Upstream,Upstream,Upstream
3080540580,3424890,Upstream,Upstream,Upstream,Upstream,Upstream,Upstream,Upstream,Upstream
3080542190,3424890,Upstream,Upstream,Upstream,Upstream,Upstream,Upstream,Upstream,Upstream
3080541860,3424890,Upstream,Upstream,Upstream,Upstream,Upstream,Upstream,Upstream,Upstream
3080555250,3429506,Downstream,Downstream,Downstream,Downstream,Downstream,Downstream,Downstream,Downstream
3080559650,3429506,Downstream,Downstream,Downstream,Downstream,Downstream,Downstream,Downstream,Downstream
3080559760,3429506,Downstream,Downstream,Downstream,Downstream,Downstream,Downstream,Downstream,Downstream
3080561440,3429506,Upstream,Upstream,Upstream,Upstream,Upstream,Upstream,Upstream,Upstream
3080561670,3429506,Downstream,Downstream,Downstream,Downstream,Downstream,Downstream,Downstream,Downstream
3080561100,3429506,Upstream,Upstream,Upstream,Upstream,Upstream,Upstream,Upstream,Upstream
3080561190,3429506,Upstream,Upstream,Upstream,Upstream,Upstream,Upstream,Upstream,Upstream
3080558440,3429506,Upstream,Upstream,Upstream,Upstream,Upstream,Upstream,Upstream,Upstream
3080558620,3429506,Upstream,Upstream,Upstream,Upstream,Upstream,Upstream,Upstream,Upstream
3080548020,3428920,Downstream,Downstream,Downstream,Downstream,Downstream,Downstream,Downstream,Downstream
3080555870,3428920,Downstream,Downstream,Downstream,Downstream,Downstream,Downstream,Downstream,Downstream
3080555880,3428920,Downstream,Downstream,Downstream,Downstream,Downstream,Downstream,Downstream,Downstream
3080556870,3428920,Downstream,Downstream,Downstream,Downstream,Downstream,Downstream,Downstream,Downstream
3080556970,3428920,Upstream,Upstream,Upstream,Upstream,Upstream,Upstream,Upstream,Downstream
3080559470,3428920,Upstream,Upstream,Upstream,Upstream,Upstream,Upstream,Upstream,Downstream
3080559590,3428920,Upstream,Upstream,Upstream,Upstream,Upstream,Upstream,Upstream,Upstream
3080564080,3428920,Upstream,Upstream,Upstream,Upstream,Upstream,Upstream,Upstream,Upstream
3080564180,3428920,Upstream,Upstream,Upstream,Upstream,Upstream,Upstream,Upstream,Upstream
3080581920,3428970,Downstream,Downstream,Downstream,Downstream,Downstream,Downstream,Downstream,Downstream
3080595840,3428970,Downstream,Downstream,Downstream,Downstream,Downstream,Downstream,Upstream,Downstream
3080595730,3428970,Downstream,Downstream,Downstream,Downstream,Downstream,Downstream,Downstream,Downstream
3080598240,3428970,Downstream,Downstream,Downstream,Downstream,Downstream,Downstream,Upstream,Downstream
3080598350,3428970,Upstream,Upstream,Upstream,Upstream,Upstream,Upstream,Upstream,Upstream
3080602040,3428970,Upstream,Upstream,Upstream,Upstream,Upstream,Upstream,Upstream,Upstream
3080602170,3428970,Upstream,Upstream,Upstream,Upstream,Upstream,Upstream,Upstream,Upstream
3080603550,3428970,Upstream,Upstream,Upstream,Upstream,Upstream,Upstream,Upstream,Upstream
3080603610,3428970,Upstream,Upstream,Upstream,Upstream,Upstream,Upstream,Upstream,Upstream
3080162220,3512441,Downstream,Downstream,Downstream,Downstream,Downstream,Downstream,Downstream,Downstream
3080162600,3512441,Downstream,Downstream,Downstream,Downstream,Downstream,Downstream,Downstream,Downstream
3080162610,3512441,Downstream,Downstream,Downstream,Downstream,Downstream,Downstream,Downstream,Downstream
3080171060,3512441,Downstream,Downstream,Downstream,Downstream,Downstream,Downstream,Downstream,Downstream
3080171120,3512441,Upstream,Upstream,Upstream,Upstream,Upstream,Upstream,Upstream,Upstream
3080175790,3512441,Upstream,Upstream,Upstream,Upstream,Upstream,Upstream,Upstream,Upstream
3080175800,3512441,Upstream,Upstream,Upstream,Upstream,Upstream,Upstream,Upstream,Upstream
3080177000,3512441,Upstream,Upstream,Upstream,Upstream,Upstream,Upstream,Upstream,Upstream
3080177110,3512441,Upstream,Upstream,Upstream,Upstream,Upstream,Upstream,Upstream,Upstream
3080267360,3514923,Downstream,Downstream,Downstream,Downstream,Downstream,Downstream,Downstream,Downstream
3080262030,3514923,Downstream,Downstream,Downstream,Downstream,Downstream,Downstream,Downstream,Downstream
3080262040,3514923,Downstream,Downstream,Downstream,Downstream,Downstream,Downstream,Downstream,Downstream
3080258520,3514923,Upstream,Upstream,Upstream,Upstream,Upstream,Upstream,Upstream,Upstream
3080258530,3514923,Downstream,Downstream,Downstream,Downstream,Downstream,Downstream,Downstream,Downstream
3080254910,3514923,Upstream,Upstream,Upstream,Upstream,Upstream,Upstream,Upstream,Upstream
3080254780,3514923,Upstream,Upstream,Upstream,Upstream,Upstream,Upstream,Upstream,Upstream
3080252840,3514923,Upstream,Upstream,Upstream,Upstream,Upstream,Upstream,Upstream,Upstream
3080252670,3514923,Upstream,Upstream,Upstream,Upstream,Upstream,Upstream,Upstream,Upstream
3080181070,3518229,Downstream,Downstream,Downstream,Downstream,Downstream,Downstream,Downstream,Downstream
3080183250,3518229,Downstream,Downstream,Downstream,Downstream,Downstream,Downstream,Downstream,Downstream
3080183500,3518229,Downstream,Downstream,Downstream,Downstream,Downstream,Downstream,Downstream,Downstream
3080152040,3518291,Downstream,Downstream,Downstream,Downstream,Downstream,Downstream,Downstream,Downstream
3080151210,3518291,Downstream,Downstream,Downstream,Downstream,Downstream,Downstream,Upstream,Downstream
3080151050,3518291,Downstream,Downstream,Downstream,Downstream,Downstream,Downstream,Downstream,Downstream
3080186060,3518229,Downstream,Downstream,Downstream,Downstream,Downstream,Downstream,Downstream,Downstream
3080185890,3518229,Downstream,Upstream,Upstream,Upstream,Upstream,Upstream,Downstream,Downstream
3080185490,3518229,Upstream,Upstream,Upstream,Upstream,Upstream,Upstream,Upstream,Upstream
3080185600,3518229,Downstream,Upstream,Upstream,Upstream,Upstream,Upstream,Downstream,Downstream
3080154940,3518291,Upstream,Upstream,Upstream,Upstream,Upstream,Upstream,Upstream,Upstream
3080154950,3518291,Downstream,Downstream,Downstream,Downstream,Downstream,Downstream,Upstream,Downstream
3080156280,3518291,Upstream,Upstream,Upstream,Upstream,Upstream,Upstream,Upstream,Upstream
3080156100,3518291,Upstream,Upstream,Upstream,Upstream,Upstream,Upstream,Upstream,Upstream
3080160500,3518291,Upstream,Upstream,Upstream,Upstream,Upstream,Upstream,Upstream,Upstream
3080160490,3518291,Upstream,Upstream,Upstream,Upstream,Upstream,Upstream,Upstream,Upstream
3080188600,3518229,Upstream,Upstream,Upstream,Upstream,Upstream,Upstream,Upstream,Upstream
3080188530,3518229,Upstream,Upstream,Upstream,Upstream,Upstream,Upstream,Upstream,Upstream
3080323760,3518971,Downstream,Downstream,Downstream,Downstream,Downstream,Downstream,Downstream,Downstream
3080336200,3518971,Downstream,Downstream,Downstream,Downstream,Downstream,Downstream,Downstream,Downstream
3080336210,3518971,Downstream,Downstream,Downstream,Downstream,Downstream,Downstream,Downstream,Downstream
3080333290,3518971,Downstream,Downstream,Downstream,Downstream,Downstream,Downstream,Downstream,Downstream
3080333070,3518971,Upstream,Upstream,Upstream,Upstream,Upstream,Upstream,Upstream,Upstream
3080329490,3518971,Upstream,Upstream,Upstream,Upstream,Upstream,Upstream,Upstream,Upstream
3080329330,3518971,Upstream,Upstream,Upstream,Upstream,Upstream,Upstream,Upstream,Upstream
3080329320,3518971,Upstream,Upstream,Upstream,Upstream,Upstream,Upstream,Upstream,Upstream
3080329150,3518971,Upstream,Upstream,Upstream,Upstream,Upstream,Upstream,Upstream,Upstream
3080349720,3518976,Downstream,Downstream,Downstream,Downstream,Downstream,Downstream,Downstream,Downstream
3080357900,3518976,Downstream,Downstream,Downstream,Downstream,Downstream,Downstream,Downstream,Downstream
3080358030,3518976,Downstream,Downstream,Downstream,Downstream,Downstream,Downstream,Upstream,Downstream
3080367500,3518978,Downstream,Downstream,Downstream,Downstream,Downstream,Downstream,Downstream,Downstream
3080373220,3518976,Downstream,Downstream,Downstream,Downstream,Downstream,Downstream,Upstream,Downstream
3080373230,3518976,Upstream,Upstream,Upstream,Upstream,Upstream,Upstream,Upstream,Upstream
3080376460,3518976,Upstream,Upstream,Upstream,Upstream,Upstream,Upstream,Upstream,Upstream
3080376550,3518976,Upstream,Upstream,Upstream,Upstream,Upstream,Upstream,Upstream,Upstream
3080379920,3518978,Downstream,Downstream,Downstream,Downstream,Downstream,Downstream,Upstream,Downstream
3080379930,3518978,Downstream,Downstream,Downstream,Downstream,Downstream,Downstream,Downstream,Downstream
3080385630,3518978,Downstream,Downstream,Downstream,Downstream,Downstream,Downstream,Upstream,Downstream
3080385820,3518978,Upstream,Upstream,Upstream,Upstream,Upstream,Upstream,Upstream,Upstream
3080386010,3518978,Upstream,Upstream,Upstream,Upstream,Upstream,Upstream,Upstream,Upstream
3080386150,3518978,Upstream,Upstream,Upstream,Upstream,Upstream,Upstream,Upstream,Upstream
3080394130,3518976,Upstream,Upstream,Upstream,Upstream,Upstream,Upstream,Upstream,Upstream
3080394300,3518976,Upstream,Upstream,Upstream,Upstream,Upstream,Upstream,Upstream,Upstream
3080390100,3518978,Upstream,Upstream,Upstream,Upstream,Upstream,Upstream,Upstream,Upstream
3080390090,3518978,Upstream,Upstream,Upstream,Upstream,Upstream,Upstream,Upstream,Upstream
3080250860,3541477,Downstream,Downstream,Downstream,Downstream,Downstream,Downstream,Downstream,Downstream
3080251990,3541477,Upstream,Downstream,Downstream,Downstream,Downstream,Downstream,Upstream,Downstream
3080252100,3541477,Downstream,Downstream,Downstream,Downstream,Downstream,Downstream,Downstream,Downstream
3080251980,3541477,Upstream,Upstream,Upstream,Upstream,Upstream,Upstream,Upstream,Upstream
3080251860,3541477,Upstream,Downstream,Downstream,Downstream,Downstream,Downstream,Upstream,Downstream
3080252460,3541477,Upstream,Upstream,Upstream,Upstream,Upstream,Upstream,Upstream,Upstream
3080252570,3541477,Upstream,Upstream,Upstream,Upstream,Upstream,Upstream,Upstream,Upstream
3080251850,3541477,Upstream,Upstream,Upstream,Upstream,Upstream,Upstream,Upstream,Upstream
3080251700,3541477,Upstream,Upstream,Upstream,Upstream,Upstream,Upstream,Upstream,Upstream
3080553830,3542460,Downstream,Downstream,Downstream,Downstream,Downstream,Downstream,Downstream,Downstream
3080554330,3542460,Upstream,Upstream,Upstream,Upstream,Downstream,Downstream,Upstream,Upstream
3080554030,3542460,Downstream,Downstream,Downstream,Downstream,Downstream,Downstream,Downstream,Downstream
3080557920,3542460,Upstream,Upstream,Upstream,Upstream,Downstream,Downstream,Upstream,Upstream
3080558070,3542460,Upstream,Upstream,Upstream,Upstream,Upstream,Upstream,Upstream,Upstream
3080559840,3542460,Upstream,Upstream,Upstream,Upstream,Upstream,Upstream,Upstream,Upstream
3080559830,3542460,Upstream,Upstream,Upstream,Upstream,Upstream,Upstream,Upstream,Upstream
3080567820,3542460,Upstream,Upstream,Upstream,Upstream,Upstream,Upstream,Upstream,Upstream
3080567970,3542460,Upstream,Upstream,Upstream,Upstream,Upstream,Upstream,Upstream,Upstream
3080584150,3120149,Downstream,Downstream,Downstream,Downstream,Downstream,Downstream,Downstream,Downstream
3080577780,3120149,Downstream,Downstream,Downstream,Downstream,Downstream,Downstream,Downstream,Downstream
3080577720,3120149,Downstream,Downstream,Downstream,Downstream,Downstream,Downstream,Downstream,Downstream
3080570480,3120149,Upstream,Upstream,Upstream,Upstream,Upstream,Upstream,Upstream,Upstream
3080570280,3120149,Downstream,Downstream,Downstream,Downstream,Downstream,Downstream,Downstream,Downstream
3080567030,3120149,Upstream,Upstream,Upstream,Upstream,Upstream,Upstream,Upstream,Upstream
3080566840,3120149,Upstream,Upstream,Upstream,Upstream,Upstream,Upstream,Upstream,Upstream
3080560850,3120149,Upstream,Upstream,Upstream,Upstream,Upstream,Upstream,Upstream,Upstream
3080560770,3120149,Upstream,Upstream,Upstream,Upstream,Upstream,Upstream,Upstream,Upstream
3080623560,3120455,Downstream,Downstream,Downstream,Downstream,Downstream,Downstream,Downstream,Downstream
3080619800,3120455,Downstream,Downstream,Downstream,Downstream,Downstream,Downstream,Downstream,Downstream
3080619810,3120455,Downstream,Downstream,Downstream,Downstream,Downstream,Downstream,Upstream,Upstream
3080619490,3120455,Upstream,Upstream,Upstream,Upstream,Upstream,Upstream,Upstream,Upstream
3080619380,3120455,Downstream,Downstream,Downstream,Downstream,Downstream,Downstream,Upstream,Upstream
3080618810,3120455,Upstream,Upstream,Upstream,Upstream,Upstream,Upstream,Upstream,Upstream
3080618690,3120455,Upstream,Upstream,Upstream,Upstream,Upstream,Upstream,Upstream,Upstream
3080024470,3129031,Downstream,Downstream,Downstream,Downstream,Downstream,Downstream,Downstream,Downstream
3080603450,3129031,Downstream,Downstream,Downstream,Downstream,Downstream,Downstream,Downstream,Downstream
3080603310,3129031,Downstream,Downstream,Downstream,Downstream,Downstream,Downstream,Downstream,Downstream
3080603510,3129031,Downstream,Downstream,Downstream,Downstream,Downstream,Downstream,Downstream,Downstream
3080948250,3129031,Upstream,Upstream,Upstream,Upstream,Upstream,Upstream,Upstream,Downstream
3080608120,3129031,Upstream,Upstream,Upstream,Upstream,Upstream,Upstream,Upstream,Upstream
3080608250,3129031,Upstream,Upstream,Upstream,Upstream,Upstream,Upstream,Upstream,Downstream
3080608110,3129031,Upstream,Upstream,Upstream,Upstream,Upstream,Upstream,Upstream,Upstream
3080608240,3129031,Upstream,Upstream,Upstream,Upstream,Upstream,Upstream,Upstream,Upstream
4080152350,4224964,Downstream,Downstream,Downstream,Downstream,Downstream,Downstream,Downstream,Downstream
4080149970,4224964,Downstream,Downstream,Downstream,Downstream,Downstream,Downstream,Downstream,Downstream
4080149980,4224964,Downstream,Downstream,Downstream,Downstream,Downstream,Downstream,Downstream,Downstream
4080148510,4224964,Downstream,Downstream,Downstream,Downstream,Downstream,Downstream,Downstream,Downstream
4080148560,4224964,Upstream,Upstream,Upstream,Upstream,Upstream,Upstream,Upstream,Downstream
4080149490,4224964,Upstream,Upstream,Upstream,Upstream,Upstream,Upstream,Upstream,Downstream
4080149550,4224964,Upstream,Upstream,Upstream,Upstream,Upstream,Upstream,Upstream,Upstream
4080154890,4224964,Upstream,Upstream,Upstream,Upstream,Upstream,Upstream,Upstream,Upstream
4080154970,4224964,Upstream,Upstream,Upstream,Upstream,Upstream,Upstream,Upstream,Upstream
4080116950,4228706,Downstream,Downstream,Downstream,Downstream,Downstream,Downstream,Downstream,Downstream
4080119320,4228706,Downstream,Downstream,Downstream,Downstream,Downstream,Downstream,Downstream,Downstream
4080119380,4228706,Downstream,Downstream,Downstream,Downstream,Downstream,Downstream,Downstream,Downstream
4080120090,4228706,Upstream,Upstream,Upstream,Upstream,Upstream,Upstream,Downstream,Downstream
4080120050,4228706,Downstream,Downstream,Downstream,Downstream,Downstream,Downstream,Downstream,Downstream
4080121370,4228706,Upstream,Upstream,Upstream,Upstream,Upstream,Upstream,Upstream,Upstream
4080121420,4228706,Upstream,Upstream,Upstream,Upstream,Upstream,Upstream,Downstream,Downstream
4080123650,4228706,Upstream,Upstream,Upstream,Upstream,Upstream,Upstream,Upstream,Upstream
4080123810,4228706,Upstream,Upstream,Upstream,Upstream,Upstream,Upstream,Upstream,Upstream
4080037060,4120011,Downstream,Downstream,Downstream,Downstream,Downstream,Downstream,Downstream,Downstream
4080037120,4120011,Downstream,Downstream,Downstream,Downstream,Downstream,Downstream,Downstream,Downstream
4080037130,4120011,Downstream,Downstream,Downstream,Downstream,Downstream,Downstream,Downstream,Downstream
4080037180,4120011,Downstream,Downstream,Downstream,Downstream,Downstream,Downstream,Downstream,Downstream
4080037190,4120011,Downstream,Downstream,Downstream,Downstream,Downstream,Downstream,Downstream,Downstream
4080037240,4120011,Upstream,Upstream,Upstream,Upstream,Upstream,Upstream,Upstream,Upstream
4080037250,4120011,Downstream,Downstream,Downstream,Downstream,Downstream,Downstream,Downstream,Downstream
4080037320,4120011,Downstream,Downstream,Downstream,Downstream,Downstream,Downstream,Downstream,Downstream
4080037330,4120011,Downstream,Downstream,Downstream,Downstream,Downstream,Downstream,Downstream,Downstream
4080037340,4120012,Downstream,Downstream,Downstream,Downstream,Downstream,Downstream,Downstream,Downstream
4080343370,4120012,Downstream,Downstream,Downstream,Downstream,Downstream,Downstream,Downstream,Downstream
4080343530,4120012,Downstream,Downstream,Downstream,Downstream,Downstream,Downstream,Downstream,Downstream
4080343260,4120012,Downstream,Downstream,Downstream,Downstream,Downstream,Downstream,Downstream,Downstream
4080342900,4120012,Downstream,Downstream,Upstream,Upstream,Upstream,Upstream,Downstream,Downstream
4080329050,4120012,Upstream,Upstream,Upstream,Upstream,Upstream,Upstream,Upstream,Upstream
4080329060,4120012,Downstream,Downstream,Upstream,Upstream,Upstream,Upstream,Downstream,Downstream
4080324770,4120012,Upstream,Upstream,Upstream,Upstream,Upstream,Upstream,Upstream,Upstream
4080324690,4120012,Upstream,Upstream,Upstream,Upstream,Upstream,Upstream,Upstream,Upstream
4080037350,4120013,Upstream,Upstream,Upstream,Upstream,Upstream,Upstream,Upstream,Upstream
4080037430,4120013,Downstream,Downstream,Downstream,Downstream,Downstream,Downstream,Downstream,Downstream
4080037440,4120013,Downstream,Downstream,Downstream,Downstream,Downstream,Downstream,Downstream,Downstream
4080037450,4120013,Downstream,Downstream,Downstream,Downstream,Downstream,Downstream,Downstream,Downstream
4080037460,4120013,Downstream,Downstream,Downstream,Downstream,Downstream,Downstream,Downstream,Downstream
4080037470,4120013,Downstream,Downstream,Downstream,Downstream,Downstream,Downstream,Downstream,Downstream
4080037480,4120013,Downstream,Downstream,Downstream,Downstream,Downstream,Downstream,Downstream,Downstream
4080037540,4120013,Downstream,Downstream,Downstream,Downstream,Downstream,Downstream,Downstream,Downstream
4080037550,4120013,Downstream,Downstream,Downstream,Downstream,Downstream,Downstream,Downstream,Downstream
4080037560,4120014,Downstream,Downstream,Downstream,Downstream,Downstream,Downstream,Downstream,Downstream
4080271990,4120014,Downstream,Downstream,Downstream,Downstream,Downstream,Downstream,Downstream,Downstream
4080271840,4120014,Downstream,Downstream,Downstream,Downstream,Downstream,Downstream,Downstream,Downstream
4080281650,4120014,Upstream,Upstream,Upstream,Upstream,Upstream,Upstream,Upstream,Upstream
4080281640,4120014,Downstream,Downstream,Downstream,Downstream,Downstream,Downstream,Downstream,Downstream
4080295550,4120014,Upstream,Upstream,Upstream,Upstream,Upstream,Upstream,Upstream,Upstream
4080295540,4120014,Upstream,Upstream,Upstream,Upstream,Upstream,Upstream,Upstream,Upstream
4080302080,4120014,Upstream,Upstream,Upstream,Upstream,Upstream,Upstream,Upstream,Upstream
4080302070,4120014,Upstream,Upstream,Upstream,Upstream,Upstream,Upstream,Upstream,Upstream
4080037570,4120015,Downstream,Downstream,Downstream,Downstream,Downstream,Downstream,Downstream,Downstream
4080037830,4120015,Downstream,Downstream,Downstream,Downstream,Downstream,Downstream,Downstream,Downstream
4080037840,4120015,Downstream,Downstream,Downstream,Downstream,Downstream,Downstream,Downstream,Downstream
4080037870,4120015,Downstream,Downstream,Downstream,Downstream,Downstream,Downstream,Downstream,Downstream
4080037880,4120015,Downstream,Downstream,Downstream,Downstream,Downstream,Downstream,Downstream,Downstream
4080037930,4120015,Downstream,Downstream,Downstream,Downstream,Downstream,Downstream,Downstream,Downstream
4080037940,4120015,Downstream,Downstream,Downstream,Downstream,Downstream,Downstream,Downstream,Downstream
4080037950,4120015,Downstream,Downstream,Downstream,Downstream,Downstream,Downstream,Downstream,Downstream
4080037960,4120015,Upstream,Upstream,Upstream,Upstream,Upstream,Upstream,Upstream,Upstream
4080038460,4120018,Upstream,Upstream,Downstream,Downstream,Downstream,Downstream,Upstream,Downstream
4080352170,4120018,Upstream,Upstream,Downstream,Downstream,Downstream,Downstream,Upstream,Downstream
4080352180,4120018,Upstream,Upstream,Downstream,Downstream,Downstream,Downstream,Upstream,Downstream
4080349700,4120018,Upstream,Upstream,Upstream,Upstream,Upstream,Upstream,Upstream,Upstream
4080350130,4120018,Upstream,Upstream,Downstream,Downstream,Downstream,Downstream,Upstream,Downstream
4080349690,4120018,Upstream,Upstream,Upstream,Upstream,Upstream,Upstream,Upstream,Upstream
4080349500,4120018,Upstream,Upstream,Upstream,Upstream,Upstream,Upstream,Upstream,Upstream
4080349350,4120018,Upstream,Upstream,Upstream,Upstream,Upstream,Upstream,Upstream,Upstream
4080349140,4120018,Upstream,Upstream,Upstream,Upstream,Upstream,Upstream,Upstream,Upstream
4080038470,4120019,Downstream,Downstream,Downstream,Downstream,Downstream,Downstream,Downstream,Downstream
4080038520,4120019,Downstream,Downstream,Downstream,Downstream,Downstream,Downstream,Downstream,Downstream
4080038530,4120019,Downstream,Downstream,Downstream,Downstream,Downstream,Downstream,Downstream,Downstream
4080038730,4120019,Downstream,Downstream,Downstream,Downstream,Downstream,Downstream,Downstream,Downstream
4080038740,4120019,Downstream,Downstream,Downstream,Downstream,Downstream,Downstream,Downstream,Downstream
4080038810,4120019,Downstream,Downstream,Downstream,Downstream,Downstream,Downstream,Downstream,Downstream
4080038820,4120019,Downstream,Downstream,Downstream,Downstream,Downstream,Downstream,Downstream,Downstream
4080038830,4120019,Downstream,Downstream,Downstream,Downstream,Downstream,Downstream,Downstream,Downstream
4080038840,4120019,Upstream,Upstream,Upstream,Upstream,Upstream,Upstream,Upstream,Upstream
4080043560,4130139,Downstream,Downstream,Downstream,Downstream,Downstream,Downstream,Downstream,Downstream
4080043650,4130139,Downstream,Downstream,Downstream,Downstream,Downstream,Downstream,Downstream,Downstream
4080043660,4130139,Upstream,Upstream,Upstream,Upstream,Upstream,Upstream,Upstream,Upstream
4080043830,4130139,Downstream,Downstream,Downstream,Downstream,Downstream,Downstream,Downstream,Downstream
4080043840,4130139,Downstream,Downstream,Downstream,Downstream,Downstream,Downstream,Downstream,Downstream
4080043850,4130139,Downstream,Downstream,Downstream,Downstream,Downstream,Downstream,Downstream,Downstream
4080043860,4130139,Downstream,Downstream,Downstream,Downstream,Downstream,Downstream,Downstream,Downstream
4080043980,4130139,Downstream,Downstream,Downstream,Downstream,Downstream,Downstream,Downstream,Downstream
4080043990,4130139,Downstream,Downstream,Downstream,Downstream,Downstream,Downstream,Downstream,Downstream
4080491870,4618070,Downstream,Downstream,Downstream,Downstream,Downstream,Downstream,Downstream,Downstream
4080488020,4618070,Downstream,Downstream,Downstream,Downstream,Downstream,Downstream,Downstream,Downstream
4080488030,4618070,Downstream,Downstream,Downstream,Downstream,Downstream,Downstream,Downstream,Downstream
4080488040,4618070,Downstream,Downstream,Downstream,Downstream,Downstream,Downstream,Downstream,Downstream
4080488210,4618070,Upstream,Upstream,Upstream,Upstream,Upstream,Upstream,Upstream,Upstream
4080483670,4618070,Upstream,Upstream,Upstream,Upstream,Upstream,Upstream,Upstream,Upstream
4080483530,4618070,Upstream,Upstream,Upstream,Upstream,Upstream,Upstream,Upstream,Upstream
4080482200,4618070,Upstream,Upstream,Upstream,Upstream,Upstream,Upstream,Upstream,Upstream
4080482030,4618070,Upstream,Upstream,Upstream,Upstream,Upstream,Upstream,Upstream,Upstream
4080480370,4618080,Downstream,Downstream,Downstream,Downstream,Downstream,Downstream,Downstream,Downstream
4080483410,4618080,Downstream,Downstream,Downstream,Downstream,Downstream,Downstream,Downstream,Downstream
4080483680,4618080,Downstream,Downstream,Downstream,Downstream,Downstream,Downstream,Downstream,Downstream
4080482910,4618080,Upstream,Upstream,Upstream,Upstream,Upstream,Upstream,Upstream,Upstream
4080482830,4618080,Downstream,Downstream,Downstream,Downstream,Downstream,Downstream,Downstream,Downstream
4080484880,4618080,Upstream,Upstream,Upstream,Upstream,Upstream,Upstream,Upstream,Upstream
4080484890,4618080,Upstream,Upstream,Upstream,Upstream,Upstream,Upstream,Upstream,Upstream
4080485370,4618080,Upstream,Upstream,Upstream,Upstream,Upstream,Upstream,Upstream,Upstream
4080485380,4618080,Upstream,Upstream,Upstream,Upstream,Upstream,Upstream,Upstream,Upstream
7080695490,7722160,Downstream,Downstream,Downstream,Downstream,Downstream,Downstream,Downstream,Downstream
7080692270,7722160,Downstream,Downstream,Downstream,Downstream,Downstream,Downstream,Downstream,Downstream
7080692130,7722160,Upstream,Upstream,Upstream,Upstream,Upstream,Upstream,Upstream,Downstream
7080693990,7722180,Downstream,Downstream,Downstream,Downstream,Downstream,Downstream,Downstream,Downstream
7080691680,7722180,Downstream,Downstream,Downstream,Downstream,Downstream,Downstream,Downstream,Downstream
7080691590,7722180,Downstream,Downstream,Downstream,Downstream,Downstream,Downstream,Downstream,Downstream
7080681560,7722160,Upstream,Upstream,Upstream,Upstream,Upstream,Upstream,Upstream,Upstream
7080681710,7722160,Upstream,Upstream,Upstream,Upstream,Upstream,Upstream,Upstream,Downstream
7080681170,7722160,Upstream,Upstream,Upstream,Upstream,Upstream,Upstream,Upstream,Upstream
7080681060,7722160,Upstream,Upstream,Upstream,Upstream,Upstream,Upstream,Upstream,Upstream
7080684270,7722180,Downstream,Downstream,Downstream,Downstream,Downstream,Downstream,Downstream,Downstream
7080684190,7722180,Upstream,Upstream,Upstream,Upstream,Upstream,Upstream,Upstream,Upstream
7080690850,7722230,Downstream,Downstream,Downstream,Downstream,Downstream,Downstream,Downstream,Downstream
7080689160,7722230,Downstream,Downstream,Downstream,Downstream,Downstream,Downstream,Downstream,Downstream
7080689080,7722230,Downstream,Downstream,Downstream,Downstream,Downstream,Downstream,Downstream,Downstream
7080679980,7722180,Upstream,Upstream,Upstream,Upstream,Upstream,Upstream,Upstream,Upstream
7080679900,7722180,Upstream,Upstream,Upstream,Upstream,Upstream,Upstream,Upstream,Upstream
7080676580,7722160,Upstream,Upstream,Upstream,Upstream,Upstream,Upstream,Upstream,Upstream
7080676470,7722160,Upstream,Upstream,Upstream,Upstream,Upstream,Upstream,Upstream,Upstream
7080674820,7722180,Upstream,Upstream,Upstream,Upstream,Upstream,Upstream,Upstream,Upstream
7080674720,7722180,Upstream,Upstream,Upstream,Upstream,Upstream,Upstream,Upstream,Upstream
7080688390,7722223,Downstream,Downstream,Downstream,Downstream,Downstream,Downstream,Downstream,Downstream
7080688070,7722223,Downstream,Downstream,Downstream,Downstream,Downstream,Downstream,Downstream,Downstream
7080688400,7722223,Downstream,Downstream,Downstream,Downstream,Downstream,Downstream,Downstream,Downstream
7080688840,7722223,Downstream,Downstream,Downstream,Downstream,Downstream,Downstream,Downstream,Downstream
7080688850,7722223,Upstream,Upstream,Upstream,Upstream,Upstream,Upstream,Upstream,Downstream
7080689450,7722223,Upstream,Upstream,Upstream,Upstream,Upstream,Upstream,Upstream,Upstream
7080689540,7722223,Upstream,Upstream,Upstream,Upstream,Upstream,Upstream,Upstream,Downstream
7080675860,7722230,Downstream,Downstream,Downstream,Downstream,Downstream,Downstream,Downstream,Downstream
7080675780,7722230,Upstream,Upstream,Upstream,Upstream,Upstream,Upstream,Upstream,Upstream
7080688490,7722223,Upstream,Upstream,Upstream,Upstream,Upstream,Upstream,Upstream,Upstream
7080688480,7722223,Upstream,Upstream,Upstream,Upstream,Upstream,Upstream,Upstream,Upstream
7080671160,7722230,Upstream,Upstream,Upstream,Upstream,Upstream,Upstream,Upstream,Upstream
7080671090,7722230,Upstream,Upstream,Upstream,Upstream,Upstream,Upstream,Upstream,Upstream
7080669630,7722230,Upstream,Upstream,Upstream,Upstream,Upstream,Upstream,Upstream,Upstream
7080669570,7722230,Upstream,Upstream,Upstream,Upstream,Upstream,Upstream,Upstream,Upstream
7080687150,7722229,Downstream,Downstream,Downstream,Downstream,Downstream,Downstream,Downstream,Downstream
7080662960,7722270,Downstream,Downstream,Downstream,Downstream,Downstream,Downstream,Downstream,Downstream
7080621130,7723470,Downstream,Downstream,Downstream,Downstream,Downstream,Downstream,Downstream,Downstream
7080661610,7722270,Downstream,Downstream,Downstream,Downstream,Downstream,Downstream,Downstream,Downstream
7080661870,7722270,Downstream,Downstream,Downstream,Downstream,Downstream,Downstream,Downstream,Downstream
7080661950,7722270,Upstream,Upstream,Upstream,Upstream,Upstream,Upstream,Downstream,Downstream
7080661740,7722270,Downstream,Downstream,Downstream,Downstream,Downstream,Downstream,Downstream,Downstream
7080690510,7722229,Upstream,Upstream,Upstream,Upstream,Upstream,Upstream,Upstream,Upstream
7080690410,7722229,Downstream,Downstream,Downstream,Downstream,Downstream,Downstream,Downstream,Downstream
7080690610,7722229,Downstream,Downstream,Downstream,Downstream,Downstream,Downstream,Downstream,Downstream
7080662950,7722270,Upstream,Upstream,Upstream,Upstream,Upstream,Upstream,Upstream,Upstream
7080663050,7722270,Upstream,Upstream,Upstream,Upstream,Upstream,Upstream,Downstream,Downstream
7080617340,7723470,Downstream,Downstream,Downstream,Downstream,Downstream,Downstream,Downstream,Downstream
7080617240,7723470,Downstream,Downstream,Downstream,Downstream,Downstream,Downstream,Downstream,Downstream
7080662260,7722270,Upstream,Upstream,Upstream,Upstream,Upstream,Upstream,Upstream,Upstream
7080662150,7722270,Upstream,Upstream,Upstream,Upstream,Upstream,Upstream,Upstream,Upstream
7080613280,7723470,Downstream,Downstream,Downstream,Downstream,Downstream,Downstream,Downstream,Downstream
7080613070,7723470,Upstream,Upstream,Upstream,Upstream,Upstream,Downstream,Upstream,Downstream
7080702460,7722800,Downstream,Downstream,Downstream,Downstream,Downstream,Downstream,Downstream,Downstream
7081136050,7722229,Upstream,Upstream,Upstream,Upstream,Upstream,Upstream,Upstream,Upstream
7080610390,7723429,Downstream,Downstream,Downstream,Downstream,Downstream,Downstream,Downstream,Downstream
7080687160,7722229,Upstream,Upstream,Upstream,Upstream,Upstream,Upstream,Upstream,Upstream
7080687170,7722229,Upstream,Upstream,Upstream,Upstream,Upstream,Upstream,Upstream,Upstream
7080686820,7722229,Upstream,Upstream,Upstream,Upstream,Upstream,Upstream,Upstream,Upstream
7080686760,7722229,Upstream,Upstream,Upstream,Upstream,Upstream,Upstream,Upstream,Upstream
7080607730,7723429,Downstream,Downstream,Downstream,Downstream,Downstream,Downstream,Downstream,Downstream
7080607900,7723429,Downstream,Downstream,Downstream,Downstream,Downstream,Downstream,Downstream,Downstream
7080697920,7722800,Downstream,Downstream,Downstream,Downstream,Downstream,Downstream,Downstream,Downstream
7080607740,7723429,Upstream,Upstream,Upstream,Upstream,Upstream,Upstream,Upstream,Downstream
7080607410,7723429,Downstream,Downstream,Downstream,Downstream,Downstream,Downstream,Downstream,Downstream
7080697850,7722800,Downstream,Downstream,Downstream,Downstream,Downstream,Downstream,Downstream,Downstream
7080600060,7723470,Upstream,Upstream,Upstream,Upstream,Upstream,Downstream,Upstream,Downstream
7080600000,7723470,Upstream,Upstream,Upstream,Upstream,Upstream,Downstream,Upstream,Downstream
7080600010,7723470,Upstream,Upstream,Upstream,Upstream,Upstream,Upstream,Upstream,Upstream
7080607750,7723429,Upstream,Upstream,Upstream,Upstream,Upstream,Upstream,Upstream,Upstream
7080607420,7723429,Upstream,Upstream,Upstream,Upstream,Upstream,Upstream,Upstream,Downstream
7080608470,7723429,Upstream,Upstream,Upstream,Upstream,Upstream,Upstream,Upstream,Upstream
7080608400,7723429,Upstream,Upstream,Upstream,Upstream,Upstream,Upstream,Upstream,Upstream
7080697760,7722800,Downstream,Downstream,Downstream,Downstream,Downstream,Downstream,Downstream,Downstream
7080697660,7722800,Upstream,Upstream,Upstream,Upstream,Upstream,Downstream,Upstream,Upstream
7080627380,7723800,Downstream,Downstream,Downstream,Downstream,Downstream,Downstream,Downstream,Downstream
7080688410,7722800,Upstream,Upstream,Upstream,Upstream,Upstream,Upstream,Upstream,Upstream
7080688250,7722800,Upstream,Upstream,Upstream,Upstream,Upstream,Downstream,Upstream,Upstream
7080623790,7723800,Downstream,Downstream,Downstream,Downstream,Downstream,Downstream,Downstream,Downstream
7080624060,7723800,Downstream,Downstream,Downstream,Downstream,Downstream,Downstream,Downstream,Downstream
7080621350,7723800,Downstream,Downstream,Downstream,Downstream,Downstream,Downstream,Downstream,Downstream
7080621270,7723800,Upstream,Upstream,Upstream,Upstream,Upstream,Upstream,Upstream,Downstream
7080685110,7722800,Upstream,Upstream,Upstream,Upstream,Upstream,Downstream,Upstream,Upstream
7080684890,7722800,Upstream,Upstream,Upstream,Upstream,Upstream,Downstream,Upstream,Upstream
7080617700,7723800,Upstream,Upstream,Upstream,Upstream,Upstream,Upstream,Upstream,Upstream
7080617690,7723800,Upstream,Upstream,Upstream,Upstream,Upstream,Upstream,Upstream,Downstream
7080615590,7723800,Upstream,Upstream,Upstream,Upstream,Upstream,Upstream,Upstream,Upstream
7080615500,7723800,Upstream,Upstream,Upstream,Upstream,Upstream,Upstream,Upstream,Upstream
7080639670,7724020,Downstream,Downstream,Downstream,Downstream,Downstream,Downstream,Downstream,Downstream
7080635210,7724020,Downstream,Downstream,Downstream,Downstream,Downstream,Downstream,Downstream,Downstream
7080635110,7724020,Downstream,Downstream,Downstream,Downstream,Downstream,Downstream,Downstream,Downstream
7080615510,7725002,Downstream,Downstream,Downstream,Downstream,Downstream,Downstream,Downstream,Downstream
7080634540,7724020,Upstream,Upstream,Upstream,Upstream,Upstream,Upstream,Upstream,Downstream
7080634400,7724020,Downstream,Downstream,Downstream,Downstream,Downstream,Downstream,Downstream,Downstream
7080633650,7724020,Upstream,Upstream,Upstream,Upstream,Upstream,Upstream,Upstream,Downstream
7080633200,7724020,Upstream,Upstream,Upstream,Upstream,Upstream,Upstream,Upstream,Upstream
7080612220,7725002,Downstream,Downstream,Downstream,Downstream,Downstream,Downstream,Downstream,Downstream
7080612100,7725002,Upstream,Upstream,Upstream,Downstream,Downstream,Downstream,Upstream,Upstream
7080633210,7724020,Upstream,Upstream,Upstream,Upstream,Upstream,Upstream,Upstream,Upstream
7080633060,7724020,Upstream,Upstream,Upstream,Upstream,Upstream,Upstream,Upstream,Upstream
7080606530,7725002,Upstream,Upstream,Upstream,Downstream,Downstream,Downstream,Upstream,Upstream
7080606540,7725002,Upstream,Upstream,Upstream,Downstream,Downstream,Downstream,Upstream,Upstream
7080602230,7725002,Upstream,Upstream,Upstream,Upstream,Upstream,Upstream,Upstream,Upstream
7080602220,7725002,Upstream,Upstream,Upstream,Downstream,Downstream,Downstream,Upstream,Upstream
7080599790,7725002,Upstream,Upstream,Upstream,Upstream,Upstream,Upstream,Upstream,Upstream
7080599800,7725002,Upstream,Upstream,Upstream,Upstream,Upstream,Upstream,Upstream,Upstream
7080605100,7727002,Downstream,Downstream,Downstream,Downstream,Downstream,Downstream,Downstream,Downstream
7080598960,7727002,Upstream,Upstream,Upstream,Upstream,Upstream,Upstream,Upstream,Downstream
7080599080,7727002,Downstream,Downstream,Downstream,Downstream,Downstream,Downstream,Downstream,Downstream
7080597450,7727002,Upstream,Upstream,Upstream,Upstream,Upstream,Upstream,Upstream,Downstream
7080597400,7727002,Upstream,Upstream,Upstream,Upstream,Upstream,Upstream,Upstream,Upstream
7080662440,7724070,Downstream,Downstream,Downstream,Downstream,Downstream,Downstream,Downstream,Downstream
7080595400,7727002,Upstream,Upstream,Upstream,Upstream,Upstream,Upstream,Upstream,Upstream
7080595310,7727002,Upstream,Upstream,Upstream,Upstream,Upstream,Upstream,Upstream,Upstream
7080665830,7724070,Downstream,Downstream,Downstream,Downstream,Downstream,Downstream,Downstream,Downstream
7080665930,7724070,Upstream,Upstream,Upstream,Upstream,Upstream,Upstream,Upstream,Upstream
7080594930,7727002,Upstream,Upstream,Upstream,Upstream,Upstream,Upstream,Upstream,Upstream
7080594810,7727002,Upstream,Upstream,Upstream,Upstream,Upstream,Upstream,Upstream,Upstream
7080666620,7724070,Downstream,Downstream,Downstream,Downstream,Downstream,Downstream,Downstream,Downstream
7080666630,7724070,Downstream,Downstream,Downstream,Downstream,Downstream,Downstream,Downstream,Downstream
7080591970,7727008,Downstream,Downstream,Downstream,Downstream,Downstream,Downstream,Downstream,Downstream
7080667670,7724070,Downstream,Downstream,Downstream,Downstream,Downstream,Downstream,Downstream,Downstream
7080667560,7724070,Downstream,Downstream,Downstream,Downstream,Downstream,Downstream,Downstream,Downstream
7080667460,7724070,Downstream,Downstream,Downstream,Downstream,Downstream,Downstream,Downstream,Downstream
7080667350,7724070,Downstream,Downstream,Downstream,Downstream,Downstream,Downstream,Downstream,Downstream
7080668050,7724090,Downstream,Downstream,Downstream,Downstream,Downstream,Downstream,Downstream,Downstream
7080668760,7724082,Downstream,Downstream,Downstream,Downstream,Downstream,Downstream,Downstream,Downstream
7080667570,7724090,Downstream,Downstream,Downstream,Downstream,Downstream,Downstream,Downstream,Downstream
7080667360,7724090,Downstream,Downstream,Downstream,Downstream,Downstream,Downstream,Downstream,Downstream
7080669350,7724082,Downstream,Downstream,Downstream,Downstream,Downstream,Downstream,Downstream,Downstream
7080669340,7724082,Downstream,Downstream,Downstream,Downstream,Downstream,Downstream,Downstream,Downstream
7080664240,7724090,Upstream,Upstream,Downstream,Downstream,Downstream,Downstream,Upstream,Upstream
7080664530,7724090,Downstream,Downstream,Downstream,Downstream,Downstream,Downstream,Downstream,Downstream
7080579440,7727008,Downstream,Downstream,Downstream,Downstream,Downstream,Downstream,Downstream,Downstream
7080579520,7727008,Upstream,Upstream,Upstream,Upstream,Upstream,Upstream,Upstream,Upstream
7080675450,7724082,Downstream,Downstream,Downstream,Downstream,Downstream,Downstream,Downstream,Downstream
7080675510,7724082,Upstream,Upstream,Upstream,Upstream,Upstream,Upstream,Upstream,Upstream
7080676220,7724082,Upstream,Upstream,Upstream,Upstream,Upstream,Upstream,Upstream,Upstream
7080676210,7724082,Upstream,Upstream,Upstream,Upstream,Upstream,Upstream,Upstream,Upstream
7080580860,7727008,Upstream,Upstream,Upstream,Upstream,Upstream,Upstream,Upstream,Upstream
7080580710,7727008,Upstream,Upstream,Upstream,Upstream,Upstream,Upstream,Upstream,Upstream
7080678620,7724082,Upstream,Upstream,Upstream,Upstream,Upstream,Upstream,Upstream,Upstream
7080678610,7724082,Upstream,Upstream,Upstream,Upstream,Upstream,Upstream,Upstream,Upstream
7080582030,7727008,Upstream,Upstream,Upstream,Upstream,Upstream,Upstream,Upstream,Upstream
7080582140,7727008,Upstream,Upstream,Upstream,Upstream,Upstream,Upstream,Upstream,Upstream
7080657160,7724090,Upstream,Upstream,Upstream,Upstream,Upstream,Upstream,Upstream,Upstream
7080657020,7724090,Upstream,Upstream,Downstream,Downstream,Downstream,Downstream,Upstream,Upstream
7080657550,7724090,Upstream,Upstream,Upstream,Upstream,Upstream,Upstream,Upstream,Upstream
7080657370,7724090,Upstream,Upstream,Upstream,Upstream,Upstream,Upstream,Upstream,Upstream
7080581140,7727008,Upstream,Upstream,Upstream,Upstream,Upstream,Upstream,Upstream,Upstream
7080581070,7727008,Upstream,Upstream,Upstream,Upstream,Upstream,Upstream,Upstream,Upstream
7080570810,7729102,Downstream,Downstream,Downstream,Downstream,Downstream,Downstream,Downstream,Downstream
7080569290,7728030,Downstream,Downstream,Downstream,Downstream,Downstream,Downstream,Downstream,Downstream
7080568640,7728030,Downstream,Downstream,Downstream,Downstream,Downstream,Downstream,Downstream,Downstream
7080568630,7728030,Downstream,Downstream,Downstream,Downstream,Downstream,Downstream,Downstream,Downstream
7080570450,7729102,Downstream,Downstream,Downstream,Downstream,Downstream,Downstream,Downstream,Downstream
7080570270,7729102,Upstream,Upstream,Upstream,Upstream,Upstream,Upstream,Upstream,Downstream
7080565800,7728030,Downstream,Downstream,Downstream,Downstream,Downstream,Downstream,Downstream,Downstream
7080566070,7728030,Upstream,Upstream,Upstream,Upstream,Upstream,Upstream,Upstream,Downstream
7080619360,7726060,Downstream,Downstream,Downstream,Downstream,Downstream,Downstream,Downstream,Downstream
7080563010,7728030,Upstream,Upstream,Upstream,Upstream,Upstream,Upstream,Upstream,Downstream
7080562920,7728030,Upstream,Upstream,Upstream,Upstream,Upstream,Upstream,Upstream,Upstream
7080560680,7729104,Downstream,Downstream,Downstream,Downstream,Downstream,Downstream,Downstream,Downstream
7080560090,7728030,Upstream,Upstream,Upstream,Upstream,Upstream,Upstream,Upstream,Upstream
7080560200,7728030,Upstream,Upstream,Upstream,Upstream,Upstream,Upstream,Upstream,Upstream
7080579970,7728024,Downstream,Downstream,Downstream,Downstream,Downstream,Downstream,Downstream,Downstream
7080611140,7726060,Downstream,Downstream,Downstream,Downstream,Downstream,Downstream,Downstream,Downstream
7080611130,7726060,Upstream,Upstream,Upstream,Upstream,Upstream,Upstream,Upstream,Downstream
7080580880,7728024,Downstream,Downstream,Downstream,Downstream,Downstream,Downstream,Downstream,Downstream
7080580720,7728024,Downstream,Downstream,Downstream,Downstream,Downstream,Downstream,Downstream,Downstream
7080556820,7729104,Upstream,Upstream,Upstream,Upstream,Upstream,Upstream,Upstream,Downstream
7080556600,7729104,Downstream,Downstream,Downstream,Downstream,Downstream,Downstream,Downstream,Downstream
7080562750,7729102,Upstream,Upstream,Upstream,Upstream,Upstream,Upstream,Upstream,Downstream
7080562600,7729102,Upstream,Upstream,Upstream,Upstream,Upstream,Upstream,Upstream,Upstream
7080561580,7729102,Upstream,Upstream,Upstream,Upstream,Upstream,Upstream,Upstream,Upstream
7080561460,7729102,Upstream,Upstream,Upstream,Upstream,Upstream,Upstream,Upstream,Upstream
7080561320,7729102,Upstream,Upstream,Upstream,Upstream,Upstream,Upstream,Upstream,Upstream
7080561310,7729102,Upstream,Upstream,Upstream,Upstream,Upstream,Upstream,Upstream,Upstream
7080563440,7728050,Downstream,Downstream,Downstream,Downstream,Downstream,Downstream,Downstream,Downstream
7080563580,7728041,Downstream,Downstream,Downstream,Downstream,Downstream,Downstream,Downstream,Downstream
7080583870,7728024,Downstream,Downstream,Downstream,Downstream,Downstream,Downstream,Downstream,Downstream
7080583990,7728024,Downstream,Downstream,Downstream,Downstream,Downstream,Downstream,Downstream,Downstream
7080605780,7726060,Upstream,Upstream,Upstream,Upstream,Upstream,Upstream,Upstream,Downstream
7080605690,7726060,Upstream,Upstream,Upstream,Upstream,Upstream,Upstream,Upstream,Upstream
7080584000,7728024,Upstream,Upstream,Upstream,Upstream,Upstream,Upstream,Upstream,Upstream
7080584220,7728024,Downstream,Downstream,Downstream,Downstream,Downstream,Downstream,Downstream,Downstream
7080555110,7729104,Upstream,Upstream,Upstream,Upstream,Upstream,Upstream,Upstream,Downstream
7080555020,7729104,Upstream,Upstream,Upstream,Upstream,Upstream,Upstream,Upstream,Upstream
7080602870,7726060,Upstream,Upstream,Upstream,Upstream,Upstream,Upstream,Upstream,Upstream
7080602860,7726060,Upstream,Upstream,Upstream,Upstream,Upstream,Upstream,Upstream,Upstream
7080566850,7728041,Downstream,Downstream,Downstream,Downstream,Downstream,Downstream,Downstream,Downstream
7080566630,7728041,Downstream,Downstream,Downstream,Downstream,Downstream,Downstream,Downstream,Downstream
7080584680,7728024,Upstream,Upstream,Upstream,Upstream,Upstream,Upstream,Upstream,Upstream
7080584820,7728024,Upstream,Upstream,Upstream,Upstream,Upstream,Upstream,Upstream,Upstream
7080560400,7728050,Downstream,Downstream,Downstream,Downstream,Downstream,Downstream,Downstream,Downstream
7080560290,7728050,Upstream,Upstream,Upstream,Upstream,Upstream,Downstream,Upstream,Downstream
7080569140,7728041,Downstream,Downstream,Downstream,Downstream,Downstream,Downstream,Downstream,Downstream
7080569020,7728041,Upstream,Upstream,Upstream,Upstream,Upstream,Upstream,Upstream,Upstream
7080549980,7729104,Upstream,Upstream,Upstream,Upstream,Upstream,Upstream,Upstream,Upstream
7080550260,7729104,Upstream,Upstream,Upstream,Upstream,Upstream,Upstream,Upstream,Upstream
7080598700,7726060,Upstream,Upstream,Upstream,Upstream,Upstream,Upstream,Upstream,Upstream
7080598620,7726060,Upstream,Upstream,Upstream,Upstream,Upstream,Upstream,Upstream,Upstream
7080557520,7728050,Upstream,Upstream,Upstream,Upstream,Upstream,Upstream,Upstream,Upstream
7080571330,7728041,Upstream,Upstream,Upstream,Upstream,Upstream,Upstream,Upstream,Upstream
7080557430,7728050,Upstream,Upstream,Upstream,Upstream,Upstream,Downstream,Upstream,Downstream
7080571380,7728041,Upstream,Upstream,Upstream,Upstream,Upstream,Upstream,Upstream,Upstream
7080571650,7728041,Upstream,Upstream,Upstream,Upstream,Upstream,Upstream,Upstream,Upstream
7080571840,7728041,Upstream,Upstream,Upstream,Upstream,Upstream,Upstream,Upstream,Upstream
7080545200,7729104,Upstream,Upstream,Upstream,Upstream,Upstream,Upstream,Upstream,Upstream
7080544990,7729104,Upstream,Upstream,Upstream,Upstream,Upstream,Upstream,Upstream,Upstream
7080571450,7728042,Downstream,Downstream,Downstream,Downstream,Downstream,Downstream,Downstream,Downstream
7080572280,7728042,Downstream,Downstream,Downstream,Downstream,Downstream,Downstream,Downstream,Downstream
7080572380,7728042,Downstream,Downstream,Downstream,Downstream,Downstream,Downstream,Downstream,Downstream
7080573390,7728042,Upstream,Upstream,Upstream,Upstream,Upstream,Upstream,Upstream,Upstream
7080573400,7728042,Downstream,Downstream,Downstream,Downstream,Downstream,Downstream,Downstream,Downstream
7080538960,7729500,Downstream,Downstream,Downstream,Downstream,Downstream,Downstream,Downstream,Downstream
7080570830,7728045,Downstream,Downstream,Downstream,Downstream,Downstream,Downstream,Downstream,Downstream
7080552610,7728050,Upstream,Upstream,Upstream,Upstream,Upstream,Upstream,Upstream,Upstream
7080552480,7728050,Upstream,Upstream,Upstream,Upstream,Upstream,Upstream,Upstream,Upstream
7080571760,7728045,Downstream,Downstream,Downstream,Downstream,Downstream,Downstream,Downstream,Downstream
7080571850,7728045,Downstream,Downstream,Downstream,Downstream,Downstream,Downstream,Downstream,Downstream
7080552140,7728050,Upstream,Upstream,Upstream,Upstream,Upstream,Upstream,Upstream,Upstream
7080552250,7728050,Upstream,Upstream,Upstream,Upstream,Upstream,Upstream,Upstream,Upstream
7080533880,7729500,Downstream,Downstream,Downstream,Downstream,Downstream,Downstream,Downstream,Downstream
7080533890,7729500,Downstream,Downstream,Downstream,Downstream,Downstream,Downstream,Downstream,Downstream
7080583680,7728042,Upstream,Upstream,Upstream,Upstream,Upstream,Upstream,Upstream,Upstream
7080583430,7728042,Upstream,Upstream,Upstream,Upstream,Upstream,Upstream,Upstream,Upstream
7080552010,7728060,Downstream,Downstream,Downstream,Downstream,Downstream,Downstream,Downstream,Downstream
7080585190,7728042,Upstream,Upstream,Upstream,Upstream,Upstream,Upstream,Upstream,Upstream
7080585180,7728042,Upstream,Upstream,Upstream,Upstream,Upstream,Upstream,Upstream,Upstream
7080578280,7728045,Upstream,Upstream,Upstream,Upstream,Upstream,Upstream,Upstream,Downstream
7080578350,7728045,Downstream,Downstream,Downstream,Downstream,Downstream,Downstream,Downstream,Downstream
7080554410,7728060,Downstream,Downstream,Downstream,Downstream,Downstream,Downstream,Downstream,Downstream
7080554330,7728060,Downstream,Downstream,Downstream,Downstream,Downstream,Downstream,Downstream,Downstream
7080555230,7728060,Downstream,Downstream,Downstream,Downstream,Downstream,Downstream,Downstream,Downstream
7080555350,7728060,Downstream,Downstream,Downstream,Downstream,Downstream,Downstream,Downstream,Downstream
7080531990,7729500,Upstream,Upstream,Upstream,Upstream,Upstream,Upstream,Upstream,Upstream
7080531980,7729500,Downstream,Downstream,Downstream,Downstream,Downstream,Downstream,Downstream,Downstream
7080531170,7729500,Upstream,Upstream,Upstream,Upstream,Upstream,Upstream,Upstream,Upstream
7080531010,7729500,Upstream,Upstream,Upstream,Upstream,Upstream,Upstream,Upstream,Upstream
7080530430,7729500,Upstream,Upstream,Upstream,Upstream,Upstream,Upstream,Upstream,Upstream
7080530440,7729500,Upstream,Upstream,Upstream,Upstream,Upstream,Upstream,Upstream,Upstream
7080549350,7728090,Downstream,Downstream,Downstream,Downstream,Downstream,Downstream,Downstream,Downstream
7080577800,7728045,Upstream,Upstream,Upstream,Upstream,Upstream,Upstream,Upstream,Upstream
7080577970,7728045,Upstream,Upstream,Upstream,Upstream,Upstream,Upstream,Upstream,Downstream
7080556610,7728060,Upstream,Upstream,Upstream,Upstream,Upstream,Upstream,Upstream,Upstream
7080556680,7728060,Downstream,Downstream,Downstream,Downstream,Downstream,Downstream,Downstream,Downstream
7080578070,7728045,Upstream,Upstream,Upstream,Upstream,Upstream,Upstream,Upstream,Upstream
7080577810,7728045,Upstream,Upstream,Upstream,Upstream,Upstream,Upstream,Upstream,Upstream
7080556530,7728060,Upstream,Upstream,Upstream,Upstream,Upstream,Upstream,Upstream,Upstream
7080556620,7728060,Upstream,Upstream,Upstream,Upstream,Upstream,Upstream,Upstream,Upstream
7080538660,7729209,Downstream,Downstream,Downstream,Downstream,Downstream,Downstream,Downstream,Downstream
7080540330,7728090,Upstream,Upstream,Downstream,Downstream,Downstream,Downstream,Upstream,Downstream
7080540180,7728090,Downstream,Downstream,Downstream,Downstream,Downstream,Downstream,Downstream,Downstream
7080540190,7728090,Upstream,Upstream,Downstream,Downstream,Downstream,Downstream,Upstream,Upstream
7080540480,7728090,Upstream,Upstream,Downstream,Downstream,Downstream,Downstream,Upstream,Downstream
7080541050,7729209,Downstream,Downstream,Downstream,Downstream,Downstream,Downstream,Downstream,Downstream
7080540910,7729209,Downstream,Downstream,Downstream,Downstream,Downstream,Downstream,Downstream,Downstream
7080539920,7728090,Upstream,Upstream,Downstream,Downstream,Downstream,Downstream,Upstream,Upstream
7080540040,7728090,Upstream,Upstream,Upstream,Upstream,Upstream,Upstream,Upstream,Upstream
7080528860,7729603,Downstream,Downstream,Downstream,Downstream,Downstream,Downstream,Downstream,Downstream
7080528820,7729602,Downstream,Downstream,Downstream,Downstream,Downstream,Downstream,Downstream,Downstream
7080540770,7729209,Downstream,Downstream,Downstream,Downstream,Downstream,Downstream,Downstream,Downstream
7080540920,7729209,Upstream,Upstream,Upstream,Upstream,Upstream,Upstream,Upstream,Downstream
7080542910,7729209,Upstream,Upstream,Upstream,Upstream,Upstream,Upstream,Upstream,Upstream
7080542990,7729209,Upstream,Upstream,Upstream,Upstream,Upstream,Upstream,Upstream,Downstream
7080538500,7728090,Upstream,Upstream,Upstream,Upstream,Upstream,Upstream,Upstream,Upstream
7080538570,7728090,Upstream,Upstream,Upstream,Upstream,Upstream,Upstream,Upstream,Upstream
7080525640,7729602,Downstream,Downstream,Downstream,Downstream,Downstream,Downstream,Downstream,Downstream
7080525500,7729602,Downstream,Downstream,Downstream,Downstream,Downstream,Downstream,Downstream,Downstream
7080542200,7729209,Upstream,Upstream,Upstream,Upstream,Upstream,Upstream,Upstream,Upstream
7080542100,7729209,Upstream,Upstream,Upstream,Upstream,Upstream,Upstream,Upstream,Upstream
7080527330,7729603,Downstream,Downstream,Downstream,Downstream,Downstream,Downstream,Downstream,Downstream
7080527410,7729603,Downstream,Downstream,Downstream,Downstream,Downstream,Downstream,Downstream,Downstream
7080527570,7729603,Downstream,Downstream,Downstream,Downstream,Downstream,Downstream,Downstream,Downstream
7080527580,7729603,Upstream,Upstream,Upstream,Upstream,Upstream,Upstream,Upstream,Downstream
7080527970,7729603,Upstream,Upstream,Upstream,Upstream,Upstream,Upstream,Upstream,Downstream
7080528140,7729603,Upstream,Upstream,Upstream,Upstream,Upstream,Upstream,Upstream,Upstream
7080530570,7729603,Upstream,Upstream,Upstream,Upstream,Upstream,Upstream,Upstream,Upstream
7080530710,7729603,Upstream,Upstream,Upstream,Upstream,Upstream,Upstream,Upstream,Upstream
7080515420,7729602,Upstream,Upstream,Upstream,Upstream,Upstream,Upstream,Upstream,Upstream
7080515250,7729602,Downstream,Downstream,Downstream,Downstream,Downstream,Downstream,Downstream,Downstream
7080514890,7729602,Upstream,Upstream,Upstream,Upstream,Upstream,Upstream,Upstream,Upstream
7080515020,7729602,Upstream,Upstream,Upstream,Upstream,Upstream,Upstream,Upstream,Upstream
7080507940,7729602,Upstream,Upstream,Upstream,Upstream,Upstream,Upstream,Upstream,Upstream
7080507760,7729602,Upstream,Upstream,Upstream,Upstream,Upstream,Upstream,Upstream,Upstream
7080500640,7729808,Downstream,Downstream,Downstream,Downstream,Downstream,Downstream,Downstream,Downstream
7080500450,7729808,Upstream,Upstream,Downstream,Downstream,Downstream,Downstream,Upstream,Downstream
7080500260,7729808,Downstream,Downstream,Downstream,Downstream,Downstream,Downstream,Downstream,Downstream
7080494410,7729904,Downstream,Downstream,Downstream,Downstream,Downstream,Downstream,Downstream,Downstream
7080494330,7729905,Downstream,Downstream,Downstream,Downstream,Downstream,Downstream,Downstream,Downstream
7080493750,7729905,Downstream,Downstream,Downstream,Downstream,Downstream,Downstream,Downstream,Downstream
7080493660,7729905,Downstream,Downstream,Downstream,Downstream,Downstream,Downstream,Downstream,Downstream
7080501600,7729808,Upstream,Upstream,Upstream,Upstream,Upstream,Upstream,Upstream,Upstream
7080501680,7729808,Upstream,Upstream,Downstream,Downstream,Downstream,Downstream,Upstream,Downstream
7080491940,7729904,Downstream,Downstream,Downstream,Downstream,Downstream,Downstream,Downstream,Downstream
7080492220,7729904,Downstream,Downstream,Downstream,Downstream,Downstream,Downstream,Downstream,Downstream
7080505740,7729808,Upstream,Upstream,Downstream,Downstream,Downstream,Downstream,Upstream,Downstream
7080505820,7729808,Upstream,Upstream,Downstream,Downstream,Downstream,Downstream,Upstream,Downstream
7080490780,7729905,Downstream,Downstream,Downstream,Downstream,Downstream,Downstream,Downstream,Downstream
7080490620,7729905,Upstream,Upstream,Upstream,Upstream,Upstream,Upstream,Upstream,Upstream
7080490160,7729904,Upstream,Upstream,Upstream,Upstream,Upstream,Upstream,Downstream,Downstream
7080490150,7729904,Downstream,Downstream,Downstream,Downstream,Downstream,Downstream,Downstream,Downstream
7080489870,7729904,Upstream,Upstream,Upstream,Upstream,Upstream,Upstream,Upstream,Downstream
7080490040,7729904,Upstream,Upstream,Upstream,Upstream,Upstream,Upstream,Downstream,Downstream
7080488500,7729905,Upstream,Upstream,Upstream,Upstream,Upstream,Upstream,Upstream,Upstream
7080488350,7729905,Upstream,Upstream,Upstream,Upstream,Upstream,Upstream,Upstream,Upstream
7080487890,7729904,Upstream,Upstream,Upstream,Upstream,Upstream,Upstream,Upstream,Downstream
7080487900,7729904,Upstream,Upstream,Upstream,Upstream,Upstream,Upstream,Upstream,Upstream
7080484630,7729905,Upstream,Upstream,Upstream,Upstream,Upstream,Upstream,Upstream,Upstream
7080484490,7729905,Upstream,Upstream,Upstream,Upstream,Upstream,Upstream,Upstream,Upstream
7080517550,7729808,Upstream,Upstream,Downstream,Downstream,Downstream,Downstream,Upstream,Downstream
7080517650,7729808,Upstream,Upstream,Downstream,Downstream,Downstream,Downstream,Upstream,Downstream
7080476630,7729908,Downstream,Downstream,Downstream,Downstream,Downstream,Downstream,Downstream,Downstream
7080476510,7729909,Downstream,Downstream,Downstream,Downstream,Downstream,Downstream,Downstream,Downstream
7080473200,7729909,Upstream,Upstream,Upstream,Upstream,Upstream,Downstream,Upstream,Downstream
7080473540,7729909,Downstream,Downstream,Downstream,Downstream,Downstream,Downstream,Downstream,Downstream
7080472570,7729908,Upstream,Upstream,Upstream,Upstream,Downstream,Downstream,Upstream,Upstream
7080472760,7729908,Downstream,Downstream,Downstream,Downstream,Downstream,Downstream,Downstream,Downstream
7080471350,7729908,Upstream,Upstream,Upstream,Upstream,Downstream,Downstream,Upstream,Upstream
7080471240,7729908,Upstream,Upstream,Upstream,Upstream,Upstream,Upstream,Upstream,Upstream
7080470570,7729908,Upstream,Upstream,Upstream,Upstream,Upstream,Upstream,Upstream,Upstream
7080470560,7729908,Upstream,Upstream,Upstream,Upstream,Upstream,Upstream,Upstream,Upstream
7080468220,7729909,Upstream,Upstream,Upstream,Upstream,Upstream,Upstream,Upstream,Upstream
7080468290,7729909,Upstream,Upstream,Upstream,Upstream,Upstream,Downstream,Upstream,Downstream
7080469600,7729908,Upstream,Upstream,Upstream,Upstream,Upstream,Upstream,Upstream,Upstream
7080469490,7729908,Upstream,Upstream,Upstream,Upstream,Upstream,Upstream,Upstream,Upstream
7080465860,7729909,Upstream,Upstream,Upstream,Upstream,Upstream,Upstream,Upstream,Upstream
7080465850,7729909,Upstream,Upstream,Upstream,Upstream,Upstream,Upstream,Upstream,Upstream
7080457690,7729909,Upstream,Upstream,Upstream,Upstream,Upstream,Upstream,Upstream,Upstream
7080457540,7729909,Upstream,Upstream,Upstream,Upstream,Upstream,Upstream,Upstream,Upstream
7080012590,7741600,Downstream,Downstream,Downstream,Downstream,Downstream,Downstream,Downstream,Downstream
7080686390,7741600,Downstream,Downstream,Downstream,Downstream,Downstream,Downstream,Downstream,Downstream
7080686330,7741600,Downstream,Downstream,Downstream,Downstream,Downstream,Downstream,Downstream,Downstream
7080683720,7741600,Downstream,Downstream,Downstream,Downstream,Downstream,Downstream,Downstream,Downstream
7080683710,7741600,Upstream,Upstream,Upstream,Upstream,Upstream,Upstream,Upstream,Upstream
7080688170,7741600,Downstream,Downstream,Downstream,Downstream,Downstream,Downstream,Downstream,Downstream
7080688050,7741600,Downstream,Downstream,Downstream,Downstream,Downstream,Downstream,Downstream,Downstream
7080686200,7741600,Downstream,Downstream,Downstream,Downstream,Downstream,Downstream,Downstream,Downstream
7080686190,7741600,Downstream,Downstream,Downstream,Downstream,Downstream,Downstream,Downstream,Downstream
7080587130,7744220,Downstream,Downstream,Downstream,Downstream,Downstream,Downstream,Downstream,Downstream
7080587260,7744230,Downstream,Downstream,Downstream,Downstream,Downstream,Downstream,Downstream,Downstream
7080588590,7744230,Downstream,Downstream,Downstream,Downstream,Downstream,Downstream,Downstream,Downstream
7080588670,7744230,Downstream,Downstream,Downstream,Downstream,Downstream,Downstream,Downstream,Downstream
7080583790,7744220,Downstream,Downstream,Downstream,Downstream,Downstream,Downstream,Downstream,Downstream
7080583630,7744220,Downstream,Downstream,Downstream,Downstream,Downstream,Downstream,Downstream,Downstream
7080590070,7744230,Upstream,Upstream,Upstream,Upstream,Upstream,Upstream,Upstream,Downstream
7080589940,7744230,Downstream,Downstream,Downstream,Downstream,Downstream,Downstream,Downstream,Downstream
7080583190,7744220,Downstream,Downstream,Downstream,Downstream,Downstream,Downstream,Downstream,Downstream
7080583280,7744220,Upstream,Upstream,Upstream,Upstream,Upstream,Upstream,Upstream,Upstream
7080584070,7744220,Upstream,Upstream,Upstream,Upstream,Upstream,Upstream,Upstream,Upstream
7080583800,7744220,Upstream,Upstream,Upstream,Upstream,Upstream,Upstream,Upstream,Upstream
7080591140,7744230,Upstream,Upstream,Upstream,Upstream,Upstream,Upstream,Upstream,Downstream
7080591260,7744230,Upstream,Upstream,Upstream,Upstream,Upstream,Upstream,Upstream,Upstream
7080574760,7744400,Downstream,Downstream,Downstream,Downstream,Downstream,Downstream,Downstream,Downstream
7080574380,7744400,Downstream,Downstream,Downstream,Downstream,Downstream,Downstream,Downstream,Downstream
7080574640,7744400,Upstream,Upstream,Upstream,Upstream,Upstream,Upstream,Upstream,Downstream
7080597540,7744230,Upstream,Upstream,Upstream,Upstream,Upstream,Upstream,Upstream,Upstream
7080597350,7744230,Upstream,Upstream,Upstream,Upstream,Upstream,Upstream,Upstream,Upstream
7080598410,7744240,Downstream,Downstream,Downstream,Downstream,Downstream,Downstream,Downstream,Downstream
7080598060,7744240,Downstream,Downstream,Downstream,Downstream,Downstream,Downstream,Downstream,Downstream
7080598030,7744240,Downstream,Downstream,Downstream,Downstream,Downstream,Downstream,Downstream,Downstream
7080572050,7744400,Upstream,Upstream,Upstream,Upstream,Upstream,Upstream,Upstream,Downstream
7080571900,7744400,Upstream,Upstream,Upstream,Upstream,Upstream,Upstream,Upstream,Upstream
7080603670,7744260,Downstream,Downstream,Downstream,Downstream,Downstream,Downstream,Downstream,Downstream
7080603600,7744260,Downstream,Downstream,Downstream,Downstream,Downstream,Downstream,Downstream,Downstream
7080603730,7744260,Downstream,Downstream,Downstream,Downstream,Downstream,Downstream,Downstream,Downstream
7080580150,7744220,Upstream,Upstream,Upstream,Upstream,Upstream,Upstream,Upstream,Upstream
7080580010,7744220,Upstream,Upstream,Upstream,Upstream,Upstream,Upstream,Upstream,Upstream
7080567260,7744400,Upstream,Upstream,Upstream,Upstream,Upstream,Upstream,Upstream,Upstream
7080567150,7744400,Upstream,Upstream,Upstream,Upstream,Upstream,Upstream,Upstream,Upstream
7080561850,7744604,Downstream,Downstream,Downstream,Downstream,Downstream,Downstream,Downstream,Downstream
7080601420,7744260,Downstream,Downstream,Downstream,Downstream,Downstream,Downstream,Downstream,Downstream
7080601360,7744260,Downstream,Downstream,Downstream,Downstream,Downstream,Downstream,Downstream,Downstream
7080559660,7744604,Downstream,Downstream,Downstream,Downstream,Downstream,Downstream,Downstream,Downstream
7080559550,7744604,Downstream,Downstream,Downstream,Downstream,Downstream,Downstream,Downstream,Downstream
7080559560,7744604,Downstream,Downstream,Downstream,Downstream,Downstream,Downstream,Downstream,Downstream
7080559450,7744604,Downstream,Downstream,Downstream,Downstream,Downstream,Downstream,Downstream,Downstream
7080564660,7744400,Upstream,Upstream,Upstream,Upstream,Upstream,Upstream,Upstream,Upstream
7080564470,7744400,Upstream,Upstream,Upstream,Upstream,Upstream,Upstream,Upstream,Upstream
7080558020,7744604,Upstream,Upstream,Upstream,Upstream,Upstream,Upstream,Upstream,Upstream
7080558180,7744604,Downstream,Downstream,Downstream,Downstream,Downstream,Downstream,Downstream,Downstream
7080556500,7744604,Upstream,Upstream,Upstream,Upstream,Upstream,Upstream,Upstream,Upstream
7080556450,7744604,Upstream,Upstream,Upstream,Upstream,Upstream,Upstream,Upstream,Upstream
7080592570,7744240,Downstream,Downstream,Downstream,Downstream,Downstream,Downstream,Downstream,Downstream
7080592700,7744240,Upstream,Upstream,Upstream,Upstream,Upstream,Upstream,Upstream,Upstream
7080617620,7744280,Downstream,Downstream,Downstream,Downstream,Downstream,Downstream,Downstream,Downstream
7080593480,7744240,Upstream,Upstream,Upstream,Upstream,Upstream,Upstream,Upstream,Upstream
7080593230,7744240,Upstream,Upstream,Upstream,Upstream,Upstream,Upstream,Upstream,Upstream
7080598250,7744260,Upstream,Upstream,Upstream,Upstream,Upstream,Upstream,Upstream,Upstream
7080598240,7744260,Downstream,Downstream,Downstream,Downstream,Downstream,Downstream,Downstream,Downstream
7080592140,7744240,Upstream,Upstream,Upstream,Upstream,Upstream,Upstream,Upstream,Upstream
7080592040,7744240,Upstream,Upstream,Upstream,Upstream,Upstream,Upstream,Upstream,Upstream
7080597550,7744260,Upstream,Upstream,Upstream,Upstream,Upstream,Upstream,Upstream,Upstream
7080597630,7744260,Upstream,Upstream,Upstream,Upstream,Upstream,Upstream,Upstream,Upstream
7080548690,7744930,Downstream,Downstream,Downstream,Downstream,Downstream,Downstream,Downstream,Downstream
7080547320,7744930,Downstream,Downstream,Downstream,Downstream,Downstream,Downstream,Downstream,Downstream
7080547250,7744930,Downstream,Downstream,Downstream,Downstream,Downstream,Downstream,Downstream,Downstream
7080543120,7744930,Upstream,Upstream,Upstream,Upstream,Upstream,Upstream,Upstream,Downstream
7080543130,7744930,Downstream,Downstream,Downstream,Downstream,Downstream,Downstream,Downstream,Downstream
7080541750,7744930,Upstream,Upstream,Upstream,Upstream,Upstream,Upstream,Upstream,Upstream
7080541920,7744930,Upstream,Upstream,Upstream,Upstream,Upstream,Upstream,Upstream,Downstream
7080609060,7744280,Upstream,Upstream,Upstream,Upstream,Upstream,Upstream,Upstream,Downstream
7080608960,7744280,Downstream,Downstream,Downstream,Downstream,Downstream,Downstream,Downstream,Downstream
7080607270,7744280,Upstream,Upstream,Upstream,Upstream,Upstream,Upstream,Upstream,Downstream
7080607160,7744280,Upstream,Upstream,Upstream,Upstream,Upstream,Upstream,Upstream,Upstream
7080531670,7744930,Upstream,Upstream,Upstream,Upstream,Upstream,Upstream,Upstream,Upstream
7080531660,7744930,Upstream,Upstream,Upstream,Upstream,Upstream,Upstream,Upstream,Upstream
7080530980,7744950,Downstream,Downstream,Downstream,Downstream,Downstream,Downstream,Downstream,Downstream
7080529200,7744950,Downstream,Downstream,Downstream,Downstream,Downstream,Downstream,Downstream,Downstream
7080529210,7744950,Downstream,Downstream,Downstream,Downstream,Downstream,Downstream,Downstream,Downstream
7080528790,7744950,Upstream,Upstream,Upstream,Upstream,Upstream,Upstream,Upstream,Downstream
7080528690,7744950,Downstream,Downstream,Downstream,Downstream,Downstream,Downstream,Downstream,Downstream
7080601680,7744280,Upstream,Upstream,Upstream,Upstream,Upstream,Upstream,Upstream,Upstream
7080601560,7744280,Upstream,Upstream,Upstream,Upstream,Upstream,Upstream,Upstream,Upstream
7080527790,7744950,Upstream,Upstream,Upstream,Upstream,Upstream,Upstream,Upstream,Downstream
7080527730,7744950,Upstream,Upstream,Upstream,Upstream,Upstream,Upstream,Upstream,Upstream
7080604080,7744280,Upstream,Upstream,Upstream,Upstream,Upstream,Upstream,Upstream,Upstream
7080603960,7744280,Upstream,Upstream,Upstream,Upstream,Upstream,Upstream,Upstream,Upstream
7080521560,7744950,Upstream,Upstream,Upstream,Upstream,Upstream,Upstream,Upstream,Upstream
7080521460,7744950,Upstream,Upstream,Upstream,Upstream,Upstream,Upstream,Upstream,Upstream
7080521470,7744970,Downstream,Downstream,Downstream,Downstream,Downstream,Downstream,Downstream,Downstream
7080521480,7744970,Downstream,Downstream,Downstream,Downstream,Downstream,Downstream,Downstream,Downstream
7080521420,7744970,Downstream,Downstream,Downstream,Downstream,Downstream,Downstream,Downstream,Downstream
7080515320,7744970,Downstream,Downstream,Downstream,Downstream,Downstream,Downstream,Downstream,Downstream
7080515210,7744970,Downstream,Downstream,Downstream,Downstream,Downstream,Downstream,Downstream,Downstream
7080515220,7744970,Upstream,Upstream,Upstream,Upstream,Upstream,Upstream,Upstream,Upstream
7080515390,7744970,Downstream,Downstream,Downstream,Downstream,Downstream,Downstream,Downstream,Downstream
7080516450,7744970,Upstream,Upstream,Upstream,Upstream,Upstream,Upstream,Upstream,Upstream
7080516570,7744970,Upstream,Upstream,Upstream,Upstream,Upstream,Upstream,Upstream,Upstream
7080014050,7747000,Downstream,Downstream,Downstream,Downstream,Downstream,Downstream,Downstream,Downstream
7080014070,7747000,Downstream,Downstream,Downstream,Downstream,Downstream,Downstream,Downstream,Downstream
7080014080,7747000,Downstream,Downstream,Downstream,Downstream,Downstream,Downstream,Downstream,Downstream
7080014110,7747000,Upstream,Upstream,Upstream,Upstream,Upstream,Upstream,Upstream,Upstream
7080014120,7747000,Downstream,Downstream,Downstream,Downstream,Downstream,Downstream,Downstream,Downstream
7080014150,7747000,Downstream,Downstream,Downstream,Downstream,Downstream,Downstream,Downstream,Downstream
7080014160,7747000,Downstream,Downstream,Downstream,Downstream,Downstream,Downstream,Downstream,Downstream
7080014170,7747000,Downstream,Downstream,Downstream,Downstream,Downstream,Downstream,Downstream,Downstream
7080014180,7747000,Downstream,Downstream,Downstream,Downstream,Downstream,Downstream,Downstream,Downstream
7080511360,7748020,Downstream,Downstream,Downstream,Downstream,Downstream,Downstream,Downstream,Downstream
7080518750,7748020,Upstream,Upstream,Upstream,Downstream,Downstream,Downstream,Upstream,Downstream
7080518900,7748020,Downstream,Downstream,Downstream,Downstream,Downstream,Downstream,Downstream,Downstream
7080519650,7748020,Upstream,Upstream,Upstream,Downstream,Downstream,Downstream,Upstream,Downstream
7080519760,7748020,Upstream,Upstream,Upstream,Downstream,Downstream,Downstream,Upstream,Upstream
7080521400,7748020,Upstream,Upstream,Upstream,Upstream,Upstream,Upstream,Upstream,Upstream
7080521340,7748020,Upstream,Upstream,Upstream,Downstream,Downstream,Downstream,Upstream,Upstream
7080520280,7748020,Upstream,Upstream,Upstream,Upstream,Upstream,Upstream,Upstream,Upstream
7080520120,7748020,Upstream,Upstream,Upstream,Upstream,Upstream,Upstream,Upstream,Upstream
7080494970,7748070,Downstream,Downstream,Downstream,Downstream,Downstream,Downstream,Downstream,Downstream
7080493610,7748070,Downstream,Downstream,Downstream,Downstream,Downstream,Downstream,Downstream,Downstream
7080493540,7748070,Downstream,Downstream,Downstream,Downstream,Downstream,Downstream,Downstream,Downstream
7080491430,7748070,Downstream,Downstream,Downstream,Downstream,Downstream,Downstream,Downstream,Downstream
7080491510,7748070,Upstream,Upstream,Upstream,Upstream,Upstream,Upstream,Upstream,Downstream
7080486660,7748070,Upstream,Upstream,Upstream,Upstream,Upstream,Upstream,Upstream,Downstream
7080486670,7748070,Upstream,Upstream,Upstream,Upstream,Upstream,Upstream,Upstream,Upstream
7080479600,7748070,Upstream,Upstream,Upstream,Upstream,Upstream,Upstream,Upstream,Upstream
7080479500,7748070,Upstream,Upstream,Upstream,Upstream,Upstream,Upstream,Upstream,Upstream
7080476350,7748090,Downstream,Downstream,Downstream,Downstream,Downstream,Downstream,Downstream,Downstream
7080476020,7748080,Downstream,Downstream,Downstream,Downstream,Downstream,Downstream,Downstream,Downstream
7080475230,7748090,Downstream,Downstream,Downstream,Downstream,Downstream,Downstream,Downstream,Downstream
7080475290,7748090,Downstream,Downstream,Downstream,Downstream,Downstream,Downstream,Downstream,Downstream
7080470430,7748080,Downstream,Downstream,Downstream,Downstream,Downstream,Downstream,Downstream,Downstream
7080470370,7748080,Downstream,Downstream,Downstream,Downstream,Downstream,Downstream,Upstream,Downstream
7080469090,7748080,Downstream,Downstream,Downstream,Downstream,Downstream,Downstream,Upstream,Upstream
7080468970,7748080,Downstream,Downstream,Downstream,Downstream,Downstream,Downstream,Upstream,Downstream
7080466390,7748080,Downstream,Downstream,Downstream,Downstream,Downstream,Downstream,Upstream,Upstream
7080466450,7748080,Upstream,Upstream,Upstream,Upstream,Upstream,Upstream,Upstream,Upstream
7080465710,7748080,Upstream,Upstream,Upstream,Upstream,Upstream,Upstream,Upstream,Upstream
7080465920,7748080,Upstream,Upstream,Upstream,Upstream,Upstream,Upstream,Upstream,Upstream
7080479170,7748090,Downstream,Downstream,Downstream,Downstream,Downstream,Downstream,Downstream,Downstream
7080479020,7748090,Downstream,Downstream,Downstream,Downstream,Downstream,Downstream,Upstream,Upstream
7080472740,7748090,Downstream,Downstream,Downstream,Downstream,Downstream,Downstream,Upstream,Upstream
7080472670,7748090,Upstream,Upstream,Upstream,Upstream,Upstream,Upstream,Upstream,Upstream
7080470380,7748090,Upstream,Upstream,Upstream,Upstream,Upstream,Upstream,Upstream,Upstream
7080470310,7748090,Upstream,Upstream,Upstream,Upstream,Upstream,Upstream,Upstream,Upstream
7080478980,7810029,Downstream,Downstream,Downstream,Downstream,Downstream,Downstream,Downstream,Downstream
7080474220,7810029,Downstream,Downstream,Downstream,Downstream,Downstream,Downstream,Downstream,Downstream
7080474230,7810029,Downstream,Downstream,Downstream,Downstream,Downstream,Downstream,Downstream,Downstream
7080473600,7810029,Downstream,Downstream,Downstream,Downstream,Downstream,Downstream,Downstream,Downstream
7080473730,7810029,Downstream,Downstream,Downstream,Downstream,Downstream,Upstream,Downstream,Downstream
7080473740,7810029,Upstream,Upstream,Upstream,Upstream,Upstream,Upstream,Upstream,Upstream
7080473920,7810029,Downstream,Downstream,Downstream,Downstream,Downstream,Upstream,Downstream,Downstream
7080472080,7810029,Upstream,Upstream,Upstream,Upstream,Upstream,Upstream,Upstream,Upstream
7080472200,7810029,Upstream,Upstream,Upstream,Upstream,Upstream,Upstream,Upstream,Upstream
7080458840,7810066,Downstream,Downstream,Downstream,Downstream,Downstream,Downstream,Downstream,Downstream
7080458100,7810066,Downstream,Downstream,Downstream,Downstream,Downstream,Downstream,Downstream,Downstream
7080457990,7810066,Downstream,Downstream,Downstream,Downstream,Downstream,Downstream,Downstream,Downstream
7080457030,7810066,Downstream,Downstream,Downstream,Downstream,Downstream,Downstream,Downstream,Downstream
7080457110,7810066,Upstream,Upstream,Upstream,Upstream,Upstream,Upstream,Upstream,Downstream
7080456950,7810066,Upstream,Upstream,Upstream,Upstream,Upstream,Upstream,Upstream,Upstream
7080456680,7810066,Upstream,Upstream,Upstream,Upstream,Upstream,Upstream,Upstream,Downstream
7080458500,7810066,Upstream,Upstream,Upstream,Upstream,Upstream,Upstream,Upstream,Upstream
7080458490,7810066,Upstream,Upstream,Upstream,Upstream,Upstream,Upstream,Upstream,Upstream
7080381490,7821002,Downstream,Downstream,Downstream,Downstream,Downstream,Downstream,Downstream,Downstream
7080381030,7821002,Downstream,Downstream,Downstream,Downstream,Downstream,Downstream,Downstream,Downstream
7080380920,7821002,Downstream,Downstream,Downstream,Downstream,Downstream,Downstream,Downstream,Downstream
7080375630,7821002,Downstream,Downstream,Downstream,Downstream,Downstream,Downstream,Downstream,Downstream
7080375480,7821002,Upstream,Upstream,Upstream,Upstream,Upstream,Upstream,Upstream,Downstream
7080369590,7821002,Upstream,Upstream,Upstream,Upstream,Upstream,Upstream,Upstream,Upstream
7080369470,7821002,Upstream,Upstream,Upstream,Upstream,Upstream,Upstream,Upstream,Downstream
7080371170,7821002,Upstream,Upstream,Upstream,Upstream,Upstream,Upstream,Upstream,Upstream
7080371080,7821002,Upstream,Upstream,Upstream,Upstream,Upstream,Upstream,Upstream,Upstream
7080393600,7823006,Downstream,Downstream,Downstream,Downstream,Downstream,Downstream,Downstream,Downstream
7080389730,7823006,Downstream,Downstream,Downstream,Downstream,Downstream,Downstream,Downstream,Downstream
7080389610,7823006,Downstream,Downstream,Downstream,Downstream,Downstream,Downstream,Downstream,Downstream
7080389050,7823006,Downstream,Downstream,Downstream,Downstream,Downstream,Downstream,Downstream,Downstream
7080388870,7823006,Upstream,Upstream,Upstream,Upstream,Upstream,Upstream,Upstream,Downstream
7080395340,7824001,Downstream,Downstream,Downstream,Downstream,Downstream,Downstream,Downstream,Downstream
7080420130,7822006,Upstream,Upstream,Upstream,Upstream,Upstream,Upstream,Upstream,Downstream
7080383850,7823006,Upstream,Upstream,Upstream,Upstream,Upstream,Upstream,Upstream,Downstream
7080383840,7823006,Upstream,Upstream,Upstream,Upstream,Upstream,Upstream,Upstream,Upstream
7080421690,7822006,Upstream,Upstream,Upstream,Upstream,Upstream,Upstream,Upstream,Downstream
7080421950,7822006,Upstream,Upstream,Upstream,Upstream,Upstream,Upstream,Upstream,Upstream
7080383550,7823006,Upstream,Upstream,Upstream,Upstream,Upstream,Upstream,Upstream,Upstream
7080383740,7823006,Upstream,Upstream,Upstream,Upstream,Upstream,Upstream,Upstream,Upstream
7080418900,7822006,Upstream,Upstream,Upstream,Upstream,Upstream,Upstream,Upstream,Downstream
7080419030,7822006,Upstream,Upstream,Upstream,Upstream,Upstream,Upstream,Upstream,Downstream
7080406010,7824001,Upstream,Downstream,Downstream,Downstream,Downstream,Downstream,Upstream,Downstream
7080406160,7824001,Downstream,Downstream,Downstream,Downstream,Downstream,Downstream,Downstream,Downstream
7080406830,7824001,Upstream,Downstream,Downstream,Downstream,Downstream,Downstream,Upstream,Downstream
7080407030,7824001,Upstream,Upstream,Upstream,Upstream,Upstream,Upstream,Upstream,Upstream
7080408540,7824001,Upstream,Upstream,Upstream,Upstream,Upstream,Upstream,Upstream,Upstream
7080408530,7824001,Upstream,Upstream,Upstream,Upstream,Upstream,Upstream,Upstream,Upstream
7080409500,7824001,Upstream,Upstream,Upstream,Upstream,Upstream,Upstream,Upstream,Upstream
7080409490,7824001,Upstream,Upstream,Upstream,Upstream,Upstream,Upstream,Upstream,Upstream
7080421440,7822006,Upstream,Upstream,Upstream,Upstream,Upstream,Upstream,Upstream,Downstream
7080421610,7822006,Upstream,Upstream,Upstream,Upstream,Upstream,Upstream,Upstream,Downstream
7080421190,7822006,Upstream,Upstream,Upstream,Upstream,Upstream,Upstream,Upstream,Downstream
7080421140,7822006,Upstream,Upstream,Upstream,Upstream,Upstream,Upstream,Upstream,Downstream
7080436990,7822009,Downstream,Downstream,Downstream,Downstream,Downstream,Downstream,Downstream,Downstream
7080437090,7822008,Downstream,Downstream,Downstream,Downstream,Downstream,Downstream,Downstream,Downstream
7080438100,7822009,Downstream,Downstream,Downstream,Downstream,Downstream,Downstream,Downstream,Downstream
7080437780,7822009,Downstream,Downstream,Downstream,Downstream,Downstream,Downstream,Downstream,Downstream
7080439520,7822008,Downstream,Downstream,Downstream,Downstream,Downstream,Downstream,Downstream,Downstream
7080439790,7822008,Downstream,Downstream,Downstream,Downstream,Downstream,Downstream,Downstream,Downstream
7080441010,7822008,Downstream,Downstream,Downstream,Downstream,Downstream,Downstream,Downstream,Downstream
7080441090,7822008,Upstream,Upstream,Upstream,Upstream,Upstream,Upstream,Upstream,Downstream
7080386560,7825060,Downstream,Downstream,Downstream,Downstream,Downstream,Downstream,Downstream,Downstream
7080442020,7822008,Upstream,Upstream,Upstream,Upstream,Upstream,Upstream,Upstream,Upstream
7080442150,7822008,Upstream,Upstream,Upstream,Upstream,Upstream,Upstream,Upstream,Downstream
7080388190,7825060,Downstream,Downstream,Downstream,Downstream,Downstream,Downstream,Downstream,Downstream
7080388380,7825060,Downstream,Downstream,Downstream,Downstream,Downstream,Downstream,Downstream,Downstream
7080390590,7825060,Upstream,Upstream,Upstream,Downstream,Downstream,Downstream,Upstream,Downstream
7080390780,7825060,Downstream,Downstream,Downstream,Downstream,Downstream,Downstream,Downstream,Downstream
7080425040,7824006,Downstream,Downstream,Downstream,Downstream,Downstream,Downstream,Downstream,Downstream
7080446300,7822008,Upstream,Upstream,Upstream,Upstream,Upstream,Upstream,Upstream,Upstream
7080446370,7822008,Upstream,Upstream,Upstream,Upstream,Upstream,Upstream,Upstream,Upstream
7080428510,7824006,Downstream,Downstream,Downstream,Downstream,Downstream,Downstream,Downstream,Downstream
7080428520,7824006,Downstream,Downstream,Downstream,Downstream,Downstream,Downstream,Downstream,Downstream
7080382460,7825080,Downstream,Downstream,Downstream,Downstream,Downstream,Downstream,Downstream,Downstream
7080436050,7822009,Upstream,Upstream,Upstream,Upstream,Upstream,Upstream,Upstream,Upstream
7080435790,7822009,Downstream,Downstream,Downstream,Downstream,Downstream,Downstream,Downstream,Downstream
7080430410,7824006,Upstream,Upstream,Upstream,Upstream,Upstream,Upstream,Upstream,Downstream
7080430400,7824006,Downstream,Downstream,Downstream,Downstream,Downstream,Downstream,Downstream,Downstream
7080435590,7822009,Upstream,Upstream,Upstream,Upstream,Upstream,Upstream,Upstream,Upstream
7080435680,7822009,Upstream,Upstream,Upstream,Upstream,Upstream,Upstream,Upstream,Upstream
7080435470,7822009,Upstream,Upstream,Upstream,Upstream,Upstream,Upstream,Upstream,Upstream
7080435690,7822009,Upstream,Upstream,Upstream,Upstream,Upstream,Upstream,Upstream,Upstream
7080394810,7825060,Upstream,Upstream,Upstream,Downstream,Downstream,Downstream,Upstream,Downstream
7080394610,7825060,Upstream,Upstream,Upstream,Upstream,Upstream,Upstream,Upstream,Upstream
7080383190,7825080,Downstream,Downstream,Downstream,Downstream,Downstream,Downstream,Downstream,Downstream
7080383420,7825080,Upstream,Upstream,Upstream,Upstream,Upstream,Upstream,Upstream,Upstream
7080394340,7825060,Upstream,Upstream,Upstream,Upstream,Upstream,Upstream,Upstream,Upstream
7080394530,7825060,Upstream,Upstream,Upstream,Upstream,Upstream,Upstream,Upstream,Upstream
7080431000,7824009,Downstream,Downstream,Downstream,Downstream,Downstream,Downstream,Downstream,Downstream
7080432360,7824009,Downstream,Downstream,Downstream,Downstream,Downstream,Downstream,Downstream,Downstream
7080432090,7824009,Downstream,Downstream,Downstream,Downstream,Downstream,Downstream,Downstream,Downstream
7080376230,7825080,Downstream,Downstream,Downstream,Downstream,Downstream,Downstream,Downstream,Downstream
7080376070,7825080,Downstream,Downstream,Downstream,Downstream,Downstream,Downstream,Downstream,Downstream
7080437330,7824009,Downstream,Downstream,Downstream,Downstream,Downstream,Downstream,Downstream,Downstream
7080437410,7824009,Downstream,Downstream,Downstream,Downstream,Downstream,Downstream,Downstream,Downstream
7080376080,7825080,Downstream,Downstream,Downstream,Downstream,Downstream,Downstream,Downstream,Downstream
7080375780,7825080,Downstream,Downstream,Downstream,Downstream,Downstream,Downstream,Downstream,Downstream
7080420000,7825024,Downstream,Downstream,Downstream,Downstream,Downstream,Downstream,Downstream,Downstream
7080443680,7824006,Upstream,Upstream,Upstream,Upstream,Upstream,Upstream,Upstream,Downstream
7080443690,7824006,Upstream,Upstream,Upstream,Upstream,Upstream,Upstream,Upstream,Upstream
7080448390,7824006,Upstream,Upstream,Upstream,Upstream,Upstream,Upstream,Upstream,Upstream
7080448560,7824006,Upstream,Upstream,Upstream,Upstream,Upstream,Upstream,Upstream,Upstream
7080426370,7825024,Downstream,Downstream,Downstream,Downstream,Downstream,Downstream,Downstream,Downstream
7080426360,7825024,Downstream,Downstream,Downstream,Downstream,Downstream,Downstream,Downstream,Downstream
7080375250,7825080,Downstream,Downstream,Downstream,Downstream,Downstream,Downstream,Downstream,Downstream
7080375490,7825080,Downstream,Downstream,Downstream,Downstream,Downstream,Downstream,Downstream,Downstream
7080428080,7825024,Upstream,Downstream,Downstream,Downstream,Downstream,Downstream,Upstream,Upstream
7080428160,7825024,Downstream,Downstream,Downstream,Downstream,Downstream,Downstream,Downstream,Downstream
7080437010,7824009,Upstream,Upstream,Upstream,Upstream,Upstream,Upstream,Upstream,Upstream
7080436870,7824009,Downstream,Downstream,Downstream,Downstream,Downstream,Downstream,Downstream,Downstream
7080437420,7824009,Upstream,Upstream,Upstream,Upstream,Upstream,Upstream,Upstream,Upstream
7080437560,7824009,Upstream,Upstream,Upstream,Upstream,Upstream,Upstream,Upstream,Upstream
7080429490,7825024,Upstream,Upstream,Upstream,Upstream,Upstream,Upstream,Upstream,Upstream
7080429430,7825024,Upstream,Downstream,Downstream,Downstream,Downstream,Downstream,Upstream,Upstream
7080429440,7825024,Upstream,Upstream,Upstream,Upstream,Upstream,Upstream,Upstream,Upstream
7080429500,7825024,Upstream,Upstream,Upstream,Upstream,Upstream,Upstream,Upstream,Upstream
7080367220,7826126,Downstream,Downstream,Downstream,Downstream,Downstream,Downstream,Downstream,Downstream
7080367210,7826126,Downstream,Downstream,Downstream,Downstream,Downstream,Downstream,Downstream,Downstream
7080367010,7826126,Downstream,Downstream,Downstream,Downstream,Downstream,Downstream,Downstream,Downstream
7080364310,7826126,Upstream,Upstream,Upstream,Upstream,Upstream,Upstream,Upstream,Downstream
7080364410,7826126,Downstream,Downstream,Downstream,Downstream,Downstream,Downstream,Downstream,Downstream
7080362070,7826126,Upstream,Upstream,Upstream,Upstream,Upstream,Upstream,Upstream,Upstream
7080362370,7826126,Upstream,Upstream,Upstream,Upstream,Upstream,Upstream,Upstream,Downstream
7080345990,7826160,Downstream,Downstream,Downstream,Downstream,Downstream,Downstream,Downstream,Downstream
7080345900,7826170,Downstream,Downstream,Downstream,Downstream,Downstream,Downstream,Downstream,Downstream
7080357690,7826126,Upstream,Upstream,Upstream,Upstream,Upstream,Upstream,Upstream,Upstream
7080357480,7826126,Upstream,Upstream,Upstream,Upstream,Upstream,Upstream,Upstream,Upstream
7080340590,7826170,Downstream,Downstream,Downstream,Downstream,Downstream,Downstream,Downstream,Downstream
7080340600,7826170,Downstream,Downstream,Downstream,Downstream,Downstream,Upstream,Downstream,Downstream
7080343400,7826160,Downstream,Downstream,Downstream,Downstream,Downstream,Downstream,Downstream,Downstream
7080343310,7826160,Downstream,Downstream,Downstream,Downstream,Downstream,Downstream,Downstream,Downstream
7080342830,7826160,Upstream,Upstream,Upstream,Upstream,Upstream,Upstream,Upstream,Upstream
7080342980,7826160,Downstream,Downstream,Downstream,Downstream,Downstream,Downstream,Downstream,Downstream
7080370490,7827064,Downstream,Downstream,Downstream,Downstream,Downstream,Downstream,Downstream,Downstream
7080337150,7826170,Downstream,Downstream,Downstream,Downstream,Downstream,Upstream,Downstream,Downstream
7080337140,7826170,Upstream,Upstream,Upstream,Upstream,Upstream,Upstream,Upstream,Upstream
7080388740,7829101,Downstream,Downstream,Downstream,Downstream,Downstream,Downstream,Downstream,Downstream
7080337620,7826160,Upstream,Upstream,Upstream,Upstream,Upstream,Upstream,Upstream,Upstream
7080337510,7826160,Upstream,Upstream,Upstream,Upstream,Upstream,Upstream,Upstream,Upstream
7080390050,7829101,Downstream,Downstream,Downstream,Downstream,Downstream,Downstream,Downstream,Downstream
7080389920,7829101,Downstream,Downstream,Downstream,Downstream,Downstream,Downstream,Upstream,Upstream
7080367400,7827064,Downstream,Downstream,Downstream,Downstream,Downstream,Downstream,Downstream,Downstream
7080367320,7827064,Downstream,Downstream,Downstream,Downstream,Downstream,Downstream,Downstream,Downstream
7080336980,7826160,Upstream,Upstream,Upstream,Upstream,Upstream,Upstream,Upstream,Upstream
7080337130,7826160,Upstream,Upstream,Upstream,Upstream,Upstream,Upstream,Upstream,Upstream
7080330710,7826180,Downstream,Downstream,Downstream,Downstream,Downstream,Downstream,Downstream,Downstream
7080380430,7827066,Downstream,Downstream,Downstream,Downstream,Downstream,Downstream,Downstream,Downstream
7080381910,7827066,Downstream,Downstream,Downstream,Downstream,Downstream,Downstream,Downstream,Downstream
7080382100,7827066,Downstream,Downstream,Downstream,Downstream,Downstream,Downstream,Downstream,Downstream
7080362210,7827064,Downstream,Downstream,Downstream,Downstream,Downstream,Downstream,Downstream,Downstream
7080362220,7827064,Upstream,Upstream,Upstream,Upstream,Downstream,Downstream,Upstream,Upstream
7080327100,7826180,Downstream,Downstream,Downstream,Downstream,Downstream,Downstream,Downstream,Downstream
7080327340,7826180,Downstream,Downstream,Downstream,Downstream,Downstream,Downstream,Downstream,Downstream
7080323710,7826180,Downstream,Downstream,Downstream,Downstream,Downstream,Downstream,Downstream,Downstream
7080323590,7826180,Downstream,Downstream,Downstream,Downstream,Downstream,Downstream,Downstream,Downstream
7080380570,7827068,Downstream,Downstream,Downstream,Downstream,Downstream,Downstream,Downstream,Downstream
7080380440,7827069,Downstream,Downstream,Downstream,Downstream,Downstream,Downstream,Downstream,Downstream
7080322500,7826180,Downstream,Downstream,Downstream,Downstream,Downstream,Downstream,Downstream,Downstream
7080322370,7826180,Upstream,Upstream,Upstream,Upstream,Upstream,Upstream,Upstream,Upstream
7080319360,7826180,Upstream,Upstream,Upstream,Upstream,Upstream,Upstream,Upstream,Upstream
7080319220,7826180,Upstream,Upstream,Upstream,Upstream,Upstream,Upstream,Upstream,Upstream
7080389630,7827066,Upstream,Upstream,Upstream,Upstream,Upstream,Upstream,Upstream,Upstream
7080389930,7827066,Downstream,Downstream,Downstream,Downstream,Downstream,Downstream,Downstream,Downstream
7080383050,7827068,Downstream,Downstream,Downstream,Downstream,Downstream,Downstream,Downstream,Downstream
7080383210,7827068,Downstream,Downstream,Downstream,Downstream,Downstream,Downstream,Downstream,Downstream
7080374860,7827069,Downstream,Downstream,Downstream,Downstream,Downstream,Downstream,Downstream,Downstream
7080374870,7827069,Downstream,Downstream,Downstream,Downstream,Downstream,Downstream,Downstream,Downstream
7080366920,7827064,Upstream,Upstream,Upstream,Upstream,Upstream,Upstream,Upstream,Upstream
7080367040,7827064,Upstream,Upstream,Upstream,Upstream,Downstream,Downstream,Upstream,Upstream
7080413520,7829101,Downstream,Downstream,Downstream,Downstream,Downstream,Downstream,Upstream,Upstream
7080413530,7829101,Upstream,Upstream,Upstream,Upstream,Upstream,Upstream,Upstream,Upstream
7080389640,7827066,Upstream,Upstream,Upstream,Upstream,Upstream,Upstream,Upstream,Upstream
7080389940,7827066,Upstream,Upstream,Upstream,Upstream,Upstream,Upstream,Upstream,Upstream
7080390150,7827066,Upstream,Upstream,Upstream,Upstream,Upstream,Upstream,Upstream,Upstream
7080390070,7827066,Upstream,Upstream,Upstream,Upstream,Upstream,Upstream,Upstream,Upstream
7080380730,7827068,Downstream,Downstream,Downstream,Downstream,Downstream,Downstream,Downstream,Downstream
7080380940,7827068,Upstream,Upstream,Upstream,Upstream,Upstream,Upstream,Upstream,Upstream
7080364930,7827064,Upstream,Upstream,Upstream,Upstream,Upstream,Upstream,Upstream,Upstream
7080364840,7827064,Upstream,Upstream,Upstream,Upstream,Upstream,Upstream,Upstream,Upstream
7080416940,7829101,Upstream,Upstream,Upstream,Upstream,Upstream,Upstream,Upstream,Upstream
7080416950,7829101,Upstream,Upstream,Upstream,Upstream,Upstream,Upstream,Upstream,Upstream
7080371430,7827069,Upstream,Upstream,Upstream,Upstream,Upstream,Upstream,Upstream,Upstream
7080371660,7827069,Downstream,Downstream,Downstream,Downstream,Downstream,Downstream,Downstream,Downstream
7080418450,7829101,Upstream,Upstream,Upstream,Upstream,Upstream,Upstream,Upstream,Upstream
7080418550,7829101,Upstream,Upstream,Upstream,Upstream,Upstream,Upstream,Upstream,Upstream
7080307750,7826202,Downstream,Downstream,Downstream,Downstream,Downstream,Downstream,Downstream,Downstream
7080383640,7827068,Upstream,Upstream,Upstream,Upstream,Upstream,Upstream,Upstream,Upstream
7080383760,7827068,Upstream,Upstream,Upstream,Upstream,Upstream,Upstream,Upstream,Upstream
7080371300,7827069,Upstream,Upstream,Upstream,Upstream,Upstream,Upstream,Upstream,Upstream
7080371190,7827069,Upstream,Upstream,Upstream,Upstream,Upstream,Upstream,Upstream,Upstream
7080420280,7829102,Downstream,Downstream,Downstream,Downstream,Downstream,Downstream,Downstream,Downstream
7080388400,7827068,Upstream,Upstream,Upstream,Upstream,Upstream,Upstream,Upstream,Upstream
7080388590,7827068,Upstream,Upstream,Upstream,Upstream,Upstream,Upstream,Upstream,Upstream
7080420260,7829102,Downstream,Downstream,Downstream,Downstream,Downstream,Downstream,Downstream,Downstream
7080420150,7829102,Downstream,Downstream,Downstream,Downstream,Downstream,Downstream,Downstream,Downstream
7080306830,7826202,Downstream,Downstream,Downstream,Downstream,Downstream,Downstream,Downstream,Downstream
7080306920,7826202,Downstream,Downstream,Downstream,Downstream,Downstream,Downstream,Downstream,Downstream
7080370270,7827069,Upstream,Upstream,Upstream,Upstream,Upstream,Upstream,Upstream,Upstream
7080370160,7827069,Upstream,Upstream,Upstream,Upstream,Upstream,Upstream,Upstream,Upstream
7080402940,7828020,Downstream,Downstream,Downstream,Downstream,Downstream,Downstream,Downstream,Downstream
7080299920,7826202,Downstream,Upstream,Upstream,Upstream,Upstream,Upstream,Downstream,Downstream
7080300110,7826202,Downstream,Downstream,Downstream,Downstream,Downstream,Downstream,Downstream,Downstream
7080409100,7828020,Downstream,Downstream,Downstream,Downstream,Downstream,Downstream,Downstream,Downstream
7080409230,7828020,Downstream,Downstream,Downstream,Downstream,Downstream,Downstream,Downstream,Downstream
7080414480,7829102,Downstream,Downstream,Downstream,Downstream,Downstream,Downstream,Downstream,Downstream
7080414330,7829102,Upstream,Upstream,Upstream,Upstream,Upstream,Upstream,Upstream,Upstream
7080434160,7829106,Downstream,Downstream,Downstream,Downstream,Downstream,Downstream,Downstream,Downstream
7080412230,7828020,Downstream,Downstream,Downstream,Downstream,Downstream,Downstream,Downstream,Downstream
7080412420,7828020,Upstream,Upstream,Upstream,Upstream,Upstream,Upstream,Upstream,Upstream
7080412750,7828020,Upstream,Upstream,Upstream,Upstream,Upstream,Upstream,Upstream,Upstream
7080412740,7828020,Upstream,Upstream,Upstream,Upstream,Upstream,Upstream,Upstream,Upstream
7080411900,7829102,Upstream,Upstream,Upstream,Upstream,Upstream,Upstream,Upstream,Upstream
7080412080,7829102,Upstream,Upstream,Upstream,Upstream,Upstream,Upstream,Upstream,Upstream
7080437950,7829108,Downstream,Downstream,Downstream,Downstream,Downstream,Downstream,Downstream,Downstream
7080432200,7829106,Downstream,Downstream,Downstream,Downstream,Downstream,Downstream,Downstream,Downstream
7080432210,7829106,Downstream,Downstream,Downstream,Downstream,Downstream,Downstream,Downstream,Downstream
7080294610,7826202,Upstream,Upstream,Upstream,Upstream,Upstream,Upstream,Upstream,Upstream
7080294430,7826202,Downstream,Upstream,Upstream,Upstream,Upstream,Upstream,Downstream,Downstream
7080413940,7828020,Upstream,Upstream,Upstream,Upstream,Upstream,Upstream,Upstream,Upstream
7080413650,7828020,Upstream,Upstream,Upstream,Upstream,Upstream,Upstream,Upstream,Upstream
7080294590,7826202,Upstream,Upstream,Upstream,Upstream,Upstream,Upstream,Upstream,Upstream
7080294580,7826202,Upstream,Upstream,Upstream,Upstream,Upstream,Upstream,Upstream,Upstream
7080439820,7829108,Downstream,Downstream,Downstream,Downstream,Downstream,Downstream,Downstream,Downstream
7080439530,7829108,Downstream,Downstream,Downstream,Downstream,Downstream,Downstream,Downstream,Downstream
7080415910,7829102,Upstream,Upstream,Upstream,Upstream,Upstream,Upstream,Upstream,Upstream
7080416070,7829102,Upstream,Upstream,Upstream,Upstream,Upstream,Upstream,Upstream,Upstream
7080405220,7828040,Downstream,Downstream,Downstream,Downstream,Downstream,Downstream,Downstream,Downstream
7080313960,7826504,Downstream,Downstream,Downstream,Downstream,Downstream,Downstream,Downstream,Downstream
7080425730,7829106,Upstream,Upstream,Upstream,Upstream,Upstream,Upstream,Upstream,Upstream
7080425510,7829106,Downstream,Downstream,Downstream,Downstream,Downstream,Downstream,Downstream,Downstream
7080425520,7829106,Upstream,Upstream,Upstream,Upstream,Upstream,Upstream,Upstream,Upstream
7080425880,7829106,Upstream,Upstream,Upstream,Upstream,Upstream,Upstream,Upstream,Upstream
7080410490,7828040,Downstream,Downstream,Downstream,Downstream,Downstream,Downstream,Downstream,Downstream
7080410500,7828040,Downstream,Downstream,Downstream,Downstream,Downstream,Downstream,Upstream,Downstream
7080441680,7829108,Downstream,Downstream,Downstream,Downstream,Downstream,Downstream,Downstream,Downstream
7080441810,7829108,Downstream,Downstream,Downstream,Downstream,Downstream,Downstream,Downstream,Downstream
7080420840,7829106,Upstream,Upstream,Upstream,Upstream,Upstream,Upstream,Upstream,Upstream
7080420720,7829106,Upstream,Upstream,Upstream,Upstream,Upstream,Upstream,Upstream,Upstream
7080415800,7828040,Downstream,Downstream,Downstream,Downstream,Downstream,Downstream,Upstream,Downstream
7080415920,7828040,Upstream,Upstream,Upstream,Upstream,Upstream,Upstream,Upstream,Upstream
7080304910,7826504,Downstream,Downstream,Downstream,Downstream,Downstream,Downstream,Downstream,Downstream
7080304780,7826504,Downstream,Downstream,Downstream,Downstream,Downstream,Downstream,Downstream,Downstream
7080418380,7828040,Upstream,Upstream,Upstream,Upstream,Upstream,Upstream,Upstream,Upstream
7080418370,7828040,Upstream,Upstream,Upstream,Upstream,Upstream,Upstream,Upstream,Upstream
7080305410,7826610,Downstream,Downstream,Downstream,Downstream,Downstream,Downstream,Downstream,Downstream
7080304900,7826504,Upstream,Downstream,Downstream,Downstream,Downstream,Downstream,Upstream,Downstream
7080304770,7826504,Downstream,Downstream,Downstream,Downstream,Downstream,Downstream,Downstream,Downstream
7080437430,7829108,Downstream,Downstream,Downstream,Downstream,Downstream,Downstream,Downstream,Downstream
7080437440,7829108,Upstream,Upstream,Upstream,Upstream,Upstream,Upstream,Upstream,Upstream
7080304920,7826610,Downstream,Downstream,Downstream,Downstream,Downstream,Downstream,Downstream,Downstream
7080305020,7826610,Downstream,Downstream,Downstream,Downstream,Downstream,Downstream,Downstream,Downstream
7080346010,7826406,Downstream,Downstream,Downstream,Downstream,Downstream,Downstream,Downstream,Downstream
7080309090,7826610,Downstream,Downstream,Downstream,Downstream,Downstream,Downstream,Downstream,Downstream
7080309080,7826610,Upstream,Upstream,Upstream,Upstream,Upstream,Upstream,Upstream,Upstream
7080298200,7826911,Downstream,Downstream,Downstream,Downstream,Downstream,Downstream,Downstream,Downstream
7080305550,7826504,Upstream,Upstream,Upstream,Upstream,Upstream,Upstream,Upstream,Upstream
7080305560,7826504,Upstream,Downstream,Downstream,Downstream,Downstream,Downstream,Upstream,Downstream
7080450990,7829409,Downstream,Downstream,Downstream,Downstream,Downstream,Downstream,Downstream,Downstream
7080452140,7829209,Downstream,Downstream,Downstream,Downstream,Downstream,Downstream,Downstream,Downstream
7080295790,7826820,Downstream,Downstream,Downstream,Downstream,Downstream,Downstream,Upstream,Downstream
7080348860,7826409,Downstream,Downstream,Downstream,Downstream,Downstream,Downstream,Downstream,Downstream
7080452220,7829409,Downstream,Downstream,Downstream,Downstream,Downstream,Downstream,Downstream,Downstream
7080452230,7829409,Downstream,Downstream,Downstream,Downstream,Downstream,Downstream,Downstream,Downstream
7080292340,7826820,Downstream,Downstream,Downstream,Downstream,Downstream,Downstream,Upstream,Downstream
7080292200,7826820,Downstream,Downstream,Downstream,Downstream,Downstream,Downstream,Upstream,Upstream
7080428850,7828040,Upstream,Upstream,Upstream,Upstream,Upstream,Upstream,Upstream,Upstream
7080422440,7829108,Downstream,Downstream,Downstream,Downstream,Downstream,Downstream,Downstream,Downstream
7080428960,7828040,Upstream,Upstream,Upstream,Upstream,Upstream,Upstream,Upstream,Upstream
7080422290,7829108,Downstream,Downstream,Downstream,Downstream,Downstream,Downstream,Downstream,Downstream
7080421620,7828090,Downstream,Downstream,Downstream,Downstream,Downstream,Downstream,Downstream,Downstream
7080317950,7826610,Upstream,Upstream,Upstream,Upstream,Upstream,Upstream,Upstream,Upstream
7080318100,7826610,Upstream,Upstream,Upstream,Upstream,Upstream,Upstream,Upstream,Upstream
7080301280,7826504,Upstream,Upstream,Upstream,Upstream,Upstream,Upstream,Upstream,Upstream
7080301270,7826504,Upstream,Upstream,Upstream,Upstream,Upstream,Upstream,Upstream,Upstream
7080343320,7826406,Downstream,Downstream,Downstream,Downstream,Downstream,Downstream,Downstream,Downstream
7080343230,7826406,Upstream,Downstream,Downstream,Downstream,Downstream,Downstream,Upstream,Downstream
7080445280,7829209,Downstream,Downstream,Downstream,Downstream,Downstream,Downstream,Downstream,Downstream
7080445140,7829209,Downstream,Downstream,Downstream,Downstream,Downstream,Downstream,Downstream,Downstream
7080342180,7826406,Upstream,Downstream,Downstream,Downstream,Downstream,Downstream,Upstream,Downstream
7080342060,7826406,Upstream,Downstream,Downstream,Downstream,Downstream,Downstream,Upstream,Upstream
7080444900,7829209,Upstream,Upstream,Upstream,Upstream,Upstream,Upstream,Upstream,Upstream
7080445130,7829209,Downstream,Downstream,Downstream,Downstream,Downstream,Downstream,Downstream,Downstream
7080466690,7829800,Downstream,Downstream,Downstream,Downstream,Downstream,Downstream,Downstream,Downstream
7080466540,7829910,Downstream,Downstream,Downstream,Downstream,Downstream,Downstream,Downstream,Downstream
7080350560,7826409,Downstream,Downstream,Downstream,Downstream,Downstream,Downstream,Downstream,Downstream
7080350400,7826409,Downstream,Downstream,Downstream,Downstream,Downstream,Downstream,Downstream,Downstream
7080425230,7828090,Downstream,Downstream,Downstream,Downstream,Downstream,Downstream,Downstream,Downstream
7080425340,7828090,Downstream,Downstream,Downstream,Downstream,Downstream,Downstream,Downstream,Downstream
7080465720,7829910,Downstream,Downstream,Downstream,Downstream,Downstream,Downstream,Downstream,Downstream
7080465730,7829910,Downstream,Downstream,Downstream,Downstream,Downstream,Downstream,Upstream,Downstream
7080323280,7826610,Upstream,Upstream,Upstream,Upstream,Upstream,Upstream,Upstream,Upstream
7080323360,7826610,Upstream,Upstream,Upstream,Upstream,Upstream,Upstream,Upstream,Upstream
7080467640,7829800,Downstream,Downstream,Downstream,Downstream,Downstream,Downstream,Downstream,Downstream
7080467730,7829800,Downstream,Downstream,Downstream,Downstream,Downstream,Downstream,Downstream,Downstream
7080443700,7829209,Upstream,Upstream,Upstream,Upstream,Upstream,Upstream,Upstream,Upstream
7080443430,7829209,Upstream,Upstream,Upstream,Upstream,Upstream,Upstream,Upstream,Upstream
7080351400,7826409,Downstream,Downstream,Downstream,Downstream,Downstream,Downstream,Downstream,Downstream
7080351410,7826409,Downstream,Downstream,Upstream,Upstream,Upstream,Upstream,Downstream,Downstream
7080428000,7828090,Upstream,Upstream,Upstream,Upstream,Upstream,Upstream,Upstream,Downstream
7080428010,7828090,Downstream,Downstream,Downstream,Downstream,Downstream,Downstream,Downstream,Downstream
7080468820,7829605,Downstream,Downstream,Downstream,Downstream,Downstream,Downstream,Downstream,Downstream
7080442790,7829209,Upstream,Upstream,Upstream,Upstream,Upstream,Upstream,Upstream,Upstream
7080442780,7829209,Upstream,Upstream,Upstream,Upstream,Upstream,Upstream,Upstream,Upstream
7080287030,7826911,Downstream,Downstream,Downstream,Downstream,Downstream,Downstream,Downstream,Downstream
7080287040,7826911,Upstream,Downstream,Downstream,Downstream,Downstream,Downstream,Upstream,Downstream
7080289830,7826840,Downstream,Downstream,Downstream,Downstream,Downstream,Downstream,Downstream,Downstream
7080350940,7826409,Downstream,Downstream,Upstream,Upstream,Upstream,Upstream,Downstream,Downstream
7080350950,7826409,Upstream,Upstream,Upstream,Upstream,Upstream,Upstream,Upstream,Upstream
7080340490,7826406,Upstream,Upstream,Upstream,Upstream,Upstream,Upstream,Upstream,Upstream
7080340780,7826406,Upstream,Downstream,Downstream,Downstream,Downstream,Downstream,Upstream,Upstream
7080454940,7829409,Upstream,Upstream,Upstream,Upstream,Upstream,Upstream,Upstream,Upstream
7080455140,7829409,Downstream,Downstream,Downstream,Downstream,Downstream,Downstream,Downstream,Downstream
7080284610,7826911,Upstream,Downstream,Downstream,Downstream,Downstream,Downstream,Upstream,Downstream
7080284550,7826911,Upstream,Upstream,Upstream,Upstream,Upstream,Upstream,Upstream,Downstream
7080351140,7826409,Upstream,Upstream,Upstream,Upstream,Upstream,Upstream,Upstream,Upstream
7080350960,7826409,Upstream,Upstream,Upstream,Upstream,Upstream,Upstream,Upstream,Upstream
7080281480,7826820,Upstream,Upstream,Upstream,Upstream,Upstream,Upstream,Upstream,Upstream
7080281490,7826820,Downstream,Downstream,Downstream,Downstream,Downstream,Downstream,Upstream,Upstream
7080280560,7826820,Upstream,Upstream,Upstream,Upstream,Upstream,Upstream,Upstream,Upstream
7080280470,7826820,Upstream,Upstream,Upstream,Upstream,Upstream,Upstream,Upstream,Upstream
7080433100,7828090,Upstream,Upstream,Upstream,Upstream,Upstream,Upstream,Upstream,Downstream
7080433300,7828090,Upstream,Upstream,Upstream,Upstream,Upstream,Upstream,Upstream,Upstream
7080471580,7829605,Downstream,Downstream,Downstream,Downstream,Downstream,Downstream,Downstream,Downstream
7080471400,7829605,Downstream,Downstream,Downstream,Downstream,Downstream,Downstream,Downstream,Downstream
7080327640,7826630,Downstream,Downstream,Downstream,Downstream,Downstream,Downstream,Downstream,Downstream
7080283770,7826840,Downstream,Downstream,Downstream,Downstream,Downstream,Downstream,Downstream,Downstream
7080283620,7826840,Downstream,Downstream,Downstream,Downstream,Downstream,Downstream,Downstream,Downstream
7080278120,7826820,Upstream,Upstream,Upstream,Upstream,Upstream,Upstream,Upstream,Upstream
7080278010,7826820,Upstream,Upstream,Upstream,Upstream,Upstream,Upstream,Upstream,Upstream
7080281470,7826911,Upstream,Upstream,Upstream,Upstream,Upstream,Upstream,Upstream,Downstream
7080281350,7826911,Upstream,Upstream,Upstream,Upstream,Upstream,Upstream,Upstream,Upstream
7080467310,7829910,Upstream,Upstream,Upstream,Upstream,Upstream,Upstream,Upstream,Upstream
7080467380,7829910,Downstream,Downstream,Downstream,Downstream,Downstream,Downstream,Upstream,Downstream
7080335030,7826406,Upstream,Upstream,Upstream,Upstream,Upstream,Upstream,Upstream,Upstream
7080476190,7829800,Upstream,Upstream,Upstream,Upstream,Upstream,Upstream,Upstream,Upstream
7080475940,7829800,Downstream,Downstream,Downstream,Downstream,Downstream,Downstream,Downstream,Downstream
7080334900,7826406,Upstream,Upstream,Upstream,Upstream,Upstream,Upstream,Upstream,Upstream
7080279620,7826840,Downstream,Downstream,Downstream,Downstream,Downstream,Downstream,Downstream,Downstream
7080279440,7826840,Upstream,Upstream,Upstream,Upstream,Upstream,Upstream,Upstream,Downstream
7080466990,7829910,Upstream,Upstream,Upstream,Upstream,Upstream,Upstream,Upstream,Upstream
7080467100,7829910,Upstream,Upstream,Upstream,Upstream,Upstream,Upstream,Upstream,Upstream
7080478550,7829800,Upstream,Upstream,Upstream,Upstream,Upstream,Upstream,Upstream,Upstream
7080478540,7829800,Upstream,Upstream,Upstream,Upstream,Upstream,Upstream,Upstream,Upstream
7080476920,7829605,Downstream,Downstream,Downstream,Downstream,Downstream,Downstream,Downstream,Downstream
7080477040,7829605,Upstream,Upstream,Upstream,Upstream,Upstream,Upstream,Upstream,Upstream
7080432920,7828090,Upstream,Upstream,Upstream,Upstream,Upstream,Upstream,Upstream,Upstream
7080432800,7828090,Upstream,Upstream,Upstream,Upstream,Upstream,Upstream,Upstream,Upstream
7080465580,7829910,Upstream,Upstream,Upstream,Upstream,Upstream,Upstream,Upstream,Upstream
7080465370,7829910,Upstream,Upstream,Upstream,Upstream,Upstream,Upstream,Upstream,Upstream
7080450330,7829409,Upstream,Upstream,Upstream,Upstream,Upstream,Upstream,Upstream,Upstream
7080451020,7829409,Upstream,Upstream,Upstream,Upstream,Upstream,Upstream,Upstream,Upstream
7080478730,7829605,Upstream,Upstream,Upstream,Upstream,Upstream,Upstream,Upstream,Upstream
7080478820,7829605,Upstream,Upstream,Upstream,Upstream,Upstream,Upstream,Upstream,Upstream
7080274600,7826840,Upstream,Upstream,Upstream,Upstream,Upstream,Upstream,Upstream,Upstream
7080274590,7826840,Upstream,Upstream,Upstream,Upstream,Upstream,Upstream,Upstream,Downstream
7080479800,7829605,Upstream,Upstream,Upstream,Upstream,Upstream,Upstream,Upstream,Upstream
7080479810,7829605,Upstream,Upstream,Upstream,Upstream,Upstream,Upstream,Upstream,Upstream
7080450060,7829409,Upstream,Upstream,Upstream,Upstream,Upstream,Upstream,Upstream,Upstream
7080450720,7829409,Upstream,Upstream,Upstream,Upstream,Upstream,Upstream,Upstream,Upstream
7080482650,7829800,Upstream,Upstream,Upstream,Upstream,Upstream,Upstream,Upstream,Upstream
7080482660,7829800,Upstream,Upstream,Upstream,Upstream,Upstream,Upstream,Upstream,Upstream
7080325440,7826630,Downstream,Downstream,Downstream,Downstream,Downstream,Downstream,Downstream,Downstream
7080325580,7826630,Downstream,Downstream,Downstream,Downstream,Downstream,Downstream,Downstream,Downstream
7080270330,7826911,Upstream,Upstream,Upstream,Upstream,Upstream,Upstream,Upstream,Upstream
7080270320,7826911,Upstream,Upstream,Upstream,Upstream,Upstream,Upstream,Upstream,Upstream
7080327120,7826630,Downstream,Downstream,Downstream,Downstream,Downstream,Downstream,Downstream,Downstream
7080327130,7826630,Upstream,Upstream,Upstream,Upstream,Upstream,Upstream,Upstream,Downstream
7080269020,7826840,Upstream,Upstream,Upstream,Upstream,Upstream,Upstream,Upstream,Upstream
7080268940,7826840,Upstream,Upstream,Upstream,Upstream,Upstream,Upstream,Upstream,Upstream
7080468670,7829920,Downstream,Downstream,Downstream,Downstream,Downstream,Downstream,Downstream,Downstream
7080484070,7829606,Downstream,Downstream,Downstream,Downstream,Downstream,Downstream,Downstream,Downstream
7080466720,7829920,Upstream,Upstream,Upstream,Upstream,Upstream,Downstream,Upstream,Downstream
7080466730,7829920,Downstream,Downstream,Downstream,Downstream,Downstream,Downstream,Downstream,Downstream
7080466150,7829920,Upstream,Upstream,Upstream,Upstream,Upstream,Upstream,Upstream,Upstream
7080466000,7829920,Upstream,Upstream,Upstream,Upstream,Upstream,Downstream,Upstream,Downstream
7080472210,7829940,Downstream,Downstream,Downstream,Downstream,Downstream,Downstream,Downstream,Downstream
7080483950,7829606,Downstream,Downstream,Downstream,Downstream,Downstream,Downstream,Downstream,Downstream
7080484080,7829606,Downstream,Downstream,Downstream,Downstream,Downstream,Downstream,Downstream,Downstream
7080484720,7829606,Downstream,Downstream,Downstream,Downstream,Downstream,Downstream,Downstream,Downstream
7080484860,7829606,Upstream,Upstream,Upstream,Upstream,Upstream,Upstream,Upstream,Upstream
7080480700,7829940,Downstream,Downstream,Downstream,Downstream,Downstream,Downstream,Downstream,Downstream
7080480850,7829940,Downstream,Downstream,Downstream,Downstream,Downstream,Downstream,Downstream,Downstream
7080481850,7829940,Upstream,Upstream,Upstream,Upstream,Upstream,Upstream,Upstream,Downstream
7080481650,7829940,Downstream,Downstream,Downstream,Downstream,Downstream,Downstream,Downstream,Downstream
7080489800,7829606,Upstream,Upstream,Upstream,Upstream,Upstream,Upstream,Upstream,Upstream
7080489670,7829606,Upstream,Upstream,Upstream,Upstream,Upstream,Upstream,Upstream,Upstream
7080342670,7826630,Upstream,Upstream,Upstream,Upstream,Upstream,Upstream,Upstream,Upstream
7080342740,7826630,Upstream,Upstream,Upstream,Upstream,Upstream,Upstream,Upstream,Downstream
7080457280,7829920,Upstream,Upstream,Upstream,Upstream,Upstream,Upstream,Upstream,Upstream
7080457290,7829920,Upstream,Upstream,Upstream,Upstream,Upstream,Upstream,Upstream,Upstream
7080342990,7826630,Upstream,Upstream,Upstream,Upstream,Upstream,Upstream,Upstream,Upstream
7080342840,7826630,Upstream,Upstream,Upstream,Upstream,Upstream,Upstream,Upstream,Upstream
7080492080,7829940,Upstream,Upstream,Upstream,Upstream,Upstream,Upstream,Upstream,Downstream
7080492200,7829940,Upstream,Upstream,Upstream,Upstream,Upstream,Upstream,Upstream,Upstream
7080322520,7826859,Downstream,Downstream,Downstream,Downstream,Downstream,Downstream,Downstream,Downstream
7080498950,7829606,Upstream,Upstream,Upstream,Upstream,Upstream,Upstream,Upstream,Upstream
7080499110,7829606,Upstream,Upstream,Upstream,Upstream,Upstream,Upstream,Upstream,Upstream
7080347990,7826650,Downstream,Downstream,Downstream,Downstream,Downstream,Downstream,Downstream,Downstream
7080348000,7826641,Downstream,Downstream,Downstream,Downstream,Downstream,Downstream,Downstream,Downstream
7080448420,7829920,Upstream,Upstream,Upstream,Upstream,Upstream,Upstream,Upstream,Upstream
7080448200,7829920,Upstream,Upstream,Upstream,Upstream,Upstream,Upstream,Upstream,Upstream
7080497920,7829940,Upstream,Upstream,Upstream,Upstream,Upstream,Upstream,Upstream,Upstream
7080498040,7829940,Upstream,Upstream,Upstream,Upstream,Upstream,Upstream,Upstream,Upstream
7080347900,7826641,Upstream,Upstream,Downstream,Downstream,Downstream,Downstream,Upstream,Downstream
7080347830,7826641,Downstream,Downstream,Downstream,Downstream,Downstream,Downstream,Downstream,Downstream
7080475110,7829956,Downstream,Downstream,Downstream,Downstream,Downstream,Downstream,Downstream,Downstream
7080349770,7826650,Downstream,Downstream,Downstream,Downstream,Downstream,Downstream,Downstream,Downstream
7080349890,7826650,Downstream,Downstream,Downstream,Downstream,Downstream,Downstream,Upstream,Downstream
7080312000,7826859,Downstream,Downstream,Downstream,Downstream,Downstream,Downstream,Downstream,Downstream
7080311930,7826859,Downstream,Downstream,Downstream,Downstream,Downstream,Downstream,Downstream,Downstream
7080223480,7826930,Downstream,Downstream,Downstream,Downstream,Downstream,Downstream,Downstream,Downstream
7080223370,7826920,Downstream,Downstream,Downstream,Downstream,Downstream,Downstream,Downstream,Downstream
7080349090,7826641,Upstream,Upstream,Downstream,Downstream,Downstream,Downstream,Upstream,Downstream
7080348970,7826641,Upstream,Upstream,Upstream,Upstream,Upstream,Upstream,Upstream,Upstream
7080222890,7826920,Downstream,Downstream,Downstream,Downstream,Downstream,Downstream,Downstream,Downstream
7080222760,7826920,Upstream,Downstream,Downstream,Downstream,Downstream,Downstream,Upstream,Downstream
7080348120,7826641,Upstream,Upstream,Upstream,Upstream,Upstream,Upstream,Upstream,Upstream
7080348130,7826641,Upstream,Upstream,Upstream,Upstream,Upstream,Upstream,Upstream,Upstream
7080478830,7829956,Downstream,Downstream,Downstream,Downstream,Downstream,Downstream,Downstream,Downstream
7080478840,7829956,Downstream,Downstream,Downstream,Downstream,Downstream,Downstream,Downstream,Downstream
7080309800,7826859,Downstream,Downstream,Downstream,Downstream,Downstream,Downstream,Downstream,Downstream
7080309710,7826859,Upstream,Upstream,Upstream,Upstream,Upstream,Upstream,Upstream,Upstream
7080307770,7826859,Upstream,Upstream,Upstream,Upstream,Upstream,Upstream,Upstream,Upstream
7080307560,7826859,Upstream,Upstream,Upstream,Upstream,Upstream,Upstream,Upstream,Upstream
7080225280,7826930,Downstream,Downstream,Downstream,Downstream,Downstream,Downstream,Downstream,Downstream
7080225390,7826930,Downstream,Downstream,Downstream,Downstream,Downstream,Downstream,Downstream,Downstream
7080219510,7826920,Upstream,Downstream,Downstream,Downstream,Downstream,Downstream,Upstream,Downstream
7080219270,7826920,Upstream,Upstream,Upstream,Upstream,Upstream,Upstream,Upstream,Downstream
7080482340,7829956,Downstream,Upstream,Upstream,Upstream,Upstream,Upstream,Downstream,Downstream
7080482120,7829956,Downstream,Downstream,Downstream,Downstream,Downstream,Downstream,Downstream,Downstream
7080345580,7826641,Upstream,Upstream,Upstream,Upstream,Upstream,Upstream,Upstream,Upstream
7080345500,7826641,Upstream,Upstream,Upstream,Upstream,Upstream,Upstream,Upstream,Upstream
7080483200,7829956,Downstream,Upstream,Upstream,Upstream,Upstream,Upstream,Downstream,Downstream
7080483250,7829956,Upstream,Upstream,Upstream,Upstream,Upstream,Upstream,Upstream,Upstream
7080227670,7826930,Downstream,Downstream,Downstream,Downstream,Downstream,Downstream,Downstream,Downstream
7080227760,7826930,Upstream,Upstream,Upstream,Upstream,Upstream,Upstream,Upstream,Downstream
7080303430,7826859,Upstream,Upstream,Upstream,Upstream,Upstream,Upstream,Upstream,Upstream
7080303740,7826859,Upstream,Upstream,Upstream,Upstream,Upstream,Upstream,Upstream,Upstream
7080215850,7826920,Upstream,Upstream,Upstream,Upstream,Upstream,Upstream,Upstream,Downstream
7080215730,7826920,Upstream,Upstream,Upstream,Upstream,Upstream,Upstream,Upstream,Upstream
7080228780,7826930,Upstream,Upstream,Upstream,Upstream,Upstream,Upstream,Upstream,Downstream
7080228900,7826930,Upstream,Upstream,Upstream,Upstream,Upstream,Upstream,Upstream,Upstream
7080486430,7829956,Upstream,Upstream,Upstream,Upstream,Upstream,Upstream,Upstream,Upstream
7080486440,7829956,Upstream,Upstream,Upstream,Upstream,Upstream,Upstream,Upstream,Upstream
7080356940,7826650,Upstream,Upstream,Upstream,Upstream,Upstream,Upstream,Upstream,Upstream
7080357210,7826650,Downstream,Downstream,Downstream,Downstream,Downstream,Downstream,Upstream,Downstream
7080301180,7826870,Downstream,Downstream,Downstream,Downstream,Downstream,Downstream,Downstream,Downstream
7080301390,7826860,Downstream,Downstream,Downstream,Downstream,Downstream,Downstream,Downstream,Downstream
7080212530,7826920,Upstream,Upstream,Upstream,Upstream,Upstream,Upstream,Upstream,Upstream
7080212540,7826920,Upstream,Upstream,Upstream,Upstream,Upstream,Upstream,Upstream,Upstream
7080299240,7826870,Downstream,Downstream,Downstream,Downstream,Downstream,Downstream,Downstream,Downstream
7080299060,7826870,Downstream,Downstream,Downstream,Downstream,Downstream,Downstream,Downstream,Downstream
7080298710,7826870,Downstream,Downstream,Downstream,Downstream,Downstream,Upstream,Downstream,Downstream
7080298600,7826870,Downstream,Downstream,Downstream,Downstream,Downstream,Downstream,Downstream,Downstream
7080299660,7826860,Downstream,Downstream,Downstream,Downstream,Downstream,Downstream,Downstream,Downstream
7080299600,7826860,Downstream,Downstream,Downstream,Downstream,Downstream,Downstream,Downstream,Downstream
7080357620,7826650,Upstream,Upstream,Upstream,Upstream,Upstream,Upstream,Upstream,Upstream
7080357730,7826650,Upstream,Upstream,Upstream,Upstream,Upstream,Upstream,Upstream,Upstream
7080234180,7826930,Upstream,Upstream,Upstream,Upstream,Upstream,Upstream,Upstream,Upstream
7080234320,7826930,Upstream,Upstream,Upstream,Upstream,Upstream,Upstream,Upstream,Upstream
7080234330,7826950,Downstream,Downstream,Downstream,Downstream,Downstream,Downstream,Downstream,Downstream
7080356670,7826650,Upstream,Upstream,Upstream,Upstream,Upstream,Upstream,Upstream,Upstream
7080356560,7826650,Upstream,Upstream,Upstream,Upstream,Upstream,Upstream,Upstream,Upstream
7080294440,7826870,Downstream,Downstream,Downstream,Downstream,Downstream,Upstream,Downstream,Downstream
7080294330,7826870,Upstream,Upstream,Upstream,Upstream,Upstream,Upstream,Upstream,Upstream
7080239750,7826950,Downstream,Downstream,Downstream,Downstream,Downstream,Downstream,Downstream,Downstream
7080239760,7826950,Upstream,Upstream,Upstream,Downstream,Downstream,Downstream,Upstream,Downstream
7080361120,7826660,Downstream,Downstream,Downstream,Downstream,Downstream,Downstream,Downstream,Downstream
7080290900,7826870,Downstream,Downstream,Downstream,Downstream,Downstream,Upstream,Downstream,Downstream
7080290820,7826870,Downstream,Downstream,Downstream,Downstream,Downstream,Upstream,Downstream,Downstream
7080290130,7826890,Downstream,Downstream,Downstream,Downstream,Downstream,Downstream,Downstream,Downstream
7080240700,7826950,Upstream,Upstream,Upstream,Upstream,Upstream,Upstream,Upstream,Upstream
7080240580,7826950,Upstream,Upstream,Upstream,Downstream,Downstream,Downstream,Upstream,Downstream
7080240710,7826950,Upstream,Upstream,Upstream,Upstream,Upstream,Upstream,Upstream,Upstream
7080240880,7826950,Upstream,Upstream,Upstream,Upstream,Upstream,Upstream,Upstream,Upstream
7080364320,7826660,Downstream,Downstream,Downstream,Downstream,Downstream,Downstream,Downstream,Downstream
7080364420,7826660,Downstream,Downstream,Downstream,Downstream,Downstream,Downstream,Downstream,Downstream
7080360890,7826680,Downstream,Downstream,Downstream,Downstream,Downstream,Downstream,Downstream,Downstream
7080287600,7826860,Downstream,Downstream,Downstream,Downstream,Downstream,Downstream,Downstream,Downstream
7080287420,7826860,Upstream,Upstream,Upstream,Upstream,Upstream,Upstream,Upstream,Upstream
7080242990,7826950,Upstream,Upstream,Upstream,Upstream,Upstream,Upstream,Upstream,Upstream
7080242750,7826950,Upstream,Upstream,Upstream,Upstream,Upstream,Upstream,Upstream,Upstream
7080283910,7826860,Upstream,Upstream,Upstream,Upstream,Upstream,Upstream,Upstream,Upstream
7080283920,7826860,Upstream,Upstream,Upstream,Upstream,Upstream,Upstream,Upstream,Upstream
7080283340,7826890,Downstream,Downstream,Downstream,Downstream,Downstream,Downstream,Downstream,Downstream
7080283350,7826890,Downstream,Downstream,Downstream,Downstream,Downstream,Downstream,Downstream,Downstream
7080368400,7826660,Downstream,Downstream,Downstream,Upstream,Upstream,Upstream,Downstream,Downstream
7080368600,7826660,Downstream,Downstream,Downstream,Downstream,Downstream,Downstream,Downstream,Downstream
7080371100,7826660,Downstream,Downstream,Downstream,Upstream,Upstream,Upstream,Downstream,Downstream
7080371200,7826660,Upstream,Upstream,Upstream,Upstream,Upstream,Upstream,Upstream,Upstream
7080278660,7826890,Downstream,Downstream,Downstream,Downstream,Downstream,Downstream,Downstream,Downstream
7080278460,7826890,Upstream,Upstream,Upstream,Upstream,Upstream,Upstream,Upstream,Downstream
7080322140,7826649,Downstream,Downstream,Downstream,Downstream,Downstream,Downstream,Downstream,Downstream
7080321920,7826648,Downstream,Downstream,Downstream,Downstream,Downstream,Downstream,Downstream,Downstream
7080358280,7826680,Downstream,Downstream,Downstream,Downstream,Downstream,Downstream,Downstream,Downstream
7080358270,7826680,Downstream,Downstream,Downstream,Downstream,Downstream,Downstream,Downstream,Downstream
7080274970,7826860,Upstream,Upstream,Upstream,Upstream,Upstream,Upstream,Upstream,Upstream
7080274960,7826860,Upstream,Upstream,Upstream,Upstream,Upstream,Upstream,Upstream,Upstream
7080319670,7826648,Downstream,Downstream,Downstream,Downstream,Downstream,Downstream,Upstream,Downstream
7080319680,7826648,Downstream,Downstream,Downstream,Downstream,Downstream,Downstream,Downstream,Downstream
7080446330,7829980,Downstream,Downstream,Downstream,Downstream,Downstream,Downstream,Downstream,Downstream
7080356950,7826680,Upstream,Upstream,Upstream,Upstream,Upstream,Upstream,Upstream,Upstream
7080356780,7826680,Downstream,Downstream,Downstream,Downstream,Downstream,Downstream,Downstream,Downstream
7080272040,7826890,Upstream,Upstream,Upstream,Upstream,Upstream,Upstream,Upstream,Upstream
7080272050,7826890,Upstream,Upstream,Upstream,Upstream,Upstream,Upstream,Upstream,Downstream
7080357740,7826680,Upstream,Upstream,Upstream,Upstream,Upstream,Upstream,Upstream,Upstream
7080357860,7826680,Upstream,Upstream,Upstream,Upstream,Upstream,Upstream,Upstream,Upstream
7080314720,7826648,Upstream,Upstream,Upstream,Upstream,Upstream,Upstream,Upstream,Upstream
7080314730,7826648,Downstream,Downstream,Downstream,Downstream,Downstream,Downstream,Upstream,Downstream
7080256650,7826990,Downstream,Downstream,Downstream,Downstream,Downstream,Downstream,Downstream,Downstream
7080257720,7826990,Downstream,Downstream,Downstream,Downstream,Downstream,Downstream,Downstream,Downstream
7080257710,7826990,Downstream,Downstream,Downstream,Downstream,Downstream,Downstream,Downstream,Downstream
7080442560,7829980,Upstream,Upstream,Upstream,Downstream,Downstream,Downstream,Upstream,Downstream
7080442700,7829980,Downstream,Downstream,Downstream,Downstream,Downstream,Downstream,Downstream,Downstream
7080268850,7826890,Upstream,Upstream,Upstream,Upstream,Upstream,Upstream,Upstream,Upstream
7080268860,7826890,Upstream,Upstream,Upstream,Upstream,Upstream,Upstream,Upstream,Upstream
7080360230,7826680,Upstream,Upstream,Upstream,Upstream,Upstream,Upstream,Upstream,Upstream
7080360320,7826680,Upstream,Upstream,Upstream,Upstream,Upstream,Upstream,Upstream,Upstream
7080386110,7826660,Upstream,Upstream,Upstream,Upstream,Upstream,Upstream,Upstream,Upstream
7080386250,7826660,Upstream,Upstream,Upstream,Upstream,Upstream,Upstream,Upstream,Upstream
7080440880,7829980,Upstream,Upstream,Upstream,Upstream,Upstream,Upstream,Upstream,Upstream
7080440790,7829980,Upstream,Upstream,Upstream,Downstream,Downstream,Downstream,Upstream,Downstream
7080439660,7829980,Upstream,Upstream,Upstream,Upstream,Upstream,Upstream,Upstream,Upstream
7080439540,7829980,Upstream,Upstream,Upstream,Upstream,Upstream,Upstream,Upstream,Upstream
7080333970,7826649,Downstream,Downstream,Downstream,Downstream,Downstream,Downstream,Downstream,Downstream
7080334130,7826649,Upstream,Upstream,Downstream,Downstream,Downstream,Downstream,Upstream,Downstream
7080265530,7826990,Downstream,Downstream,Downstream,Upstream,Upstream,Upstream,Downstream,Downstream
7080265620,7826990,Downstream,Downstream,Downstream,Downstream,Downstream,Downstream,Downstream,Downstream
7080265870,7826990,Upstream,Upstream,Upstream,Upstream,Upstream,Upstream,Upstream,Upstream
7080265860,7826990,Downstream,Downstream,Downstream,Upstream,Upstream,Upstream,Downstream,Downstream
7080336480,7826649,Upstream,Upstream,Downstream,Downstream,Downstream,Downstream,Upstream,Downstream
7080336490,7826649,Upstream,Upstream,Upstream,Upstream,Upstream,Upstream,Upstream,Upstream
7080305860,7826648,Upstream,Upstream,Upstream,Upstream,Upstream,Upstream,Upstream,Upstream
7080305720,7826648,Upstream,Upstream,Upstream,Upstream,Upstream,Upstream,Upstream,Upstream
7080267300,7826990,Upstream,Upstream,Upstream,Upstream,Upstream,Upstream,Upstream,Upstream
7080267290,7826990,Upstream,Upstream,Upstream,Upstream,Upstream,Upstream,Upstream,Upstream
7080303440,7826648,Upstream,Upstream,Upstream,Upstream,Upstream,Upstream,Upstream,Upstream
7080303330,7826648,Upstream,Upstream,Upstream,Upstream,Upstream,Upstream,Upstream,Upstream
7080342750,7826649,Upstream,Upstream,Upstream,Upstream,Upstream,Upstream,Upstream,Upstream
7080342850,7826649,Upstream,Upstream,Upstream,Upstream,Upstream,Upstream,Upstream,Upstream
7080346420,7826649,Upstream,Upstream,Upstream,Upstream,Upstream,Upstream,Upstream,Upstream
7080346530,7826649,Upstream,Upstream,Upstream,Upstream,Upstream,Upstream,Upstream,Upstream
7080429350,7829980,Upstream,Upstream,Upstream,Upstream,Upstream,Upstream,Upstream,Upstream
7080429210,7829980,Upstream,Upstream,Upstream,Upstream,Upstream,Upstream,Upstream,Upstream
7080452240,7829999,Downstream,Downstream,Downstream,Downstream,Downstream,Downstream,Downstream,Downstream
7080444780,7829999,Downstream,Downstream,Downstream,Downstream,Downstream,Downstream,Downstream,Downstream
7080445040,7829999,Downstream,Downstream,Downstream,Downstream,Downstream,Downstream,Downstream,Downstream
7080444180,7829999,Downstream,Downstream,Downstream,Downstream,Downstream,Downstream,Downstream,Downstream
7080444100,7829999,Upstream,Upstream,Upstream,Upstream,Upstream,Upstream,Upstream,Downstream
7080444010,7829999,Upstream,Upstream,Upstream,Upstream,Upstream,Upstream,Upstream,Downstream
7080444000,7829999,Upstream,Upstream,Upstream,Upstream,Upstream,Upstream,Upstream,Upstream
7080436350,7829999,Upstream,Upstream,Upstream,Upstream,Upstream,Upstream,Upstream,Upstream
7080436200,7829999,Upstream,Upstream,Upstream,Upstream,Upstream,Upstream,Upstream,Upstream
7080016000,7831060,Downstream,Downstream,Downstream,Downstream,Downstream,Downstream,Downstream,Downstream
7080334600,7831060,Downstream,Downstream,Downstream,Downstream,Downstream,Downstream,Downstream,Downstream
7080334450,7831060,Downstream,Downstream,Downstream,Downstream,Downstream,Downstream,Downstream,Downstream
7080336740,7831060,Upstream,Upstream,Upstream,Upstream,Upstream,Upstream,Upstream,Upstream
7080336800,7831060,Downstream,Downstream,Downstream,Downstream,Downstream,Downstream,Downstream,Downstream
7080341710,7831060,Downstream,Downstream,Downstream,Downstream,Downstream,Downstream,Downstream,Downstream
7080341790,7831060,Downstream,Downstream,Downstream,Downstream,Downstream,Downstream,Downstream,Downstream
7080344510,7831060,Downstream,Downstream,Downstream,Downstream,Downstream,Downstream,Downstream,Downstream
7080344280,7831060,Downstream,Downstream,Downstream,Downstream,Downstream,Downstream,Downstream,Downstream
7080016090,7831080,Downstream,Downstream,Downstream,Downstream,Downstream,Downstream,Downstream,Downstream
7080317550,7831080,Upstream,Upstream,Upstream,Upstream,Upstream,Upstream,Upstream,Downstream
7080317410,7831080,Downstream,Downstream,Downstream,Downstream,Downstream,Downstream,Downstream,Downstream
7080319210,7831080,Upstream,Upstream,Upstream,Upstream,Upstream,Upstream,Upstream,Downstream
7080319120,7831080,Upstream,Upstream,Upstream,Upstream,Upstream,Upstream,Upstream,Upstream
7080317560,7831080,Upstream,Upstream,Upstream,Upstream,Upstream,Upstream,Upstream,Upstream
7080317420,7831080,Upstream,Upstream,Upstream,Upstream,Upstream,Upstream,Upstream,Upstream
7080311990,7831080,Upstream,Upstream,Upstream,Upstream,Upstream,Upstream,Upstream,Upstream
7080311920,7831080,Upstream,Upstream,Upstream,Upstream,Upstream,Upstream,Upstream,Upstream
7080300090,7832106,Downstream,Downstream,Downstream,Downstream,Downstream,Downstream,Downstream,Downstream
7080299340,7832106,Downstream,Downstream,Downstream,Downstream,Downstream,Downstream,Downstream,Downstream
7080299350,7832106,Downstream,Downstream,Downstream,Downstream,Downstream,Downstream,Downstream,Downstream
7080292970,7832106,Upstream,Upstream,Upstream,Upstream,Upstream,Upstream,Upstream,Downstream
7080292980,7832106,Downstream,Downstream,Downstream,Downstream,Downstream,Downstream,Downstream,Downstream
7080273110,7832106,Upstream,Upstream,Upstream,Upstream,Upstream,Upstream,Upstream,Upstream
7080272980,7832106,Upstream,Upstream,Upstream,Upstream,Upstream,Upstream,Upstream,Downstream
7080272910,7832106,Upstream,Upstream,Upstream,Upstream,Upstream,Upstream,Upstream,Upstream
7080273100,7832106,Upstream,Upstream,Upstream,Upstream,Upstream,Upstream,Upstream,Upstream
7080269970,7832220,Downstream,Downstream,Downstream,Downstream,Downstream,Downstream,Downstream,Downstream
7080261460,7832306,Downstream,Downstream,Downstream,Downstream,Downstream,Downstream,Downstream,Downstream
7080261880,7832240,Downstream,Downstream,Downstream,Downstream,Downstream,Downstream,Downstream,Downstream
7080261890,7832250,Downstream,Downstream,Downstream,Downstream,Downstream,Downstream,Downstream,Downstream
7080277480,7832220,Downstream,Downstream,Downstream,Downstream,Downstream,Downstream,Upstream,Downstream
7080277470,7832220,Downstream,Downstream,Downstream,Downstream,Downstream,Downstream,Downstream,Downstream
7080260990,7832250,Downstream,Downstream,Downstream,Downstream,Downstream,Downstream,Downstream,Downstream
7080260940,7832250,Downstream,Downstream,Downstream,Downstream,Downstream,Downstream,Downstream,Downstream
7080277670,7832220,Upstream,Upstream,Upstream,Upstream,Upstream,Upstream,Upstream,Downstream
7080277490,7832220,Downstream,Downstream,Downstream,Downstream,Downstream,Downstream,Upstream,Downstream
7080258170,7832306,Downstream,Downstream,Downstream,Downstream,Downstream,Downstream,Downstream,Downstream
7080258000,7832306,Downstream,Downstream,Downstream,Downstream,Downstream,Downstream,Downstream,Downstream
7080278320,7832220,Upstream,Upstream,Upstream,Upstream,Upstream,Upstream,Upstream,Upstream
7080278450,7832220,Upstream,Upstream,Upstream,Upstream,Upstream,Upstream,Upstream,Downstream
7080257310,7832240,Downstream,Downstream,Downstream,Downstream,Downstream,Downstream,Downstream,Downstream
7080257570,7832240,Downstream,Downstream,Downstream,Downstream,Downstream,Downstream,Downstream,Downstream
7080261760,7832250,Downstream,Downstream,Downstream,Downstream,Downstream,Downstream,Downstream,Downstream
7080261620,7832250,Upstream,Upstream,Upstream,Upstream,Upstream,Upstream,Upstream,Upstream
7080253400,7832240,Upstream,Upstream,Upstream,Upstream,Upstream,Upstream,Downstream,Downstream
7080253410,7832240,Downstream,Downstream,Downstream,Downstream,Downstream,Downstream,Downstream,Downstream
7080276820,7832220,Upstream,Upstream,Upstream,Upstream,Upstream,Upstream,Upstream,Upstream
7080277030,7832220,Upstream,Upstream,Upstream,Upstream,Upstream,Upstream,Upstream,Upstream
7080250470,7832240,Upstream,Upstream,Upstream,Upstream,Upstream,Upstream,Upstream,Upstream
7080250310,7832240,Upstream,Upstream,Upstream,Upstream,Upstream,Upstream,Downstream,Downstream
7080262070,7832250,Downstream,Downstream,Downstream,Downstream,Downstream,Downstream,Downstream,Downstream
7080262180,7832250,Downstream,Downstream,Downstream,Downstream,Downstream,Downstream,Downstream,Downstream
7080257560,7832306,Upstream,Upstream,Upstream,Upstream,Upstream,Upstream,Upstream,Upstream
7080257400,7832306,Downstream,Downstream,Downstream,Downstream,Downstream,Downstream,Downstream,Downstream
7080262500,7832250,Downstream,Downstream,Downstream,Downstream,Downstream,Downstream,Downstream,Downstream
7080262650,7832250,Downstream,Downstream,Downstream,Downstream,Downstream,Downstream,Downstream,Downstream
7080257390,7832306,Upstream,Upstream,Upstream,Upstream,Upstream,Upstream,Upstream,Upstream
7080257300,7832306,Upstream,Upstream,Upstream,Upstream,Upstream,Upstream,Upstream,Upstream
7080258800,7832306,Upstream,Upstream,Upstream,Upstream,Upstream,Upstream,Upstream,Upstream
7080258790,7832306,Upstream,Upstream,Upstream,Upstream,Upstream,Upstream,Upstream,Upstream
7080247420,7832240,Upstream,Upstream,Upstream,Upstream,Upstream,Upstream,Upstream,Upstream
7080247270,7832240,Upstream,Upstream,Upstream,Upstream,Upstream,Upstream,Upstream,Upstream
7080257320,7832280,Downstream,Downstream,Downstream,Downstream,Downstream,Downstream,Downstream,Downstream
7080252740,7832280,Upstream,Upstream,Upstream,Downstream,Downstream,Downstream,Upstream,Downstream
7080252730,7832280,Downstream,Downstream,Downstream,Downstream,Downstream,Downstream,Downstream,Downstream
7080236930,7832266,Downstream,Downstream,Downstream,Downstream,Downstream,Downstream,Downstream,Downstream
7080237320,7832269,Downstream,Downstream,Downstream,Downstream,Downstream,Downstream,Downstream,Downstream
7080245270,7832280,Upstream,Upstream,Upstream,Downstream,Downstream,Downstream,Upstream,Downstream
7080245180,7832280,Upstream,Upstream,Upstream,Downstream,Downstream,Downstream,Upstream,Upstream
7080228550,7832266,Downstream,Downstream,Downstream,Downstream,Downstream,Downstream,Downstream,Downstream
7080228890,7832266,Upstream,Upstream,Downstream,Downstream,Downstream,Downstream,Upstream,Upstream
7080226330,7832409,Downstream,Downstream,Downstream,Downstream,Downstream,Downstream,Downstream,Downstream
7080226450,7832408,Downstream,Downstream,Downstream,Downstream,Downstream,Downstream,Downstream,Downstream
7080236700,7832280,Upstream,Upstream,Upstream,Downstream,Downstream,Downstream,Upstream,Upstream
7080236560,7832280,Upstream,Upstream,Upstream,Upstream,Upstream,Upstream,Upstream,Upstream
7080229770,7832266,Upstream,Upstream,Upstream,Upstream,Upstream,Upstream,Upstream,Upstream
7080229610,7832266,Upstream,Upstream,Downstream,Downstream,Downstream,Downstream,Upstream,Upstream
7080228540,7832409,Downstream,Downstream,Downstream,Downstream,Downstream,Downstream,Downstream,Downstream
7080228770,7832409,Downstream,Downstream,Downstream,Downstream,Downstream,Downstream,Downstream,Downstream
7080230470,7832266,Upstream,Upstream,Upstream,Upstream,Upstream,Upstream,Upstream,Upstream
7080230520,7832266,Upstream,Upstream,Upstream,Upstream,Upstream,Upstream,Upstream,Upstream
7080201510,7832506,Downstream,Downstream,Downstream,Downstream,Downstream,Downstream,Downstream,Downstream
7080230540,7832280,Upstream,Upstream,Upstream,Upstream,Upstream,Upstream,Upstream,Upstream
7080230530,7832280,Upstream,Upstream,Upstream,Upstream,Upstream,Upstream,Upstream,Upstream
7080232530,7832409,Downstream,Downstream,Downstream,Downstream,Downstream,Downstream,Downstream,Downstream
7080232580,7832409,Downstream,Downstream,Downstream,Downstream,Upstream,Upstream,Downstream,Downstream
7080235710,7832408,Downstream,Downstream,Downstream,Downstream,Downstream,Downstream,Downstream,Downstream
7080230660,7832266,Upstream,Upstream,Upstream,Upstream,Upstream,Upstream,Upstream,Upstream
7080235840,7832408,Downstream,Downstream,Downstream,Downstream,Downstream,Downstream,Downstream,Downstream
7080230790,7832266,Upstream,Upstream,Upstream,Upstream,Upstream,Upstream,Upstream,Upstream
7080223690,7832269,Downstream,Downstream,Downstream,Downstream,Downstream,Downstream,Downstream,Downstream
7080223700,7832269,Downstream,Downstream,Downstream,Downstream,Downstream,Downstream,Downstream,Downstream
7080223280,7832269,Downstream,Downstream,Downstream,Downstream,Downstream,Downstream,Downstream,Downstream
7080223200,7832269,Upstream,Upstream,Upstream,Upstream,Upstream,Upstream,Upstream,Upstream
7080244180,7832408,Downstream,Downstream,Downstream,Downstream,Downstream,Downstream,Downstream,Downstream
7080244250,7832408,Upstream,Upstream,Upstream,Upstream,Upstream,Upstream,Upstream,Upstream
7080219680,7832269,Upstream,Upstream,Upstream,Upstream,Upstream,Upstream,Upstream,Upstream
7080219920,7832269,Upstream,Upstream,Upstream,Upstream,Upstream,Upstream,Upstream,Upstream
7080243390,7832409,Upstream,Upstream,Upstream,Upstream,Upstream,Upstream,Upstream,Upstream
7080243080,7832409,Downstream,Downstream,Downstream,Downstream,Upstream,Upstream,Downstream,Downstream
7080208510,7832506,Downstream,Downstream,Downstream,Downstream,Downstream,Downstream,Downstream,Downstream
7080208520,7832506,Upstream,Upstream,Upstream,Upstream,Downstream,Downstream,Upstream,Downstream
7080248020,7832408,Upstream,Upstream,Upstream,Upstream,Upstream,Upstream,Upstream,Upstream
7080248080,7832408,Upstream,Upstream,Upstream,Upstream,Upstream,Upstream,Upstream,Upstream
7080246670,7832409,Upstream,Upstream,Upstream,Upstream,Upstream,Upstream,Upstream,Upstream
7080246680,7832409,Upstream,Upstream,Upstream,Upstream,Upstream,Upstream,Upstream,Upstream
7080249340,7832408,Upstream,Upstream,Upstream,Upstream,Upstream,Upstream,Upstream,Upstream
7080249490,7832408,Upstream,Upstream,Upstream,Upstream,Upstream,Upstream,Upstream,Upstream
7080214740,7832269,Upstream,Upstream,Upstream,Upstream,Upstream,Upstream,Upstream,Upstream
7080214730,7832269,Upstream,Upstream,Upstream,Upstream,Upstream,Upstream,Upstream,Upstream
7080210200,7832506,Upstream,Upstream,Upstream,Upstream,Upstream,Upstream,Upstream,Upstream
7080210150,7832506,Upstream,Upstream,Upstream,Upstream,Downstream,Downstream,Upstream,Downstream
7080214220,7832506,Upstream,Upstream,Upstream,Upstream,Upstream,Upstream,Upstream,Upstream
7080214320,7832506,Upstream,Upstream,Upstream,Upstream,Upstream,Upstream,Upstream,Upstream
7080213350,7832506,Upstream,Upstream,Upstream,Upstream,Upstream,Upstream,Upstream,Upstream
7080213140,7832506,Upstream,Upstream,Upstream,Upstream,Upstream,Upstream,Upstream,Upstream
7080178720,7832820,Downstream,Downstream,Downstream,Downstream,Downstream,Downstream,Downstream,Downstream
7080174580,7832920,Downstream,Downstream,Downstream,Downstream,Downstream,Downstream,Downstream,Downstream
7080180170,7832820,Downstream,Downstream,Downstream,Downstream,Downstream,Downstream,Downstream,Downstream
7080180260,7832820,Downstream,Downstream,Downstream,Downstream,Downstream,Downstream,Downstream,Downstream
7080183450,7832820,Downstream,Downstream,Downstream,Downstream,Downstream,Downstream,Downstream,Downstream
7080183280,7832820,Downstream,Downstream,Downstream,Downstream,Downstream,Downstream,Downstream,Downstream
7080169800,7832920,Downstream,Downstream,Downstream,Downstream,Downstream,Downstream,Downstream,Downstream
7080169670,7832920,Downstream,Downstream,Downstream,Downstream,Downstream,Downstream,Downstream,Downstream
7080176450,7832850,Downstream,Downstream,Downstream,Downstream,Downstream,Downstream,Downstream,Downstream
7080176340,7832841,Downstream,Downstream,Downstream,Downstream,Downstream,Downstream,Downstream,Downstream
7080171470,7832920,Upstream,Upstream,Upstream,Upstream,Upstream,Upstream,Upstream,Downstream
7080171630,7832920,Downstream,Downstream,Downstream,Downstream,Downstream,Downstream,Downstream,Downstream
7080176570,7832850,Downstream,Downstream,Downstream,Downstream,Downstream,Downstream,Downstream,Downstream
7080176640,7832850,Downstream,Downstream,Downstream,Downstream,Downstream,Downstream,Downstream,Downstream
7080176890,7832850,Upstream,Upstream,Upstream,Upstream,Upstream,Upstream,Upstream,Downstream
7080176950,7832850,Downstream,Downstream,Downstream,Downstream,Downstream,Downstream,Downstream,Downstream
7080171730,7832960,Downstream,Downstream,Downstream,Downstream,Downstream,Downstream,Downstream,Downstream
7080188100,7832820,Upstream,Upstream,Upstream,Upstream,Upstream,Upstream,Upstream,Upstream
7080188000,7832820,Downstream,Downstream,Downstream,Downstream,Downstream,Downstream,Downstream,Downstream
7080176630,7832850,Upstream,Upstream,Upstream,Upstream,Upstream,Upstream,Upstream,Downstream
7080176560,7832850,Upstream,Upstream,Upstream,Upstream,Upstream,Upstream,Upstream,Upstream
7080170480,7832960,Downstream,Downstream,Downstream,Downstream,Downstream,Downstream,Downstream,Downstream
7080170300,7832960,Downstream,Downstream,Downstream,Downstream,Downstream,Downstream,Downstream,Downstream
7080166460,7832920,Upstream,Upstream,Upstream,Upstream,Upstream,Upstream,Upstream,Upstream
7080166360,7832920,Upstream,Upstream,Upstream,Upstream,Upstream,Upstream,Upstream,Downstream
7080174890,7832980,Downstream,Downstream,Downstream,Downstream,Downstream,Downstream,Downstream,Downstream
7080172310,7832841,Downstream,Downstream,Downstream,Downstream,Downstream,Downstream,Downstream,Downstream
7080172300,7832841,Downstream,Downstream,Downstream,Downstream,Downstream,Downstream,Upstream,Downstream
7080175700,7832850,Upstream,Upstream,Upstream,Upstream,Upstream,Upstream,Upstream,Upstream
7080175800,7832850,Upstream,Upstream,Upstream,Upstream,Upstream,Upstream,Upstream,Upstream
7080187870,7832820,Upstream,Upstream,Upstream,Upstream,Upstream,Upstream,Upstream,Upstream
7080187760,7832820,Upstream,Upstream,Upstream,Upstream,Upstream,Upstream,Upstream,Upstream
7080169680,7832960,Upstream,Upstream,Upstream,Upstream,Upstream,Downstream,Upstream,Upstream
7080169490,7832960,Downstream,Downstream,Downstream,Downstream,Downstream,Downstream,Downstream,Downstream
7080164580,7832920,Upstream,Upstream,Upstream,Upstream,Upstream,Upstream,Upstream,Upstream
7080164940,7832920,Upstream,Upstream,Upstream,Upstream,Upstream,Upstream,Upstream,Upstream
7080174100,7832860,Downstream,Downstream,Downstream,Downstream,Downstream,Downstream,Downstream,Downstream
7080165720,7832841,Downstream,Downstream,Downstream,Downstream,Downstream,Downstream,Upstream,Downstream
7080165590,7832841,Upstream,Upstream,Upstream,Upstream,Upstream,Upstream,Upstream,Upstream
7080165070,7832841,Upstream,Upstream,Upstream,Upstream,Upstream,Upstream,Upstream,Upstream
7080165160,7832841,Upstream,Upstream,Upstream,Upstream,Upstream,Upstream,Upstream,Upstream
7080174940,7832860,Downstream,Downstream,Downstream,Downstream,Downstream,Downstream,Upstream,Downstream
7080174880,7832860,Downstream,Downstream,Downstream,Downstream,Downstream,Downstream,Downstream,Downstream
7080164420,7832841,Upstream,Upstream,Upstream,Upstream,Upstream,Upstream,Upstream,Upstream
7080164570,7832841,Upstream,Upstream,Upstream,Upstream,Upstream,Upstream,Upstream,Upstream
7080176130,7832860,Downstream,Downstream,Downstream,Downstream,Downstream,Downstream,Upstream,Downstream
7080176220,7832860,Upstream,Upstream,Upstream,Upstream,Upstream,Upstream,Upstream,Upstream
7080186420,7832980,Upstream,Upstream,Downstream,Downstream,Downstream,Downstream,Upstream,Upstream
7080186170,7832980,Downstream,Downstream,Downstream,Downstream,Downstream,Downstream,Downstream,Downstream
7080176470,7832960,Upstream,Upstream,Upstream,Upstream,Upstream,Upstream,Upstream,Upstream
7080176370,7832960,Upstream,Upstream,Upstream,Upstream,Upstream,Downstream,Upstream,Upstream
7080189810,7832980,Upstream,Upstream,Downstream,Downstream,Downstream,Downstream,Upstream,Upstream
7080189960,7832980,Upstream,Upstream,Upstream,Upstream,Upstream,Upstream,Upstream,Upstream
7080176550,7832860,Upstream,Upstream,Upstream,Upstream,Upstream,Upstream,Upstream,Upstream
7080176620,7832860,Upstream,Upstream,Upstream,Upstream,Upstream,Upstream,Upstream,Upstream
7080179420,7832960,Upstream,Upstream,Upstream,Upstream,Upstream,Upstream,Upstream,Upstream
7080179520,7832960,Upstream,Upstream,Upstream,Upstream,Upstream,Upstream,Upstream,Upstream
7080194070,7832980,Upstream,Upstream,Upstream,Upstream,Upstream,Upstream,Upstream,Upstream
7080194160,7832980,Upstream,Upstream,Upstream,Upstream,Upstream,Upstream,Upstream,Upstream
7080195700,7832980,Upstream,Upstream,Upstream,Upstream,Upstream,Upstream,Upstream,Upstream
7080195790,7832980,Upstream,Upstream,Upstream,Upstream,Upstream,Upstream,Upstream,Upstream
7080176330,7832860,Upstream,Upstream,Upstream,Upstream,Upstream,Upstream,Upstream,Upstream
7080176120,7832860,Upstream,Upstream,Upstream,Upstream,Upstream,Upstream,Upstream,Upstream
7080190200,7832880,Downstream,Downstream,Downstream,Downstream,Downstream,Downstream,Downstream,Downstream
7080190310,7832880,Downstream,Downstream,Downstream,Downstream,Downstream,Downstream,Upstream,Downstream
7080190500,7832880,Downstream,Downstream,Downstream,Downstream,Downstream,Downstream,Downstream,Downstream
7080190810,7832880,Downstream,Downstream,Downstream,Downstream,Downstream,Downstream,Upstream,Downstream
7080190880,7832880,Downstream,Downstream,Downstream,Downstream,Downstream,Downstream,Upstream,Upstream
7080150070,7832849,Downstream,Downstream,Downstream,Downstream,Downstream,Downstream,Downstream,Downstream
7080195580,7832999,Downstream,Downstream,Downstream,Downstream,Downstream,Downstream,Downstream,Downstream
7080143240,7832849,Downstream,Downstream,Downstream,Downstream,Downstream,Downstream,Upstream,Downstream
7080143340,7832849,Downstream,Downstream,Downstream,Downstream,Downstream,Downstream,Downstream,Downstream
7080194940,7832880,Upstream,Upstream,Upstream,Upstream,Upstream,Upstream,Upstream,Upstream
7080195060,7832880,Downstream,Downstream,Downstream,Downstream,Downstream,Downstream,Upstream,Upstream
7080199490,7832999,Downstream,Downstream,Downstream,Downstream,Downstream,Downstream,Downstream,Downstream
7080199340,7832999,Downstream,Downstream,Downstream,Downstream,Downstream,Downstream,Downstream,Downstream
7080199950,7832999,Upstream,Upstream,Upstream,Upstream,Upstream,Upstream,Upstream,Downstream
7080199940,7832999,Downstream,Downstream,Downstream,Downstream,Downstream,Downstream,Downstream,Downstream
7080139340,7832849,Upstream,Upstream,Upstream,Upstream,Upstream,Upstream,Upstream,Upstream
7080139260,7832849,Downstream,Downstream,Downstream,Downstream,Downstream,Downstream,Upstream,Downstream
7080193400,7832880,Upstream,Upstream,Upstream,Upstream,Upstream,Upstream,Upstream,Upstream
7080193330,7832880,Upstream,Upstream,Upstream,Upstream,Upstream,Upstream,Upstream,Upstream
7080201610,7832999,Upstream,Upstream,Upstream,Upstream,Upstream,Upstream,Upstream,Upstream
7080201720,7832999,Upstream,Upstream,Upstream,Upstream,Upstream,Upstream,Upstream,Downstream
7080137970,7832849,Upstream,Upstream,Upstream,Upstream,Upstream,Upstream,Upstream,Upstream
7080137900,7832849,Upstream,Upstream,Upstream,Upstream,Upstream,Upstream,Upstream,Upstream
7080136060,7832849,Upstream,Upstream,Upstream,Upstream,Upstream,Upstream,Upstream,Upstream
7080136070,7832849,Upstream,Upstream,Upstream,Upstream,Upstream,Upstream,Upstream,Upstream
7080202920,7832999,Upstream,Upstream,Upstream,Upstream,Upstream,Upstream,Upstream,Upstream
7080203110,7832999,Upstream,Upstream,Upstream,Upstream,Upstream,Upstream,Upstream,Upstream
7080016370,7833102,Downstream,Downstream,Downstream,Downstream,Downstream,Downstream,Downstream,Downstream
7080287690,7833102,Downstream,Downstream,Downstream,Downstream,Downstream,Downstream,Downstream,Downstream
7080287790,7833102,Downstream,Downstream,Downstream,Downstream,Downstream,Downstream,Downstream,Downstream
7080286370,7833102,Downstream,Downstream,Downstream,Upstream,Upstream,Upstream,Downstream,Downstream
7080286380,7833102,Downstream,Downstream,Downstream,Downstream,Downstream,Downstream,Downstream,Downstream
7080283750,7833102,Downstream,Downstream,Downstream,Upstream,Upstream,Upstream,Downstream,Downstream
7080283760,7833102,Upstream,Upstream,Upstream,Upstream,Upstream,Upstream,Upstream,Upstream
7080278440,7833102,Upstream,Upstream,Upstream,Upstream,Upstream,Upstream,Upstream,Upstream
7080278300,7833102,Upstream,Upstream,Upstream,Upstream,Upstream,Upstream,Upstream,Upstream
7080016850,7833200,Downstream,Downstream,Downstream,Downstream,Downstream,Downstream,Downstream,Downstream
7080253990,7833200,Downstream,Downstream,Downstream,Downstream,Downstream,Downstream,Downstream,Downstream
7080253880,7833200,Downstream,Downstream,Downstream,Downstream,Downstream,Downstream,Downstream,Downstream
7080253250,7833200,Downstream,Downstream,Downstream,Downstream,Downstream,Downstream,Downstream,Downstream
7080253120,7833200,Upstream,Upstream,Upstream,Upstream,Upstream,Upstream,Upstream,Downstream
7080245920,7833200,Upstream,Upstream,Upstream,Upstream,Upstream,Upstream,Upstream,Upstream
7080245700,7833200,Upstream,Upstream,Upstream,Upstream,Upstream,Upstream,Upstream,Downstream
7080941770,7833200,Upstream,Upstream,Upstream,Upstream,Upstream,Upstream,Upstream,Upstream
7080017140,7833400,Downstream,Downstream,Downstream,Downstream,Downstream,Downstream,Downstream,Downstream
7080246660,7833400,Downstream,Downstream,Downstream,Downstream,Downstream,Downstream,Downstream,Downstream
7080246650,7833400,Downstream,Downstream,Downstream,Downstream,Downstream,Downstream,Downstream,Downstream
7080233940,7833400,Downstream,Downstream,Downstream,Downstream,Downstream,Downstream,Downstream,Downstream
7080233950,7833400,Upstream,Upstream,Upstream,Upstream,Upstream,Upstream,Upstream,Upstream
7080230900,7833400,Upstream,Upstream,Upstream,Upstream,Upstream,Upstream,Upstream,Upstream
7080231080,7833400,Upstream,Upstream,Upstream,Upstream,Upstream,Upstream,Upstream,Upstream
7080226790,7833400,Upstream,Upstream,Upstream,Upstream,Upstream,Upstream,Upstream,Upstream
7080227070,7833400,Upstream,Upstream,Upstream,Upstream,Upstream,Upstream,Upstream,Upstream
7080017290,7833505,Upstream,Upstream,Upstream,Upstream,Upstream,Upstream,Upstream,Upstream
7080017380,7833505,Downstream,Downstream,Downstream,Downstream,Downstream,Downstream,Downstream,Downstream
7080017390,7833505,Downstream,Downstream,Downstream,Downstream,Downstream,Downstream,Downstream,Downstream
7080017410,7833505,Downstream,Downstream,Downstream,Downstream,Downstream,Downstream,Downstream,Downstream
7080017420,7833505,Downstream,Downstream,Downstream,Downstream,Downstream,Downstream,Downstream,Downstream
7080017460,7833505,Downstream,Downstream,Downstream,Downstream,Downstream,Downstream,Downstream,Downstream
7080017470,7833505,Downstream,Downstream,Downstream,Downstream,Downstream,Downstream,Downstream,Downstream
7080017490,7833505,Downstream,Downstream,Downstream,Downstream,Downstream,Downstream,Downstream,Downstream
7080017500,7833505,Downstream,Downstream,Downstream,Downstream,Downstream,Downstream,Downstream,Downstream
7080017930,7833600,Downstream,Downstream,Downstream,Downstream,Downstream,Downstream,Downstream,Downstream
7080216160,7833600,Downstream,Downstream,Downstream,Downstream,Downstream,Downstream,Downstream,Downstream
7080216410,7833600,Downstream,Downstream,Downstream,Downstream,Downstream,Downstream,Downstream,Downstream
7080217180,7833600,Upstream,Upstream,Upstream,Downstream,Downstream,Downstream,Upstream,Upstream
7080217260,7833600,Downstream,Downstream,Downstream,Downstream,Downstream,Downstream,Downstream,Downstream
7080217510,7833600,Upstream,Upstream,Upstream,Downstream,Downstream,Downstream,Upstream,Upstream
7080217630,7833600,Upstream,Upstream,Upstream,Upstream,Upstream,Upstream,Upstream,Upstream
7080221310,7833600,Upstream,Upstream,Upstream,Upstream,Upstream,Upstream,Upstream,Upstream
7080221390,7833600,Upstream,Upstream,Upstream,Upstream,Upstream,Upstream,Upstream,Upstream
7080018020,7833800,Downstream,Downstream,Downstream,Downstream,Downstream,Downstream,Downstream,Downstream
7080207870,7833800,Downstream,Downstream,Downstream,Downstream,Downstream,Downstream,Downstream,Downstream
7080208090,7833800,Downstream,Downstream,Downstream,Downstream,Downstream,Downstream,Downstream,Downstream
7080205090,7833800,Upstream,Upstream,Upstream,Upstream,Upstream,Upstream,Upstream,Upstream
7080204980,7833800,Downstream,Downstream,Downstream,Downstream,Downstream,Downstream,Downstream,Downstream
7080214300,7833800,Upstream,Upstream,Upstream,Upstream,Upstream,Upstream,Upstream,Upstream
7080214430,7833800,Upstream,Upstream,Upstream,Upstream,Upstream,Upstream,Upstream,Upstream
7080215580,7833800,Upstream,Upstream,Upstream,Upstream,Upstream,Upstream,Upstream,Upstream
7080215410,7833800,Upstream,Upstream,Upstream,Upstream,Upstream,Upstream,Upstream,Upstream
7080019010,7834010,Downstream,Downstream,Downstream,Downstream,Downstream,Downstream,Downstream,Downstream
7080168430,7834010,Downstream,Downstream,Downstream,Downstream,Downstream,Downstream,Downstream,Downstream
7080168320,7834010,Downstream,Downstream,Downstream,Downstream,Downstream,Downstream,Downstream,Downstream
7080168330,7834010,Upstream,Upstream,Upstream,Upstream,Upstream,Upstream,Upstream,Upstream
7080168550,7834010,Downstream,Downstream,Downstream,Downstream,Downstream,Downstream,Downstream,Downstream
7080167080,7834010,Upstream,Upstream,Upstream,Upstream,Upstream,Upstream,Upstream,Upstream
7080167000,7834010,Upstream,Upstream,Upstream,Upstream,Upstream,Upstream,Upstream,Upstream
7080165220,7834010,Upstream,Upstream,Upstream,Upstream,Upstream,Upstream,Upstream,Upstream
7080165040,7834010,Upstream,Upstream,Upstream,Upstream,Upstream,Upstream,Upstream,Upstream
7080162660,7834040,Downstream,Downstream,Downstream,Downstream,Downstream,Downstream,Downstream,Downstream
7080162570,7834050,Downstream,Downstream,Downstream,Downstream,Downstream,Downstream,Downstream,Downstream
7080161660,7834050,Downstream,Downstream,Downstream,Downstream,Downstream,Downstream,Downstream,Downstream
7080161880,7834050,Downstream,Downstream,Downstream,Downstream,Downstream,Downstream,Downstream,Downstream
7080164890,7834040,Upstream,Upstream,Downstream,Downstream,Downstream,Downstream,Upstream,Downstream
7080165050,7834040,Downstream,Downstream,Downstream,Downstream,Downstream,Downstream,Downstream,Downstream
7080164230,7834040,Upstream,Upstream,Downstream,Downstream,Downstream,Downstream,Upstream,Downstream
7080164150,7834040,Upstream,Upstream,Upstream,Upstream,Upstream,Upstream,Upstream,Upstream
7080153300,7834050,Upstream,Upstream,Upstream,Upstream,Upstream,Upstream,Upstream,Upstream
7080153290,7834050,Downstream,Downstream,Downstream,Downstream,Downstream,Downstream,Downstream,Downstream
7080157770,7834040,Upstream,Upstream,Upstream,Upstream,Upstream,Upstream,Upstream,Upstream
7080157590,7834040,Upstream,Upstream,Upstream,Upstream,Upstream,Upstream,Upstream,Upstream
7080151160,7834050,Upstream,Upstream,Upstream,Upstream,Upstream,Upstream,Upstream,Upstream
7080151050,7834050,Upstream,Upstream,Upstream,Upstream,Upstream,Upstream,Upstream,Upstream
7080157780,7834040,Upstream,Upstream,Upstream,Upstream,Upstream,Upstream,Upstream,Upstream
7080157870,7834040,Upstream,Upstream,Upstream,Upstream,Upstream,Upstream,Upstream,Upstream
7080151170,7834050,Upstream,Upstream,Upstream,Upstream,Upstream,Upstream,Upstream,Upstream
7080151300,7834050,Upstream,Upstream,Upstream,Upstream,Upstream,Upstream,Upstream,Upstream
7080148370,7834070,Upstream,Upstream,Upstream,Upstream,Upstream,Upstream,Upstream,Downstream
7080146740,7834070,Upstream,Upstream,Upstream,Upstream,Upstream,Upstream,Upstream,Downstream
7080146730,7834070,Upstream,Upstream,Upstream,Upstream,Upstream,Upstream,Upstream,Upstream
7080146640,7834070,Upstream,Upstream,Upstream,Upstream,Upstream,Upstream,Upstream,Downstream
7080146580,7834070,Upstream,Upstream,Upstream,Upstream,Upstream,Upstream,Upstream,Downstream
7080019190,7836001,Upstream,Upstream,Downstream,Downstream,Downstream,Downstream,Upstream,Downstream
7080148770,7836001,Upstream,Upstream,Downstream,Downstream,Downstream,Downstream,Upstream,Downstream
7080148690,7836001,Upstream,Upstream,Downstream,Downstream,Downstream,Downstream,Upstream,Upstream
7080145990,7836001,Upstream,Upstream,Upstream,Upstream,Upstream,Upstream,Upstream,Upstream
7080145890,7836001,Upstream,Upstream,Downstream,Downstream,Downstream,Downstream,Upstream,Upstream
7080144230,7836001,Upstream,Upstream,Upstream,Upstream,Upstream,Upstream,Upstream,Upstream
7080144240,7836001,Upstream,Upstream,Upstream,Upstream,Upstream,Upstream,Upstream,Upstream
7080143640,7836001,Upstream,Upstream,Upstream,Upstream,Upstream,Upstream,Upstream,Upstream
7080143650,7836001,Upstream,Upstream,Upstream,Upstream,Upstream,Upstream,Upstream,Upstream
7080108050,7838040,Downstream,Downstream,Downstream,Downstream,Downstream,Downstream,Downstream,Downstream
7080105690,7838040,Downstream,Downstream,Downstream,Downstream,Downstream,Downstream,Downstream,Downstream
7080105680,7838040,Downstream,Downstream,Downstream,Downstream,Downstream,Downstream,Downstream,Downstream
7080102450,7838040,Downstream,Downstream,Downstream,Downstream,Downstream,Downstream,Downstream,Downstream
7080102460,7838040,Upstream,Upstream,Downstream,Downstream,Downstream,Downstream,Upstream,Upstream
7080108980,7838060,Downstream,Downstream,Downstream,Downstream,Downstream,Downstream,Downstream,Downstream
7080101390,7838040,Upstream,Upstream,Upstream,Upstream,Upstream,Upstream,Upstream,Upstream
7080101380,7838040,Upstream,Upstream,Downstream,Downstream,Downstream,Downstream,Upstream,Upstream
7080098710,7838040,Upstream,Upstream,Upstream,Upstream,Upstream,Upstream,Upstream,Upstream
7080098720,7838040,Upstream,Upstream,Upstream,Upstream,Upstream,Upstream,Upstream,Upstream
7080112840,7838060,Upstream,Downstream,Downstream,Downstream,Downstream,Downstream,Upstream,Downstream
7080112670,7838060,Downstream,Downstream,Downstream,Downstream,Downstream,Downstream,Downstream,Downstream
7080113130,7838060,Upstream,Upstream,Upstream,Upstream,Upstream,Upstream,Upstream,Upstream
7080113050,7838060,Upstream,Downstream,Downstream,Downstream,Downstream,Downstream,Upstream,Downstream
7080113330,7838060,Upstream,Upstream,Upstream,Upstream,Upstream,Upstream,Upstream,Upstream
7080113340,7838060,Upstream,Upstream,Upstream,Upstream,Upstream,Upstream,Upstream,Upstream
7080115680,7838060,Upstream,Upstream,Upstream,Upstream,Upstream,Upstream,Upstream,Upstream
7080115610,7838060,Upstream,Upstream,Upstream,Upstream,Upstream,Upstream,Upstream,Upstream
7080020510,7839050,Downstream,Downstream,Downstream,Downstream,Downstream,Downstream,Downstream,Downstream
7080020540,7839050,Downstream,Downstream,Downstream,Downstream,Downstream,Downstream,Downstream,Downstream
7080020550,7839050,Downstream,Downstream,Downstream,Downstream,Downstream,Downstream,Downstream,Downstream
7080020590,7839050,Downstream,Downstream,Downstream,Downstream,Downstream,Downstream,Downstream,Downstream
7080020600,7839050,Downstream,Downstream,Downstream,Downstream,Downstream,Downstream,Downstream,Downstream
7080020630,7839050,Downstream,Downstream,Downstream,Downstream,Downstream,Downstream,Downstream,Downstream
7080020640,7839050,Downstream,Downstream,Downstream,Downstream,Downstream,Downstream,Downstream,Downstream
7080020650,7839050,Upstream,Upstream,Upstream,Upstream,Upstream,Upstream,Upstream,Upstream
7080020660,7839050,Downstream,Downstream,Downstream,Downstream,Downstream,Downstream,Downstream,Downstream
7080021620,7114010,Downstream,Downstream,Downstream,Downstream,Downstream,Downstream,Downstream,Downstream
7080099400,7114010,Downstream,Downstream,Downstream,Downstream,Downstream,Downstream,Downstream,Downstream
7080099300,7114010,Downstream,Downstream,Downstream,Downstream,Downstream,Downstream,Downstream,Downstream
7080099670,7114010,Upstream,Upstream,Upstream,Upstream,Upstream,Upstream,Upstream,Upstream
7080099600,7114010,Downstream,Downstream,Downstream,Downstream,Downstream,Downstream,Downstream,Downstream
7080098890,7114010,Upstream,Upstream,Upstream,Upstream,Upstream,Upstream,Upstream,Upstream
7080098940,7114010,Upstream,Upstream,Upstream,Upstream,Upstream,Upstream,Upstream,Upstream
7080099290,7114010,Upstream,Upstream,Upstream,Upstream,Upstream,Upstream,Upstream,Upstream
7080099510,7114010,Upstream,Upstream,Upstream,Upstream,Upstream,Upstream,Upstream,Upstream
7080111080,7118118,Downstream,Downstream,Downstream,Downstream,Downstream,Downstream,Downstream,Downstream
7080111220,7118118,Downstream,Downstream,Downstream,Downstream,Downstream,Downstream,Downstream,Downstream
7080111120,7118118,Downstream,Downstream,Downstream,Downstream,Downstream,Downstream,Downstream,Downstream
7080112910,7118118,Downstream,Downstream,Downstream,Downstream,Downstream,Downstream,Upstream,Upstream
7080112820,7118118,Downstream,Downstream,Downstream,Downstream,Downstream,Downstream,Downstream,Downstream
7080115240,7118118,Upstream,Upstream,Upstream,Upstream,Upstream,Upstream,Upstream,Upstream
7080115370,7118118,Downstream,Downstream,Downstream,Downstream,Downstream,Downstream,Upstream,Upstream
7080114770,7118118,Upstream,Upstream,Upstream,Upstream,Upstream,Upstream,Upstream,Upstream
7080114850,7118118,Upstream,Upstream,Upstream,Upstream,Upstream,Upstream,Upstream,Upstream
7080135300,7118220,Downstream,Downstream,Downstream,Downstream,Downstream,Downstream,Downstream,Downstream
7080134910,7118220,Downstream,Downstream,Downstream,Downstream,Downstream,Downstream,Downstream,Downstream
7080134780,7118220,Downstream,Downstream,Downstream,Downstream,Downstream,Downstream,Upstream,Upstream
7080133460,7118220,Downstream,Downstream,Downstream,Downstream,Downstream,Downstream,Upstream,Upstream
7080133400,7118220,Upstream,Upstream,Upstream,Upstream,Upstream,Upstream,Upstream,Upstream
7080133200,7118220,Upstream,Upstream,Upstream,Upstream,Upstream,Upstream,Upstream,Upstream
7080133140,7118220,Upstream,Upstream,Upstream,Upstream,Upstream,Upstream,Upstream,Upstream
7080130780,7118220,Upstream,Upstream,Upstream,Upstream,Upstream,Upstream,Upstream,Upstream
7080130790,7118220,Upstream,Upstream,Upstream,Upstream,Upstream,Upstream,Upstream,Upstream
7080139370,7118520,Downstream,Downstream,Downstream,Downstream,Downstream,Downstream,Downstream,Downstream
7080113880,7118263,Downstream,Downstream,Downstream,Downstream,Downstream,Downstream,Downstream,Downstream
7080133860,7118520,Downstream,Downstream,Downstream,Downstream,Downstream,Downstream,Downstream,Downstream
7080133810,7118520,Downstream,Downstream,Downstream,Downstream,Downstream,Downstream,Downstream,Downstream
7080115410,7118263,Downstream,Downstream,Downstream,Downstream,Downstream,Downstream,Downstream,Downstream
7080115470,7118263,Downstream,Downstream,Downstream,Downstream,Downstream,Downstream,Downstream,Downstream
7080115690,7118263,Downstream,Downstream,Downstream,Downstream,Downstream,Downstream,Downstream,Downstream
7080115650,7118263,Upstream,Upstream,Upstream,Upstream,Upstream,Upstream,Upstream,Upstream
7080115820,7118263,Downstream,Downstream,Downstream,Downstream,Downstream,Downstream,Downstream,Downstream
7080115870,7118263,Downstream,Downstream,Downstream,Downstream,Downstream,Downstream,Downstream,Downstream
7080134700,7118520,Downstream,Downstream,Downstream,Downstream,Downstream,Downstream,Downstream,Downstream
7080134600,7118520,Upstream,Upstream,Upstream,Upstream,Upstream,Upstream,Upstream,Upstream
7080137710,7118560,Downstream,Downstream,Downstream,Downstream,Downstream,Downstream,Downstream,Downstream
7080134840,7118560,Downstream,Downstream,Downstream,Downstream,Downstream,Downstream,Downstream,Downstream
7080134770,7118560,Downstream,Downstream,Downstream,Downstream,Downstream,Downstream,Downstream,Downstream
7080120330,7118269,Downstream,Downstream,Downstream,Downstream,Downstream,Downstream,Downstream,Downstream
7080126310,7118520,Upstream,Upstream,Upstream,Upstream,Upstream,Upstream,Upstream,Upstream
7080126260,7118520,Upstream,Upstream,Upstream,Upstream,Upstream,Upstream,Upstream,Upstream
7080126210,7118520,Upstream,Upstream,Upstream,Upstream,Upstream,Upstream,Upstream,Upstream
7080126160,7118520,Upstream,Upstream,Upstream,Upstream,Upstream,Upstream,Upstream,Upstream
7080121380,7118269,Downstream,Downstream,Downstream,Downstream,Downstream,Downstream,Downstream,Downstream
7080121460,7118269,Downstream,Downstream,Downstream,Downstream,Downstream,Downstream,Downstream,Downstream
7080130110,7118560,Upstream,Upstream,Upstream,Upstream,Upstream,Upstream,Upstream,Downstream
7080130100,7118560,Downstream,Downstream,Downstream,Downstream,Downstream,Downstream,Downstream,Downstream
7080128170,7118560,Upstream,Upstream,Upstream,Upstream,Upstream,Upstream,Upstream,Downstream
7080128180,7118560,Upstream,Upstream,Upstream,Upstream,Upstream,Upstream,Upstream,Upstream
7080124950,7118269,Upstream,Upstream,Upstream,Upstream,Upstream,Upstream,Upstream,Downstream
7080124820,7118269,Downstream,Downstream,Downstream,Downstream,Downstream,Downstream,Downstream,Downstream
7080125030,7118269,Upstream,Upstream,Upstream,Upstream,Upstream,Upstream,Upstream,Upstream
7080124940,7118269,Upstream,Upstream,Upstream,Upstream,Upstream,Upstream,Upstream,Downstream
7080125460,7118269,Upstream,Upstream,Upstream,Upstream,Upstream,Upstream,Upstream,Upstream
7080125470,7118269,Upstream,Upstream,Upstream,Upstream,Upstream,Upstream,Upstream,Upstream
7080126240,7118560,Upstream,Upstream,Upstream,Upstream,Upstream,Upstream,Upstream,Upstream
7080126200,7118560,Upstream,Upstream,Upstream,Upstream,Upstream,Upstream,Upstream,Upstream
7080144740,7118700,Downstream,Downstream,Downstream,Downstream,Downstream,Downstream,Downstream,Downstream
7080144730,7118602,Downstream,Downstream,Downstream,Downstream,Downstream,Downstream,Downstream,Downstream
7080145910,7118602,Downstream,Downstream,Downstream,Downstream,Downstream,Downstream,Downstream,Downstream
7080145900,7118602,Downstream,Downstream,Downstream,Downstream,Downstream,Downstream,Downstream,Downstream
7080147120,7118700,Downstream,Downstream,Downstream,Downstream,Downstream,Downstream,Downstream,Downstream
7080147230,7118700,Downstream,Downstream,Downstream,Downstream,Downstream,Downstream,Downstream,Downstream
7080147750,7118700,Downstream,Downstream,Downstream,Downstream,Downstream,Downstream,Downstream,Downstream
7080147850,7118700,Downstream,Downstream,Downstream,Downstream,Downstream,Downstream,Downstream,Downstream
7080146000,7118602,Downstream,Downstream,Downstream,Downstream,Downstream,Downstream,Downstream,Downstream
7080146080,7118602,Upstream,Upstream,Upstream,Upstream,Upstream,Upstream,Downstream,Downstream
7080148790,7118602,Upstream,Upstream,Upstream,Upstream,Upstream,Upstream,Upstream,Upstream
7080148890,7118602,Upstream,Upstream,Upstream,Upstream,Upstream,Upstream,Downstream,Downstream
7080154520,7118700,Upstream,Upstream,Upstream,Upstream,Upstream,Upstream,Upstream,Upstream
7080154620,7118700,Downstream,Downstream,Downstream,Downstream,Downstream,Downstream,Downstream,Downstream
7080150170,7118602,Upstream,Upstream,Upstream,Upstream,Upstream,Upstream,Upstream,Upstream
7080150270,7118602,Upstream,Upstream,Upstream,Upstream,Upstream,Upstream,Upstream,Upstream
7080160890,7118700,Downstream,Downstream,Downstream,Downstream,Downstream,Downstream,Downstream,Downstream
7080160680,7118700,Downstream,Downstream,Downstream,Downstream,Downstream,Downstream,Downstream,Downstream
7080134370,7118609,Downstream,Downstream,Downstream,Downstream,Downstream,Downstream,Downstream,Downstream
7080134300,7118608,Downstream,Downstream,Downstream,Downstream,Downstream,Downstream,Downstream,Downstream
7080134290,7118608,Downstream,Downstream,Downstream,Downstream,Downstream,Downstream,Upstream,Downstream
7080134230,7118608,Downstream,Downstream,Downstream,Downstream,Downstream,Downstream,Downstream,Downstream
7080135350,7118609,Downstream,Downstream,Downstream,Downstream,Downstream,Downstream,Downstream,Downstream
7080135450,7118609,Downstream,Downstream,Downstream,Downstream,Downstream,Downstream,Downstream,Downstream
7080131230,7118608,Upstream,Upstream,Upstream,Upstream,Upstream,Upstream,Upstream,Upstream
7080131240,7118608,Downstream,Downstream,Downstream,Downstream,Downstream,Downstream,Upstream,Downstream
7080139000,7118609,Downstream,Downstream,Downstream,Downstream,Downstream,Downstream,Downstream,Downstream
7080138990,7118609,Downstream,Downstream,Downstream,Downstream,Downstream,Downstream,Upstream,Upstream
7080131300,7118608,Upstream,Upstream,Upstream,Upstream,Upstream,Upstream,Upstream,Upstream
7080131220,7118608,Upstream,Upstream,Upstream,Upstream,Upstream,Upstream,Upstream,Upstream
7080131490,7118608,Upstream,Upstream,Upstream,Upstream,Upstream,Upstream,Upstream,Upstream
7080131550,7118608,Upstream,Upstream,Upstream,Upstream,Upstream,Upstream,Upstream,Upstream
7080137800,7118609,Downstream,Downstream,Downstream,Downstream,Downstream,Downstream,Upstream,Upstream
7080137680,7118609,Upstream,Upstream,Upstream,Upstream,Upstream,Upstream,Upstream,Upstream
7080170140,7118970,Downstream,Downstream,Downstream,Downstream,Downstream,Downstream,Downstream,Downstream
7080139680,7118609,Upstream,Upstream,Upstream,Upstream,Upstream,Upstream,Upstream,Upstream
7080139810,7118609,Upstream,Upstream,Upstream,Upstream,Upstream,Upstream,Upstream,Upstream
7080113180,7118290,Downstream,Downstream,Downstream,Downstream,Downstream,Downstream,Downstream,Downstream
7080113170,7118290,Downstream,Downstream,Downstream,Downstream,Downstream,Downstream,Downstream,Downstream
7080113250,7118290,Downstream,Downstream,Downstream,Downstream,Downstream,Downstream,Downstream,Downstream
7080169590,7118970,Downstream,Downstream,Downstream,Downstream,Downstream,Downstream,Upstream,Upstream
7080169700,7118970,Downstream,Downstream,Downstream,Downstream,Downstream,Downstream,Downstream,Downstream
7080166670,7118970,Upstream,Upstream,Upstream,Upstream,Upstream,Upstream,Upstream,Upstream
7080166740,7118970,Downstream,Downstream,Downstream,Downstream,Downstream,Downstream,Upstream,Upstream
7080165900,7118970,Upstream,Upstream,Upstream,Upstream,Upstream,Upstream,Upstream,Upstream
7080165910,7118970,Upstream,Upstream,Upstream,Upstream,Upstream,Upstream,Upstream,Upstream
7080114980,7118290,Downstream,Downstream,Downstream,Downstream,Downstream,Downstream,Downstream,Downstream
7080114990,7118290,Upstream,Upstream,Upstream,Upstream,Upstream,Upstream,Upstream,Upstream
7080166120,7118970,Upstream,Upstream,Upstream,Upstream,Upstream,Upstream,Upstream,Upstream
7080166380,7118970,Upstream,Upstream,Upstream,Upstream,Upstream,Upstream,Upstream,Upstream
7080115960,7118290,Upstream,Upstream,Upstream,Upstream,Upstream,Upstream,Upstream,Upstream
7080116040,7118290,Upstream,Upstream,Upstream,Upstream,Upstream,Upstream,Upstream,Upstream
7080116650,7118290,Upstream,Upstream,Upstream,Upstream,Upstream,Upstream,Upstream,Upstream
7080116580,7118290,Upstream,Upstream,Upstream,Upstream,Upstream,Upstream,Upstream,Upstream
7080021990,7119008,Downstream,Downstream,Downstream,Downstream,Downstream,Downstream,Downstream,Downstream
7080111680,7119008,Downstream,Downstream,Downstream,Downstream,Downstream,Downstream,Downstream,Downstream
7080111710,7119008,Downstream,Downstream,Downstream,Downstream,Downstream,Downstream,Downstream,Downstream
7080112470,7119008,Upstream,Upstream,Upstream,Upstream,Upstream,Upstream,Upstream,Upstream
7080112530,7119008,Downstream,Downstream,Downstream,Downstream,Downstream,Downstream,Downstream,Downstream
7080113030,7119008,Upstream,Upstream,Upstream,Upstream,Upstream,Upstream,Upstream,Upstream
7080113020,7119008,Upstream,Upstream,Upstream,Upstream,Upstream,Upstream,Upstream,Upstream
7080114650,7119008,Upstream,Upstream,Upstream,Upstream,Upstream,Upstream,Upstream,Upstream
7080114540,7119008,Upstream,Upstream,Upstream,Upstream,Upstream,Upstream,Upstream,Upstream
7080127110,7121106,Downstream,Downstream,Downstream,Downstream,Downstream,Downstream,Downstream,Downstream
7080127210,7121107,Downstream,Downstream,Downstream,Downstream,Downstream,Downstream,Downstream,Downstream
7080125990,7121106,Downstream,Downstream,Downstream,Downstream,Downstream,Downstream,Downstream,Downstream
7080126000,7121106,Downstream,Downstream,Downstream,Downstream,Downstream,Downstream,Downstream,Downstream
7080128690,7121107,Downstream,Downstream,Downstream,Downstream,Downstream,Downstream,Downstream,Downstream
7080128780,7121107,Downstream,Downstream,Downstream,Downstream,Downstream,Downstream,Downstream,Downstream
7080125660,7121106,Upstream,Upstream,Upstream,Upstream,Upstream,Upstream,Downstream,Downstream
7080125840,7121106,Downstream,Downstream,Downstream,Downstream,Downstream,Downstream,Downstream,Downstream
7080125430,7121106,Upstream,Upstream,Upstream,Upstream,Upstream,Upstream,Upstream,Upstream
7080125350,7121106,Upstream,Upstream,Upstream,Upstream,Upstream,Upstream,Downstream,Downstream
7080129010,7121107,Upstream,Upstream,Upstream,Upstream,Upstream,Upstream,Upstream,Upstream
7080129120,7121107,Downstream,Downstream,Downstream,Downstream,Downstream,Downstream,Downstream,Downstream
7080129110,7121107,Upstream,Upstream,Upstream,Upstream,Upstream,Upstream,Upstream,Upstream
7080129170,7121107,Upstream,Upstream,Upstream,Upstream,Upstream,Upstream,Upstream,Upstream
7080129160,7121107,Upstream,Upstream,Upstream,Upstream,Upstream,Upstream,Upstream,Upstream
7080129230,7121107,Upstream,Upstream,Upstream,Upstream,Upstream,Upstream,Upstream,Upstream
7080125420,7121106,Upstream,Upstream,Upstream,Upstream,Upstream,Upstream,Upstream,Upstream
7080125340,7121106,Upstream,Upstream,Upstream,Upstream,Upstream,Upstream,Upstream,Upstream
7080133220,7121202,Downstream,Downstream,Downstream,Downstream,Downstream,Downstream,Downstream,Downstream
7080133630,7121202,Downstream,Downstream,Downstream,Downstream,Downstream,Downstream,Upstream,Upstream
7080133550,7121202,Downstream,Downstream,Downstream,Downstream,Downstream,Downstream,Downstream,Downstream
7080134480,7121202,Upstream,Upstream,Upstream,Upstream,Upstream,Upstream,Upstream,Upstream
7080134470,7121202,Downstream,Downstream,Downstream,Downstream,Downstream,Downstream,Upstream,Upstream
7080132120,7121202,Upstream,Upstream,Upstream,Upstream,Upstream,Upstream,Upstream,Upstream
7080132110,7121202,Upstream,Upstream,Upstream,Upstream,Upstream,Upstream,Upstream,Upstream
7080131620,7121202,Upstream,Upstream,Upstream,Upstream,Upstream,Upstream,Upstream,Upstream
7080131660,7121202,Upstream,Upstream,Upstream,Upstream,Upstream,Upstream,Upstream,Upstream
7080175650,7121704,Downstream,Downstream,Downstream,Downstream,Downstream,Downstream,Downstream,Downstream
7080177840,7121704,Downstream,Downstream,Downstream,Downstream,Downstream,Downstream,Downstream,Downstream
7080177850,7121704,Downstream,Downstream,Downstream,Downstream,Downstream,Downstream,Downstream,Downstream
7080181310,7121704,Downstream,Downstream,Downstream,Downstream,Downstream,Downstream,Downstream,Downstream
7080181050,7121704,Downstream,Downstream,Downstream,Downstream,Downstream,Downstream,Downstream,Downstream
7080184700,7121704,Upstream,Upstream,Upstream,Upstream,Upstream,Upstream,Upstream,Upstream
7080184450,7121704,Downstream,Downstream,Downstream,Downstream,Downstream,Downstream,Downstream,Downstream
7080187570,7121704,Upstream,Upstream,Upstream,Upstream,Upstream,Upstream,Upstream,Upstream
7080187690,7121704,Upstream,Upstream,Upstream,Upstream,Upstream,Upstream,Upstream,Upstream
7080224340,7122360,Downstream,Downstream,Downstream,Downstream,Downstream,Downstream,Downstream,Downstream
7080226130,7122360,Downstream,Downstream,Downstream,Downstream,Downstream,Downstream,Upstream,Downstream
7080226120,7122360,Downstream,Downstream,Downstream,Downstream,Downstream,Downstream,Downstream,Downstream
7080231030,7122390,Downstream,Downstream,Downstream,Downstream,Downstream,Downstream,Downstream,Downstream
7080238650,7122390,Downstream,Downstream,Downstream,Downstream,Downstream,Downstream,Downstream,Downstream
7080238660,7122390,Downstream,Downstream,Downstream,Downstream,Downstream,Downstream,Upstream,Downstream
7080241920,7122390,Downstream,Downstream,Downstream,Downstream,Downstream,Downstream,Upstream,Downstream
7080241930,7122390,Upstream,Upstream,Upstream,Upstream,Upstream,Upstream,Upstream,Upstream
7080243430,7122360,Downstream,Downstream,Downstream,Downstream,Downstream,Downstream,Upstream,Downstream
7080243510,7122360,Upstream,Upstream,Upstream,Upstream,Upstream,Upstream,Upstream,Upstream
7080244400,7122360,Upstream,Upstream,Upstream,Upstream,Upstream,Upstream,Upstream,Upstream
7080244390,7122360,Upstream,Upstream,Upstream,Upstream,Upstream,Upstream,Upstream,Upstream
7080247020,7122390,Downstream,Downstream,Downstream,Downstream,Downstream,Downstream,Upstream,Downstream
7080247310,7122390,Downstream,Downstream,Downstream,Downstream,Downstream,Downstream,Upstream,Downstream
7080247000,7122360,Upstream,Upstream,Upstream,Upstream,Upstream,Upstream,Upstream,Upstream
7080247010,7122360,Upstream,Upstream,Upstream,Upstream,Upstream,Upstream,Upstream,Upstream
7080250640,7122390,Downstream,Downstream,Downstream,Downstream,Downstream,Downstream,Upstream,Downstream
7080250650,7122390,Downstream,Downstream,Downstream,Downstream,Downstream,Downstream,Upstream,Downstream
7080245390,7122230,Downstream,Downstream,Downstream,Downstream,Downstream,Downstream,Downstream,Downstream
7080240450,7122230,Downstream,Downstream,Downstream,Downstream,Downstream,Downstream,Downstream,Downstream
7080240460,7122230,Downstream,Downstream,Downstream,Downstream,Downstream,Downstream,Downstream,Downstream
7080235540,7122230,Upstream,Upstream,Upstream,Upstream,Upstream,Upstream,Upstream,Upstream
7080235670,7122230,Downstream,Downstream,Downstream,Downstream,Downstream,Downstream,Downstream,Downstream
7080226100,7122230,Upstream,Upstream,Upstream,Upstream,Upstream,Upstream,Upstream,Upstream
7080226110,7122230,Upstream,Upstream,Upstream,Upstream,Upstream,Upstream,Upstream,Upstream
7080278150,7122416,Downstream,Downstream,Downstream,Downstream,Downstream,Downstream,Downstream,Downstream
7080279110,7122416,Downstream,Downstream,Downstream,Downstream,Downstream,Downstream,Upstream,Downstream
7080278890,7122416,Downstream,Downstream,Downstream,Downstream,Downstream,Downstream,Downstream,Downstream
7080234760,7122230,Upstream,Upstream,Upstream,Upstream,Upstream,Upstream,Upstream,Upstream
7080234770,7122230,Upstream,Upstream,Upstream,Upstream,Upstream,Upstream,Upstream,Upstream
7080285600,7122416,Downstream,Downstream,Downstream,Downstream,Downstream,Downstream,Upstream,Downstream
7080285680,7122416,Upstream,Upstream,Upstream,Upstream,Upstream,Upstream,Upstream,Upstream
7080293630,7122416,Upstream,Upstream,Upstream,Upstream,Upstream,Upstream,Upstream,Upstream
7080293770,7122416,Upstream,Upstream,Upstream,Upstream,Upstream,Upstream,Upstream,Upstream
7080293860,7122416,Upstream,Upstream,Upstream,Upstream,Upstream,Upstream,Upstream,Upstream
7080293980,7122416,Upstream,Upstream,Upstream,Upstream,Upstream,Upstream,Upstream,Upstream
7080297300,7122616,Downstream,Downstream,Downstream,Downstream,Downstream,Downstream,Downstream,Downstream
7080297160,7122616,Downstream,Downstream,Downstream,Downstream,Downstream,Downstream,Downstream,Downstream
7080297030,7122616,Downstream,Downstream,Downstream,Downstream,Downstream,Downstream,Downstream,Downstream
7080295230,7122616,Downstream,Downstream,Downstream,Downstream,Downstream,Downstream,Downstream,Downstream
7080295010,7122616,Upstream,Upstream,Upstream,Upstream,Upstream,Upstream,Upstream,Upstream
7080276840,7122421,Downstream,Downstream,Downstream,Downstream,Downstream,Downstream,Downstream,Downstream
7080302030,7122620,Downstream,Downstream,Downstream,Downstream,Downstream,Downstream,Downstream,Downstream
7080291640,7122616,Upstream,Upstream,Upstream,Upstream,Upstream,Upstream,Upstream,Upstream
7080291520,7122616,Upstream,Upstream,Upstream,Upstream,Upstream,Upstream,Upstream,Upstream
7080273250,7122421,Downstream,Downstream,Downstream,Downstream,Downstream,Downstream,Downstream,Downstream
7080273240,7122421,Downstream,Downstream,Downstream,Downstream,Downstream,Downstream,Downstream,Downstream
7080272080,7122421,Upstream,Upstream,Upstream,Upstream,Upstream,Upstream,Upstream,Upstream
7080272150,7122421,Downstream,Downstream,Downstream,Downstream,Downstream,Downstream,Downstream,Downstream
7080301400,7122620,Downstream,Downstream,Downstream,Downstream,Downstream,Downstream,Upstream,Downstream
7080301200,7122620,Downstream,Downstream,Downstream,Downstream,Downstream,Downstream,Downstream,Downstream
7080293010,7122616,Upstream,Upstream,Upstream,Upstream,Upstream,Upstream,Upstream,Upstream
7080293020,7122616,Upstream,Upstream,Upstream,Upstream,Upstream,Upstream,Upstream,Upstream
7080276640,7122421,Downstream,Downstream,Downstream,Downstream,Downstream,Downstream,Downstream,Downstream
7080276720,7122421,Downstream,Downstream,Downstream,Downstream,Downstream,Downstream,Downstream,Downstream
7080276850,7122421,Downstream,Downstream,Downstream,Downstream,Downstream,Downstream,Downstream,Downstream
7080276650,7122421,Downstream,Downstream,Downstream,Downstream,Downstream,Downstream,Downstream,Downstream
7080319450,7122654,Downstream,Downstream,Downstream,Downstream,Downstream,Downstream,Downstream,Downstream
7080274130,7122422,Downstream,Downstream,Downstream,Downstream,Downstream,Downstream,Downstream,Downstream
7080274040,7122423,Downstream,Downstream,Downstream,Downstream,Downstream,Downstream,Downstream,Downstream
7080320330,7122654,Downstream,Downstream,Downstream,Downstream,Downstream,Downstream,Downstream,Downstream
7080320120,7122654,Downstream,Downstream,Downstream,Downstream,Downstream,Downstream,Downstream,Downstream
7080323020,7122659,Downstream,Downstream,Downstream,Downstream,Downstream,Downstream,Downstream,Downstream
7080199390,7122260,Downstream,Downstream,Downstream,Downstream,Downstream,Downstream,Downstream,Downstream
7080323730,7122659,Downstream,Downstream,Downstream,Downstream,Downstream,Downstream,Downstream,Downstream
7080323720,7122659,Downstream,Downstream,Downstream,Downstream,Downstream,Downstream,Downstream,Downstream
7080321070,7122654,Upstream,Upstream,Upstream,Upstream,Upstream,Upstream,Upstream,Downstream
7080321190,7122654,Downstream,Downstream,Downstream,Downstream,Downstream,Downstream,Downstream,Downstream
7080269990,7122423,Downstream,Downstream,Downstream,Downstream,Downstream,Downstream,Downstream,Downstream
7080269910,7122423,Downstream,Downstream,Downstream,Downstream,Downstream,Downstream,Downstream,Downstream
7080320760,7122654,Upstream,Upstream,Upstream,Upstream,Upstream,Upstream,Upstream,Upstream
7080320830,7122654,Upstream,Upstream,Upstream,Upstream,Upstream,Upstream,Upstream,Downstream
7080269290,7122423,Downstream,Downstream,Downstream,Downstream,Downstream,Downstream,Downstream,Downstream
7080269170,7122423,Upstream,Upstream,Upstream,Upstream,Upstream,Upstream,Upstream,Downstream
7080267950,7122423,Upstream,Upstream,Upstream,Upstream,Upstream,Upstream,Upstream,Downstream
7080267960,7122423,Upstream,Upstream,Upstream,Upstream,Upstream,Upstream,Upstream,Upstream
7080279150,7122422,Downstream,Downstream,Downstream,Downstream,Downstream,Downstream,Downstream,Downstream
7080327650,7122659,Upstream,Upstream,Upstream,Upstream,Upstream,Upstream,Upstream,Upstream
7080279160,7122422,Downstream,Downstream,Downstream,Downstream,Downstream,Downstream,Upstream,Downstream
7080327740,7122659,Downstream,Downstream,Downstream,Downstream,Downstream,Downstream,Downstream,Downstream
7080307150,7122620,Upstream,Upstream,Upstream,Upstream,Upstream,Upstream,Upstream,Upstream
7080306880,7122620,Downstream,Downstream,Downstream,Downstream,Downstream,Downstream,Upstream,Downstream
7080330410,7122659,Downstream,Downstream,Downstream,Downstream,Downstream,Downstream,Downstream,Downstream
7080308630,7122620,Upstream,Upstream,Upstream,Upstream,Upstream,Upstream,Upstream,Upstream
7080330120,7122659,Downstream,Downstream,Downstream,Downstream,Downstream,Downstream,Downstream,Downstream
7080308640,7122620,Upstream,Upstream,Upstream,Upstream,Upstream,Upstream,Upstream,Upstream
7080195460,7122260,Downstream,Downstream,Downstream,Downstream,Downstream,Downstream,Downstream,Downstream
7080195390,7122260,Downstream,Downstream,Downstream,Downstream,Downstream,Downstream,Downstream,Downstream
7080195260,7122260,Downstream,Downstream,Downstream,Downstream,Downstream,Downstream,Downstream,Downstream
7080195150,7122260,Upstream,Upstream,Upstream,Upstream,Upstream,Upstream,Upstream,Downstream
7080310770,7122620,Upstream,Upstream,Upstream,Upstream,Upstream,Upstream,Upstream,Upstream
7080310780,7122620,Upstream,Upstream,Upstream,Upstream,Upstream,Upstream,Upstream,Upstream
7080193990,7122260,Upstream,Upstream,Upstream,Upstream,Upstream,Upstream,Upstream,Upstream
7080333170,7122659,Downstream,Downstream,Downstream,Downstream,Downstream,Downstream,Downstream,Downstream
7080193860,7122260,Upstream,Upstream,Upstream,Upstream,Upstream,Upstream,Upstream,Downstream
7080333310,7122659,Downstream,Downstream,Downstream,Downstream,Downstream,Downstream,Downstream,Downstream
7080265810,7122423,Upstream,Upstream,Upstream,Upstream,Upstream,Upstream,Upstream,Upstream
7080265750,7122423,Upstream,Upstream,Upstream,Upstream,Upstream,Upstream,Upstream,Upstream
7080264400,7122424,Downstream,Downstream,Downstream,Downstream,Downstream,Downstream,Downstream,Downstream
7080285100,7122422,Upstream,Upstream,Upstream,Upstream,Upstream,Upstream,Upstream,Upstream
7080285190,7122422,Downstream,Downstream,Downstream,Downstream,Downstream,Downstream,Upstream,Downstream
7080260240,7122424,Downstream,Downstream,Downstream,Downstream,Downstream,Downstream,Upstream,Downstream
7080260250,7122424,Downstream,Downstream,Downstream,Downstream,Downstream,Downstream,Downstream,Downstream
7080259080,7122424,Downstream,Downstream,Downstream,Downstream,Downstream,Downstream,Upstream,Downstream
7080258950,7122424,Upstream,Upstream,Upstream,Upstream,Upstream,Upstream,Upstream,Upstream
7080284440,7122422,Upstream,Upstream,Upstream,Upstream,Upstream,Upstream,Upstream,Upstream
7080284310,7122422,Upstream,Upstream,Upstream,Upstream,Upstream,Upstream,Upstream,Upstream
7080284560,7122422,Upstream,Upstream,Upstream,Upstream,Upstream,Upstream,Upstream,Upstream
7080284490,7122422,Upstream,Upstream,Upstream,Upstream,Upstream,Upstream,Upstream,Upstream
7080255580,7122424,Upstream,Upstream,Upstream,Upstream,Upstream,Upstream,Upstream,Upstream
7080255510,7122424,Upstream,Upstream,Upstream,Upstream,Upstream,Upstream,Upstream,Upstream
7080345810,7122674,Downstream,Downstream,Downstream,Downstream,Downstream,Downstream,Downstream,Downstream
7080200920,7122260,Upstream,Upstream,Upstream,Upstream,Upstream,Upstream,Upstream,Upstream
7080201040,7122260,Upstream,Upstream,Upstream,Upstream,Upstream,Upstream,Upstream,Upstream
7080253330,7122424,Upstream,Upstream,Upstream,Upstream,Upstream,Upstream,Upstream,Upstream
7080253570,7122424,Upstream,Upstream,Upstream,Upstream,Upstream,Upstream,Upstream,Upstream
7080349350,7122676,Downstream,Downstream,Downstream,Downstream,Downstream,Downstream,Downstream,Downstream
7080334810,7122664,Downstream,Downstream,Downstream,Downstream,Downstream,Downstream,Downstream,Downstream
7080284060,7122820,Downstream,Downstream,Downstream,Downstream,Downstream,Downstream,Downstream,Downstream
7080335890,7122664,Downstream,Downstream,Downstream,Downstream,Downstream,Downstream,Downstream,Downstream
7080335680,7122664,Downstream,Downstream,Downstream,Downstream,Downstream,Downstream,Downstream,Downstream
7080335800,7122664,Upstream,Upstream,Upstream,Upstream,Upstream,Upstream,Downstream,Downstream
7080335900,7122664,Downstream,Downstream,Downstream,Downstream,Downstream,Downstream,Downstream,Downstream
7080345930,7122674,Downstream,Downstream,Downstream,Downstream,Downstream,Downstream,Upstream,Downstream
7080345800,7122674,Downstream,Downstream,Downstream,Downstream,Downstream,Downstream,Downstream,Downstream
7080206150,7122296,Downstream,Downstream,Downstream,Downstream,Downstream,Downstream,Downstream,Downstream
7080352720,7122676,Downstream,Downstream,Downstream,Downstream,Downstream,Downstream,Downstream,Downstream
7080352800,7122676,Downstream,Downstream,Downstream,Downstream,Downstream,Downstream,Downstream,Downstream
7080336250,7122664,Upstream,Upstream,Upstream,Upstream,Upstream,Upstream,Upstream,Upstream
7080336100,7122664,Upstream,Upstream,Upstream,Upstream,Upstream,Upstream,Downstream,Downstream
7080207640,7122296,Downstream,Downstream,Downstream,Downstream,Downstream,Downstream,Downstream,Downstream
7080207650,7122296,Downstream,Downstream,Downstream,Downstream,Downstream,Downstream,Downstream,Downstream
7080290680,7122920,Downstream,Downstream,Downstream,Downstream,Downstream,Downstream,Downstream,Downstream
7080344730,7122674,Upstream,Upstream,Upstream,Upstream,Upstream,Upstream,Upstream,Upstream
7080344850,7122674,Downstream,Downstream,Downstream,Downstream,Downstream,Downstream,Upstream,Downstream
7080352080,7122676,Downstream,Downstream,Downstream,Downstream,Downstream,Downstream,Upstream,Downstream
7080352360,7122676,Downstream,Downstream,Downstream,Downstream,Downstream,Downstream,Downstream,Downstream
7080227590,7122289,Downstream,Downstream,Downstream,Downstream,Downstream,Downstream,Downstream,Downstream
7080279630,7122820,Downstream,Downstream,Downstream,Downstream,Downstream,Downstream,Downstream,Downstream
7080279460,7122820,Downstream,Downstream,Downstream,Downstream,Downstream,Downstream,Downstream,Downstream
7080209980,7122296,Upstream,Upstream,Upstream,Upstream,Upstream,Upstream,Upstream,Upstream
7080210090,7122296,Downstream,Downstream,Downstream,Downstream,Downstream,Downstream,Downstream,Downstream
7080342910,7122674,Upstream,Upstream,Upstream,Upstream,Upstream,Upstream,Upstream,Upstream
7080343130,7122674,Upstream,Upstream,Upstream,Upstream,Upstream,Upstream,Upstream,Upstream
7080318150,7122440,Downstream,Downstream,Downstream,Downstream,Downstream,Downstream,Downstream,Downstream
7080359570,7122692,Downstream,Downstream,Downstream,Downstream,Downstream,Downstream,Downstream,Downstream
7080317700,7122470,Upstream,Upstream,Upstream,Upstream,Upstream,Upstream,Downstream,Downstream
7080317870,7122460,Downstream,Downstream,Downstream,Downstream,Downstream,Downstream,Downstream,Downstream
7080211660,7122296,Upstream,Upstream,Upstream,Upstream,Upstream,Upstream,Upstream,Upstream
7080211760,7122296,Upstream,Upstream,Upstream,Upstream,Upstream,Upstream,Upstream,Upstream
7080228960,7122289,Downstream,Downstream,Downstream,Downstream,Downstream,Downstream,Downstream,Downstream
7080229140,7122289,Downstream,Downstream,Downstream,Downstream,Downstream,Downstream,Downstream,Downstream
7080360630,7122692,Downstream,Downstream,Downstream,Downstream,Downstream,Downstream,Downstream,Downstream
7080360640,7122692,Downstream,Downstream,Downstream,Downstream,Downstream,Downstream,Downstream,Downstream
7080228160,7122289,Upstream,Upstream,Upstream,Upstream,Upstream,Upstream,Upstream,Upstream
7080228030,7122289,Downstream,Downstream,Downstream,Downstream,Downstream,Downstream,Downstream,Downstream
7080321470,7122460,Downstream,Downstream,Downstream,Downstream,Downstream,Downstream,Downstream,Downstream
7080321580,7122460,Downstream,Downstream,Downstream,Downstream,Downstream,Downstream,Downstream,Downstream
7080361170,7122692,Downstream,Downstream,Downstream,Downstream,Downstream,Downstream,Downstream,Downstream
7080361310,7122692,Upstream,Upstream,Upstream,Upstream,Upstream,Upstream,Downstream,Downstream
7080364140,7122682,Downstream,Downstream,Downstream,Downstream,Downstream,Downstream,Downstream,Downstream
7080350470,7122676,Upstream,Upstream,Upstream,Upstream,Upstream,Upstream,Upstream,Upstream
7080350330,7122676,Downstream,Downstream,Downstream,Downstream,Downstream,Downstream,Upstream,Downstream
7080362130,7122692,Upstream,Upstream,Upstream,Upstream,Upstream,Upstream,Downstream,Downstream
7080362290,7122692,Upstream,Upstream,Upstream,Upstream,Upstream,Upstream,Upstream,Upstream
7080314600,7122470,Upstream,Upstream,Upstream,Upstream,Upstream,Upstream,Downstream,Downstream
7080314530,7122470,Upstream,Upstream,Upstream,Upstream,Upstream,Upstream,Upstream,Upstream
7080215630,7122296,Upstream,Upstream,Upstream,Upstream,Upstream,Upstream,Upstream,Upstream
7080215620,7122296,Upstream,Upstream,Upstream,Upstream,Upstream,Upstream,Upstream,Upstream
7080326710,7122440,Downstream,Downstream,Downstream,Downstream,Downstream,Downstream,Downstream,Downstream
7080326790,7122440,Downstream,Downstream,Downstream,Downstream,Downstream,Downstream,Downstream,Downstream
7080337310,7122664,Upstream,Upstream,Upstream,Upstream,Upstream,Upstream,Downstream,Downstream
7080337320,7122664,Upstream,Upstream,Upstream,Upstream,Upstream,Upstream,Downstream,Downstream
7080271370,7122820,Upstream,Upstream,Upstream,Upstream,Upstream,Upstream,Upstream,Upstream
7080271210,7122820,Downstream,Downstream,Downstream,Downstream,Downstream,Downstream,Downstream,Downstream
7080349040,7122676,Upstream,Upstream,Upstream,Upstream,Upstream,Upstream,Upstream,Upstream
7080349230,7122676,Upstream,Upstream,Upstream,Upstream,Upstream,Upstream,Upstream,Upstream
7080314920,7122470,Upstream,Upstream,Upstream,Upstream,Upstream,Upstream,Downstream,Downstream
7080315000,7122470,Upstream,Upstream,Upstream,Upstream,Upstream,Upstream,Downstream,Downstream
7080314610,7122482,Downstream,Downstream,Downstream,Downstream,Downstream,Downstream,Downstream,Downstream
7080326310,7122460,Downstream,Downstream,Downstream,Downstream,Downstream,Downstream,Downstream,Downstream
7080326300,7122460,Upstream,Upstream,Upstream,Upstream,Upstream,Upstream,Downstream,Downstream
7080219410,7122289,Upstream,Upstream,Upstream,Upstream,Upstream,Upstream,Upstream,Upstream
7080219600,7122289,Upstream,Upstream,Upstream,Upstream,Upstream,Upstream,Upstream,Upstream
7080218770,7122289,Upstream,Upstream,Upstream,Upstream,Upstream,Upstream,Upstream,Upstream
7080219010,7122289,Upstream,Upstream,Upstream,Upstream,Upstream,Upstream,Upstream,Upstream
7080373600,7122682,Downstream,Downstream,Downstream,Downstream,Downstream,Downstream,Downstream,Downstream
7080373590,7122682,Downstream,Downstream,Downstream,Downstream,Downstream,Downstream,Downstream,Downstream
7080279750,7122429,Downstream,Downstream,Downstream,Downstream,Downstream,Downstream,Downstream,Downstream
7080279470,7122428,Downstream,Downstream,Downstream,Downstream,Downstream,Downstream,Downstream,Downstream
7080280200,7122429,Downstream,Downstream,Downstream,Downstream,Downstream,Downstream,Downstream,Downstream
7080280190,7122429,Downstream,Downstream,Downstream,Downstream,Downstream,Downstream,Downstream,Downstream
7080376890,7122684,Downstream,Downstream,Downstream,Downstream,Downstream,Downstream,Downstream,Downstream
7080332480,7122440,Downstream,Downstream,Downstream,Downstream,Downstream,Downstream,Downstream,Downstream
7080332600,7122440,Upstream,Upstream,Upstream,Upstream,Upstream,Upstream,Upstream,Upstream
7080309600,7122482,Downstream,Downstream,Downstream,Downstream,Downstream,Downstream,Downstream,Downstream
7080309610,7122482,Downstream,Downstream,Downstream,Downstream,Downstream,Downstream,Downstream,Downstream
7080380990,7122684,Downstream,Downstream,Downstream,Downstream,Downstream,Downstream,Downstream,Downstream
7080381080,7122684,Downstream,Downstream,Downstream,Downstream,Downstream,Downstream,Downstream,Downstream
7080263370,7122820,Upstream,Upstream,Upstream,Upstream,Upstream,Upstream,Upstream,Upstream
7080263210,7122820,Upstream,Upstream,Upstream,Upstream,Upstream,Upstream,Upstream,Upstream
7080276660,7122428,Downstream,Downstream,Downstream,Downstream,Downstream,Downstream,Downstream,Downstream
7080276740,7122428,Downstream,Downstream,Downstream,Downstream,Downstream,Downstream,Downstream,Downstream
7080361540,7122692,Upstream,Upstream,Upstream,Upstream,Upstream,Upstream,Upstream,Upstream
7080361430,7122692,Upstream,Upstream,Upstream,Upstream,Upstream,Upstream,Upstream,Upstream
7080333000,7122460,Upstream,Upstream,Upstream,Upstream,Upstream,Upstream,Upstream,Upstream
7080332870,7122460,Upstream,Upstream,Upstream,Upstream,Upstream,Upstream,Downstream,Downstream
7080262110,7122820,Upstream,Upstream,Upstream,Upstream,Upstream,Upstream,Upstream,Upstream
7080262290,7122820,Upstream,Upstream,Upstream,Upstream,Upstream,Upstream,Upstream,Upstream
7080311020,7122482,Downstream,Downstream,Downstream,Downstream,Downstream,Downstream,Downstream,Downstream
7080310860,7122482,Upstream,Upstream,Upstream,Upstream,Upstream,Upstream,Upstream,Upstream
7080284670,7122429,Upstream,Upstream,Upstream,Upstream,Upstream,Upstream,Downstream,Downstream
7080284660,7122429,Downstream,Downstream,Downstream,Downstream,Downstream,Downstream,Downstream,Downstream
7080334940,7122460,Upstream,Upstream,Upstream,Upstream,Upstream,Upstream,Upstream,Upstream
7080334950,7122460,Upstream,Upstream,Upstream,Upstream,Upstream,Upstream,Upstream,Upstream
7080276750,7122428,Downstream,Downstream,Downstream,Downstream,Downstream,Downstream,Downstream,Downstream
7080276860,7122428,Upstream,Upstream,Upstream,Upstream,Upstream,Upstream,Downstream,Downstream
7080279860,7122920,Downstream,Downstream,Downstream,Downstream,Downstream,Downstream,Upstream,Downstream
7080279990,7122920,Downstream,Downstream,Downstream,Downstream,Downstream,Downstream,Downstream,Downstream
7080308160,7122482,Upstream,Upstream,Upstream,Upstream,Upstream,Upstream,Upstream,Upstream
7080307990,7122482,Upstream,Upstream,Upstream,Upstream,Upstream,Upstream,Upstream,Upstream
7080338630,7122440,Upstream,Upstream,Upstream,Upstream,Upstream,Upstream,Upstream,Upstream
7080338800,7122440,Upstream,Upstream,Upstream,Upstream,Upstream,Upstream,Upstream,Upstream
7080288650,7122429,Upstream,Upstream,Upstream,Upstream,Upstream,Upstream,Downstream,Downstream
7080288660,7122429,Upstream,Upstream,Upstream,Upstream,Upstream,Upstream,Upstream,Upstream
7080277930,7122428,Upstream,Upstream,Upstream,Upstream,Upstream,Upstream,Downstream,Downstream
7080277940,7122428,Upstream,Upstream,Upstream,Upstream,Upstream,Upstream,Upstream,Upstream
7080391600,7122684,Downstream,Downstream,Downstream,Downstream,Downstream,Downstream,Downstream,Downstream
7080391610,7122684,Upstream,Upstream,Upstream,Upstream,Upstream,Upstream,Upstream,Upstream
7080316050,7122960,Downstream,Downstream,Downstream,Downstream,Downstream,Downstream,Downstream,Downstream
7080267450,7122853,Downstream,Downstream,Downstream,Downstream,Downstream,Downstream,Downstream,Downstream
7080379130,7122682,Upstream,Upstream,Upstream,Upstream,Upstream,Upstream,Upstream,Upstream
7080378880,7122682,Downstream,Downstream,Downstream,Downstream,Downstream,Downstream,Downstream,Downstream
7080277160,7122920,Upstream,Upstream,Upstream,Upstream,Upstream,Upstream,Upstream,Upstream
7080277070,7122920,Downstream,Downstream,Downstream,Downstream,Downstream,Downstream,Upstream,Downstream
7080316060,7122960,Downstream,Downstream,Downstream,Downstream,Downstream,Downstream,Downstream,Downstream
7080315920,7122960,Downstream,Downstream,Downstream,Downstream,Downstream,Downstream,Downstream,Downstream
7080255130,7122843,Downstream,Downstream,Downstream,Downstream,Downstream,Downstream,Downstream,Downstream
7080314500,7122960,Downstream,Downstream,Downstream,Downstream,Downstream,Downstream,Downstream,Downstream
7080314510,7122960,Upstream,Upstream,Upstream,Upstream,Upstream,Upstream,Upstream,Upstream
7080292250,7122429,Upstream,Upstream,Upstream,Upstream,Upstream,Upstream,Upstream,Upstream
7080292260,7122429,Upstream,Upstream,Upstream,Upstream,Upstream,Upstream,Upstream,Upstream
7080381070,7122682,Upstream,Upstream,Upstream,Upstream,Upstream,Upstream,Upstream,Upstream
7080381170,7122682,Upstream,Upstream,Upstream,Upstream,Upstream,Upstream,Upstream,Upstream
7080387640,7122684,Upstream,Upstream,Upstream,Upstream,Upstream,Upstream,Upstream,Upstream
7080381270,7122682,Upstream,Upstream,Upstream,Upstream,Upstream,Upstream,Upstream,Upstream
7080387780,7122684,Upstream,Upstream,Upstream,Upstream,Upstream,Upstream,Upstream,Upstream
7080381060,7122682,Upstream,Upstream,Upstream,Upstream,Upstream,Upstream,Upstream,Upstream
7080387650,7122684,Upstream,Upstream,Upstream,Upstream,Upstream,Upstream,Upstream,Upstream
7080387790,7122684,Upstream,Upstream,Upstream,Upstream,Upstream,Upstream,Upstream,Upstream
7080315160,7122960,Upstream,Upstream,Upstream,Upstream,Upstream,Upstream,Upstream,Upstream
7080315270,7122960,Upstream,Upstream,Upstream,Upstream,Upstream,Upstream,Upstream,Upstream
7080280280,7122428,Upstream,Upstream,Upstream,Upstream,Upstream,Upstream,Upstream,Upstream
7080280420,7122428,Upstream,Upstream,Upstream,Upstream,Upstream,Upstream,Upstream,Upstream
7080267650,7122853,Downstream,Downstream,Downstream,Downstream,Downstream,Downstream,Downstream,Downstream
7080267720,7122853,Downstream,Downstream,Downstream,Downstream,Downstream,Downstream,Downstream,Downstream
7080339090,7122440,Upstream,Upstream,Upstream,Upstream,Upstream,Upstream,Upstream,Upstream
7080339260,7122440,Upstream,Upstream,Upstream,Upstream,Upstream,Upstream,Upstream,Upstream
7080315400,7122960,Upstream,Upstream,Upstream,Upstream,Upstream,Upstream,Upstream,Upstream
7080315280,7122960,Upstream,Upstream,Upstream,Upstream,Upstream,Upstream,Upstream,Upstream
7080247440,7122843,Downstream,Downstream,Downstream,Downstream,Downstream,Downstream,Upstream,Upstream
7080247450,7122843,Downstream,Downstream,Downstream,Downstream,Downstream,Downstream,Downstream,Downstream
7080275300,7122920,Upstream,Upstream,Upstream,Upstream,Upstream,Upstream,Upstream,Upstream
7080275150,7122920,Upstream,Upstream,Upstream,Upstream,Upstream,Upstream,Upstream,Upstream
7080299310,7122482,Upstream,Upstream,Upstream,Upstream,Upstream,Upstream,Upstream,Upstream
7080299190,7122482,Upstream,Upstream,Upstream,Upstream,Upstream,Upstream,Upstream,Upstream
7080274760,7122920,Upstream,Upstream,Upstream,Upstream,Upstream,Upstream,Upstream,Upstream
7080274660,7122920,Upstream,Upstream,Upstream,Upstream,Upstream,Upstream,Upstream,Upstream
7080265740,7122853,Upstream,Upstream,Upstream,Upstream,Upstream,Upstream,Upstream,Upstream
7080265790,7122853,Downstream,Downstream,Downstream,Downstream,Downstream,Downstream,Downstream,Downstream
7080244270,7122843,Upstream,Upstream,Upstream,Upstream,Upstream,Upstream,Upstream,Upstream
7080244520,7122843,Downstream,Downstream,Downstream,Downstream,Downstream,Downstream,Upstream,Upstream
7080264540,7122853,Upstream,Upstream,Upstream,Upstream,Upstream,Upstream,Upstream,Upstream
7080264380,7122853,Upstream,Upstream,Upstream,Upstream,Upstream,Upstream,Upstream,Upstream
7080240740,7122843,Upstream,Upstream,Upstream,Upstream,Upstream,Upstream,Upstream,Upstream
7080240610,7122843,Upstream,Upstream,Upstream,Upstream,Upstream,Upstream,Upstream,Upstream
7080240160,7122843,Upstream,Upstream,Upstream,Upstream,Upstream,Upstream,Upstream,Upstream
7080240380,7122843,Upstream,Upstream,Upstream,Upstream,Upstream,Upstream,Upstream,Upstream
7080353740,7122697,Downstream,Downstream,Downstream,Downstream,Downstream,Downstream,Downstream,Downstream
7080329420,7122499,Downstream,Downstream,Downstream,Downstream,Downstream,Downstream,Downstream,Downstream
7080329540,7122498,Downstream,Downstream,Downstream,Downstream,Downstream,Downstream,Downstream,Downstream
7080267420,7122853,Upstream,Upstream,Upstream,Upstream,Upstream,Upstream,Upstream,Upstream
7080267210,7122853,Upstream,Upstream,Upstream,Upstream,Upstream,Upstream,Upstream,Upstream
7080333580,7122498,Downstream,Downstream,Downstream,Downstream,Downstream,Downstream,Downstream,Downstream
7080333730,7122498,Downstream,Downstream,Downstream,Downstream,Downstream,Downstream,Downstream,Downstream
7080330770,7122499,Downstream,Downstream,Downstream,Downstream,Downstream,Downstream,Downstream,Downstream
7080330680,7122499,Downstream,Downstream,Downstream,Downstream,Downstream,Downstream,Upstream,Downstream
7080335940,7122498,Upstream,Upstream,Upstream,Upstream,Upstream,Upstream,Upstream,Downstream
7080335930,7122498,Downstream,Downstream,Downstream,Downstream,Downstream,Downstream,Downstream,Downstream
7080337420,7122498,Upstream,Upstream,Upstream,Upstream,Upstream,Upstream,Upstream,Upstream
7080337590,7122498,Upstream,Upstream,Upstream,Upstream,Upstream,Upstream,Upstream,Downstream
7080343990,7122697,Downstream,Downstream,Downstream,Downstream,Downstream,Downstream,Downstream,Downstream
7080343890,7122697,Downstream,Downstream,Downstream,Downstream,Downstream,Downstream,Downstream,Downstream
7080341980,7122697,Downstream,Downstream,Downstream,Downstream,Downstream,Downstream,Downstream,Downstream
7080341830,7122697,Upstream,Upstream,Upstream,Upstream,Upstream,Upstream,Downstream,Downstream
7080335170,7122498,Upstream,Upstream,Upstream,Upstream,Upstream,Upstream,Upstream,Upstream
7080335280,7122498,Upstream,Upstream,Upstream,Upstream,Upstream,Upstream,Upstream,Upstream
7080326560,7122499,Upstream,Upstream,Upstream,Upstream,Upstream,Upstream,Upstream,Upstream
7080326650,7122499,Downstream,Downstream,Downstream,Downstream,Downstream,Downstream,Upstream,Downstream
7080339250,7122697,Upstream,Upstream,Upstream,Upstream,Upstream,Upstream,Upstream,Upstream
7080339080,7122697,Upstream,Upstream,Upstream,Upstream,Upstream,Upstream,Downstream,Downstream
7080325810,7122499,Upstream,Upstream,Upstream,Upstream,Upstream,Upstream,Upstream,Upstream
7080326000,7122499,Upstream,Upstream,Upstream,Upstream,Upstream,Upstream,Upstream,Upstream
7080243420,7122848,Downstream,Downstream,Downstream,Downstream,Downstream,Downstream,Downstream,Downstream
7080243490,7122849,Downstream,Downstream,Downstream,Downstream,Downstream,Downstream,Downstream,Downstream
7080243720,7122849,Downstream,Downstream,Downstream,Downstream,Downstream,Downstream,Downstream,Downstream
7080243710,7122849,Downstream,Downstream,Downstream,Downstream,Downstream,Downstream,Downstream,Downstream
7080243260,7122848,Downstream,Downstream,Downstream,Downstream,Downstream,Downstream,Downstream,Downstream
7080243410,7122848,Downstream,Downstream,Downstream,Downstream,Downstream,Downstream,Downstream,Downstream
7080323980,7122499,Upstream,Upstream,Upstream,Upstream,Upstream,Upstream,Upstream,Upstream
7080324090,7122499,Upstream,Upstream,Upstream,Upstream,Upstream,Upstream,Upstream,Upstream
7080263970,7125060,Downstream,Downstream,Downstream,Downstream,Downstream,Downstream,Downstream,Downstream
7080247280,7122849,Downstream,Downstream,Downstream,Downstream,Downstream,Downstream,Downstream,Downstream
7080247430,7122849,Upstream,Upstream,Upstream,Upstream,Upstream,Upstream,Upstream,Downstream
7080243110,7122848,Upstream,Upstream,Upstream,Upstream,Upstream,Upstream,Downstream,Downstream
7080243250,7122848,Downstream,Downstream,Downstream,Downstream,Downstream,Downstream,Downstream,Downstream
7080247720,7122849,Upstream,Upstream,Upstream,Upstream,Upstream,Upstream,Upstream,Downstream
7080247730,7122849,Upstream,Upstream,Upstream,Upstream,Upstream,Upstream,Upstream,Upstream
7080241910,7122848,Upstream,Upstream,Upstream,Upstream,Upstream,Upstream,Downstream,Downstream
7080241740,7122848,Upstream,Upstream,Upstream,Upstream,Upstream,Upstream,Upstream,Upstream
7080252080,7122849,Upstream,Upstream,Upstream,Upstream,Upstream,Upstream,Upstream,Upstream
7080252090,7122849,Upstream,Upstream,Upstream,Upstream,Upstream,Upstream,Upstream,Upstream
7080234890,7122848,Upstream,Upstream,Upstream,Upstream,Upstream,Upstream,Upstream,Upstream
7080234750,7122848,Upstream,Upstream,Upstream,Upstream,Upstream,Upstream,Upstream,Upstream
7080264650,7122880,Downstream,Downstream,Downstream,Downstream,Downstream,Downstream,Downstream,Downstream
7080265720,7122880,Downstream,Downstream,Downstream,Downstream,Downstream,Downstream,Upstream,Downstream
7080265710,7122880,Downstream,Downstream,Downstream,Downstream,Downstream,Downstream,Downstream,Downstream
7080277780,7125060,Downstream,Downstream,Downstream,Downstream,Downstream,Downstream,Downstream,Downstream
7080277890,7125060,Downstream,Downstream,Downstream,Downstream,Downstream,Downstream,Downstream,Downstream
7080334640,7122697,Upstream,Upstream,Upstream,Upstream,Upstream,Upstream,Upstream,Upstream
7080334550,7122697,Upstream,Upstream,Upstream,Upstream,Upstream,Upstream,Upstream,Upstream
7080209380,7124404,Downstream,Downstream,Downstream,Downstream,Downstream,Downstream,Downstream,Downstream
7080282420,7125060,Upstream,Upstream,Upstream,Upstream,Upstream,Upstream,Upstream,Upstream
7080282520,7125060,Downstream,Downstream,Downstream,Downstream,Downstream,Downstream,Downstream,Downstream
7080271050,7122894,Downstream,Downstream,Downstream,Downstream,Downstream,Downstream,Downstream,Downstream
7080209010,7124404,Downstream,Downstream,Downstream,Downstream,Downstream,Downstream,Upstream,Downstream
7080209080,7124404,Downstream,Downstream,Downstream,Downstream,Downstream,Downstream,Downstream,Downstream
7080271170,7122894,Downstream,Downstream,Downstream,Downstream,Downstream,Downstream,Downstream,Downstream
7080271350,7122894,Downstream,Downstream,Downstream,Downstream,Downstream,Downstream,Downstream,Downstream
7080274640,7122880,Downstream,Downstream,Downstream,Downstream,Downstream,Downstream,Upstream,Downstream
7080274650,7122880,Upstream,Upstream,Upstream,Upstream,Upstream,Upstream,Upstream,Upstream
7080274890,7122880,Upstream,Upstream,Upstream,Upstream,Upstream,Upstream,Upstream,Upstream
7080275140,7122880,Upstream,Upstream,Upstream,Upstream,Upstream,Upstream,Upstream,Upstream
7080206120,7124404,Upstream,Upstream,Upstream,Upstream,Upstream,Upstream,Upstream,Upstream
7080206020,7124404,Downstream,Downstream,Downstream,Downstream,Downstream,Downstream,Upstream,Downstream
7080276150,7122880,Upstream,Upstream,Upstream,Upstream,Upstream,Upstream,Upstream,Upstream
7080276210,7122880,Upstream,Upstream,Upstream,Upstream,Upstream,Upstream,Upstream,Upstream
7080285240,7125060,Upstream,Upstream,Upstream,Upstream,Upstream,Upstream,Upstream,Upstream
7080285390,7125060,Upstream,Upstream,Upstream,Upstream,Upstream,Upstream,Upstream,Upstream
7080302720,7122996,Downstream,Downstream,Downstream,Downstream,Downstream,Downstream,Downstream,Downstream
7080268220,7122894,Upstream,Upstream,Upstream,Upstream,Upstream,Upstream,Upstream,Upstream
7080268450,7122894,Downstream,Downstream,Downstream,Downstream,Downstream,Downstream,Downstream,Downstream
7080285470,7125060,Upstream,Upstream,Upstream,Upstream,Upstream,Upstream,Upstream,Upstream
7080285660,7125060,Upstream,Upstream,Upstream,Upstream,Upstream,Upstream,Upstream,Upstream
7080206470,7124404,Upstream,Upstream,Upstream,Upstream,Upstream,Upstream,Upstream,Upstream
7080206250,7124404,Upstream,Upstream,Upstream,Upstream,Upstream,Upstream,Upstream,Upstream
7080266490,7122894,Upstream,Upstream,Upstream,Upstream,Upstream,Upstream,Upstream,Upstream
7080266340,7122894,Upstream,Upstream,Upstream,Upstream,Upstream,Upstream,Upstream,Upstream
7080305960,7122996,Downstream,Downstream,Downstream,Downstream,Downstream,Downstream,Downstream,Downstream
7080306030,7122996,Downstream,Downstream,Downstream,Downstream,Downstream,Downstream,Downstream,Downstream
7080306210,7122996,Downstream,Downstream,Downstream,Downstream,Downstream,Downstream,Downstream,Downstream
7080306290,7122996,Downstream,Downstream,Downstream,Downstream,Downstream,Downstream,Downstream,Downstream
7080209070,7124404,Upstream,Upstream,Upstream,Upstream,Upstream,Upstream,Upstream,Upstream
7080209000,7124404,Upstream,Upstream,Upstream,Upstream,Upstream,Upstream,Upstream,Upstream
7080264760,7122894,Upstream,Upstream,Upstream,Upstream,Upstream,Upstream,Upstream,Upstream
7080264510,7122894,Upstream,Upstream,Upstream,Upstream,Upstream,Upstream,Upstream,Upstream
7080296710,7122999,Downstream,Downstream,Downstream,Downstream,Downstream,Downstream,Downstream,Downstream
7080304650,7122996,Downstream,Downstream,Downstream,Downstream,Downstream,Downstream,Downstream,Downstream
7080304540,7122996,Upstream,Upstream,Upstream,Upstream,Upstream,Upstream,Upstream,Upstream
7080289070,7122999,Downstream,Downstream,Downstream,Downstream,Downstream,Downstream,Upstream,Downstream
7080289180,7122999,Downstream,Downstream,Downstream,Downstream,Downstream,Downstream,Downstream,Downstream
7080284720,7122999,Downstream,Downstream,Downstream,Downstream,Downstream,Downstream,Upstream,Downstream
7080284620,7122999,Upstream,Upstream,Upstream,Upstream,Upstream,Upstream,Upstream,Upstream
7080281380,7122999,Upstream,Upstream,Upstream,Upstream,Upstream,Upstream,Upstream,Upstream
7080281370,7122999,Upstream,Upstream,Upstream,Upstream,Upstream,Upstream,Upstream,Upstream
7080293850,7122996,Upstream,Upstream,Upstream,Upstream,Upstream,Upstream,Upstream,Upstream
7080293760,7122996,Upstream,Upstream,Upstream,Upstream,Upstream,Upstream,Upstream,Upstream
7080181530,7124706,Downstream,Downstream,Downstream,Downstream,Downstream,Downstream,Downstream,Downstream
7080285590,7122999,Upstream,Upstream,Upstream,Upstream,Upstream,Upstream,Upstream,Upstream
7080285740,7122999,Upstream,Upstream,Upstream,Upstream,Upstream,Upstream,Upstream,Upstream
7080182740,7124706,Downstream,Downstream,Downstream,Downstream,Downstream,Downstream,Downstream,Downstream
7080182630,7124706,Downstream,Downstream,Downstream,Downstream,Downstream,Downstream,Downstream,Downstream
7080185430,7124706,Upstream,Upstream,Upstream,Upstream,Upstream,Upstream,Upstream,Downstream
7080185510,7124706,Downstream,Downstream,Downstream,Downstream,Downstream,Downstream,Downstream,Downstream
7080182870,7124706,Upstream,Upstream,Upstream,Upstream,Upstream,Upstream,Upstream,Downstream
7080183000,7124706,Upstream,Upstream,Upstream,Upstream,Upstream,Upstream,Upstream,Upstream
7080182620,7124706,Upstream,Upstream,Upstream,Upstream,Upstream,Upstream,Upstream,Upstream
7080182860,7124706,Upstream,Upstream,Upstream,Upstream,Upstream,Upstream,Upstream,Upstream
7080202930,7124800,Downstream,Downstream,Downstream,Downstream,Downstream,Downstream,Downstream,Downstream
7080204110,7124800,Downstream,Downstream,Downstream,Downstream,Downstream,Downstream,Downstream,Downstream
7080204260,7124800,Downstream,Downstream,Downstream,Downstream,Downstream,Downstream,Downstream,Downstream
7080201520,7124800,Downstream,Downstream,Downstream,Downstream,Downstream,Downstream,Downstream,Downstream
7080201620,7124800,Upstream,Upstream,Upstream,Upstream,Upstream,Upstream,Upstream,Downstream
7080217670,7124904,Downstream,Downstream,Downstream,Downstream,Downstream,Downstream,Downstream,Downstream
7080290660,7128004,Downstream,Downstream,Downstream,Downstream,Downstream,Downstream,Downstream,Downstream
7080218300,7124904,Downstream,Downstream,Downstream,Downstream,Downstream,Downstream,Downstream,Downstream
7080218310,7124904,Downstream,Downstream,Downstream,Downstream,Downstream,Downstream,Downstream,Downstream
7080291210,7128004,Downstream,Downstream,Downstream,Downstream,Downstream,Downstream,Downstream,Downstream
7080291350,7128004,Downstream,Downstream,Downstream,Downstream,Downstream,Downstream,Downstream,Downstream
7080291810,7128004,Downstream,Downstream,Downstream,Downstream,Downstream,Downstream,Downstream,Downstream
7080291980,7128004,Downstream,Downstream,Downstream,Downstream,Downstream,Downstream,Downstream,Downstream
7080205790,7124800,Upstream,Upstream,Upstream,Upstream,Upstream,Upstream,Upstream,Upstream
7080205910,7124800,Upstream,Upstream,Upstream,Upstream,Upstream,Upstream,Upstream,Downstream
7080286810,7128006,Downstream,Downstream,Downstream,Downstream,Downstream,Downstream,Downstream,Downstream
7080205100,7124800,Upstream,Upstream,Upstream,Upstream,Upstream,Upstream,Upstream,Upstream
7080204870,7124800,Upstream,Upstream,Upstream,Upstream,Upstream,Upstream,Upstream,Upstream
7080225470,7124904,Upstream,Upstream,Upstream,Upstream,Upstream,Upstream,Upstream,Upstream
7080225290,7124904,Downstream,Downstream,Downstream,Downstream,Downstream,Downstream,Downstream,Downstream
7080287610,7128009,Downstream,Downstream,Downstream,Downstream,Downstream,Downstream,Downstream,Downstream
7080293140,7128006,Upstream,Upstream,Upstream,Upstream,Upstream,Downstream,Upstream,Upstream
7080293150,7128006,Downstream,Downstream,Downstream,Downstream,Downstream,Downstream,Downstream,Downstream
7080300230,7128004,Upstream,Upstream,Upstream,Upstream,Upstream,Upstream,Upstream,Upstream
7080300220,7128004,Downstream,Downstream,Downstream,Downstream,Downstream,Downstream,Downstream,Downstream
7080224630,7126060,Downstream,Downstream,Downstream,Downstream,Downstream,Downstream,Downstream,Downstream
7080301690,7128004,Upstream,Upstream,Upstream,Upstream,Upstream,Upstream,Upstream,Upstream
7080301840,7128004,Upstream,Upstream,Upstream,Upstream,Upstream,Upstream,Upstream,Upstream
7080224620,7126090,Downstream,Downstream,Downstream,Downstream,Downstream,Downstream,Downstream,Downstream
7080295970,7128006,Upstream,Upstream,Upstream,Upstream,Upstream,Upstream,Upstream,Upstream
7080295890,7128006,Upstream,Upstream,Upstream,Upstream,Upstream,Downstream,Upstream,Upstream
7080221950,7126060,Downstream,Downstream,Downstream,Downstream,Downstream,Downstream,Downstream,Downstream
7080222140,7126060,Downstream,Downstream,Downstream,Downstream,Downstream,Downstream,Downstream,Downstream
7080220910,7126060,Downstream,Downstream,Downstream,Downstream,Downstream,Downstream,Downstream,Downstream
7080220810,7126060,Upstream,Upstream,Upstream,Upstream,Upstream,Upstream,Upstream,Downstream
7080225100,7124904,Upstream,Upstream,Upstream,Upstream,Upstream,Upstream,Upstream,Upstream
7080225240,7124904,Upstream,Upstream,Upstream,Upstream,Upstream,Upstream,Upstream,Upstream
7080225480,7126090,Downstream,Downstream,Downstream,Downstream,Downstream,Downstream,Downstream,Downstream
7080225660,7126090,Downstream,Downstream,Downstream,Downstream,Downstream,Downstream,Downstream,Downstream
7080292080,7128009,Downstream,Downstream,Downstream,Downstream,Downstream,Downstream,Downstream,Downstream
7080292210,7128009,Downstream,Downstream,Downstream,Downstream,Downstream,Downstream,Downstream,Downstream
7080298610,7128006,Upstream,Upstream,Upstream,Upstream,Upstream,Upstream,Upstream,Upstream
7080298730,7128006,Upstream,Upstream,Upstream,Upstream,Upstream,Upstream,Upstream,Upstream
7080217890,7126060,Upstream,Upstream,Upstream,Upstream,Upstream,Upstream,Upstream,Upstream
7080217760,7126060,Upstream,Upstream,Upstream,Upstream,Upstream,Upstream,Upstream,Downstream
7080229620,7124904,Upstream,Upstream,Upstream,Upstream,Upstream,Upstream,Upstream,Upstream
7080229780,7124904,Upstream,Upstream,Upstream,Upstream,Upstream,Upstream,Upstream,Upstream
7080291030,7128009,Upstream,Upstream,Upstream,Upstream,Upstream,Upstream,Upstream,Upstream
7080291200,7128009,Downstream,Downstream,Downstream,Downstream,Downstream,Downstream,Downstream,Downstream
7080221230,7124909,Downstream,Downstream,Downstream,Downstream,Downstream,Downstream,Downstream,Downstream
7080229090,7126090,Upstream,Upstream,Upstream,Upstream,Upstream,Upstream,Upstream,Downstream
7080228990,7126090,Downstream,Downstream,Downstream,Downstream,Downstream,Downstream,Downstream,Downstream
7080290920,7128009,Upstream,Upstream,Upstream,Upstream,Upstream,Upstream,Upstream,Upstream
7080290830,7128009,Upstream,Upstream,Upstream,Upstream,Upstream,Upstream,Upstream,Upstream
7080259730,7129006,Downstream,Downstream,Downstream,Downstream,Downstream,Downstream,Downstream,Downstream
7080304220,7128006,Upstream,Upstream,Upstream,Upstream,Upstream,Upstream,Upstream,Upstream
7080261920,7129006,Downstream,Downstream,Downstream,Downstream,Downstream,Downstream,Downstream,Downstream
7080304130,7128006,Upstream,Upstream,Upstream,Upstream,Upstream,Upstream,Upstream,Upstream
7080261930,7129006,Upstream,Upstream,Upstream,Upstream,Upstream,Upstream,Upstream,Downstream
7080224940,7124909,Downstream,Downstream,Downstream,Downstream,Downstream,Downstream,Downstream,Downstream
7080225090,7124909,Downstream,Downstream,Downstream,Downstream,Downstream,Downstream,Downstream,Downstream
7080233510,7126090,Upstream,Upstream,Upstream,Upstream,Upstream,Upstream,Upstream,Upstream
7080233670,7126090,Upstream,Upstream,Upstream,Upstream,Upstream,Upstream,Upstream,Downstream
7080264630,7129006,Upstream,Upstream,Upstream,Upstream,Upstream,Upstream,Upstream,Downstream
7080264640,7129006,Upstream,Upstream,Upstream,Upstream,Upstream,Upstream,Upstream,Upstream
7080210230,7126060,Upstream,Upstream,Upstream,Upstream,Upstream,Upstream,Upstream,Upstream
7080210170,7126060,Upstream,Upstream,Upstream,Upstream,Upstream,Upstream,Upstream,Upstream
7080227430,7124909,Upstream,Upstream,Upstream,Upstream,Upstream,Upstream,Upstream,Upstream
7080227440,7124909,Downstream,Downstream,Downstream,Downstream,Downstream,Downstream,Downstream,Downstream
7080253130,7129009,Downstream,Downstream,Downstream,Downstream,Downstream,Downstream,Downstream,Downstream
7080227680,7124909,Upstream,Upstream,Upstream,Upstream,Upstream,Upstream,Upstream,Upstream
7080227420,7124909,Upstream,Upstream,Upstream,Upstream,Upstream,Upstream,Upstream,Upstream
7080282500,7128009,Upstream,Upstream,Upstream,Upstream,Upstream,Upstream,Upstream,Upstream
7080282490,7128009,Upstream,Upstream,Upstream,Upstream,Upstream,Upstream,Upstream,Upstream
7080268360,7129006,Upstream,Upstream,Upstream,Upstream,Upstream,Upstream,Upstream,Upstream
7080268550,7129006,Upstream,Upstream,Upstream,Upstream,Upstream,Upstream,Upstream,Upstream
7080224530,7124909,Upstream,Upstream,Upstream,Upstream,Upstream,Upstream,Upstream,Upstream
7080224420,7124909,Upstream,Upstream,Upstream,Upstream,Upstream,Upstream,Upstream,Upstream
7080236460,7126090,Upstream,Upstream,Upstream,Upstream,Upstream,Upstream,Upstream,Upstream
7080236590,7126090,Upstream,Upstream,Upstream,Upstream,Upstream,Upstream,Upstream,Upstream
7080248200,7129009,Downstream,Downstream,Downstream,Downstream,Downstream,Downstream,Downstream,Downstream
7080248370,7129009,Downstream,Downstream,Downstream,Downstream,Downstream,Downstream,Downstream,Downstream
7080271030,7129006,Upstream,Upstream,Upstream,Upstream,Upstream,Upstream,Upstream,Upstream
7080271160,7129006,Upstream,Upstream,Upstream,Upstream,Upstream,Upstream,Upstream,Upstream
7080251870,7129009,Upstream,Upstream,Upstream,Upstream,Upstream,Upstream,Upstream,Upstream
7080251970,7129009,Downstream,Downstream,Downstream,Downstream,Downstream,Downstream,Downstream,Downstream
7080249750,7129009,Upstream,Upstream,Upstream,Upstream,Upstream,Upstream,Upstream,Upstream
7080249620,7129009,Upstream,Upstream,Upstream,Upstream,Upstream,Upstream,Upstream,Upstream
7080249740,7129009,Upstream,Upstream,Upstream,Upstream,Upstream,Upstream,Upstream,Upstream
7080249900,7129009,Upstream,Upstream,Upstream,Upstream,Upstream,Upstream,Upstream,Upstream
7080146980,7132700,Downstream,Downstream,Downstream,Downstream,Downstream,Downstream,Downstream,Downstream
7080149780,7132604,Downstream,Downstream,Downstream,Downstream,Downstream,Downstream,Downstream,Downstream
7080156280,7132604,Downstream,Downstream,Downstream,Downstream,Downstream,Downstream,Downstream,Downstream
7080156390,7132604,Downstream,Downstream,Downstream,Downstream,Downstream,Downstream,Downstream,Downstream
7080158100,7132604,Upstream,Upstream,Upstream,Upstream,Upstream,Upstream,Downstream,Downstream
7080158110,7132604,Downstream,Downstream,Downstream,Downstream,Downstream,Downstream,Downstream,Downstream
7080150730,7132700,Downstream,Downstream,Downstream,Downstream,Downstream,Downstream,Downstream,Downstream
7080150630,7132700,Downstream,Downstream,Downstream,Downstream,Downstream,Downstream,Downstream,Downstream
7080152140,7132700,Upstream,Upstream,Upstream,Upstream,Upstream,Upstream,Upstream,Upstream
7080152250,7132700,Downstream,Downstream,Downstream,Downstream,Downstream,Downstream,Downstream,Downstream
7080162340,7132604,Upstream,Upstream,Upstream,Upstream,Upstream,Upstream,Upstream,Upstream
7080162330,7132604,Upstream,Upstream,Upstream,Upstream,Upstream,Upstream,Downstream,Downstream
7080156690,7132700,Upstream,Upstream,Upstream,Upstream,Upstream,Upstream,Upstream,Upstream
7080156740,7132700,Upstream,Upstream,Upstream,Upstream,Upstream,Upstream,Upstream,Upstream
7080156860,7132700,Upstream,Upstream,Upstream,Upstream,Upstream,Upstream,Upstream,Upstream
7080156870,7132700,Upstream,Upstream,Upstream,Upstream,Upstream,Upstream,Upstream,Upstream
7080171650,7132604,Upstream,Upstream,Upstream,Upstream,Upstream,Upstream,Upstream,Upstream
7080171660,7132604,Upstream,Upstream,Upstream,Upstream,Upstream,Upstream,Upstream,Upstream
7080198650,7134904,Downstream,Downstream,Downstream,Downstream,Downstream,Downstream,Downstream,Downstream
7080202350,7134904,Downstream,Downstream,Downstream,Downstream,Downstream,Downstream,Upstream,Downstream
7080202340,7134904,Downstream,Downstream,Downstream,Downstream,Downstream,Downstream,Downstream,Downstream
7080206530,7134904,Downstream,Downstream,Downstream,Downstream,Downstream,Downstream,Upstream,Downstream
7080206540,7134904,Upstream,Upstream,Upstream,Upstream,Upstream,Upstream,Upstream,Upstream
7080208120,7134904,Upstream,Upstream,Upstream,Upstream,Upstream,Upstream,Upstream,Upstream
7080208130,7134904,Upstream,Upstream,Upstream,Upstream,Upstream,Upstream,Upstream,Upstream
7080209140,7134904,Upstream,Upstream,Upstream,Upstream,Upstream,Upstream,Upstream,Upstream
7080209150,7134904,Upstream,Upstream,Upstream,Upstream,Upstream,Upstream,Upstream,Upstream
7080152640,7135250,Downstream,Downstream,Downstream,Downstream,Downstream,Downstream,Downstream,Downstream
7080152650,7135240,Downstream,Downstream,Downstream,Downstream,Downstream,Downstream,Downstream,Downstream
7080157030,7135250,Downstream,Downstream,Downstream,Downstream,Downstream,Downstream,Upstream,Downstream
7080157150,7135250,Downstream,Downstream,Downstream,Downstream,Downstream,Downstream,Downstream,Downstream
7080159230,7135250,Downstream,Downstream,Downstream,Downstream,Downstream,Downstream,Upstream,Downstream
7080159080,7135250,Upstream,Upstream,Upstream,Upstream,Upstream,Upstream,Upstream,Downstream
7080167450,7135240,Downstream,Downstream,Downstream,Downstream,Downstream,Downstream,Upstream,Downstream
7080167460,7135240,Downstream,Downstream,Downstream,Downstream,Downstream,Downstream,Downstream,Downstream
7080160050,7135250,Upstream,Upstream,Upstream,Upstream,Upstream,Upstream,Upstream,Downstream
7080159970,7135250,Upstream,Upstream,Upstream,Upstream,Upstream,Upstream,Upstream,Upstream
7080173430,7135240,Upstream,Upstream,Upstream,Upstream,Upstream,Upstream,Upstream,Upstream
7080173500,7135240,Downstream,Downstream,Downstream,Downstream,Downstream,Downstream,Upstream,Downstream
7080173640,7135240,Upstream,Upstream,Upstream,Upstream,Upstream,Upstream,Upstream,Upstream
7080173800,7135240,Upstream,Upstream,Upstream,Upstream,Upstream,Upstream,Upstream,Upstream
7080180330,7135240,Upstream,Upstream,Upstream,Upstream,Upstream,Upstream,Upstream,Upstream
7080180550,7135240,Upstream,Upstream,Upstream,Upstream,Upstream,Upstream,Upstream,Upstream
7080166560,7135250,Upstream,Upstream,Upstream,Upstream,Upstream,Upstream,Upstream,Upstream
7080166290,7135250,Upstream,Upstream,Upstream,Upstream,Upstream,Upstream,Upstream,Upstream
7080177120,7135267,Downstream,Downstream,Downstream,Downstream,Downstream,Downstream,Downstream,Downstream
7080186210,7135267,Downstream,Downstream,Downstream,Downstream,Downstream,Downstream,Upstream,Downstream
7080186350,7135267,Downstream,Downstream,Downstream,Downstream,Downstream,Downstream,Downstream,Downstream
7080186810,7135267,Downstream,Downstream,Downstream,Downstream,Downstream,Downstream,Upstream,Upstream
7080186960,7135267,Downstream,Downstream,Downstream,Downstream,Downstream,Downstream,Upstream,Downstream
7080187070,7135267,Upstream,Upstream,Upstream,Upstream,Upstream,Upstream,Upstream,Upstream
7080187230,7135267,Downstream,Downstream,Downstream,Downstream,Downstream,Downstream,Upstream,Upstream
7080183980,7135267,Upstream,Upstream,Upstream,Upstream,Upstream,Upstream,Upstream,Upstream
7080183870,7135267,Upstream,Upstream,Upstream,Upstream,Upstream,Upstream,Upstream,Upstream
7080206170,7135297,Downstream,Downstream,Downstream,Downstream,Downstream,Downstream,Downstream,Downstream
7080205130,7135297,Downstream,Downstream,Downstream,Downstream,Downstream,Downstream,Downstream,Downstream
7080205250,7135297,Downstream,Downstream,Downstream,Downstream,Downstream,Downstream,Downstream,Downstream
7080202850,7135297,Downstream,Downstream,Downstream,Downstream,Downstream,Downstream,Upstream,Upstream
7080202680,7135297,Downstream,Downstream,Downstream,Downstream,Downstream,Downstream,Downstream,Downstream
7080211050,7135297,Downstream,Downstream,Downstream,Downstream,Downstream,Downstream,Upstream,Upstream
7080211090,7135297,Upstream,Upstream,Upstream,Upstream,Upstream,Upstream,Upstream,Upstream
7080212440,7135297,Upstream,Upstream,Upstream,Upstream,Upstream,Upstream,Upstream,Upstream
7080212580,7135297,Upstream,Upstream,Upstream,Upstream,Upstream,Upstream,Upstream,Upstream
7080210450,7135655,Downstream,Downstream,Downstream,Downstream,Downstream,Downstream,Downstream,Downstream
7080219870,7135655,Downstream,Downstream,Downstream,Downstream,Downstream,Downstream,Downstream,Downstream
7080220020,7135655,Downstream,Downstream,Downstream,Downstream,Downstream,Downstream,Upstream,Downstream
7080219740,7135655,Downstream,Downstream,Downstream,Downstream,Downstream,Downstream,Downstream,Downstream
7080222670,7135655,Upstream,Upstream,Upstream,Upstream,Upstream,Upstream,Upstream,Upstream
7080222800,7135655,Upstream,Upstream,Upstream,Upstream,Upstream,Upstream,Upstream,Upstream
7080223030,7135655,Upstream,Upstream,Upstream,Upstream,Upstream,Upstream,Upstream,Upstream
7080224080,7135655,Upstream,Upstream,Upstream,Upstream,Upstream,Upstream,Upstream,Upstream
7080223860,7135655,Upstream,Upstream,Upstream,Upstream,Upstream,Upstream,Upstream,Upstream
7080222910,7135660,Downstream,Downstream,Downstream,Downstream,Downstream,Downstream,Downstream,Downstream
7080223010,7135670,Downstream,Downstream,Downstream,Downstream,Downstream,Downstream,Downstream,Downstream
7080223330,7135660,Downstream,Downstream,Downstream,Downstream,Downstream,Downstream,Downstream,Downstream
7080223420,7135660,Downstream,Downstream,Downstream,Downstream,Downstream,Downstream,Downstream,Downstream
7080221620,7135660,Downstream,Downstream,Downstream,Downstream,Downstream,Downstream,Downstream,Downstream
7080221500,7135660,Downstream,Downstream,Downstream,Downstream,Downstream,Downstream,Downstream,Downstream
7080228850,7135670,Downstream,Downstream,Downstream,Downstream,Downstream,Downstream,Downstream,Downstream
7080228670,7135670,Downstream,Downstream,Downstream,Downstream,Downstream,Downstream,Upstream,Upstream
7080228200,7135670,Upstream,Upstream,Upstream,Upstream,Upstream,Upstream,Upstream,Upstream
7080228350,7135670,Downstream,Downstream,Downstream,Downstream,Downstream,Downstream,Upstream,Upstream
7080220410,7135660,Upstream,Upstream,Upstream,Upstream,Upstream,Upstream,Upstream,Upstream
7080220510,7135660,Downstream,Downstream,Downstream,Downstream,Downstream,Downstream,Downstream,Downstream
7080227230,7135670,Upstream,Upstream,Upstream,Upstream,Upstream,Upstream,Upstream,Upstream
7080227130,7135670,Upstream,Upstream,Upstream,Upstream,Upstream,Upstream,Upstream,Upstream
7080218420,7135660,Upstream,Upstream,Upstream,Upstream,Upstream,Upstream,Upstream,Upstream
7080218330,7135660,Upstream,Upstream,Upstream,Upstream,Upstream,Upstream,Upstream,Upstream
7080231720,7135670,Upstream,Upstream,Upstream,Upstream,Upstream,Upstream,Upstream,Upstream
7080231620,7135670,Upstream,Upstream,Upstream,Upstream,Upstream,Upstream,Upstream,Upstream
7080257230,7136650,Downstream,Downstream,Downstream,Downstream,Downstream,Downstream,Downstream,Downstream
7080258300,7136650,Downstream,Downstream,Downstream,Downstream,Downstream,Downstream,Downstream,Downstream
7080258410,7136650,Downstream,Downstream,Downstream,Downstream,Downstream,Downstream,Upstream,Downstream
7080264010,7136650,Downstream,Downstream,Downstream,Downstream,Downstream,Downstream,Upstream,Downstream
7080264290,7136650,Upstream,Upstream,Upstream,Upstream,Upstream,Upstream,Upstream,Upstream
7080267970,7136650,Upstream,Upstream,Upstream,Upstream,Upstream,Upstream,Upstream,Upstream
7080268110,7136650,Upstream,Upstream,Upstream,Upstream,Upstream,Upstream,Upstream,Upstream
7080268990,7136650,Upstream,Upstream,Upstream,Upstream,Upstream,Upstream,Upstream,Upstream
7080269110,7136650,Upstream,Upstream,Upstream,Upstream,Upstream,Upstream,Upstream,Upstream
7080270660,7136660,Downstream,Downstream,Downstream,Downstream,Downstream,Downstream,Downstream,Downstream
7080270960,7136680,Downstream,Downstream,Downstream,Downstream,Downstream,Downstream,Downstream,Downstream
7080270820,7136660,Downstream,Downstream,Downstream,Downstream,Downstream,Downstream,Downstream,Downstream
7080270970,7136660,Downstream,Downstream,Downstream,Downstream,Downstream,Downstream,Downstream,Downstream
7080271870,7136660,Upstream,Upstream,Upstream,Upstream,Upstream,Upstream,Upstream,Upstream
7080271720,7136660,Downstream,Downstream,Downstream,Downstream,Downstream,Downstream,Downstream,Downstream
7080275580,7136680,Downstream,Downstream,Downstream,Downstream,Downstream,Downstream,Downstream,Downstream
7080275570,7136680,Downstream,Downstream,Downstream,Downstream,Downstream,Downstream,Downstream,Downstream
7080275590,7136660,Upstream,Upstream,Upstream,Upstream,Upstream,Upstream,Upstream,Upstream
7080275710,7136660,Upstream,Upstream,Upstream,Upstream,Upstream,Upstream,Upstream,Upstream
7080237270,7136910,Downstream,Downstream,Downstream,Downstream,Downstream,Downstream,Downstream,Downstream
7080275920,7136692,Downstream,Downstream,Downstream,Downstream,Downstream,Downstream,Downstream,Downstream
7080279530,7136680,Upstream,Upstream,Upstream,Upstream,Upstream,Upstream,Upstream,Downstream
7080279350,7136680,Downstream,Downstream,Downstream,Downstream,Downstream,Downstream,Downstream,Downstream
7080278250,7136692,Downstream,Downstream,Downstream,Downstream,Downstream,Downstream,Downstream,Downstream
7080278370,7136692,Downstream,Downstream,Downstream,Downstream,Downstream,Downstream,Downstream,Downstream
7080233370,7136910,Downstream,Downstream,Downstream,Downstream,Downstream,Downstream,Downstream,Downstream
7080233560,7136910,Downstream,Downstream,Downstream,Downstream,Downstream,Downstream,Upstream,Downstream
7080285550,7136680,Upstream,Upstream,Upstream,Upstream,Upstream,Upstream,Upstream,Upstream
7080285540,7136680,Upstream,Upstream,Upstream,Upstream,Upstream,Upstream,Upstream,Downstream
7080279040,7136692,Downstream,Downstream,Downstream,Downstream,Downstream,Downstream,Upstream,Upstream
7080278900,7136692,Downstream,Downstream,Downstream,Downstream,Downstream,Downstream,Downstream,Downstream
7080239920,7136910,Upstream,Upstream,Upstream,Upstream,Upstream,Upstream,Upstream,Upstream
7080239800,7136910,Downstream,Downstream,Downstream,Downstream,Downstream,Downstream,Upstream,Downstream
7080249240,7136805,Downstream,Downstream,Downstream,Downstream,Downstream,Downstream,Downstream,Downstream
7080287570,7136692,Upstream,Upstream,Upstream,Upstream,Upstream,Upstream,Upstream,Upstream
7080287640,7136692,Downstream,Downstream,Downstream,Downstream,Downstream,Downstream,Upstream,Upstream
7080243860,7136910,Upstream,Upstream,Upstream,Upstream,Upstream,Upstream,Upstream,Upstream
7080243620,7136910,Upstream,Upstream,Upstream,Upstream,Upstream,Upstream,Upstream,Upstream
7080287810,7136692,Upstream,Upstream,Upstream,Upstream,Upstream,Upstream,Upstream,Upstream
7080287750,7136692,Upstream,Upstream,Upstream,Upstream,Upstream,Upstream,Upstream,Upstream
7080301760,7136680,Upstream,Upstream,Upstream,Upstream,Upstream,Upstream,Upstream,Upstream
7080301870,7136680,Upstream,Upstream,Upstream,Upstream,Upstream,Upstream,Upstream,Upstream
7080245480,7136910,Upstream,Upstream,Upstream,Upstream,Upstream,Upstream,Upstream,Upstream
7080245640,7136910,Upstream,Upstream,Upstream,Upstream,Upstream,Upstream,Upstream,Upstream
7080311760,7136660,Upstream,Upstream,Upstream,Upstream,Upstream,Upstream,Upstream,Upstream
7080311560,7136660,Upstream,Upstream,Upstream,Upstream,Upstream,Upstream,Upstream,Upstream
7080260640,7136805,Downstream,Downstream,Downstream,Downstream,Downstream,Downstream,Downstream,Downstream
7080260630,7136805,Downstream,Downstream,Downstream,Downstream,Downstream,Downstream,Upstream,Downstream
7080261080,7136805,Upstream,Upstream,Upstream,Upstream,Upstream,Upstream,Upstream,Upstream
7080260880,7136805,Downstream,Downstream,Downstream,Downstream,Downstream,Downstream,Upstream,Downstream
7080261070,7136805,Upstream,Upstream,Upstream,Upstream,Upstream,Upstream,Upstream,Upstream
7080261330,7136805,Upstream,Upstream,Upstream,Upstream,Upstream,Upstream,Upstream,Upstream
7080256960,7136805,Upstream,Upstream,Upstream,Upstream,Upstream,Upstream,Upstream,Upstream
7080256850,7136805,Upstream,Upstream,Upstream,Upstream,Upstream,Upstream,Upstream,Upstream
7080260770,7136806,Downstream,Downstream,Downstream,Downstream,Downstream,Downstream,Downstream,Downstream
7080265970,7136806,Downstream,Downstream,Downstream,Downstream,Downstream,Downstream,Upstream,Downstream
7080266050,7136806,Downstream,Downstream,Downstream,Downstream,Downstream,Downstream,Downstream,Downstream
7080266040,7136806,Downstream,Downstream,Downstream,Downstream,Downstream,Downstream,Upstream,Downstream
7080266160,7136806,Upstream,Upstream,Upstream,Upstream,Upstream,Upstream,Upstream,Upstream
7080270170,7136806,Upstream,Upstream,Upstream,Upstream,Upstream,Upstream,Upstream,Upstream
7080270260,7136806,Upstream,Upstream,Upstream,Upstream,Upstream,Upstream,Upstream,Upstream
7080272860,7136806,Upstream,Upstream,Upstream,Upstream,Upstream,Upstream,Upstream,Upstream
7080272850,7136806,Upstream,Upstream,Upstream,Upstream,Upstream,Upstream,Upstream,Upstream
7080245440,7136980,Downstream,Downstream,Downstream,Downstream,Downstream,Downstream,Downstream,Downstream
7080240470,7136980,Downstream,Downstream,Downstream,Downstream,Downstream,Downstream,Downstream,Downstream
7080240390,7136980,Downstream,Downstream,Downstream,Downstream,Downstream,Downstream,Downstream,Downstream
7080237690,7136980,Downstream,Downstream,Downstream,Downstream,Downstream,Downstream,Downstream,Downstream
7080237700,7136980,Upstream,Upstream,Upstream,Upstream,Upstream,Upstream,Upstream,Downstream
7080235560,7136980,Upstream,Upstream,Upstream,Upstream,Upstream,Upstream,Upstream,Downstream
7080235440,7136980,Upstream,Upstream,Upstream,Upstream,Upstream,Upstream,Upstream,Upstream
7080233180,7136980,Upstream,Upstream,Upstream,Upstream,Upstream,Upstream,Upstream,Upstream
7080233170,7136980,Upstream,Upstream,Upstream,Upstream,Upstream,Upstream,Upstream,Upstream
7080250410,7138106,Downstream,Downstream,Downstream,Downstream,Downstream,Downstream,Downstream,Downstream
7080250560,7138108,Downstream,Downstream,Downstream,Downstream,Downstream,Downstream,Downstream,Downstream
7080252580,7138300,Upstream,Upstream,Upstream,Upstream,Upstream,Upstream,Downstream,Downstream
7080254070,7138106,Downstream,Downstream,Downstream,Downstream,Downstream,Downstream,Downstream,Downstream
7080254180,7138106,Downstream,Downstream,Downstream,Downstream,Downstream,Downstream,Downstream,Downstream
7080253070,7138300,Upstream,Upstream,Upstream,Upstream,Upstream,Upstream,Downstream,Downstream
7080253000,7138300,Upstream,Upstream,Upstream,Upstream,Upstream,Upstream,Upstream,Upstream
7080255300,7138300,Upstream,Upstream,Upstream,Upstream,Upstream,Upstream,Downstream,Downstream
7080255080,7138300,Upstream,Upstream,Upstream,Upstream,Upstream,Upstream,Downstream,Downstream
7080248060,7138108,Downstream,Downstream,Downstream,Downstream,Downstream,Downstream,Downstream,Downstream
7080248260,7138108,Downstream,Downstream,Downstream,Downstream,Downstream,Downstream,Downstream,Downstream
7080259910,7138106,Upstream,Upstream,Upstream,Upstream,Upstream,Upstream,Upstream,Upstream
7080259920,7138106,Downstream,Downstream,Downstream,Downstream,Downstream,Downstream,Downstream,Downstream
7080246400,7138108,Downstream,Downstream,Downstream,Downstream,Downstream,Downstream,Downstream,Downstream
7080246590,7138108,Downstream,Downstream,Downstream,Downstream,Downstream,Downstream,Upstream,Downstream
7080262560,7138106,Upstream,Upstream,Upstream,Upstream,Upstream,Upstream,Upstream,Upstream
7080262570,7138106,Upstream,Upstream,Upstream,Upstream,Upstream,Upstream,Upstream,Upstream
7080262150,7138401,Downstream,Downstream,Downstream,Downstream,Downstream,Downstream,Downstream,Downstream
7080267800,7138106,Upstream,Upstream,Upstream,Upstream,Upstream,Upstream,Upstream,Upstream
7080267790,7138106,Upstream,Upstream,Upstream,Upstream,Upstream,Upstream,Upstream,Upstream
7080264300,7138401,Downstream,Downstream,Downstream,Downstream,Downstream,Downstream,Downstream,Downstream
7080264450,7138401,Downstream,Downstream,Downstream,Downstream,Downstream,Downstream,Downstream,Downstream
7080250550,7138108,Downstream,Downstream,Downstream,Downstream,Downstream,Downstream,Upstream,Downstream
7080250230,7138108,Upstream,Upstream,Upstream,Upstream,Upstream,Upstream,Upstream,Upstream
7080251200,7138108,Upstream,Upstream,Upstream,Upstream,Upstream,Upstream,Upstream,Upstream
7080250890,7138108,Upstream,Upstream,Upstream,Upstream,Upstream,Upstream,Upstream,Upstream
7080269120,7138401,Downstream,Downstream,Downstream,Downstream,Downstream,Downstream,Downstream,Downstream
7080269300,7138401,Upstream,Upstream,Upstream,Upstream,Upstream,Upstream,Upstream,Upstream
7080269600,7138401,Upstream,Upstream,Upstream,Upstream,Upstream,Upstream,Upstream,Upstream
7080269740,7138401,Upstream,Upstream,Upstream,Upstream,Upstream,Upstream,Upstream,Upstream
7080269730,7138401,Upstream,Upstream,Upstream,Upstream,Upstream,Upstream,Upstream,Upstream
7080269460,7138401,Upstream,Upstream,Upstream,Upstream,Upstream,Upstream,Upstream,Upstream
7080284520,7138600,Downstream,Downstream,Downstream,Downstream,Downstream,Downstream,Downstream,Downstream
7080287980,7138801,Downstream,Downstream,Downstream,Downstream,Downstream,Downstream,Downstream,Downstream
7080288890,7138801,Downstream,Downstream,Downstream,Downstream,Downstream,Downstream,Downstream,Downstream
7080289040,7138801,Downstream,Downstream,Downstream,Downstream,Downstream,Downstream,Upstream,Downstream
7080291670,7138801,Upstream,Upstream,Upstream,Upstream,Upstream,Upstream,Upstream,Upstream
7080291660,7138801,Downstream,Downstream,Downstream,Downstream,Downstream,Downstream,Upstream,Downstream
7080292150,7138600,Downstream,Downstream,Downstream,Downstream,Downstream,Downstream,Downstream,Downstream
7080292300,7138600,Downstream,Downstream,Downstream,Downstream,Downstream,Downstream,Downstream,Downstream
7080297190,7138600,Downstream,Downstream,Downstream,Downstream,Downstream,Downstream,Upstream,Downstream
7080297340,7138600,Downstream,Downstream,Downstream,Downstream,Downstream,Downstream,Downstream,Downstream
7080299640,7138801,Upstream,Upstream,Upstream,Upstream,Upstream,Upstream,Upstream,Upstream
7080299690,7138801,Upstream,Upstream,Upstream,Upstream,Upstream,Upstream,Upstream,Upstream
7080297330,7138409,Downstream,Downstream,Downstream,Downstream,Downstream,Downstream,Downstream,Downstream
7080312940,7138207,Downstream,Downstream,Downstream,Downstream,Downstream,Downstream,Downstream,Downstream
7080310450,7138801,Upstream,Upstream,Upstream,Upstream,Upstream,Upstream,Upstream,Upstream
7080310510,7138801,Upstream,Upstream,Upstream,Upstream,Upstream,Upstream,Upstream,Upstream
7080301420,7138409,Downstream,Downstream,Downstream,Downstream,Downstream,Downstream,Downstream,Downstream
7080301430,7138409,Downstream,Downstream,Downstream,Downstream,Downstream,Downstream,Downstream,Downstream
7080311030,7138600,Downstream,Downstream,Downstream,Downstream,Downstream,Downstream,Upstream,Downstream
7080311080,7138600,Upstream,Upstream,Upstream,Upstream,Upstream,Upstream,Upstream,Upstream
7080310810,7138207,Downstream,Downstream,Downstream,Downstream,Downstream,Downstream,Downstream,Downstream
7080310900,7138207,Downstream,Downstream,Downstream,Downstream,Downstream,Downstream,Downstream,Downstream
7080317720,7138600,Upstream,Upstream,Upstream,Upstream,Upstream,Upstream,Upstream,Upstream
7080317710,7138600,Upstream,Upstream,Upstream,Upstream,Upstream,Upstream,Upstream,Upstream
7080309120,7138409,Upstream,Upstream,Upstream,Upstream,Upstream,Upstream,Upstream,Upstream
7080308950,7138409,Downstream,Downstream,Downstream,Downstream,Downstream,Downstream,Downstream,Downstream
7080309330,7138207,Upstream,Upstream,Upstream,Upstream,Upstream,Upstream,Upstream,Upstream
7080309230,7138207,Downstream,Downstream,Downstream,Downstream,Downstream,Downstream,Downstream,Downstream
7080312180,7138409,Upstream,Upstream,Upstream,Upstream,Upstream,Upstream,Upstream,Upstream
7080312350,7138409,Upstream,Upstream,Upstream,Upstream,Upstream,Upstream,Upstream,Upstream
7080312710,7138207,Upstream,Upstream,Upstream,Upstream,Upstream,Upstream,Upstream,Upstream
7080312720,7138207,Upstream,Upstream,Upstream,Upstream,Upstream,Upstream,Upstream,Upstream
7080313430,7138207,Upstream,Upstream,Upstream,Upstream,Upstream,Upstream,Upstream,Upstream
7080313310,7138207,Upstream,Upstream,Upstream,Upstream,Upstream,Upstream,Upstream,Upstream
7080322890,7138409,Upstream,Upstream,Upstream,Upstream,Upstream,Upstream,Upstream,Upstream
7080323040,7138409,Upstream,Upstream,Upstream,Upstream,Upstream,Upstream,Upstream,Upstream
7080280970,7211066,Downstream,Downstream,Downstream,Downstream,Downstream,Downstream,Downstream,Downstream
7080282130,7211066,Downstream,Downstream,Downstream,Downstream,Downstream,Downstream,Downstream,Downstream
7080282120,7211066,Downstream,Downstream,Downstream,Downstream,Downstream,Downstream,Upstream,Downstream
7080282820,7211066,Upstream,Upstream,Upstream,Upstream,Upstream,Upstream,Upstream,Upstream
7080282620,7211066,Downstream,Downstream,Downstream,Downstream,Downstream,Downstream,Upstream,Downstream
7080294510,7211066,Upstream,Upstream,Upstream,Upstream,Upstream,Upstream,Upstream,Upstream
7080294680,7211066,Upstream,Upstream,Upstream,Upstream,Upstream,Upstream,Upstream,Upstream
7080295370,7211066,Upstream,Upstream,Upstream,Upstream,Upstream,Upstream,Upstream,Upstream
7080295360,7211066,Upstream,Upstream,Upstream,Upstream,Upstream,Upstream,Upstream,Upstream
7080303920,7211069,Downstream,Downstream,Downstream,Downstream,Downstream,Downstream,Downstream,Downstream
7080310170,7211069,Downstream,Downstream,Downstream,Downstream,Downstream,Downstream,Downstream,Downstream
7080310180,7211069,Downstream,Downstream,Downstream,Downstream,Downstream,Downstream,Downstream,Downstream
7080318200,7211069,Downstream,Downstream,Downstream,Downstream,Downstream,Downstream,Downstream,Downstream
7080318370,7211069,Downstream,Downstream,Downstream,Downstream,Downstream,Downstream,Downstream,Downstream
7080325390,7211069,Upstream,Upstream,Upstream,Upstream,Upstream,Upstream,Upstream,Upstream
7080325380,7211069,Downstream,Downstream,Downstream,Downstream,Downstream,Downstream,Downstream,Downstream
7080327510,7211069,Upstream,Upstream,Upstream,Upstream,Upstream,Upstream,Upstream,Upstream
7080327610,7211069,Upstream,Upstream,Upstream,Upstream,Upstream,Upstream,Upstream,Upstream
7080284340,7212050,Downstream,Downstream,Downstream,Downstream,Downstream,Downstream,Downstream,Downstream
7080284980,7212050,Downstream,Downstream,Downstream,Downstream,Downstream,Downstream,Downstream,Downstream
7080284850,7212050,Downstream,Downstream,Downstream,Downstream,Downstream,Downstream,Downstream,Downstream
7080285210,7212050,Downstream,Downstream,Downstream,Downstream,Downstream,Downstream,Downstream,Downstream
7080285310,7212050,Downstream,Downstream,Downstream,Downstream,Downstream,Downstream,Upstream,Upstream
7080294400,7212050,Downstream,Downstream,Downstream,Downstream,Downstream,Downstream,Upstream,Upstream
7080294410,7212050,Upstream,Upstream,Upstream,Upstream,Upstream,Upstream,Upstream,Upstream
7080295620,7212050,Upstream,Upstream,Upstream,Upstream,Upstream,Upstream,Upstream,Upstream
7080295730,7212050,Upstream,Upstream,Upstream,Upstream,Upstream,Upstream,Upstream,Upstream
7080295390,7212070,Downstream,Downstream,Downstream,Downstream,Downstream,Downstream,Downstream,Downstream
7080300730,7212070,Downstream,Downstream,Downstream,Downstream,Downstream,Downstream,Downstream,Downstream
7080300550,7212070,Downstream,Downstream,Downstream,Downstream,Downstream,Downstream,Downstream,Downstream
7080306070,7212070,Downstream,Downstream,Downstream,Downstream,Downstream,Downstream,Downstream,Downstream
7080306160,7212070,Upstream,Upstream,Upstream,Upstream,Upstream,Upstream,Upstream,Upstream
7080309150,7212070,Upstream,Upstream,Upstream,Upstream,Upstream,Upstream,Upstream,Upstream
7080309140,7212070,Upstream,Upstream,Upstream,Upstream,Upstream,Upstream,Upstream,Upstream
7080312520,7212070,Upstream,Upstream,Upstream,Upstream,Upstream,Upstream,Upstream,Upstream
7080312530,7212070,Upstream,Upstream,Upstream,Upstream,Upstream,Upstream,Upstream,Upstream
7080245520,7214050,Downstream,Downstream,Downstream,Downstream,Downstream,Downstream,Downstream,Downstream
7080247910,7214050,Downstream,Downstream,Downstream,Downstream,Downstream,Downstream,Downstream,Downstream
7080247850,7214050,Downstream,Downstream,Downstream,Downstream,Downstream,Downstream,Downstream,Downstream
7080243330,7214050,Downstream,Downstream,Downstream,Downstream,Downstream,Downstream,Downstream,Downstream
7080243450,7214050,Upstream,Upstream,Upstream,Upstream,Upstream,Upstream,Upstream,Upstream
7080252830,7214050,Upstream,Upstream,Upstream,Upstream,Upstream,Upstream,Upstream,Upstream
7080252840,7214050,Upstream,Upstream,Upstream,Upstream,Upstream,Upstream,Upstream,Upstream
7080253090,7214050,Upstream,Upstream,Upstream,Upstream,Upstream,Upstream,Upstream,Upstream
7080253100,7214050,Upstream,Upstream,Upstream,Upstream,Upstream,Upstream,Upstream,Upstream
7080024920,7215002,Downstream,Downstream,Downstream,Downstream,Downstream,Downstream,Downstream,Downstream
7080240050,7215002,Downstream,Downstream,Downstream,Downstream,Downstream,Downstream,Downstream,Downstream
7080239930,7215002,Downstream,Downstream,Downstream,Downstream,Downstream,Downstream,Downstream,Downstream
7080240800,7215002,Upstream,Upstream,Upstream,Upstream,Upstream,Upstream,Downstream,Downstream
7080240930,7215002,Downstream,Downstream,Downstream,Downstream,Downstream,Downstream,Downstream,Downstream
7080239410,7215002,Upstream,Upstream,Upstream,Upstream,Upstream,Upstream,Downstream,Downstream
7080239530,7215002,Upstream,Upstream,Upstream,Upstream,Upstream,Upstream,Upstream,Upstream
7080231850,7215002,Upstream,Upstream,Upstream,Upstream,Upstream,Upstream,Upstream,Upstream
7080231640,7215002,Upstream,Upstream,Upstream,Upstream,Upstream,Upstream,Upstream,Upstream
7080199900,7218066,Downstream,Downstream,Downstream,Downstream,Downstream,Downstream,Downstream,Downstream
7080204200,7218066,Downstream,Downstream,Downstream,Downstream,Downstream,Downstream,Upstream,Upstream
7080204210,7218066,Downstream,Downstream,Downstream,Downstream,Downstream,Downstream,Downstream,Downstream
7080209800,7218066,Downstream,Downstream,Downstream,Downstream,Downstream,Downstream,Upstream,Upstream
7080209810,7218066,Downstream,Downstream,Downstream,Downstream,Downstream,Downstream,Upstream,Upstream
7080211250,7218066,Upstream,Upstream,Upstream,Upstream,Upstream,Upstream,Upstream,Upstream
7080211120,7218066,Downstream,Downstream,Downstream,Downstream,Downstream,Downstream,Upstream,Upstream
7080210800,7218066,Upstream,Upstream,Upstream,Upstream,Upstream,Upstream,Upstream,Upstream
7080210630,7218066,Upstream,Upstream,Upstream,Upstream,Upstream,Upstream,Upstream,Upstream
7080150330,7219220,Downstream,Downstream,Downstream,Downstream,Downstream,Downstream,Downstream,Downstream
7080153090,7219220,Downstream,Downstream,Downstream,Downstream,Downstream,Downstream,Downstream,Downstream
7080153160,7219220,Downstream,Downstream,Downstream,Downstream,Downstream,Downstream,Downstream,Downstream
7080155080,7219220,Upstream,Upstream,Upstream,Upstream,Upstream,Upstream,Upstream,Upstream
7080155000,7219220,Downstream,Downstream,Downstream,Downstream,Downstream,Downstream,Downstream,Downstream
7080155290,7219220,Upstream,Upstream,Upstream,Upstream,Upstream,Upstream,Upstream,Upstream
7080155340,7219220,Upstream,Upstream,Upstream,Upstream,Upstream,Upstream,Upstream,Upstream
7080159730,7219220,Upstream,Upstream,Upstream,Upstream,Upstream,Upstream,Upstream,Upstream
7080159740,7219220,Upstream,Upstream,Upstream,Upstream,Upstream,Upstream,Upstream,Upstream
7080135710,7219403,Downstream,Downstream,Downstream,Downstream,Downstream,Downstream,Downstream,Downstream
7080136540,7219403,Downstream,Downstream,Downstream,Downstream,Downstream,Downstream,Downstream,Downstream
7080136550,7219403,Downstream,Downstream,Downstream,Downstream,Downstream,Downstream,Downstream,Downstream
7080140950,7219403,Upstream,Upstream,Upstream,Upstream,Upstream,Upstream,Upstream,Upstream
7080141020,7219403,Downstream,Downstream,Downstream,Downstream,Downstream,Downstream,Downstream,Downstream
7080142560,7219403,Upstream,Upstream,Upstream,Upstream,Upstream,Upstream,Upstream,Upstream
7080142680,7219403,Upstream,Upstream,Upstream,Upstream,Upstream,Upstream,Upstream,Upstream
7080144800,7219403,Upstream,Upstream,Upstream,Upstream,Upstream,Upstream,Upstream,Upstream
7080144850,7219403,Upstream,Upstream,Upstream,Upstream,Upstream,Upstream,Upstream,Upstream
7080109290,7224080,Downstream,Downstream,Downstream,Downstream,Downstream,Downstream,Downstream,Downstream
7080107960,7224080,Downstream,Downstream,Downstream,Downstream,Downstream,Downstream,Downstream,Downstream
7080107880,7224080,Downstream,Downstream,Downstream,Downstream,Downstream,Downstream,Upstream,Downstream
7080107090,7224080,Upstream,Upstream,Upstream,Upstream,Upstream,Upstream,Upstream,Downstream
7080107180,7224080,Downstream,Downstream,Downstream,Downstream,Downstream,Downstream,Upstream,Downstream
7080106900,7224080,Upstream,Upstream,Upstream,Upstream,Upstream,Upstream,Upstream,Upstream
7080106830,7224080,Upstream,Upstream,Upstream,Upstream,Upstream,Upstream,Upstream,Downstream
7080109700,7224080,Upstream,Upstream,Upstream,Upstream,Upstream,Upstream,Upstream,Upstream
7080109690,7224080,Upstream,Upstream,Upstream,Upstream,Upstream,Upstream,Upstream,Upstream
7080146300,7231609,Downstream,Downstream,Downstream,Downstream,Downstream,Downstream,Downstream,Downstream
7080145880,7231609,Downstream,Downstream,Downstream,Downstream,Downstream,Downstream,Downstream,Downstream
7080145790,7231609,Downstream,Downstream,Downstream,Downstream,Downstream,Downstream,Downstream,Downstream
7080145510,7231609,Downstream,Downstream,Downstream,Downstream,Downstream,Downstream,Downstream,Downstream
7080145370,7231609,Upstream,Upstream,Upstream,Upstream,Upstream,Upstream,Upstream,Upstream
7080146070,7231609,Upstream,Upstream,Upstream,Upstream,Upstream,Upstream,Upstream,Upstream
7080146110,7231609,Upstream,Upstream,Upstream,Upstream,Upstream,Upstream,Upstream,Upstream
7080147470,7231609,Upstream,Upstream,Upstream,Upstream,Upstream,Upstream,Upstream,Upstream
7080147550,7231609,Upstream,Upstream,Upstream,Upstream,Upstream,Upstream,Upstream,Upstream
7080205070,7234016,Downstream,Downstream,Downstream,Downstream,Downstream,Downstream,Downstream,Downstream
7080207860,7234016,Downstream,Downstream,Downstream,Downstream,Downstream,Downstream,Downstream,Downstream
7080208050,7234016,Downstream,Downstream,Downstream,Downstream,Downstream,Downstream,Downstream,Downstream
7080213400,7234016,Upstream,Upstream,Upstream,Upstream,Upstream,Upstream,Upstream,Upstream
7080213250,7234016,Downstream,Downstream,Downstream,Downstream,Downstream,Downstream,Downstream,Downstream
7080215320,7234016,Upstream,Upstream,Upstream,Upstream,Upstream,Upstream,Upstream,Upstream
7080215400,7234016,Upstream,Upstream,Upstream,Upstream,Upstream,Upstream,Upstream,Upstream
7080213330,7234016,Upstream,Upstream,Upstream,Upstream,Upstream,Upstream,Upstream,Upstream
7080213320,7234016,Upstream,Upstream,Upstream,Upstream,Upstream,Upstream,Upstream,Upstream
7080190990,7234044,Downstream,Downstream,Downstream,Downstream,Downstream,Downstream,Downstream,Downstream
7080190980,7234044,Downstream,Downstream,Downstream,Downstream,Downstream,Downstream,Downstream,Downstream
7080191060,7234044,Downstream,Downstream,Downstream,Downstream,Downstream,Downstream,Downstream,Downstream
7080188180,7234044,Upstream,Upstream,Upstream,Upstream,Upstream,Upstream,Upstream,Upstream
7080188170,7234044,Downstream,Downstream,Downstream,Downstream,Downstream,Downstream,Downstream,Downstream
7080184510,7234044,Upstream,Upstream,Upstream,Upstream,Upstream,Upstream,Upstream,Upstream
7080184390,7234044,Upstream,Upstream,Upstream,Upstream,Upstream,Upstream,Upstream,Upstream
7080184380,7234044,Upstream,Upstream,Upstream,Upstream,Upstream,Upstream,Upstream,Upstream
7080184230,7234044,Upstream,Upstream,Upstream,Upstream,Upstream,Upstream,Upstream,Upstream
7080032360,7235054,Downstream,Downstream,Downstream,Downstream,Downstream,Downstream,Downstream,Downstream
7080210380,7235054,Downstream,Downstream,Downstream,Downstream,Downstream,Downstream,Upstream,Downstream
7080210300,7235054,Downstream,Downstream,Downstream,Downstream,Downstream,Downstream,Downstream,Downstream
7080210950,7235054,Upstream,Upstream,Upstream,Upstream,Upstream,Upstream,Upstream,Upstream
7080211020,7235054,Downstream,Downstream,Downstream,Downstream,Downstream,Downstream,Upstream,Downstream
7080210940,7235054,Upstream,Upstream,Upstream,Upstream,Upstream,Upstream,Upstream,Upstream
7080211010,7235054,Upstream,Upstream,Upstream,Upstream,Upstream,Upstream,Upstream,Upstream
7080211290,7235054,Upstream,Upstream,Upstream,Upstream,Upstream,Upstream,Upstream,Upstream
7080211460,7235054,Upstream,Upstream,Upstream,Upstream,Upstream,Upstream,Upstream,Upstream
7080032690,7235060,Downstream,Downstream,Downstream,Downstream,Downstream,Downstream,Downstream,Downstream
7080235610,7235060,Downstream,Downstream,Downstream,Downstream,Downstream,Downstream,Upstream,Downstream
7080235820,7235060,Downstream,Downstream,Downstream,Downstream,Downstream,Downstream,Downstream,Downstream
7080222580,7235060,Upstream,Upstream,Upstream,Upstream,Upstream,Upstream,Upstream,Upstream
7080222210,7235060,Downstream,Downstream,Downstream,Downstream,Downstream,Downstream,Upstream,Downstream
7080223360,7235060,Upstream,Upstream,Upstream,Upstream,Upstream,Upstream,Upstream,Upstream
7080223270,7235060,Upstream,Upstream,Upstream,Upstream,Upstream,Upstream,Upstream,Upstream
7080220980,7235060,Upstream,Upstream,Upstream,Upstream,Upstream,Upstream,Upstream,Upstream
7080220890,7235060,Upstream,Upstream,Upstream,Upstream,Upstream,Upstream,Upstream,Upstream
7080222190,7236009,Downstream,Downstream,Downstream,Downstream,Downstream,Downstream,Downstream,Downstream
7080217380,7236009,Downstream,Downstream,Downstream,Downstream,Downstream,Downstream,Downstream,Downstream
7080217620,7236009,Downstream,Downstream,Downstream,Downstream,Downstream,Downstream,Downstream,Downstream
7080212130,7236009,Downstream,Downstream,Downstream,Downstream,Downstream,Downstream,Downstream,Downstream
7080212270,7236009,Upstream,Upstream,Upstream,Upstream,Upstream,Upstream,Upstream,Upstream
7080212250,7236009,Upstream,Upstream,Upstream,Upstream,Upstream,Upstream,Upstream,Upstream
7080212120,7236009,Upstream,Upstream,Upstream,Upstream,Upstream,Upstream,Upstream,Upstream
7080210930,7236009,Upstream,Upstream,Upstream,Upstream,Upstream,Upstream,Upstream,Upstream
7080210660,7236009,Upstream,Upstream,Upstream,Upstream,Upstream,Upstream,Upstream,Upstream
7080033460,7239080,Downstream,Downstream,Downstream,Downstream,Downstream,Downstream,Downstream,Downstream
7080253680,7239080,Downstream,Downstream,Downstream,Downstream,Downstream,Downstream,Downstream,Downstream
7080253670,7239080,Downstream,Downstream,Downstream,Downstream,Downstream,Downstream,Upstream,Upstream
7080242190,7239080,Upstream,Upstream,Upstream,Upstream,Upstream,Upstream,Upstream,Upstream
7080242180,7239080,Downstream,Downstream,Downstream,Downstream,Downstream,Downstream,Upstream,Upstream
7080241440,7239080,Upstream,Upstream,Upstream,Upstream,Upstream,Upstream,Upstream,Upstream
7080241370,7239080,Upstream,Upstream,Upstream,Upstream,Upstream,Upstream,Upstream,Upstream
7080231510,7239080,Upstream,Upstream,Upstream,Upstream,Upstream,Upstream,Upstream,Upstream
7080231760,7239080,Upstream,Upstream,Upstream,Upstream,Upstream,Upstream,Upstream,Upstream
7080034330,7240810,Downstream,Downstream,Downstream,Downstream,Downstream,Downstream,Downstream,Downstream
7080325940,7240810,Downstream,Downstream,Downstream,Downstream,Downstream,Downstream,Downstream,Downstream
7080325950,7240810,Downstream,Downstream,Downstream,Downstream,Downstream,Downstream,Downstream,Downstream
7080325830,7240810,Upstream,Upstream,Upstream,Upstream,Upstream,Upstream,Upstream,Downstream
7080325930,7240810,Downstream,Downstream,Downstream,Downstream,Downstream,Downstream,Downstream,Downstream
7080325410,7240810,Upstream,Upstream,Upstream,Upstream,Upstream,Upstream,Upstream,Downstream
7080325100,7240810,Upstream,Upstream,Upstream,Upstream,Upstream,Upstream,Upstream,Upstream
7080322650,7240810,Upstream,Upstream,Upstream,Upstream,Upstream,Upstream,Upstream,Upstream
7080322480,7240810,Upstream,Upstream,Upstream,Upstream,Upstream,Upstream,Upstream,Upstream
7080320860,7240830,Downstream,Downstream,Downstream,Downstream,Downstream,Downstream,Downstream,Downstream
7080321100,7240820,Downstream,Downstream,Downstream,Downstream,Downstream,Downstream,Downstream,Downstream
7080320390,7240830,Downstream,Downstream,Downstream,Downstream,Downstream,Downstream,Downstream,Downstream
7080320680,7240830,Downstream,Downstream,Downstream,Downstream,Downstream,Downstream,Downstream,Downstream
7080324260,7240820,Downstream,Downstream,Downstream,Downstream,Downstream,Downstream,Downstream,Downstream
7080324410,7240820,Downstream,Downstream,Downstream,Downstream,Downstream,Downstream,Downstream,Downstream
7080325040,7240820,Upstream,Upstream,Downstream,Downstream,Downstream,Downstream,Upstream,Upstream
7080325050,7240820,Downstream,Downstream,Downstream,Downstream,Downstream,Downstream,Downstream,Downstream
7080315220,7240830,Upstream,Upstream,Upstream,Upstream,Upstream,Upstream,Upstream,Upstream
7080315320,7240830,Downstream,Downstream,Downstream,Downstream,Downstream,Downstream,Downstream,Downstream
7080315110,7240830,Upstream,Upstream,Upstream,Upstream,Upstream,Upstream,Upstream,Upstream
7080315210,7240830,Upstream,Upstream,Upstream,Upstream,Upstream,Upstream,Upstream,Upstream
7080315040,7240830,Upstream,Upstream,Upstream,Upstream,Upstream,Upstream,Upstream,Upstream
7080314960,7240830,Upstream,Upstream,Upstream,Upstream,Upstream,Upstream,Upstream,Upstream
7080314650,7240841,Downstream,Downstream,Downstream,Downstream,Downstream,Downstream,Downstream,Downstream
7080314420,7240870,Downstream,Downstream,Downstream,Downstream,Downstream,Downstream,Downstream,Downstream
7080332630,7240820,Upstream,Upstream,Upstream,Upstream,Upstream,Upstream,Upstream,Upstream
7080332320,7240820,Upstream,Upstream,Downstream,Downstream,Downstream,Downstream,Upstream,Upstream
7080315200,7240841,Downstream,Downstream,Downstream,Downstream,Downstream,Downstream,Upstream,Downstream
7080315310,7240841,Downstream,Downstream,Downstream,Downstream,Downstream,Downstream,Downstream,Downstream
7080311660,7240870,Downstream,Downstream,Downstream,Downstream,Downstream,Downstream,Downstream,Downstream
7080311670,7240870,Downstream,Downstream,Downstream,Downstream,Downstream,Downstream,Downstream,Downstream
7080337710,7240820,Upstream,Upstream,Upstream,Upstream,Upstream,Upstream,Upstream,Upstream
7080337720,7240820,Upstream,Upstream,Upstream,Upstream,Upstream,Upstream,Upstream,Upstream
7080312980,7240841,Upstream,Upstream,Upstream,Upstream,Upstream,Upstream,Upstream,Upstream
7080313190,7240841,Downstream,Downstream,Downstream,Downstream,Downstream,Downstream,Upstream,Downstream
7080309880,7240870,Downstream,Downstream,Downstream,Downstream,Downstream,Downstream,Downstream,Downstream
7080310020,7240870,Downstream,Downstream,Downstream,Downstream,Downstream,Downstream,Upstream,Upstream
7080308750,7240864,Downstream,Downstream,Downstream,Downstream,Downstream,Downstream,Downstream,Downstream
7080308590,7240864,Downstream,Downstream,Downstream,Downstream,Downstream,Downstream,Upstream,Downstream
7080308500,7240864,Downstream,Downstream,Downstream,Downstream,Downstream,Downstream,Downstream,Downstream
7080310830,7240841,Upstream,Upstream,Upstream,Upstream,Upstream,Upstream,Upstream,Upstream
7080310660,7240841,Upstream,Upstream,Upstream,Upstream,Upstream,Upstream,Upstream,Upstream
7080305640,7240864,Downstream,Downstream,Downstream,Downstream,Downstream,Downstream,Upstream,Downstream
7080305540,7240864,Upstream,Upstream,Upstream,Upstream,Upstream,Upstream,Upstream,Upstream
7080309430,7240870,Upstream,Upstream,Upstream,Upstream,Upstream,Upstream,Upstream,Upstream
7080309420,7240870,Downstream,Downstream,Downstream,Downstream,Downstream,Downstream,Upstream,Upstream
7080309040,7240841,Upstream,Upstream,Upstream,Upstream,Upstream,Upstream,Upstream,Upstream
7080309350,7240870,Upstream,Upstream,Upstream,Upstream,Upstream,Upstream,Upstream,Upstream
7080309530,7240870,Upstream,Upstream,Upstream,Upstream,Upstream,Upstream,Upstream,Upstream
7080309170,7240841,Upstream,Upstream,Upstream,Upstream,Upstream,Upstream,Upstream,Upstream
7080301650,7240864,Upstream,Upstream,Upstream,Upstream,Upstream,Upstream,Upstream,Upstream
7080301550,7240864,Upstream,Upstream,Upstream,Upstream,Upstream,Upstream,Upstream,Upstream
7080293260,7240869,Downstream,Downstream,Downstream,Downstream,Downstream,Downstream,Downstream,Downstream
7080292440,7240893,Downstream,Downstream,Downstream,Downstream,Downstream,Downstream,Downstream,Downstream
7080275950,7240869,Downstream,Downstream,Downstream,Downstream,Downstream,Downstream,Upstream,Downstream
7080275940,7240869,Downstream,Downstream,Downstream,Downstream,Downstream,Downstream,Downstream,Downstream
7080275200,7240864,Upstream,Upstream,Upstream,Upstream,Upstream,Upstream,Upstream,Upstream
7080275070,7240864,Upstream,Upstream,Upstream,Upstream,Upstream,Upstream,Upstream,Upstream
7080273280,7240869,Downstream,Downstream,Downstream,Downstream,Downstream,Downstream,Upstream,Downstream
7080273160,7240869,Upstream,Upstream,Upstream,Upstream,Upstream,Upstream,Upstream,Upstream
7080274570,7240893,Downstream,Downstream,Downstream,Downstream,Downstream,Downstream,Downstream,Downstream
7080274420,7240893,Downstream,Downstream,Downstream,Downstream,Downstream,Downstream,Upstream,Upstream
7080269490,7240869,Upstream,Upstream,Upstream,Upstream,Upstream,Upstream,Upstream,Upstream
7080269330,7240869,Upstream,Upstream,Upstream,Upstream,Upstream,Upstream,Upstream,Upstream
7080272700,7240893,Downstream,Downstream,Downstream,Downstream,Downstream,Downstream,Upstream,Upstream
7080272560,7240893,Upstream,Upstream,Upstream,Upstream,Upstream,Upstream,Upstream,Upstream
7080266820,7240869,Upstream,Upstream,Upstream,Upstream,Upstream,Upstream,Upstream,Upstream
7080266670,7240869,Upstream,Upstream,Upstream,Upstream,Upstream,Upstream,Upstream,Upstream
7080270310,7240893,Upstream,Upstream,Upstream,Upstream,Upstream,Upstream,Upstream,Upstream
7080270180,7240893,Upstream,Upstream,Upstream,Upstream,Upstream,Upstream,Upstream,Upstream
7080268310,7240893,Upstream,Upstream,Upstream,Upstream,Upstream,Upstream,Upstream,Upstream
7080268120,7240893,Upstream,Upstream,Upstream,Upstream,Upstream,Upstream,Upstream,Upstream
7080034340,7240900,Downstream,Downstream,Downstream,Downstream,Downstream,Downstream,Downstream,Downstream
7080034390,7240900,Upstream,Upstream,Upstream,Upstream,Upstream,Upstream,Upstream,Upstream
7080034400,7240900,Downstream,Downstream,Downstream,Downstream,Downstream,Downstream,Downstream,Downstream
7080034430,7240900,Downstream,Downstream,Downstream,Downstream,Downstream,Downstream,Downstream,Downstream
7080034440,7240900,Downstream,Downstream,Downstream,Downstream,Downstream,Downstream,Downstream,Downstream
7080034450,7240900,Downstream,Downstream,Downstream,Downstream,Downstream,Downstream,Downstream,Downstream
7080034460,7240900,Downstream,Downstream,Downstream,Downstream,Downstream,Downstream,Downstream,Downstream
7080034480,7240900,Downstream,Downstream,Downstream,Downstream,Downstream,Downstream,Downstream,Downstream
7080034490,7240900,Downstream,Downstream,Downstream,Downstream,Downstream,Downstream,Downstream,Downstream
7080364390,7251003,Downstream,Downstream,Downstream,Downstream,Downstream,Downstream,Downstream,Downstream
7080364550,7251002,Downstream,Downstream,Downstream,Downstream,Downstream,Downstream,Downstream,Downstream
7080365680,7251002,Downstream,Downstream,Downstream,Downstream,Downstream,Downstream,Downstream,Downstream
7080365810,7251002,Downstream,Downstream,Downstream,Downstream,Downstream,Downstream,Downstream,Downstream
7080366800,7251003,Downstream,Downstream,Downstream,Downstream,Downstream,Downstream,Downstream,Downstream
7080366700,7251003,Upstream,Upstream,Upstream,Upstream,Upstream,Upstream,Upstream,Upstream
7080366180,7251003,Downstream,Downstream,Downstream,Downstream,Downstream,Downstream,Downstream,Downstream
7080366050,7251003,Downstream,Downstream,Downstream,Downstream,Downstream,Downstream,Downstream,Downstream
7080368360,7251003,Downstream,Downstream,Downstream,Downstream,Downstream,Downstream,Downstream,Downstream
7080368370,7251003,Downstream,Downstream,Downstream,Downstream,Downstream,Downstream,Downstream,Downstream
7080368770,7251003,Downstream,Downstream,Downstream,Downstream,Downstream,Downstream,Downstream,Downstream
7080368910,7251003,Downstream,Downstream,Downstream,Downstream,Downstream,Downstream,Downstream,Downstream
7080377660,7251002,Upstream,Upstream,Upstream,Upstream,Upstream,Upstream,Upstream,Downstream
7080377330,7251002,Downstream,Downstream,Downstream,Downstream,Downstream,Downstream,Downstream,Downstream
7080369780,7251004,Downstream,Downstream,Downstream,Downstream,Downstream,Downstream,Downstream,Downstream
7080370420,7251006,Downstream,Downstream,Downstream,Downstream,Downstream,Downstream,Downstream,Downstream
7080368080,7251004,Downstream,Downstream,Downstream,Downstream,Downstream,Downstream,Downstream,Downstream
7080368090,7251004,Downstream,Downstream,Downstream,Downstream,Downstream,Downstream,Downstream,Downstream
7080380820,7251002,Upstream,Upstream,Upstream,Upstream,Upstream,Upstream,Upstream,Downstream
7080380900,7251002,Upstream,Upstream,Upstream,Upstream,Upstream,Upstream,Upstream,Upstream
7080366550,7251004,Upstream,Upstream,Upstream,Upstream,Upstream,Upstream,Upstream,Upstream
7080366450,7251004,Downstream,Downstream,Downstream,Downstream,Downstream,Downstream,Downstream,Downstream
7080381670,7251002,Upstream,Upstream,Upstream,Upstream,Upstream,Upstream,Upstream,Upstream
7080381860,7251002,Upstream,Upstream,Upstream,Upstream,Upstream,Upstream,Upstream,Upstream
7080367660,7251006,Downstream,Downstream,Downstream,Downstream,Downstream,Downstream,Downstream,Downstream
7080367670,7251006,Downstream,Downstream,Downstream,Downstream,Downstream,Downstream,Downstream,Downstream
7080377200,7253030,Downstream,Downstream,Downstream,Downstream,Downstream,Downstream,Downstream,Downstream
7080377320,7253020,Downstream,Downstream,Downstream,Downstream,Downstream,Downstream,Downstream,Downstream
7080360420,7251004,Upstream,Upstream,Upstream,Upstream,Upstream,Upstream,Upstream,Upstream
7080360270,7251004,Upstream,Upstream,Upstream,Upstream,Upstream,Upstream,Upstream,Upstream
7080379290,7253020,Downstream,Downstream,Downstream,Downstream,Downstream,Downstream,Downstream,Downstream
7080379090,7253020,Upstream,Upstream,Upstream,Upstream,Upstream,Upstream,Upstream,Upstream
7080378550,7253030,Downstream,Downstream,Downstream,Downstream,Downstream,Downstream,Downstream,Downstream
7080378670,7253030,Downstream,Downstream,Downstream,Downstream,Downstream,Downstream,Downstream,Downstream
7080378660,7253030,Downstream,Downstream,Downstream,Downstream,Downstream,Downstream,Downstream,Downstream
7080378930,7253030,Upstream,Upstream,Upstream,Upstream,Upstream,Upstream,Upstream,Downstream
7080379510,7253030,Upstream,Upstream,Upstream,Upstream,Upstream,Upstream,Upstream,Downstream
7080379670,7253030,Upstream,Upstream,Upstream,Upstream,Upstream,Upstream,Upstream,Upstream
7080380160,7253030,Upstream,Upstream,Upstream,Upstream,Upstream,Upstream,Upstream,Upstream
7080379990,7253030,Upstream,Upstream,Upstream,Upstream,Upstream,Upstream,Upstream,Upstream
7080381010,7253042,Downstream,Downstream,Downstream,Downstream,Downstream,Downstream,Downstream,Downstream
7080381840,7253042,Downstream,Downstream,Downstream,Downstream,Downstream,Downstream,Downstream,Downstream
7080354950,7251004,Upstream,Upstream,Upstream,Upstream,Upstream,Upstream,Upstream,Upstream
7080354940,7251004,Upstream,Upstream,Upstream,Upstream,Upstream,Upstream,Upstream,Upstream
7080381850,7253042,Downstream,Downstream,Downstream,Downstream,Downstream,Downstream,Downstream,Downstream
7080383520,7253020,Downstream,Downstream,Downstream,Downstream,Downstream,Downstream,Downstream,Downstream
7080383610,7253020,Downstream,Downstream,Downstream,Downstream,Downstream,Downstream,Downstream,Downstream
7080358460,7251006,Downstream,Downstream,Downstream,Downstream,Downstream,Downstream,Downstream,Downstream
7080358360,7251006,Upstream,Upstream,Upstream,Upstream,Upstream,Upstream,Upstream,Downstream
7080382860,7253061,Downstream,Downstream,Downstream,Downstream,Downstream,Downstream,Downstream,Downstream
7080385050,7253042,Downstream,Downstream,Downstream,Downstream,Downstream,Downstream,Downstream,Downstream
7080385160,7253042,Upstream,Upstream,Upstream,Upstream,Upstream,Upstream,Downstream,Downstream
7080352300,7251006,Upstream,Upstream,Upstream,Upstream,Upstream,Upstream,Upstream,Downstream
7080351950,7251006,Upstream,Upstream,Upstream,Upstream,Upstream,Upstream,Upstream,Upstream
7080350250,7251006,Upstream,Upstream,Upstream,Upstream,Upstream,Upstream,Upstream,Upstream
7080350150,7251006,Upstream,Upstream,Upstream,Upstream,Upstream,Upstream,Upstream,Upstream
7080360220,7252020,Downstream,Downstream,Downstream,Downstream,Downstream,Downstream,Downstream,Downstream
7080360130,7252030,Downstream,Downstream,Downstream,Downstream,Downstream,Downstream,Downstream,Downstream
7080393220,7253080,Downstream,Downstream,Downstream,Downstream,Downstream,Downstream,Downstream,Downstream
7080393390,7253090,Downstream,Downstream,Downstream,Downstream,Downstream,Downstream,Downstream,Downstream
7080390250,7253020,Downstream,Downstream,Downstream,Downstream,Downstream,Downstream,Downstream,Downstream
7080390390,7253020,Downstream,Downstream,Downstream,Downstream,Downstream,Downstream,Downstream,Downstream
7080393380,7253080,Downstream,Downstream,Downstream,Downstream,Downstream,Downstream,Downstream,Downstream
7080393210,7253080,Downstream,Downstream,Downstream,Downstream,Downstream,Downstream,Downstream,Downstream
7080360540,7252020,Downstream,Downstream,Downstream,Downstream,Downstream,Downstream,Downstream,Downstream
7080360760,7252020,Downstream,Downstream,Downstream,Downstream,Downstream,Downstream,Downstream,Downstream
7080394280,7253090,Downstream,Downstream,Downstream,Downstream,Downstream,Downstream,Downstream,Downstream
7080394290,7253090,Downstream,Downstream,Downstream,Downstream,Downstream,Downstream,Downstream,Downstream
7080398230,7253042,Upstream,Upstream,Upstream,Upstream,Upstream,Upstream,Upstream,Upstream
7080398220,7253042,Upstream,Upstream,Upstream,Upstream,Upstream,Upstream,Downstream,Downstream
7080391250,7253020,Downstream,Downstream,Downstream,Downstream,Downstream,Downstream,Downstream,Downstream
7080391320,7253020,Downstream,Downstream,Downstream,Downstream,Downstream,Downstream,Downstream,Downstream
7080399970,7253061,Downstream,Downstream,Downstream,Downstream,Downstream,Downstream,Upstream,Downstream
7080399700,7253061,Downstream,Downstream,Downstream,Downstream,Downstream,Downstream,Downstream,Downstream
7080388710,7253080,Upstream,Upstream,Upstream,Upstream,Upstream,Upstream,Upstream,Upstream
7080400270,7253061,Downstream,Downstream,Downstream,Downstream,Downstream,Downstream,Upstream,Downstream
7080389000,7253080,Downstream,Downstream,Downstream,Downstream,Downstream,Downstream,Downstream,Downstream
7080400390,7253061,Downstream,Downstream,Downstream,Downstream,Downstream,Downstream,Upstream,Upstream
7080352410,7252030,Downstream,Downstream,Downstream,Downstream,Downstream,Downstream,Downstream,Downstream
7080352280,7252030,Downstream,Downstream,Downstream,Downstream,Downstream,Downstream,Downstream,Downstream
7080352290,7252030,Upstream,Upstream,Upstream,Upstream,Upstream,Upstream,Upstream,Downstream
7080352150,7252030,Downstream,Downstream,Downstream,Downstream,Downstream,Downstream,Downstream,Downstream
7080400780,7253090,Upstream,Upstream,Upstream,Upstream,Upstream,Upstream,Downstream,Downstream
7080400900,7253090,Downstream,Downstream,Downstream,Downstream,Downstream,Downstream,Downstream,Downstream
7080385940,7253080,Upstream,Upstream,Upstream,Upstream,Upstream,Upstream,Upstream,Upstream
7080385930,7253080,Upstream,Upstream,Upstream,Upstream,Upstream,Upstream,Upstream,Upstream
7080401250,7253090,Upstream,Upstream,Upstream,Upstream,Upstream,Upstream,Downstream,Downstream
7080401260,7253090,Upstream,Upstream,Upstream,Upstream,Upstream,Upstream,Downstream,Downstream
7080360410,7252020,Upstream,Upstream,Upstream,Upstream,Upstream,Upstream,Downstream,Downstream
7080360260,7252020,Downstream,Downstream,Downstream,Downstream,Downstream,Downstream,Downstream,Downstream
7080394790,7253042,Upstream,Upstream,Upstream,Upstream,Upstream,Upstream,Upstream,Upstream
7080394950,7253042,Upstream,Upstream,Upstream,Upstream,Upstream,Upstream,Upstream,Upstream
7080402010,7253090,Upstream,Upstream,Upstream,Upstream,Upstream,Upstream,Downstream,Downstream
7080402160,7253090,Upstream,Upstream,Upstream,Upstream,Upstream,Upstream,Upstream,Upstream
7080402430,7255101,Downstream,Downstream,Downstream,Downstream,Downstream,Downstream,Downstream,Downstream
7080345970,7252030,Upstream,Upstream,Upstream,Upstream,Upstream,Upstream,Upstream,Downstream
7080345870,7252030,Upstream,Upstream,Upstream,Upstream,Upstream,Upstream,Upstream,Upstream
7080344980,7252030,Upstream,Upstream,Upstream,Upstream,Upstream,Upstream,Upstream,Upstream
7080344860,7252030,Upstream,Upstream,Upstream,Upstream,Upstream,Upstream,Upstream,Upstream
7080412190,7253061,Downstream,Downstream,Downstream,Downstream,Downstream,Downstream,Upstream,Upstream
7080412310,7253061,Upstream,Upstream,Upstream,Upstream,Upstream,Upstream,Upstream,Upstream
7080379190,7253080,Upstream,Upstream,Upstream,Upstream,Upstream,Upstream,Upstream,Upstream
7080379080,7253080,Upstream,Upstream,Upstream,Upstream,Upstream,Upstream,Upstream,Upstream
7080414720,7253061,Upstream,Upstream,Upstream,Upstream,Upstream,Upstream,Upstream,Upstream
7080414710,7253061,Upstream,Upstream,Upstream,Upstream,Upstream,Upstream,Upstream,Upstream
7080363300,7252020,Upstream,Upstream,Upstream,Upstream,Upstream,Upstream,Upstream,Upstream
7080363230,7252020,Upstream,Upstream,Upstream,Upstream,Upstream,Upstream,Downstream,Downstream
7080417310,7253063,Downstream,Downstream,Downstream,Downstream,Downstream,Downstream,Downstream,Downstream
7080417320,7253062,Downstream,Downstream,Downstream,Downstream,Downstream,Downstream,Downstream,Downstream
7080338280,7252070,Downstream,Downstream,Downstream,Downstream,Downstream,Downstream,Downstream,Downstream
7080407170,7255101,Downstream,Downstream,Downstream,Downstream,Downstream,Downstream,Downstream,Downstream
7080407260,7255101,Downstream,Downstream,Downstream,Downstream,Downstream,Downstream,Downstream,Downstream
7080419150,7253063,Downstream,Downstream,Downstream,Downstream,Downstream,Downstream,Downstream,Downstream
7080419140,7253063,Upstream,Upstream,Downstream,Downstream,Downstream,Downstream,Upstream,Downstream
7080357260,7252020,Upstream,Upstream,Upstream,Upstream,Upstream,Upstream,Downstream,Downstream
7080422060,7253063,Upstream,Upstream,Downstream,Downstream,Downstream,Downstream,Upstream,Downstream
7080357160,7252020,Upstream,Upstream,Upstream,Upstream,Upstream,Upstream,Downstream,Downstream
7080422050,7253063,Upstream,Upstream,Upstream,Upstream,Upstream,Upstream,Upstream,Upstream
7080409170,7255101,Upstream,Upstream,Upstream,Upstream,Upstream,Upstream,Upstream,Upstream
7080409060,7255101,Downstream,Downstream,Downstream,Downstream,Downstream,Downstream,Downstream,Downstream
7080412520,7253062,Downstream,Downstream,Downstream,Downstream,Downstream,Downstream,Downstream,Downstream
7080412600,7253062,Downstream,Downstream,Downstream,Downstream,Downstream,Downstream,Downstream,Downstream
7080423510,7253063,Upstream,Upstream,Downstream,Downstream,Downstream,Downstream,Upstream,Downstream
7080423500,7253063,Upstream,Upstream,Downstream,Downstream,Downstream,Downstream,Upstream,Downstream
7080424120,7253063,Upstream,Upstream,Downstream,Downstream,Downstream,Downstream,Upstream,Downstream
7080424220,7253063,Upstream,Upstream,Downstream,Downstream,Downstream,Downstream,Upstream,Downstream
7080410480,7255101,Upstream,Upstream,Upstream,Upstream,Upstream,Upstream,Upstream,Upstream
7080410280,7255101,Upstream,Upstream,Upstream,Upstream,Upstream,Upstream,Upstream,Upstream
7080425830,7253066,Downstream,Downstream,Downstream,Downstream,Downstream,Downstream,Downstream,Downstream
7080337260,7252070,Downstream,Downstream,Downstream,Downstream,Downstream,Downstream,Upstream,Downstream
7080336970,7252070,Downstream,Downstream,Downstream,Downstream,Downstream,Downstream,Downstream,Downstream
7080411710,7255101,Upstream,Upstream,Upstream,Upstream,Upstream,Upstream,Upstream,Upstream
7080411800,7255101,Upstream,Upstream,Upstream,Upstream,Upstream,Upstream,Upstream,Upstream
7080395320,7254104,Downstream,Downstream,Downstream,Downstream,Downstream,Downstream,Downstream,Downstream
7080412590,7255104,Downstream,Downstream,Downstream,Downstream,Downstream,Downstream,Downstream,Downstream
7080338710,7252070,Downstream,Downstream,Downstream,Downstream,Downstream,Downstream,Upstream,Downstream
7080338560,7252070,Upstream,Upstream,Upstream,Upstream,Upstream,Upstream,Upstream,Upstream
7080413210,7255104,Downstream,Downstream,Downstream,Downstream,Downstream,Downstream,Downstream,Downstream
7080412990,7255104,Downstream,Downstream,Downstream,Downstream,Downstream,Downstream,Downstream,Downstream
7080338050,7252070,Upstream,Upstream,Upstream,Upstream,Upstream,Upstream,Upstream,Upstream
7080337990,7252070,Upstream,Upstream,Upstream,Upstream,Upstream,Upstream,Upstream,Upstream
7080415740,7253062,Upstream,Upstream,Upstream,Upstream,Upstream,Upstream,Upstream,Upstream
7080415870,7253062,Downstream,Downstream,Downstream,Downstream,Downstream,Downstream,Downstream,Downstream
7080337250,7252070,Upstream,Upstream,Upstream,Upstream,Upstream,Upstream,Upstream,Upstream
7080337110,7252070,Upstream,Upstream,Upstream,Upstream,Upstream,Upstream,Upstream,Upstream
7080389860,7254104,Downstream,Downstream,Downstream,Downstream,Downstream,Downstream,Downstream,Downstream
7080389710,7254104,Downstream,Downstream,Downstream,Downstream,Downstream,Downstream,Downstream,Downstream
7080434230,7253069,Downstream,Downstream,Downstream,Downstream,Downstream,Downstream,Downstream,Downstream
7080397100,7254108,Downstream,Downstream,Downstream,Downstream,Downstream,Downstream,Downstream,Downstream
7080414870,7253062,Upstream,Upstream,Upstream,Upstream,Upstream,Upstream,Upstream,Upstream
7080414730,7253062,Upstream,Upstream,Upstream,Upstream,Upstream,Upstream,Upstream,Upstream
7080417710,7255104,Downstream,Downstream,Downstream,Downstream,Downstream,Downstream,Downstream,Downstream
7080417860,7255104,Upstream,Upstream,Upstream,Upstream,Upstream,Upstream,Upstream,Upstream
7080385130,7254104,Upstream,Upstream,Upstream,Upstream,Upstream,Upstream,Downstream,Downstream
7080385310,7254104,Downstream,Downstream,Downstream,Downstream,Downstream,Downstream,Downstream,Downstream
7080430860,7253066,Downstream,Downstream,Downstream,Downstream,Downstream,Downstream,Downstream,Downstream
7080430700,7253066,Downstream,Downstream,Downstream,Downstream,Downstream,Downstream,Downstream,Downstream
7080382670,7254104,Upstream,Upstream,Upstream,Upstream,Upstream,Upstream,Upstream,Upstream
7080382560,7254104,Upstream,Upstream,Upstream,Upstream,Upstream,Upstream,Downstream,Downstream
7080441460,7253069,Downstream,Downstream,Downstream,Downstream,Downstream,Downstream,Downstream,Downstream
7080441570,7253069,Downstream,Downstream,Downstream,Downstream,Downstream,Downstream,Downstream,Downstream
7080432180,7253066,Downstream,Downstream,Downstream,Downstream,Downstream,Downstream,Downstream,Downstream
7080432300,7253066,Upstream,Upstream,Upstream,Upstream,Upstream,Upstream,Upstream,Upstream
7080400670,7254108,Downstream,Downstream,Downstream,Downstream,Downstream,Downstream,Downstream,Downstream
7080400770,7254108,Downstream,Downstream,Downstream,Downstream,Downstream,Downstream,Downstream,Downstream
7080412210,7253062,Upstream,Upstream,Upstream,Upstream,Upstream,Upstream,Upstream,Upstream
7080412340,7253062,Upstream,Upstream,Upstream,Upstream,Upstream,Upstream,Upstream,Upstream
7080401030,7254108,Downstream,Downstream,Downstream,Downstream,Downstream,Downstream,Downstream,Downstream
7080401140,7254108,Upstream,Upstream,Upstream,Upstream,Upstream,Upstream,Upstream,Downstream
7080433590,7253066,Upstream,Upstream,Upstream,Upstream,Upstream,Upstream,Upstream,Upstream
7080433770,7253066,Upstream,Upstream,Upstream,Upstream,Upstream,Upstream,Upstream,Upstream
7080444450,7253069,Upstream,Upstream,Upstream,Upstream,Upstream,Upstream,Upstream,Upstream
7080444230,7253069,Downstream,Downstream,Downstream,Downstream,Downstream,Downstream,Downstream,Downstream
7080434030,7253066,Upstream,Upstream,Upstream,Upstream,Upstream,Upstream,Upstream,Upstream
7080434040,7253066,Upstream,Upstream,Upstream,Upstream,Upstream,Upstream,Upstream,Upstream
7080400760,7254500,Downstream,Downstream,Downstream,Downstream,Downstream,Downstream,Downstream,Downstream
7080421580,7255106,Downstream,Downstream,Downstream,Downstream,Downstream,Downstream,Downstream,Downstream
7080401020,7254500,Upstream,Upstream,Upstream,Upstream,Upstream,Upstream,Upstream,Upstream
7080401010,7254500,Downstream,Downstream,Downstream,Downstream,Downstream,Downstream,Downstream,Downstream
7080374490,7254104,Upstream,Upstream,Upstream,Upstream,Upstream,Upstream,Upstream,Upstream
7080374500,7254104,Upstream,Upstream,Upstream,Upstream,Upstream,Upstream,Upstream,Upstream
7080405440,7254108,Upstream,Upstream,Upstream,Upstream,Upstream,Upstream,Upstream,Upstream
7080405180,7254108,Upstream,Upstream,Upstream,Upstream,Upstream,Upstream,Upstream,Downstream
7080423730,7255106,Downstream,Downstream,Downstream,Downstream,Downstream,Downstream,Downstream,Downstream
7080423740,7255106,Upstream,Downstream,Downstream,Downstream,Downstream,Downstream,Upstream,Downstream
7080451880,7253069,Upstream,Upstream,Upstream,Upstream,Upstream,Upstream,Upstream,Upstream
7080451980,7253069,Upstream,Upstream,Upstream,Upstream,Upstream,Upstream,Upstream,Upstream
7080452790,7253069,Upstream,Upstream,Upstream,Upstream,Upstream,Upstream,Upstream,Upstream
7080452860,7253069,Upstream,Upstream,Upstream,Upstream,Upstream,Upstream,Upstream,Upstream
7080412880,7254108,Upstream,Upstream,Upstream,Upstream,Upstream,Upstream,Upstream,Upstream
7080412980,7254108,Upstream,Upstream,Upstream,Upstream,Upstream,Upstream,Upstream,Upstream
7080398770,7254500,Downstream,Downstream,Downstream,Downstream,Downstream,Downstream,Downstream,Downstream
7080398920,7254500,Downstream,Downstream,Downstream,Downstream,Downstream,Downstream,Downstream,Downstream
7080399560,7254500,Downstream,Downstream,Downstream,Downstream,Downstream,Downstream,Downstream,Downstream
7080399550,7254500,Downstream,Downstream,Downstream,Downstream,Downstream,Downstream,Downstream,Downstream
7080400370,7254500,Downstream,Downstream,Downstream,Downstream,Downstream,Downstream,Downstream,Downstream
7080400530,7254500,Downstream,Downstream,Downstream,Downstream,Downstream,Downstream,Downstream,Downstream
7080400520,7254710,Upstream,Upstream,Upstream,Upstream,Upstream,Upstream,Downstream,Downstream
7080400660,7254600,Downstream,Downstream,Downstream,Downstream,Downstream,Downstream,Downstream,Downstream
7080434900,7255104,Upstream,Upstream,Upstream,Upstream,Upstream,Upstream,Upstream,Upstream
7080434890,7255104,Upstream,Upstream,Upstream,Upstream,Upstream,Upstream,Upstream,Upstream
7080434140,7255201,Downstream,Downstream,Downstream,Downstream,Downstream,Downstream,Downstream,Downstream
7080431600,7255106,Upstream,Upstream,Upstream,Upstream,Upstream,Upstream,Upstream,Upstream
7080431760,7255106,Upstream,Downstream,Downstream,Downstream,Downstream,Downstream,Upstream,Downstream
7080398570,7254710,Upstream,Upstream,Upstream,Upstream,Upstream,Upstream,Downstream,Downstream
7080398650,7254710,Upstream,Upstream,Upstream,Upstream,Upstream,Upstream,Upstream,Upstream
7080432080,7255106,Upstream,Upstream,Upstream,Upstream,Upstream,Upstream,Upstream,Upstream
7080432170,7255106,Upstream,Upstream,Upstream,Upstream,Upstream,Upstream,Upstream,Upstream
7080437640,7255104,Upstream,Upstream,Upstream,Upstream,Upstream,Upstream,Upstream,Upstream
7080437760,7255104,Upstream,Upstream,Upstream,Upstream,Upstream,Upstream,Upstream,Upstream
7080434590,7255201,Downstream,Downstream,Downstream,Downstream,Downstream,Downstream,Downstream,Downstream
7080434690,7255201,Downstream,Downstream,Downstream,Downstream,Downstream,Downstream,Downstream,Downstream
7080437930,7255302,Downstream,Downstream,Downstream,Downstream,Downstream,Downstream,Downstream,Downstream
7080395150,7254710,Upstream,Upstream,Upstream,Upstream,Upstream,Upstream,Downstream,Downstream
7080395160,7254710,Upstream,Upstream,Upstream,Upstream,Upstream,Upstream,Downstream,Downstream
7080405790,7254600,Downstream,Downstream,Downstream,Downstream,Downstream,Downstream,Downstream,Downstream
7080405550,7254600,Downstream,Downstream,Downstream,Downstream,Downstream,Downstream,Downstream,Downstream
7080438970,7255304,Downstream,Downstream,Downstream,Downstream,Downstream,Downstream,Downstream,Downstream
7080439770,7255510,Downstream,Downstream,Downstream,Downstream,Downstream,Downstream,Downstream,Downstream
7080434980,7255201,Downstream,Downstream,Downstream,Downstream,Downstream,Downstream,Upstream,Downstream
7080434880,7255201,Downstream,Downstream,Downstream,Downstream,Downstream,Downstream,Downstream,Downstream
7080440980,7255510,Downstream,Downstream,Downstream,Downstream,Downstream,Downstream,Downstream,Downstream
7080441070,7255510,Downstream,Downstream,Downstream,Downstream,Downstream,Downstream,Downstream,Downstream
7080434780,7255106,Upstream,Upstream,Upstream,Upstream,Upstream,Upstream,Upstream,Upstream
7080434600,7255106,Upstream,Upstream,Upstream,Upstream,Upstream,Upstream,Upstream,Upstream
7080441770,7255302,Downstream,Downstream,Downstream,Downstream,Downstream,Downstream,Downstream,Downstream
7080441640,7255302,Downstream,Downstream,Downstream,Downstream,Downstream,Downstream,Downstream,Downstream
7080444420,7255304,Downstream,Downstream,Downstream,Downstream,Downstream,Downstream,Downstream,Downstream
7080444430,7255304,Downstream,Downstream,Downstream,Downstream,Downstream,Downstream,Downstream,Downstream
7080388700,7254720,Downstream,Downstream,Downstream,Downstream,Downstream,Downstream,Downstream,Downstream
7080443240,7255510,Downstream,Downstream,Downstream,Downstream,Downstream,Downstream,Downstream,Downstream
7080443330,7255510,Upstream,Upstream,Upstream,Upstream,Upstream,Upstream,Downstream,Downstream
7080446360,7255304,Downstream,Downstream,Downstream,Downstream,Downstream,Downstream,Downstream,Downstream
7080446430,7255304,Upstream,Upstream,Upstream,Upstream,Upstream,Upstream,Upstream,Downstream
7080387450,7254740,Downstream,Downstream,Downstream,Downstream,Downstream,Downstream,Downstream,Downstream
7080387270,7254740,Downstream,Downstream,Downstream,Downstream,Downstream,Downstream,Downstream,Downstream
7080387140,7254740,Downstream,Downstream,Downstream,Downstream,Downstream,Downstream,Downstream,Downstream
7080448360,7255304,Upstream,Upstream,Upstream,Upstream,Upstream,Upstream,Upstream,Upstream
7080448010,7255304,Upstream,Upstream,Upstream,Upstream,Upstream,Upstream,Upstream,Downstream
7080445870,7255510,Upstream,Upstream,Upstream,Upstream,Upstream,Upstream,Upstream,Upstream
7080445970,7255510,Upstream,Upstream,Upstream,Upstream,Upstream,Upstream,Downstream,Downstream
7080437630,7255201,Downstream,Downstream,Downstream,Downstream,Downstream,Downstream,Upstream,Downstream
7080437520,7255201,Upstream,Upstream,Upstream,Upstream,Upstream,Upstream,Upstream,Upstream
7080451170,7255304,Upstream,Upstream,Upstream,Upstream,Upstream,Upstream,Upstream,Upstream
7080451230,7255304,Upstream,Upstream,Upstream,Upstream,Upstream,Upstream,Upstream,Upstream
7080435570,7255201,Upstream,Upstream,Upstream,Upstream,Upstream,Upstream,Upstream,Upstream
7080435560,7255201,Upstream,Upstream,Upstream,Upstream,Upstream,Upstream,Upstream,Upstream
7080381190,7254720,Downstream,Downstream,Downstream,Downstream,Downstream,Downstream,Downstream,Downstream
7080381200,7254720,Downstream,Downstream,Downstream,Downstream,Downstream,Downstream,Downstream,Downstream
7080382050,7254740,Upstream,Upstream,Upstream,Upstream,Upstream,Upstream,Downstream,Downstream
7080382180,7254740,Downstream,Downstream,Downstream,Downstream,Downstream,Downstream,Downstream,Downstream
7080386900,7254760,Downstream,Downstream,Downstream,Downstream,Downstream,Downstream,Downstream,Downstream
7080404120,7254600,Upstream,Upstream,Upstream,Upstream,Upstream,Upstream,Upstream,Upstream
7080404330,7254600,Downstream,Downstream,Downstream,Downstream,Downstream,Downstream,Downstream,Downstream
7080450290,7255510,Upstream,Upstream,Upstream,Upstream,Upstream,Upstream,Upstream,Upstream
7080450040,7255510,Upstream,Upstream,Upstream,Upstream,Upstream,Upstream,Upstream,Upstream
7080387910,7254760,Downstream,Downstream,Downstream,Downstream,Downstream,Downstream,Downstream,Downstream
7080387830,7254760,Downstream,Downstream,Downstream,Downstream,Downstream,Downstream,Downstream,Downstream
7080450950,7255520,Downstream,Downstream,Downstream,Downstream,Downstream,Downstream,Downstream,Downstream
7080442840,7255302,Downstream,Downstream,Downstream,Downstream,Downstream,Downstream,Downstream,Downstream
7080442950,7255302,Upstream,Upstream,Upstream,Upstream,Upstream,Upstream,Upstream,Upstream
7080460610,7255402,Downstream,Downstream,Downstream,Downstream,Downstream,Downstream,Downstream,Downstream
7080374320,7254740,Upstream,Upstream,Upstream,Upstream,Upstream,Upstream,Downstream,Downstream
7080374310,7254740,Upstream,Upstream,Upstream,Upstream,Upstream,Upstream,Upstream,Upstream
7080374380,7254740,Upstream,Upstream,Upstream,Upstream,Upstream,Upstream,Upstream,Upstream
7080374440,7254740,Upstream,Upstream,Upstream,Upstream,Upstream,Upstream,Upstream,Upstream
7080369760,7254720,Upstream,Upstream,Upstream,Upstream,Upstream,Upstream,Upstream,Upstream
7080369660,7254720,Downstream,Downstream,Downstream,Downstream,Downstream,Downstream,Downstream,Downstream
7080399050,7254600,Upstream,Upstream,Upstream,Upstream,Upstream,Upstream,Upstream,Upstream
7080399270,7254600,Upstream,Upstream,Upstream,Upstream,Upstream,Upstream,Upstream,Upstream
7080369300,7254720,Upstream,Upstream,Upstream,Upstream,Upstream,Upstream,Upstream,Upstream
7080369550,7254720,Upstream,Upstream,Upstream,Upstream,Upstream,Upstream,Upstream,Upstream
7080460380,7255402,Downstream,Downstream,Downstream,Downstream,Downstream,Downstream,Upstream,Upstream
7080460470,7255402,Downstream,Downstream,Downstream,Downstream,Downstream,Downstream,Downstream,Downstream
7080450050,7255302,Upstream,Upstream,Upstream,Upstream,Upstream,Upstream,Upstream,Upstream
7080450300,7255302,Upstream,Upstream,Upstream,Upstream,Upstream,Upstream,Upstream,Upstream
7080460780,7255402,Upstream,Upstream,Upstream,Upstream,Upstream,Upstream,Upstream,Upstream
7080460870,7255402,Downstream,Downstream,Downstream,Downstream,Downstream,Downstream,Upstream,Upstream
7080460480,7255402,Upstream,Upstream,Upstream,Upstream,Upstream,Upstream,Upstream,Upstream
7080460620,7255402,Upstream,Upstream,Upstream,Upstream,Upstream,Upstream,Upstream,Upstream
7080430350,7255207,Downstream,Downstream,Downstream,Downstream,Downstream,Downstream,Downstream,Downstream
7080463340,7255520,Downstream,Downstream,Downstream,Downstream,Downstream,Downstream,Downstream,Downstream
7080463460,7255520,Downstream,Downstream,Downstream,Downstream,Downstream,Downstream,Downstream,Downstream
7080465450,7255406,Downstream,Downstream,Downstream,Downstream,Downstream,Downstream,Upstream,Downstream
7080449960,7255302,Upstream,Upstream,Upstream,Upstream,Upstream,Upstream,Upstream,Upstream
7080449900,7255302,Upstream,Upstream,Upstream,Upstream,Upstream,Upstream,Upstream,Upstream
7080466950,7255406,Upstream,Upstream,Upstream,Upstream,Upstream,Upstream,Upstream,Upstream
7080464990,7255520,Downstream,Upstream,Upstream,Upstream,Upstream,Upstream,Downstream,Downstream
7080464980,7255520,Downstream,Downstream,Downstream,Downstream,Downstream,Downstream,Downstream,Downstream
7080466940,7255406,Downstream,Downstream,Downstream,Downstream,Downstream,Downstream,Upstream,Downstream
7080458730,7255402,Upstream,Upstream,Upstream,Upstream,Upstream,Upstream,Upstream,Upstream
7080458670,7255402,Upstream,Upstream,Upstream,Upstream,Upstream,Upstream,Upstream,Upstream
7080399250,7254600,Upstream,Upstream,Upstream,Upstream,Upstream,Upstream,Upstream,Upstream
7080385220,7254760,Upstream,Upstream,Upstream,Upstream,Upstream,Upstream,Upstream,Upstream
7080385290,7254760,Downstream,Downstream,Downstream,Downstream,Downstream,Downstream,Downstream,Downstream
7080399140,7254600,Upstream,Upstream,Upstream,Upstream,Upstream,Upstream,Upstream,Upstream
7080466090,7255520,Downstream,Upstream,Upstream,Upstream,Upstream,Upstream,Downstream,Downstream
7080466220,7255520,Upstream,Upstream,Upstream,Upstream,Upstream,Upstream,Upstream,Downstream
7080358100,7254720,Upstream,Upstream,Upstream,Upstream,Upstream,Upstream,Upstream,Upstream
7080358110,7254720,Upstream,Upstream,Upstream,Upstream,Upstream,Upstream,Upstream,Upstream
7080383970,7254760,Upstream,Upstream,Upstream,Upstream,Upstream,Upstream,Upstream,Upstream
7080383680,7254760,Upstream,Upstream,Upstream,Upstream,Upstream,Upstream,Upstream,Upstream
7080384140,7254760,Upstream,Upstream,Upstream,Upstream,Upstream,Upstream,Upstream,Upstream
7080384250,7254760,Upstream,Upstream,Upstream,Upstream,Upstream,Upstream,Upstream,Upstream
7080472470,7255406,Downstream,Downstream,Downstream,Downstream,Downstream,Downstream,Upstream,Downstream
7080472480,7255406,Downstream,Downstream,Downstream,Downstream,Downstream,Downstream,Upstream,Downstream
7080472620,7255406,Downstream,Downstream,Downstream,Downstream,Downstream,Downstream,Upstream,Downstream
7080472370,7255406,Downstream,Downstream,Downstream,Downstream,Downstream,Downstream,Upstream,Downstream
7080471330,7255520,Upstream,Upstream,Upstream,Upstream,Upstream,Upstream,Upstream,Downstream
7080471320,7255520,Upstream,Upstream,Upstream,Upstream,Upstream,Upstream,Upstream,Upstream
7080453370,7255540,Downstream,Downstream,Downstream,Downstream,Downstream,Downstream,Downstream,Downstream
7080453430,7255550,Downstream,Downstream,Downstream,Downstream,Downstream,Downstream,Downstream,Downstream
7080453720,7255540,Downstream,Downstream,Downstream,Downstream,Downstream,Downstream,Downstream,Downstream
7080453800,7255540,Downstream,Downstream,Downstream,Downstream,Downstream,Downstream,Downstream,Downstream
7080478360,7255406,Downstream,Downstream,Downstream,Downstream,Downstream,Downstream,Upstream,Downstream
7080478490,7255406,Downstream,Downstream,Downstream,Downstream,Downstream,Downstream,Upstream,Downstream
7080454320,7255540,Upstream,Upstream,Upstream,Upstream,Upstream,Upstream,Upstream,Upstream
7080454430,7255540,Downstream,Downstream,Downstream,Downstream,Downstream,Downstream,Downstream,Downstream
7080425950,7255207,Downstream,Downstream,Downstream,Downstream,Downstream,Downstream,Downstream,Downstream
7080425820,7255207,Downstream,Downstream,Downstream,Downstream,Downstream,Downstream,Upstream,Downstream
7080464060,7255550,Downstream,Downstream,Downstream,Downstream,Downstream,Downstream,Downstream,Downstream
7080464120,7255550,Downstream,Downstream,Downstream,Downstream,Downstream,Downstream,Downstream,Downstream
7080425640,7255207,Upstream,Upstream,Upstream,Upstream,Upstream,Upstream,Upstream,Upstream
7080425480,7255207,Downstream,Downstream,Downstream,Downstream,Downstream,Downstream,Upstream,Downstream
7080468040,7255550,Downstream,Downstream,Downstream,Downstream,Downstream,Downstream,Downstream,Downstream
7080468030,7255550,Downstream,Downstream,Downstream,Downstream,Downstream,Downstream,Upstream,Upstream
7080467030,7255540,Downstream,Downstream,Downstream,Downstream,Downstream,Downstream,Downstream,Downstream
7080467260,7255540,Downstream,Downstream,Downstream,Downstream,Downstream,Downstream,Downstream,Downstream
7080428280,7255207,Upstream,Upstream,Upstream,Upstream,Upstream,Upstream,Upstream,Upstream
7080428050,7255207,Upstream,Upstream,Upstream,Upstream,Upstream,Upstream,Upstream,Upstream
7080470240,7255550,Upstream,Upstream,Upstream,Upstream,Upstream,Upstream,Upstream,Upstream
7080470300,7255550,Downstream,Downstream,Downstream,Downstream,Downstream,Downstream,Upstream,Upstream
7080356140,7254780,Downstream,Downstream,Downstream,Downstream,Downstream,Downstream,Downstream,Downstream
7080465910,7255540,Downstream,Downstream,Downstream,Downstream,Downstream,Downstream,Downstream,Downstream
7080465820,7255540,Downstream,Downstream,Downstream,Downstream,Downstream,Downstream,Downstream,Downstream
7080354130,7254800,Downstream,Downstream,Downstream,Downstream,Downstream,Downstream,Downstream,Downstream
7080353950,7254800,Downstream,Downstream,Downstream,Downstream,Downstream,Downstream,Downstream,Downstream
7080354120,7254800,Downstream,Downstream,Downstream,Downstream,Downstream,Downstream,Downstream,Downstream
7080428460,7255207,Upstream,Upstream,Upstream,Upstream,Upstream,Upstream,Upstream,Upstream
7080428630,7255207,Upstream,Upstream,Upstream,Upstream,Upstream,Upstream,Upstream,Upstream
7080472160,7255550,Upstream,Upstream,Upstream,Upstream,Upstream,Upstream,Upstream,Upstream
7080472180,7255550,Upstream,Upstream,Upstream,Upstream,Upstream,Upstream,Upstream,Upstream
7080358810,7254780,Downstream,Downstream,Downstream,Downstream,Downstream,Downstream,Downstream,Downstream
7080358620,7254780,Downstream,Downstream,Downstream,Downstream,Downstream,Downstream,Downstream,Downstream
7080474840,7255560,Downstream,Downstream,Downstream,Downstream,Downstream,Downstream,Downstream,Downstream
7080360710,7254780,Downstream,Downstream,Downstream,Downstream,Downstream,Downstream,Downstream,Downstream
7080360520,7254780,Downstream,Downstream,Downstream,Downstream,Downstream,Downstream,Downstream,Downstream
7080343930,7254920,Downstream,Downstream,Downstream,Downstream,Downstream,Downstream,Downstream,Downstream
7080341230,7254920,Downstream,Downstream,Downstream,Downstream,Downstream,Downstream,Downstream,Downstream
7080341130,7254920,Downstream,Downstream,Downstream,Downstream,Downstream,Downstream,Downstream,Downstream
7080340530,7254920,Upstream,Upstream,Upstream,Upstream,Upstream,Upstream,Upstream,Downstream
7080340410,7254920,Downstream,Downstream,Downstream,Downstream,Downstream,Downstream,Downstream,Downstream
7080345860,7254800,Downstream,Downstream,Downstream,Downstream,Downstream,Downstream,Downstream,Downstream
7080345730,7254800,Upstream,Upstream,Upstream,Upstream,Upstream,Upstream,Upstream,Upstream
7080479730,7255573,Downstream,Downstream,Downstream,Downstream,Downstream,Downstream,Downstream,Downstream
7080343150,7254950,Downstream,Downstream,Downstream,Downstream,Downstream,Downstream,Downstream,Downstream
7080363290,7254780,Upstream,Upstream,Upstream,Upstream,Upstream,Upstream,Upstream,Upstream
7080363390,7254780,Downstream,Downstream,Downstream,Downstream,Downstream,Downstream,Downstream,Downstream
7080344960,7254950,Downstream,Downstream,Downstream,Downstream,Downstream,Downstream,Downstream,Downstream
7080345090,7254950,Downstream,Downstream,Downstream,Downstream,Downstream,Downstream,Downstream,Downstream
7080336160,7254920,Upstream,Upstream,Upstream,Upstream,Upstream,Upstream,Upstream,Downstream
7080335970,7254920,Upstream,Upstream,Upstream,Upstream,Upstream,Upstream,Upstream,Upstream
7080337490,7254920,Upstream,Upstream,Upstream,Upstream,Upstream,Upstream,Upstream,Downstream
7080337500,7254920,Upstream,Upstream,Upstream,Upstream,Upstream,Upstream,Upstream,Downstream
7080343700,7254950,Downstream,Downstream,Downstream,Downstream,Downstream,Downstream,Downstream,Downstream
7080343710,7254950,Upstream,Upstream,Upstream,Upstream,Upstream,Upstream,Downstream,Downstream
7080359720,7254780,Upstream,Upstream,Upstream,Upstream,Upstream,Upstream,Upstream,Upstream
7080359950,7254780,Upstream,Upstream,Upstream,Upstream,Upstream,Upstream,Upstream,Upstream
7080338840,7254800,Upstream,Upstream,Upstream,Upstream,Upstream,Upstream,Upstream,Upstream
7080338680,7254800,Upstream,Upstream,Upstream,Upstream,Upstream,Upstream,Upstream,Upstream
7080462800,7255560,Downstream,Downstream,Downstream,Downstream,Downstream,Downstream,Downstream,Downstream
7080463070,7255560,Downstream,Downstream,Downstream,Downstream,Downstream,Downstream,Downstream,Downstream
7080340540,7254950,Upstream,Upstream,Upstream,Upstream,Upstream,Upstream,Upstream,Upstream
7080340680,7254950,Upstream,Upstream,Upstream,Upstream,Upstream,Upstream,Downstream,Downstream
7080340550,7254950,Upstream,Upstream,Upstream,Upstream,Upstream,Upstream,Upstream,Upstream
7080340420,7254950,Upstream,Upstream,Upstream,Upstream,Upstream,Upstream,Upstream,Upstream
7080483360,7255573,Downstream,Downstream,Downstream,Downstream,Downstream,Downstream,Upstream,Downstream
7080483480,7255573,Downstream,Downstream,Downstream,Downstream,Downstream,Downstream,Downstream,Downstream
7080483680,7255573,Upstream,Upstream,Upstream,Upstream,Upstream,Upstream,Upstream,Upstream
7080483560,7255573,Downstream,Downstream,Downstream,Downstream,Downstream,Downstream,Upstream,Downstream
7080333900,7254800,Upstream,Upstream,Upstream,Upstream,Upstream,Upstream,Upstream,Upstream
7080334060,7254800,Upstream,Upstream,Upstream,Upstream,Upstream,Upstream,Upstream,Upstream
7080484820,7255573,Upstream,Upstream,Upstream,Upstream,Upstream,Upstream,Upstream,Upstream
7080484700,7255573,Upstream,Upstream,Upstream,Upstream,Upstream,Upstream,Upstream,Upstream
7080334070,7254960,Downstream,Downstream,Downstream,Downstream,Downstream,Downstream,Downstream,Downstream
7080460760,7255560,Downstream,Downstream,Downstream,Downstream,Downstream,Downstream,Downstream,Downstream
7080460670,7255560,Upstream,Upstream,Upstream,Upstream,Upstream,Upstream,Upstream,Upstream
7080485530,7255573,Upstream,Upstream,Upstream,Upstream,Upstream,Upstream,Upstream,Upstream
7080485450,7255573,Upstream,Upstream,Upstream,Upstream,Upstream,Upstream,Upstream,Upstream
7080329440,7254960,Downstream,Downstream,Downstream,Downstream,Downstream,Downstream,Downstream,Downstream
7080329680,7254960,Downstream,Downstream,Downstream,Downstream,Downstream,Downstream,Downstream,Downstream
7080455800,7255560,Upstream,Upstream,Upstream,Upstream,Upstream,Upstream,Upstream,Upstream
7080455950,7255560,Upstream,Upstream,Upstream,Upstream,Upstream,Upstream,Upstream,Upstream
7080328590,7254960,Downstream,Downstream,Downstream,Downstream,Downstream,Downstream,Downstream,Downstream
7080328440,7254960,Downstream,Downstream,Downstream,Downstream,Downstream,Downstream,Downstream,Downstream
7080487820,7255575,Downstream,Downstream,Downstream,Downstream,Downstream,Downstream,Downstream,Downstream
7080488870,7255575,Downstream,Downstream,Downstream,Downstream,Downstream,Downstream,Downstream,Downstream
7080489000,7255575,Downstream,Downstream,Downstream,Downstream,Downstream,Downstream,Downstream,Downstream
7080489580,7255575,Upstream,Upstream,Upstream,Upstream,Upstream,Upstream,Upstream,Upstream
7080489590,7255575,Downstream,Downstream,Downstream,Downstream,Downstream,Downstream,Downstream,Downstream
7080489630,7255575,Upstream,Upstream,Upstream,Upstream,Upstream,Upstream,Upstream,Upstream
7080489370,7255575,Upstream,Upstream,Upstream,Upstream,Upstream,Upstream,Upstream,Upstream
7080452540,7255560,Upstream,Upstream,Upstream,Upstream,Upstream,Upstream,Upstream,Upstream
7080452470,7255560,Upstream,Upstream,Upstream,Upstream,Upstream,Upstream,Upstream,Upstream
7080490580,7255575,Upstream,Upstream,Upstream,Upstream,Upstream,Upstream,Upstream,Upstream
7080490710,7255575,Upstream,Upstream,Upstream,Upstream,Upstream,Upstream,Upstream,Upstream
7080322240,7254960,Upstream,Upstream,Upstream,Upstream,Upstream,Upstream,Upstream,Upstream
7080322230,7254960,Downstream,Downstream,Downstream,Downstream,Downstream,Downstream,Downstream,Downstream
7080320060,7254960,Upstream,Upstream,Upstream,Upstream,Upstream,Upstream,Upstream,Upstream
7080320150,7254960,Upstream,Upstream,Upstream,Upstream,Upstream,Upstream,Upstream,Upstream
7080498570,7255590,Downstream,Downstream,Downstream,Downstream,Downstream,Downstream,Downstream,Downstream
7080498700,7255580,Downstream,Downstream,Downstream,Downstream,Downstream,Downstream,Downstream,Downstream
7080498910,7255580,Downstream,Downstream,Downstream,Downstream,Downstream,Downstream,Downstream,Downstream
7080498920,7255580,Downstream,Downstream,Downstream,Downstream,Downstream,Downstream,Downstream,Downstream
7080497840,7255590,Downstream,Downstream,Downstream,Downstream,Downstream,Downstream,Downstream,Downstream
7080497720,7255590,Downstream,Downstream,Downstream,Downstream,Downstream,Downstream,Downstream,Downstream
7080497090,7255590,Upstream,Upstream,Upstream,Upstream,Upstream,Upstream,Upstream,Upstream
7080497170,7255590,Downstream,Downstream,Downstream,Downstream,Downstream,Downstream,Downstream,Downstream
7080496830,7255590,Upstream,Upstream,Upstream,Upstream,Upstream,Upstream,Upstream,Upstream
7080496700,7255590,Upstream,Upstream,Upstream,Upstream,Upstream,Upstream,Upstream,Upstream
7080495420,7255590,Upstream,Upstream,Upstream,Upstream,Upstream,Upstream,Upstream,Upstream
7080495550,7255590,Upstream,Upstream,Upstream,Upstream,Upstream,Upstream,Upstream,Upstream
7080504140,7255580,Downstream,Downstream,Downstream,Downstream,Downstream,Downstream,Downstream,Downstream
7080504240,7255580,Downstream,Downstream,Downstream,Downstream,Downstream,Downstream,Upstream,Upstream
7080494450,7255602,Upstream,Upstream,Upstream,Upstream,Upstream,Upstream,Upstream,Downstream
7080491380,7255602,Upstream,Upstream,Upstream,Upstream,Upstream,Upstream,Upstream,Downstream
7080491600,7255602,Upstream,Upstream,Upstream,Upstream,Upstream,Upstream,Upstream,Upstream
7080491270,7255602,Upstream,Upstream,Upstream,Upstream,Upstream,Upstream,Upstream,Downstream
7080491150,7255602,Upstream,Upstream,Upstream,Upstream,Upstream,Upstream,Upstream,Downstream
7080514040,7255580,Downstream,Downstream,Downstream,Downstream,Downstream,Downstream,Upstream,Upstream
7080514160,7255580,Upstream,Upstream,Upstream,Upstream,Upstream,Upstream,Upstream,Upstream
7080481890,7255740,Downstream,Downstream,Downstream,Downstream,Downstream,Downstream,Downstream,Downstream
7080517240,7255580,Upstream,Upstream,Upstream,Upstream,Upstream,Upstream,Upstream,Upstream
7080517230,7255580,Upstream,Upstream,Upstream,Upstream,Upstream,Upstream,Upstream,Upstream
7080480630,7255760,Downstream,Downstream,Downstream,Downstream,Downstream,Downstream,Downstream,Downstream
7080480640,7255760,Downstream,Downstream,Downstream,Downstream,Downstream,Downstream,Downstream,Downstream
7080480500,7255760,Downstream,Downstream,Downstream,Downstream,Downstream,Downstream,Downstream,Downstream
7080477220,7255760,Upstream,Upstream,Upstream,Upstream,Upstream,Upstream,Downstream,Downstream
7080477420,7255760,Downstream,Downstream,Downstream,Downstream,Downstream,Downstream,Downstream,Downstream
7080475550,7255760,Upstream,Upstream,Upstream,Upstream,Upstream,Upstream,Upstream,Upstream
7080475460,7255760,Upstream,Upstream,Upstream,Upstream,Upstream,Upstream,Downstream,Downstream
7080480650,7255740,Downstream,Downstream,Downstream,Downstream,Downstream,Downstream,Upstream,Upstream
7080480800,7255740,Downstream,Downstream,Downstream,Downstream,Downstream,Downstream,Downstream,Downstream
7080508860,7255604,Downstream,Downstream,Downstream,Downstream,Downstream,Downstream,Downstream,Downstream
7080509860,7255604,Downstream,Downstream,Downstream,Downstream,Downstream,Downstream,Downstream,Downstream
7080509870,7255604,Downstream,Downstream,Downstream,Downstream,Downstream,Downstream,Downstream,Downstream
7080511520,7255604,Downstream,Downstream,Downstream,Downstream,Downstream,Downstream,Downstream,Downstream
7080511530,7255604,Upstream,Upstream,Upstream,Upstream,Upstream,Upstream,Downstream,Downstream
7080513420,7255604,Upstream,Upstream,Upstream,Upstream,Upstream,Upstream,Upstream,Upstream
7080513570,7255604,Upstream,Upstream,Upstream,Upstream,Upstream,Upstream,Downstream,Downstream
7080474170,7255760,Upstream,Upstream,Upstream,Upstream,Upstream,Upstream,Upstream,Upstream
7080474020,7255760,Upstream,Upstream,Upstream,Upstream,Upstream,Upstream,Upstream,Upstream
7080514910,7255604,Upstream,Upstream,Upstream,Upstream,Upstream,Upstream,Upstream,Upstream
7080515060,7255604,Upstream,Upstream,Upstream,Upstream,Upstream,Upstream,Upstream,Upstream
7080459440,7255777,Downstream,Downstream,Downstream,Downstream,Downstream,Downstream,Downstream,Downstream
7080457760,7255777,Downstream,Downstream,Downstream,Downstream,Downstream,Downstream,Downstream,Downstream
7080457620,7255777,Downstream,Downstream,Downstream,Downstream,Downstream,Downstream,Downstream,Downstream
7080455340,7255777,Upstream,Upstream,Upstream,Upstream,Upstream,Upstream,Upstream,Upstream
7080455330,7255777,Downstream,Downstream,Downstream,Downstream,Downstream,Downstream,Downstream,Downstream
7080455350,7255777,Upstream,Upstream,Upstream,Upstream,Upstream,Upstream,Upstream,Upstream
7080455250,7255777,Upstream,Upstream,Upstream,Upstream,Upstream,Upstream,Upstream,Upstream
7080513840,7255608,Downstream,Downstream,Downstream,Downstream,Downstream,Downstream,Downstream,Downstream
7080451840,7255777,Upstream,Upstream,Upstream,Upstream,Upstream,Upstream,Upstream,Upstream
7080510860,7255608,Downstream,Downstream,Downstream,Downstream,Downstream,Downstream,Downstream,Downstream
7080510870,7255608,Downstream,Downstream,Downstream,Downstream,Downstream,Downstream,Upstream,Downstream
7080446640,7255780,Downstream,Downstream,Downstream,Downstream,Downstream,Downstream,Downstream,Downstream
7080465970,7255740,Downstream,Downstream,Downstream,Downstream,Downstream,Downstream,Upstream,Upstream
7080465900,7255740,Upstream,Upstream,Upstream,Upstream,Upstream,Upstream,Upstream,Upstream
7080465150,7255740,Upstream,Upstream,Upstream,Upstream,Upstream,Upstream,Upstream,Upstream
7080465140,7255740,Upstream,Upstream,Upstream,Upstream,Upstream,Upstream,Upstream,Upstream
7080503540,7255608,Downstream,Downstream,Downstream,Downstream,Downstream,Downstream,Upstream,Upstream
7080503530,7255608,Downstream,Downstream,Downstream,Downstream,Downstream,Downstream,Upstream,Downstream
7080500680,7255608,Downstream,Downstream,Downstream,Downstream,Downstream,Downstream,Upstream,Upstream
7080500690,7255608,Upstream,Upstream,Upstream,Upstream,Upstream,Upstream,Upstream,Upstream
7080499640,7255608,Upstream,Upstream,Upstream,Upstream,Upstream,Upstream,Upstream,Upstream
7080499630,7255608,Upstream,Upstream,Upstream,Upstream,Upstream,Upstream,Upstream,Upstream
7080431350,7255900,Downstream,Downstream,Downstream,Downstream,Downstream,Downstream,Downstream,Downstream
7080430270,7255900,Downstream,Downstream,Downstream,Downstream,Downstream,Downstream,Downstream,Downstream
7080430260,7255900,Downstream,Downstream,Downstream,Downstream,Downstream,Downstream,Downstream,Downstream
7080458990,7255740,Upstream,Upstream,Upstream,Upstream,Upstream,Upstream,Upstream,Upstream
7080458910,7255740,Upstream,Upstream,Upstream,Upstream,Upstream,Upstream,Upstream,Upstream
7080447640,7255780,Downstream,Downstream,Downstream,Downstream,Downstream,Downstream,Downstream,Downstream
7080447560,7255780,Upstream,Upstream,Upstream,Upstream,Upstream,Upstream,Upstream,Upstream
7080429020,7255900,Downstream,Downstream,Downstream,Downstream,Downstream,Downstream,Downstream,Downstream
7080428910,7255900,Upstream,Upstream,Upstream,Upstream,Upstream,Upstream,Downstream,Downstream
7080427260,7255900,Upstream,Upstream,Upstream,Upstream,Upstream,Upstream,Upstream,Upstream
7080427090,7255900,Upstream,Upstream,Upstream,Upstream,Upstream,Upstream,Downstream,Downstream
7080426470,7255900,Upstream,Upstream,Upstream,Upstream,Upstream,Upstream,Downstream,Downstream
7080442940,7255780,Upstream,Upstream,Upstream,Upstream,Upstream,Upstream,Upstream,Upstream
7080443170,7255780,Upstream,Upstream,Upstream,Upstream,Upstream,Upstream,Upstream,Upstream
7080433760,7255820,Downstream,Downstream,Downstream,Downstream,Downstream,Downstream,Downstream,Downstream
7080433870,7255830,Downstream,Downstream,Downstream,Downstream,Downstream,Downstream,Downstream,Downstream
7080414930,7257040,Downstream,Downstream,Downstream,Downstream,Downstream,Downstream,Downstream,Downstream
7080437060,7255830,Downstream,Downstream,Downstream,Downstream,Downstream,Downstream,Downstream,Downstream
7080437190,7255830,Downstream,Downstream,Downstream,Downstream,Downstream,Downstream,Downstream,Downstream
7080429270,7255820,Downstream,Downstream,Downstream,Downstream,Downstream,Downstream,Downstream,Downstream
7080429260,7255820,Downstream,Downstream,Downstream,Downstream,Downstream,Downstream,Downstream,Downstream
7080440960,7255830,Upstream,Upstream,Upstream,Upstream,Upstream,Upstream,Upstream,Upstream
7080440740,7255830,Downstream,Downstream,Downstream,Downstream,Downstream,Downstream,Downstream,Downstream
7080442490,7255830,Upstream,Upstream,Upstream,Upstream,Upstream,Upstream,Upstream,Upstream
7080442400,7255830,Upstream,Upstream,Upstream,Upstream,Upstream,Upstream,Upstream,Upstream
7080414700,7257040,Downstream,Downstream,Downstream,Downstream,Downstream,Downstream,Downstream,Downstream
7080414840,7257040,Downstream,Downstream,Downstream,Downstream,Downstream,Downstream,Downstream,Downstream
7080449060,7255830,Upstream,Upstream,Upstream,Upstream,Upstream,Upstream,Upstream,Upstream
7080449160,7255830,Upstream,Upstream,Upstream,Upstream,Upstream,Upstream,Upstream,Upstream
7080410180,7257040,Upstream,Upstream,Upstream,Upstream,Upstream,Upstream,Upstream,Upstream
7080410270,7257040,Downstream,Downstream,Downstream,Downstream,Downstream,Downstream,Downstream,Downstream
7080409970,7257040,Upstream,Upstream,Upstream,Upstream,Upstream,Upstream,Upstream,Upstream
7080409870,7257040,Upstream,Upstream,Upstream,Upstream,Upstream,Upstream,Upstream,Upstream
7080411120,7257040,Upstream,Upstream,Upstream,Upstream,Upstream,Upstream,Upstream,Upstream
7080410910,7257040,Upstream,Upstream,Upstream,Upstream,Upstream,Upstream,Upstream,Upstream
7080456090,7255860,Downstream,Downstream,Downstream,Downstream,Downstream,Downstream,Upstream,Downstream
7080422640,7255820,Downstream,Downstream,Downstream,Downstream,Downstream,Downstream,Downstream,Downstream
7080422390,7255820,Upstream,Upstream,Upstream,Upstream,Upstream,Upstream,Upstream,Upstream
7080456670,7255860,Downstream,Downstream,Downstream,Downstream,Downstream,Downstream,Upstream,Downstream
7080456750,7255860,Downstream,Downstream,Downstream,Downstream,Downstream,Downstream,Upstream,Downstream
7080401930,7256042,Downstream,Downstream,Downstream,Downstream,Downstream,Downstream,Downstream,Downstream
7080401990,7256043,Downstream,Downstream,Downstream,Downstream,Downstream,Downstream,Downstream,Downstream
7080401400,7256042,Downstream,Downstream,Downstream,Downstream,Downstream,Downstream,Downstream,Downstream
7080401390,7256042,Downstream,Downstream,Downstream,Downstream,Downstream,Downstream,Downstream,Downstream
7080422530,7255820,Upstream,Upstream,Upstream,Upstream,Upstream,Upstream,Upstream,Upstream
7080422380,7255820,Upstream,Upstream,Upstream,Upstream,Upstream,Upstream,Upstream,Upstream
7080457840,7255860,Downstream,Downstream,Downstream,Downstream,Downstream,Downstream,Upstream,Downstream
7080457750,7255860,Upstream,Upstream,Upstream,Upstream,Upstream,Upstream,Upstream,Upstream
7080403180,7256043,Downstream,Downstream,Downstream,Downstream,Downstream,Downstream,Downstream,Downstream
7080403340,7256043,Downstream,Downstream,Downstream,Downstream,Downstream,Downstream,Downstream,Downstream
7080422860,7255820,Upstream,Upstream,Upstream,Upstream,Upstream,Upstream,Upstream,Upstream
7080423000,7255820,Upstream,Upstream,Upstream,Upstream,Upstream,Upstream,Upstream,Upstream
7080404860,7256043,Upstream,Upstream,Upstream,Upstream,Upstream,Upstream,Upstream,Upstream
7080404850,7256043,Downstream,Downstream,Downstream,Downstream,Downstream,Downstream,Downstream,Downstream
7080382980,7257062,Downstream,Downstream,Downstream,Downstream,Downstream,Downstream,Downstream,Downstream
7080406360,7256043,Upstream,Upstream,Upstream,Upstream,Upstream,Upstream,Upstream,Upstream
7080406130,7256043,Upstream,Upstream,Upstream,Upstream,Upstream,Upstream,Upstream,Upstream
7080450170,7255880,Downstream,Downstream,Downstream,Downstream,Downstream,Downstream,Downstream,Downstream
7080380880,7257062,Downstream,Downstream,Downstream,Downstream,Downstream,Downstream,Downstream,Downstream
7080380800,7257062,Downstream,Downstream,Downstream,Downstream,Downstream,Downstream,Downstream,Downstream
7080408380,7256043,Upstream,Upstream,Upstream,Upstream,Upstream,Upstream,Upstream,Upstream
7080408500,7256043,Upstream,Upstream,Upstream,Upstream,Upstream,Upstream,Upstream,Upstream
7080408660,7256044,Downstream,Downstream,Downstream,Downstream,Downstream,Downstream,Downstream,Downstream
7080389980,7258102,Downstream,Downstream,Downstream,Downstream,Downstream,Downstream,Downstream,Downstream
7080448840,7255880,Downstream,Downstream,Downstream,Downstream,Downstream,Downstream,Downstream,Downstream
7080448700,7255880,Downstream,Downstream,Downstream,Downstream,Downstream,Downstream,Upstream,Downstream
7080411670,7256044,Downstream,Downstream,Downstream,Downstream,Downstream,Downstream,Downstream,Downstream
7080411680,7256044,Downstream,Downstream,Downstream,Downstream,Downstream,Downstream,Downstream,Downstream
7080391400,7256042,Upstream,Upstream,Upstream,Upstream,Upstream,Upstream,Upstream,Upstream
7080391240,7256042,Downstream,Downstream,Downstream,Downstream,Downstream,Downstream,Downstream,Downstream
7080445080,7255880,Downstream,Downstream,Downstream,Downstream,Downstream,Downstream,Upstream,Downstream
7080445090,7255880,Upstream,Upstream,Upstream,Upstream,Upstream,Upstream,Upstream,Upstream
7080384130,7256070,Downstream,Downstream,Downstream,Downstream,Downstream,Downstream,Downstream,Downstream
7080383830,7256060,Downstream,Downstream,Downstream,Downstream,Downstream,Downstream,Downstream,Downstream
7080465240,7255860,Upstream,Upstream,Upstream,Upstream,Upstream,Upstream,Upstream,Upstream
7080464940,7255860,Upstream,Upstream,Upstream,Upstream,Upstream,Upstream,Upstream,Upstream
7080383960,7256070,Downstream,Downstream,Downstream,Downstream,Downstream,Downstream,Upstream,Upstream
7080384240,7256070,Downstream,Downstream,Downstream,Downstream,Downstream,Downstream,Downstream,Downstream
7080383300,7256060,Downstream,Downstream,Downstream,Downstream,Downstream,Downstream,Downstream,Downstream
7080383110,7256060,Downstream,Downstream,Downstream,Downstream,Downstream,Downstream,Downstream,Downstream
7080393980,7258102,Downstream,Downstream,Downstream,Downstream,Downstream,Downstream,Downstream,Downstream
7080394260,7258102,Downstream,Downstream,Downstream,Downstream,Downstream,Downstream,Downstream,Downstream
7080443030,7255880,Downstream,Downstream,Downstream,Downstream,Downstream,Downstream,Upstream,Downstream
7080442930,7255880,Downstream,Downstream,Downstream,Downstream,Downstream,Downstream,Upstream,Downstream
7080442920,7255880,Downstream,Downstream,Downstream,Downstream,Downstream,Downstream,Upstream,Downstream
7080443150,7255880,Downstream,Downstream,Downstream,Downstream,Downstream,Downstream,Upstream,Downstream
7080417410,7256044,Downstream,Downstream,Downstream,Downstream,Downstream,Downstream,Upstream,Upstream
7080417400,7256044,Downstream,Downstream,Downstream,Downstream,Downstream,Downstream,Downstream,Downstream
7080373780,7257062,Upstream,Upstream,Upstream,Upstream,Upstream,Upstream,Upstream,Upstream
7080373790,7257062,Downstream,Downstream,Downstream,Downstream,Downstream,Downstream,Downstream,Downstream
7080396480,7258102,Upstream,Upstream,Upstream,Upstream,Upstream,Upstream,Upstream,Upstream
7080396490,7258102,Downstream,Downstream,Downstream,Downstream,Downstream,Downstream,Downstream,Downstream
7080383670,7256070,Upstream,Upstream,Upstream,Upstream,Upstream,Upstream,Upstream,Upstream
7080383600,7256070,Downstream,Downstream,Downstream,Downstream,Downstream,Downstream,Upstream,Upstream
7080414440,7256048,Downstream,Downstream,Downstream,Downstream,Downstream,Downstream,Downstream,Downstream
7080399540,7258102,Downstream,Downstream,Downstream,Downstream,Downstream,Downstream,Downstream,Downstream
7080414600,7256049,Downstream,Downstream,Downstream,Downstream,Downstream,Downstream,Downstream,Downstream
7080399660,7258102,Downstream,Downstream,Downstream,Downstream,Downstream,Downstream,Downstream,Downstream
7080461210,7255860,Upstream,Upstream,Upstream,Upstream,Upstream,Upstream,Upstream,Upstream
7080461050,7255860,Upstream,Upstream,Upstream,Upstream,Upstream,Upstream,Upstream,Upstream
7080382170,7256070,Upstream,Upstream,Upstream,Upstream,Upstream,Upstream,Upstream,Upstream
7080382030,7256070,Upstream,Upstream,Upstream,Upstream,Upstream,Upstream,Upstream,Upstream
7080412400,7256048,Downstream,Downstream,Downstream,Downstream,Downstream,Downstream,Downstream,Downstream
7080412500,7256048,Downstream,Downstream,Downstream,Downstream,Downstream,Downstream,Downstream,Downstream
7080389380,7258107,Downstream,Downstream,Downstream,Downstream,Downstream,Downstream,Downstream,Downstream
7080389570,7258106,Downstream,Downstream,Downstream,Downstream,Downstream,Downstream,Downstream,Downstream
7080381100,7256070,Upstream,Upstream,Upstream,Upstream,Upstream,Upstream,Upstream,Upstream
7080381290,7256070,Upstream,Upstream,Upstream,Upstream,Upstream,Upstream,Upstream,Upstream
7080388520,7258107,Downstream,Downstream,Downstream,Downstream,Downstream,Downstream,Downstream,Downstream
7080388310,7258107,Downstream,Downstream,Downstream,Downstream,Downstream,Downstream,Downstream,Downstream
7080406120,7258102,Downstream,Downstream,Downstream,Downstream,Downstream,Downstream,Downstream,Downstream
7080406110,7258102,Downstream,Downstream,Downstream,Downstream,Downstream,Downstream,Downstream,Downstream
7080419760,7256049,Downstream,Downstream,Downstream,Downstream,Downstream,Downstream,Downstream,Downstream
7080419560,7256049,Downstream,Downstream,Downstream,Downstream,Downstream,Downstream,Downstream,Downstream
7080388150,7258107,Upstream,Upstream,Upstream,Upstream,Upstream,Upstream,Upstream,Upstream
7080388010,7258107,Downstream,Downstream,Downstream,Downstream,Downstream,Downstream,Downstream,Downstream
7080411460,7256048,Upstream,Upstream,Upstream,Upstream,Upstream,Upstream,Upstream,Downstream
7080411310,7256048,Downstream,Downstream,Downstream,Downstream,Downstream,Downstream,Downstream,Downstream
7080377290,7257068,Downstream,Downstream,Downstream,Downstream,Downstream,Downstream,Downstream,Downstream
7080378910,7256090,Downstream,Downstream,Downstream,Downstream,Downstream,Downstream,Downstream,Downstream
7080369240,7259116,Downstream,Downstream,Downstream,Downstream,Downstream,Downstream,Downstream,Downstream
7080397390,7258106,Downstream,Downstream,Downstream,Downstream,Downstream,Downstream,Downstream,Downstream
7080397400,7258106,Downstream,Downstream,Downstream,Downstream,Downstream,Downstream,Downstream,Downstream
7080368330,7259118,Downstream,Downstream,Downstream,Downstream,Downstream,Downstream,Downstream,Downstream
7080377630,7256090,Downstream,Downstream,Downstream,Downstream,Downstream,Downstream,Downstream,Downstream
7080377930,7256090,Downstream,Downstream,Downstream,Downstream,Downstream,Downstream,Downstream,Downstream
7080361450,7257062,Upstream,Upstream,Upstream,Upstream,Upstream,Upstream,Upstream,Upstream
7080361350,7257062,Upstream,Upstream,Upstream,Upstream,Upstream,Upstream,Upstream,Upstream
7080390690,7258107,Upstream,Upstream,Upstream,Upstream,Upstream,Upstream,Upstream,Upstream
7080390360,7258107,Upstream,Upstream,Upstream,Upstream,Upstream,Upstream,Upstream,Upstream
7080396670,7256042,Upstream,Upstream,Upstream,Upstream,Upstream,Upstream,Upstream,Upstream
7080396580,7256042,Upstream,Upstream,Upstream,Upstream,Upstream,Upstream,Upstream,Upstream
7080429840,7256044,Upstream,Upstream,Upstream,Upstream,Upstream,Upstream,Upstream,Upstream
7080429830,7256044,Downstream,Downstream,Downstream,Downstream,Downstream,Downstream,Upstream,Upstream
7080369220,7259116,Downstream,Downstream,Downstream,Downstream,Downstream,Downstream,Downstream,Downstream
7080369420,7259116,Downstream,Downstream,Downstream,Downstream,Downstream,Downstream,Downstream,Downstream
7080365360,7256060,Downstream,Downstream,Downstream,Downstream,Downstream,Downstream,Downstream,Downstream
7080365190,7256060,Upstream,Upstream,Upstream,Upstream,Upstream,Upstream,Downstream,Downstream
7080364920,7256060,Upstream,Upstream,Upstream,Upstream,Upstream,Upstream,Downstream,Downstream
7080364910,7256060,Upstream,Upstream,Upstream,Upstream,Upstream,Upstream,Upstream,Upstream
7080395700,7256042,Upstream,Upstream,Upstream,Upstream,Upstream,Upstream,Upstream,Upstream
7080395560,7256042,Upstream,Upstream,Upstream,Upstream,Upstream,Upstream,Upstream,Upstream
7080375330,7256090,Upstream,Upstream,Upstream,Upstream,Upstream,Upstream,Downstream,Downstream
7080375590,7256090,Downstream,Downstream,Downstream,Downstream,Downstream,Downstream,Downstream,Downstream
7080412170,7256048,Upstream,Upstream,Upstream,Upstream,Upstream,Upstream,Upstream,Downstream
7080412020,7256048,Upstream,Upstream,Upstream,Upstream,Upstream,Upstream,Upstream,Upstream
7080431370,7256044,Upstream,Upstream,Upstream,Upstream,Upstream,Upstream,Upstream,Upstream
7080431440,7256044,Upstream,Upstream,Upstream,Upstream,Upstream,Upstream,Upstream,Upstream
7080392310,7258107,Upstream,Upstream,Upstream,Upstream,Upstream,Upstream,Upstream,Upstream
7080392510,7258107,Upstream,Upstream,Upstream,Upstream,Upstream,Upstream,Upstream,Upstream
7080402130,7258106,Downstream,Downstream,Downstream,Downstream,Downstream,Downstream,Downstream,Downstream
7080402270,7258106,Upstream,Upstream,Upstream,Upstream,Upstream,Upstream,Upstream,Downstream
7080402400,7258106,Upstream,Upstream,Upstream,Upstream,Upstream,Upstream,Upstream,Upstream
7080402120,7258106,Upstream,Upstream,Upstream,Upstream,Upstream,Upstream,Upstream,Downstream
7080392750,7258108,Downstream,Downstream,Downstream,Downstream,Downstream,Downstream,Downstream,Downstream
7080360860,7257062,Upstream,Upstream,Upstream,Upstream,Upstream,Upstream,Upstream,Upstream
7080360700,7257062,Upstream,Upstream,Upstream,Upstream,Upstream,Upstream,Upstream,Upstream
7080363020,7259118,Downstream,Downstream,Downstream,Downstream,Downstream,Downstream,Upstream,Downstream
7080362900,7259118,Downstream,Downstream,Downstream,Downstream,Downstream,Downstream,Downstream,Downstream
7080361440,7259118,Downstream,Downstream,Downstream,Downstream,Downstream,Downstream,Upstream,Downstream
7080361330,7259118,Downstream,Downstream,Downstream,Downstream,Downstream,Downstream,Upstream,Upstream
7080420080,7256049,Upstream,Upstream,Upstream,Upstream,Upstream,Upstream,Upstream,Upstream
7080420220,7256049,Downstream,Downstream,Downstream,Downstream,Downstream,Downstream,Downstream,Downstream
7080410050,7258106,Upstream,Upstream,Upstream,Upstream,Upstream,Upstream,Upstream,Upstream
7080410060,7258106,Upstream,Upstream,Upstream,Upstream,Upstream,Upstream,Upstream,Upstream
7080369890,7257068,Downstream,Downstream,Downstream,Downstream,Downstream,Downstream,Upstream,Downstream
7080369900,7257068,Downstream,Downstream,Downstream,Downstream,Downstream,Downstream,Downstream,Downstream
7080425300,7256049,Upstream,Upstream,Upstream,Upstream,Upstream,Upstream,Upstream,Upstream
7080425310,7256049,Upstream,Upstream,Upstream,Upstream,Upstream,Upstream,Upstream,Upstream
7080407120,7256048,Upstream,Upstream,Upstream,Upstream,Upstream,Upstream,Upstream,Downstream
7080407070,7256048,Upstream,Upstream,Upstream,Upstream,Upstream,Upstream,Upstream,Downstream
7080368490,7256090,Upstream,Upstream,Upstream,Upstream,Upstream,Upstream,Downstream,Downstream
7080368480,7256090,Upstream,Upstream,Upstream,Upstream,Upstream,Upstream,Upstream,Upstream
7080353940,7259118,Upstream,Upstream,Upstream,Upstream,Upstream,Upstream,Upstream,Upstream
7080353860,7259118,Downstream,Downstream,Downstream,Downstream,Downstream,Downstream,Upstream,Upstream
7080372540,7259116,Downstream,Downstream,Downstream,Downstream,Downstream,Downstream,Downstream,Downstream
7080372660,7259116,Upstream,Upstream,Upstream,Upstream,Upstream,Upstream,Upstream,Upstream
7080372920,7259116,Upstream,Upstream,Upstream,Upstream,Upstream,Upstream,Upstream,Upstream
7080372930,7259116,Upstream,Upstream,Upstream,Upstream,Upstream,Upstream,Upstream,Upstream
7080384990,7258108,Downstream,Downstream,Downstream,Downstream,Downstream,Downstream,Upstream,Downstream
7080384920,7258108,Downstream,Downstream,Downstream,Downstream,Downstream,Downstream,Downstream,Downstream
7080428450,7256049,Upstream,Upstream,Upstream,Upstream,Upstream,Upstream,Upstream,Upstream
7080428620,7256049,Upstream,Upstream,Upstream,Upstream,Upstream,Upstream,Upstream,Upstream
7080374290,7259116,Upstream,Upstream,Upstream,Upstream,Upstream,Upstream,Upstream,Upstream
7080374370,7259116,Upstream,Upstream,Upstream,Upstream,Upstream,Upstream,Upstream,Upstream
7080367790,7257068,Upstream,Upstream,Upstream,Upstream,Upstream,Upstream,Upstream,Upstream
7080367650,7257068,Downstream,Downstream,Downstream,Downstream,Downstream,Downstream,Upstream,Downstream
7080383380,7258108,Upstream,Upstream,Upstream,Upstream,Upstream,Upstream,Upstream,Upstream
7080383260,7258108,Downstream,Downstream,Downstream,Downstream,Downstream,Downstream,Upstream,Downstream
7080399530,7258220,Downstream,Downstream,Downstream,Downstream,Downstream,Downstream,Downstream,Downstream
7080350140,7256060,Upstream,Upstream,Upstream,Upstream,Upstream,Upstream,Upstream,Upstream
7080350220,7256060,Upstream,Upstream,Upstream,Upstream,Upstream,Upstream,Upstream,Upstream
7080350640,7259118,Upstream,Upstream,Upstream,Upstream,Upstream,Upstream,Upstream,Upstream
7080350900,7259118,Upstream,Upstream,Upstream,Upstream,Upstream,Upstream,Upstream,Upstream
7080379460,7258108,Upstream,Upstream,Upstream,Upstream,Upstream,Upstream,Upstream,Upstream
7080379360,7258108,Upstream,Upstream,Upstream,Upstream,Upstream,Upstream,Upstream,Upstream
7080397970,7258220,Downstream,Downstream,Downstream,Downstream,Downstream,Downstream,Upstream,Downstream
7080397850,7258220,Downstream,Downstream,Downstream,Downstream,Downstream,Downstream,Downstream,Downstream
7080358610,7256090,Upstream,Upstream,Upstream,Upstream,Upstream,Upstream,Upstream,Upstream
7080358600,7256090,Upstream,Upstream,Upstream,Upstream,Upstream,Upstream,Upstream,Upstream
7080377040,7258108,Upstream,Upstream,Upstream,Upstream,Upstream,Upstream,Upstream,Upstream
7080377050,7258108,Upstream,Upstream,Upstream,Upstream,Upstream,Upstream,Upstream,Upstream
7080361720,7257068,Upstream,Upstream,Upstream,Upstream,Upstream,Upstream,Upstream,Upstream
7080361730,7257068,Upstream,Upstream,Upstream,Upstream,Upstream,Upstream,Upstream,Upstream
7080395550,7258220,Upstream,Upstream,Upstream,Upstream,Upstream,Upstream,Upstream,Upstream
7080395870,7258220,Downstream,Downstream,Downstream,Downstream,Downstream,Downstream,Upstream,Downstream
7080391390,7258220,Upstream,Upstream,Upstream,Upstream,Upstream,Upstream,Upstream,Upstream
7080391380,7258220,Upstream,Upstream,Upstream,Upstream,Upstream,Upstream,Upstream,Upstream
7080355660,7257068,Upstream,Upstream,Upstream,Upstream,Upstream,Upstream,Upstream,Upstream
7080355560,7257068,Upstream,Upstream,Upstream,Upstream,Upstream,Upstream,Upstream,Upstream
7080424420,7258320,Downstream,Downstream,Downstream,Downstream,Downstream,Downstream,Downstream,Downstream
7080424410,7258330,Downstream,Downstream,Downstream,Downstream,Downstream,Downstream,Downstream,Downstream
7080426770,7258330,Downstream,Downstream,Downstream,Downstream,Downstream,Downstream,Downstream,Downstream
7080426860,7258330,Downstream,Downstream,Downstream,Downstream,Downstream,Downstream,Downstream,Downstream
7080427760,7258330,Upstream,Upstream,Upstream,Upstream,Upstream,Upstream,Upstream,Upstream
7080427770,7258330,Downstream,Downstream,Downstream,Downstream,Downstream,Downstream,Downstream,Downstream
7080414400,7258270,Downstream,Downstream,Downstream,Downstream,Downstream,Downstream,Downstream,Downstream
7080414120,7258260,Downstream,Downstream,Downstream,Downstream,Downstream,Downstream,Downstream,Downstream
7080430620,7258330,Upstream,Upstream,Upstream,Upstream,Upstream,Upstream,Upstream,Upstream
7080430690,7258330,Upstream,Upstream,Upstream,Upstream,Upstream,Upstream,Upstream,Upstream
7080432420,7258330,Upstream,Upstream,Upstream,Upstream,Upstream,Upstream,Upstream,Upstream
7080432430,7258330,Upstream,Upstream,Upstream,Upstream,Upstream,Upstream,Upstream,Upstream
7080416410,7258270,Downstream,Downstream,Downstream,Downstream,Downstream,Downstream,Upstream,Downstream
7080416170,7258270,Downstream,Downstream,Downstream,Downstream,Downstream,Downstream,Downstream,Downstream
7080380500,7258220,Upstream,Upstream,Upstream,Upstream,Upstream,Upstream,Upstream,Upstream
7080380650,7258220,Upstream,Upstream,Upstream,Upstream,Upstream,Upstream,Upstream,Upstream
7080418220,7258270,Downstream,Downstream,Downstream,Downstream,Downstream,Downstream,Upstream,Upstream
7080417980,7258270,Downstream,Downstream,Downstream,Downstream,Downstream,Downstream,Upstream,Downstream
7080434930,7258340,Downstream,Downstream,Downstream,Downstream,Downstream,Downstream,Downstream,Downstream
7080437180,7258360,Downstream,Downstream,Downstream,Downstream,Downstream,Downstream,Downstream,Downstream
7080437290,7258370,Downstream,Downstream,Downstream,Downstream,Downstream,Downstream,Downstream,Downstream
7080433560,7258320,Downstream,Downstream,Downstream,Downstream,Downstream,Downstream,Downstream,Downstream
7080433740,7258320,Downstream,Downstream,Downstream,Downstream,Downstream,Downstream,Downstream,Downstream
7080439930,7258370,Downstream,Downstream,Downstream,Downstream,Downstream,Downstream,Downstream,Downstream
7080439980,7258370,Downstream,Downstream,Downstream,Downstream,Downstream,Downstream,Downstream,Downstream
7080432270,7258320,Downstream,Downstream,Downstream,Downstream,Downstream,Downstream,Downstream,Downstream
7080432440,7258320,Upstream,Upstream,Upstream,Upstream,Upstream,Upstream,Upstream,Downstream
7080409570,7258260,Downstream,Downstream,Downstream,Downstream,Downstream,Downstream,Downstream,Downstream
7080409790,7258260,Downstream,Downstream,Downstream,Downstream,Downstream,Downstream,Downstream,Downstream
7080424990,7258270,Downstream,Downstream,Downstream,Downstream,Downstream,Downstream,Upstream,Upstream
7080425290,7258270,Upstream,Upstream,Upstream,Upstream,Upstream,Upstream,Upstream,Upstream
7080440830,7258360,Downstream,Downstream,Downstream,Downstream,Downstream,Downstream,Upstream,Downstream
7080440610,7258360,Downstream,Downstream,Downstream,Downstream,Downstream,Downstream,Downstream,Downstream
7080407430,7258260,Downstream,Downstream,Downstream,Downstream,Downstream,Downstream,Downstream,Downstream
7080407420,7258260,Upstream,Upstream,Upstream,Upstream,Upstream,Upstream,Upstream,Downstream
7080441340,7258360,Upstream,Upstream,Upstream,Upstream,Upstream,Upstream,Upstream,Upstream
7080441440,7258360,Downstream,Downstream,Downstream,Downstream,Downstream,Downstream,Upstream,Downstream
7080443790,7258370,Upstream,Upstream,Upstream,Upstream,Upstream,Upstream,Upstream,Upstream
7080443800,7258370,Downstream,Downstream,Downstream,Downstream,Downstream,Downstream,Downstream,Downstream
7080331850,7259630,Downstream,Downstream,Downstream,Downstream,Downstream,Downstream,Downstream,Downstream
7080443930,7258370,Upstream,Upstream,Upstream,Upstream,Upstream,Upstream,Upstream,Upstream
7080444060,7258370,Upstream,Upstream,Upstream,Upstream,Upstream,Upstream,Upstream,Upstream
7080445240,7258370,Upstream,Upstream,Upstream,Upstream,Upstream,Upstream,Upstream,Upstream
7080445360,7258370,Upstream,Upstream,Upstream,Upstream,Upstream,Upstream,Upstream,Upstream
7080433750,7258320,Upstream,Upstream,Upstream,Upstream,Upstream,Upstream,Upstream,Upstream
7080433860,7258320,Upstream,Upstream,Upstream,Upstream,Upstream,Upstream,Upstream,Downstream
7080436750,7258340,Downstream,Downstream,Downstream,Downstream,Downstream,Downstream,Upstream,Upstream
7080436560,7258340,Downstream,Downstream,Downstream,Downstream,Downstream,Downstream,Downstream,Downstream
7080319160,7259202,Downstream,Downstream,Downstream,Downstream,Downstream,Downstream,Downstream,Downstream
7080318500,7259202,Downstream,Downstream,Downstream,Downstream,Downstream,Downstream,Downstream,Downstream
7080318330,7259202,Downstream,Downstream,Downstream,Downstream,Downstream,Downstream,Downstream,Downstream
7080335180,7259801,Downstream,Downstream,Downstream,Downstream,Downstream,Downstream,Downstream,Downstream
7080405770,7258260,Upstream,Upstream,Upstream,Upstream,Upstream,Upstream,Upstream,Upstream
7080405960,7258260,Upstream,Upstream,Upstream,Upstream,Upstream,Upstream,Upstream,Downstream
7080450160,7258400,Downstream,Downstream,Downstream,Downstream,Downstream,Downstream,Downstream,Downstream
7080436740,7258340,Downstream,Downstream,Downstream,Downstream,Downstream,Downstream,Upstream,Upstream
7080436940,7258340,Upstream,Upstream,Upstream,Upstream,Upstream,Upstream,Upstream,Upstream
7080324100,7259630,Downstream,Downstream,Downstream,Downstream,Downstream,Downstream,Downstream,Downstream
7080323990,7259630,Downstream,Downstream,Downstream,Downstream,Downstream,Downstream,Downstream,Downstream
7080453940,7258601,Downstream,Downstream,Downstream,Downstream,Downstream,Downstream,Downstream,Downstream
7080441910,7258360,Upstream,Upstream,Upstream,Upstream,Upstream,Upstream,Upstream,Upstream
7080441970,7258360,Upstream,Upstream,Upstream,Upstream,Upstream,Upstream,Upstream,Upstream
7080318050,7259202,Upstream,Upstream,Upstream,Upstream,Upstream,Upstream,Upstream,Downstream
7080318160,7259202,Downstream,Downstream,Downstream,Downstream,Downstream,Downstream,Downstream,Downstream
7080401200,7258260,Upstream,Upstream,Upstream,Upstream,Upstream,Upstream,Upstream,Upstream
7080401190,7258260,Upstream,Upstream,Upstream,Upstream,Upstream,Upstream,Upstream,Upstream
7080328640,7259801,Downstream,Downstream,Downstream,Downstream,Downstream,Downstream,Downstream,Downstream
7080328570,7259801,Downstream,Downstream,Downstream,Downstream,Downstream,Downstream,Downstream,Downstream
7080438490,7258340,Upstream,Upstream,Upstream,Upstream,Upstream,Upstream,Upstream,Upstream
7080438610,7258340,Upstream,Upstream,Upstream,Upstream,Upstream,Upstream,Upstream,Upstream
7080439210,7258340,Upstream,Upstream,Upstream,Upstream,Upstream,Upstream,Upstream,Upstream
7080439270,7258340,Upstream,Upstream,Upstream,Upstream,Upstream,Upstream,Upstream,Upstream
7080443500,7258360,Upstream,Upstream,Upstream,Upstream,Upstream,Upstream,Upstream,Upstream
7080443810,7258360,Upstream,Upstream,Upstream,Upstream,Upstream,Upstream,Upstream,Upstream
7080326800,7259801,Upstream,Upstream,Upstream,Upstream,Upstream,Upstream,Upstream,Upstream
7080326720,7259801,Downstream,Downstream,Downstream,Downstream,Downstream,Downstream,Downstream,Downstream
7080313650,7259630,Upstream,Upstream,Upstream,Upstream,Upstream,Upstream,Upstream,Downstream
7080313660,7259630,Downstream,Downstream,Downstream,Downstream,Downstream,Downstream,Downstream,Downstream
7080440200,7258270,Upstream,Upstream,Upstream,Upstream,Upstream,Upstream,Upstream,Upstream
7080440210,7258270,Upstream,Upstream,Upstream,Upstream,Upstream,Upstream,Upstream,Upstream
7080463060,7258702,Downstream,Downstream,Downstream,Downstream,Downstream,Downstream,Downstream,Downstream
7080464000,7258704,Downstream,Downstream,Downstream,Downstream,Downstream,Downstream,Downstream,Downstream
7080313160,7259202,Upstream,Upstream,Upstream,Upstream,Upstream,Upstream,Upstream,Downstream
7080313050,7259202,Upstream,Upstream,Upstream,Upstream,Upstream,Upstream,Upstream,Upstream
7080325540,7259801,Upstream,Upstream,Upstream,Upstream,Upstream,Upstream,Upstream,Upstream
7080325370,7259801,Upstream,Upstream,Upstream,Upstream,Upstream,Upstream,Upstream,Upstream
7080461660,7258601,Downstream,Downstream,Downstream,Downstream,Downstream,Downstream,Downstream,Downstream
7080461390,7258601,Downstream,Downstream,Downstream,Downstream,Downstream,Downstream,Downstream,Downstream
7080325090,7259801,Upstream,Upstream,Upstream,Upstream,Upstream,Upstream,Upstream,Upstream
7080325030,7259801,Upstream,Upstream,Upstream,Upstream,Upstream,Upstream,Upstream,Upstream
7080438060,7258280,Downstream,Downstream,Downstream,Downstream,Downstream,Downstream,Downstream,Downstream
7080424810,7258320,Upstream,Upstream,Upstream,Upstream,Upstream,Upstream,Upstream,Upstream
7080424590,7258320,Upstream,Upstream,Upstream,Upstream,Upstream,Upstream,Upstream,Upstream
7080309410,7259202,Upstream,Upstream,Upstream,Upstream,Upstream,Upstream,Upstream,Upstream
7080309220,7259202,Upstream,Upstream,Upstream,Upstream,Upstream,Upstream,Upstream,Upstream
7080308940,7259630,Upstream,Upstream,Upstream,Upstream,Upstream,Upstream,Upstream,Upstream
7080308880,7259630,Upstream,Upstream,Upstream,Upstream,Upstream,Upstream,Upstream,Downstream
7080325880,7259802,Downstream,Downstream,Downstream,Downstream,Downstream,Downstream,Downstream,Downstream
7080327380,7259804,Downstream,Downstream,Downstream,Downstream,Downstream,Downstream,Downstream,Downstream
7080307280,7259630,Upstream,Upstream,Upstream,Upstream,Upstream,Upstream,Upstream,Upstream
7080307160,7259630,Upstream,Upstream,Upstream,Upstream,Upstream,Upstream,Upstream,Upstream
7080464340,7258601,Downstream,Downstream,Downstream,Downstream,Downstream,Downstream,Downstream,Downstream
7080464510,7258601,Downstream,Downstream,Downstream,Downstream,Downstream,Downstream,Upstream,Upstream
7080442390,7258280,Downstream,Downstream,Downstream,Downstream,Downstream,Downstream,Upstream,Downstream
7080442480,7258280,Downstream,Downstream,Downstream,Downstream,Downstream,Downstream,Downstream,Downstream
7080464700,7258702,Downstream,Downstream,Downstream,Downstream,Downstream,Downstream,Downstream,Downstream
7080464630,7258702,Downstream,Downstream,Downstream,Downstream,Downstream,Downstream,Upstream,Upstream
7080329080,7259804,Downstream,Downstream,Downstream,Downstream,Downstream,Downstream,Downstream,Downstream
7080329320,7259804,Downstream,Downstream,Downstream,Downstream,Downstream,Downstream,Downstream,Downstream
7080429950,7258299,Downstream,Downstream,Downstream,Downstream,Downstream,Downstream,Downstream,Downstream
7080343660,7259920,Downstream,Downstream,Downstream,Downstream,Downstream,Downstream,Downstream,Downstream
7080466600,7258601,Downstream,Downstream,Downstream,Downstream,Downstream,Downstream,Upstream,Upstream
7080466920,7258601,Upstream,Upstream,Upstream,Upstream,Upstream,Upstream,Upstream,Upstream
7080330950,7259804,Downstream,Downstream,Downstream,Downstream,Downstream,Downstream,Downstream,Downstream
7080330850,7259804,Downstream,Downstream,Downstream,Downstream,Downstream,Downstream,Downstream,Downstream
7080444830,7258280,Downstream,Downstream,Downstream,Downstream,Downstream,Downstream,Upstream,Downstream
7080444990,7258280,Upstream,Upstream,Upstream,Upstream,Upstream,Upstream,Upstream,Upstream
7080454540,7258400,Downstream,Downstream,Downstream,Downstream,Downstream,Downstream,Downstream,Downstream
7080454420,7258400,Downstream,Downstream,Downstream,Downstream,Downstream,Downstream,Downstream,Downstream
7080311980,7259802,Downstream,Downstream,Downstream,Downstream,Downstream,Downstream,Downstream,Downstream
7080311870,7259802,Downstream,Downstream,Downstream,Downstream,Downstream,Downstream,Upstream,Upstream
7080428600,7258299,Downstream,Downstream,Downstream,Downstream,Downstream,Downstream,Downstream,Downstream
7080428420,7258299,Downstream,Downstream,Downstream,Downstream,Downstream,Downstream,Downstream,Downstream
7080458370,7258702,Downstream,Downstream,Downstream,Downstream,Downstream,Downstream,Upstream,Upstream
7080458250,7258702,Upstream,Upstream,Upstream,Upstream,Upstream,Upstream,Upstream,Upstream
7080474010,7258704,Downstream,Downstream,Downstream,Downstream,Downstream,Downstream,Downstream,Downstream
7080474330,7258704,Downstream,Downstream,Downstream,Downstream,Downstream,Downstream,Downstream,Downstream
7080331510,7259804,Upstream,Upstream,Upstream,Upstream,Upstream,Upstream,Upstream,Upstream
7080331390,7259804,Downstream,Downstream,Downstream,Downstream,Downstream,Downstream,Downstream,Downstream
7080446540,7258280,Upstream,Upstream,Upstream,Upstream,Upstream,Upstream,Upstream,Upstream
7080446740,7258280,Upstream,Upstream,Upstream,Upstream,Upstream,Upstream,Upstream,Upstream
7080445740,7258280,Upstream,Upstream,Upstream,Upstream,Upstream,Upstream,Upstream,Upstream
7080445580,7258280,Upstream,Upstream,Upstream,Upstream,Upstream,Upstream,Upstream,Upstream
7080464010,7258601,Upstream,Upstream,Upstream,Upstream,Upstream,Upstream,Upstream,Upstream
7080464020,7258601,Upstream,Upstream,Upstream,Upstream,Upstream,Upstream,Upstream,Upstream
7080331320,7259804,Upstream,Upstream,Upstream,Upstream,Upstream,Upstream,Upstream,Upstream
7080331240,7259804,Upstream,Upstream,Upstream,Upstream,Upstream,Upstream,Upstream,Upstream
7080453790,7258702,Upstream,Upstream,Upstream,Upstream,Upstream,Upstream,Upstream,Upstream
7080453860,7258702,Upstream,Upstream,Upstream,Upstream,Upstream,Upstream,Upstream,Upstream
7080418100,7258299,Downstream,Downstream,Downstream,Downstream,Downstream,Downstream,Downstream,Downstream
7080417970,7258299,Upstream,Upstream,Upstream,Upstream,Upstream,Upstream,Upstream,Upstream
7080317350,7259808,Downstream,Downstream,Downstream,Downstream,Downstream,Downstream,Downstream,Downstream
7080480010,7258704,Upstream,Upstream,Upstream,Upstream,Upstream,Upstream,Upstream,Upstream
7080479710,7258704,Downstream,Downstream,Downstream,Downstream,Downstream,Downstream,Downstream,Downstream
7080414830,7258299,Upstream,Upstream,Upstream,Upstream,Upstream,Upstream,Upstream,Upstream
7080414690,7258299,Upstream,Upstream,Upstream,Upstream,Upstream,Upstream,Upstream,Upstream
7080452990,7258702,Upstream,Upstream,Upstream,Upstream,Upstream,Upstream,Upstream,Upstream
7080452910,7258702,Upstream,Upstream,Upstream,Upstream,Upstream,Upstream,Upstream,Upstream
7080443960,7258400,Upstream,Upstream,Upstream,Upstream,Upstream,Upstream,Upstream,Upstream
7080443950,7258400,Downstream,Downstream,Downstream,Downstream,Downstream,Downstream,Downstream,Downstream
7080299200,7259802,Upstream,Upstream,Upstream,Upstream,Upstream,Upstream,Upstream,Upstream
7080299390,7259802,Downstream,Downstream,Downstream,Downstream,Downstream,Downstream,Upstream,Upstream
7080365470,7259920,Upstream,Upstream,Upstream,Upstream,Upstream,Upstream,Upstream,Upstream
7080365570,7259920,Downstream,Downstream,Downstream,Downstream,Downstream,Downstream,Downstream,Downstream
7080317060,7259808,Downstream,Downstream,Downstream,Downstream,Downstream,Downstream,Downstream,Downstream
7080316960,7259808,Downstream,Downstream,Downstream,Downstream,Downstream,Downstream,Upstream,Upstream
7080349980,7259977,Downstream,Downstream,Downstream,Downstream,Downstream,Downstream,Downstream,Downstream
7080298660,7259802,Upstream,Upstream,Upstream,Upstream,Upstream,Upstream,Upstream,Upstream
7080298780,7259802,Upstream,Upstream,Upstream,Upstream,Upstream,Upstream,Upstream,Upstream
7080465680,7258606,Downstream,Downstream,Downstream,Downstream,Downstream,Downstream,Downstream,Downstream
7080315540,7259808,Upstream,Upstream,Upstream,Upstream,Upstream,Upstream,Upstream,Upstream
7080315430,7259808,Downstream,Downstream,Downstream,Downstream,Downstream,Downstream,Upstream,Upstream
7080465410,7258606,Downstream,Downstream,Downstream,Downstream,Downstream,Downstream,Downstream,Downstream
7080465230,7258606,Downstream,Downstream,Downstream,Downstream,Downstream,Downstream,Downstream,Downstream
7080366400,7259920,Downstream,Downstream,Downstream,Downstream,Downstream,Downstream,Downstream,Downstream
7080366520,7259920,Downstream,Downstream,Downstream,Downstream,Downstream,Downstream,Downstream,Downstream
7080464090,7258606,Upstream,Upstream,Upstream,Upstream,Upstream,Upstream,Downstream,Downstream
7080464030,7258606,Downstream,Downstream,Downstream,Downstream,Downstream,Downstream,Downstream,Downstream
7080315170,7259808,Upstream,Upstream,Upstream,Upstream,Upstream,Upstream,Upstream,Upstream
7080315060,7259808,Upstream,Upstream,Upstream,Upstream,Upstream,Upstream,Upstream,Upstream
7080352230,7259977,Downstream,Downstream,Downstream,Downstream,Downstream,Downstream,Upstream,Downstream
7080351910,7259977,Downstream,Downstream,Downstream,Downstream,Downstream,Downstream,Downstream,Downstream
7080462930,7258606,Upstream,Upstream,Upstream,Upstream,Upstream,Upstream,Upstream,Upstream
7080463190,7258606,Upstream,Upstream,Upstream,Upstream,Upstream,Upstream,Downstream,Downstream
7080462780,7258606,Upstream,Upstream,Upstream,Upstream,Upstream,Upstream,Upstream,Upstream
7080462590,7258606,Upstream,Upstream,Upstream,Upstream,Upstream,Upstream,Upstream,Upstream
7080482930,7258704,Upstream,Upstream,Upstream,Upstream,Upstream,Upstream,Upstream,Upstream
7080483060,7258704,Upstream,Upstream,Upstream,Upstream,Upstream,Upstream,Upstream,Upstream
7080302040,7259802,Upstream,Upstream,Upstream,Upstream,Upstream,Upstream,Upstream,Upstream
7080302200,7259802,Upstream,Upstream,Upstream,Upstream,Upstream,Upstream,Upstream,Upstream
7080437900,7258400,Upstream,Upstream,Upstream,Upstream,Upstream,Upstream,Upstream,Upstream
7080437720,7258400,Upstream,Upstream,Upstream,Upstream,Upstream,Upstream,Upstream,Upstream
7080364150,7259969,Downstream,Downstream,Downstream,Downstream,Downstream,Downstream,Downstream,Downstream
7080371770,7259920,Downstream,Downstream,Downstream,Downstream,Downstream,Downstream,Downstream,Downstream
7080371760,7259920,Downstream,Downstream,Downstream,Downstream,Downstream,Downstream,Downstream,Downstream
7080353630,7259977,Downstream,Downstream,Downstream,Downstream,Downstream,Downstream,Upstream,Downstream
7080353750,7259977,Downstream,Downstream,Downstream,Downstream,Downstream,Downstream,Upstream,Upstream
7080371750,7259920,Downstream,Downstream,Downstream,Downstream,Downstream,Downstream,Downstream,Downstream
7080371640,7259920,Downstream,Downstream,Downstream,Downstream,Downstream,Downstream,Downstream,Downstream
7080313920,7259808,Upstream,Upstream,Upstream,Upstream,Upstream,Upstream,Upstream,Upstream
7080313810,7259808,Upstream,Upstream,Upstream,Upstream,Upstream,Upstream,Upstream,Upstream
7080367760,7259969,Downstream,Downstream,Downstream,Downstream,Downstream,Downstream,Downstream,Downstream
7080367900,7259969,Downstream,Downstream,Downstream,Downstream,Downstream,Downstream,Upstream,Upstream
7080433200,7258400,Upstream,Upstream,Upstream,Upstream,Upstream,Upstream,Upstream,Upstream
7080433040,7258400,Upstream,Upstream,Upstream,Upstream,Upstream,Upstream,Upstream,Upstream
7080401460,7258299,Upstream,Upstream,Upstream,Upstream,Upstream,Upstream,Upstream,Upstream
7080401350,7258299,Upstream,Upstream,Upstream,Upstream,Upstream,Upstream,Upstream,Upstream
7080371920,7259969,Downstream,Downstream,Downstream,Downstream,Downstream,Downstream,Upstream,Upstream
7080372050,7259969,Upstream,Upstream,Upstream,Upstream,Upstream,Upstream,Upstream,Upstream
7080372530,7259969,Upstream,Upstream,Upstream,Upstream,Upstream,Upstream,Upstream,Upstream
7080372520,7259969,Upstream,Upstream,Upstream,Upstream,Upstream,Upstream,Upstream,Upstream
7080486760,7258704,Upstream,Upstream,Upstream,Upstream,Upstream,Upstream,Upstream,Upstream
7080486750,7258704,Upstream,Upstream,Upstream,Upstream,Upstream,Upstream,Upstream,Upstream
7080359180,7259977,Upstream,Upstream,Upstream,Upstream,Upstream,Upstream,Upstream,Upstream
7080359280,7259977,Downstream,Downstream,Downstream,Downstream,Downstream,Downstream,Upstream,Upstream
7080374140,7259969,Upstream,Upstream,Upstream,Upstream,Upstream,Upstream,Upstream,Upstream
7080374130,7259969,Upstream,Upstream,Upstream,Upstream,Upstream,Upstream,Upstream,Upstream
7080360490,7259977,Upstream,Upstream,Upstream,Upstream,Upstream,Upstream,Upstream,Upstream
7080360500,7259977,Upstream,Upstream,Upstream,Upstream,Upstream,Upstream,Upstream,Upstream
7080361190,7259990,Downstream,Downstream,Downstream,Downstream,Downstream,Downstream,Downstream,Downstream
7080359050,7259990,Downstream,Downstream,Downstream,Downstream,Downstream,Downstream,Downstream,Downstream
7080359040,7259990,Downstream,Downstream,Downstream,Downstream,Downstream,Downstream,Downstream,Downstream
7080357870,7259990,Downstream,Downstream,Downstream,Downstream,Downstream,Downstream,Downstream,Downstream
7080357770,7259990,Upstream,Upstream,Upstream,Upstream,Upstream,Upstream,Upstream,Upstream
7080352440,7259990,Upstream,Upstream,Upstream,Upstream,Upstream,Upstream,Upstream,Upstream
7080352390,7259990,Upstream,Upstream,Upstream,Upstream,Upstream,Upstream,Upstream,Upstream
7080347410,7259990,Upstream,Upstream,Upstream,Upstream,Upstream,Upstream,Upstream,Upstream
7080347290,7259990,Upstream,Upstream,Upstream,Upstream,Upstream,Upstream,Upstream,Upstream
7080034580,7260130,Downstream,Downstream,Downstream,Downstream,Downstream,Downstream,Downstream,Downstream
7080034620,7260130,Downstream,Downstream,Downstream,Downstream,Downstream,Downstream,Downstream,Downstream
7080034630,7260130,Downstream,Downstream,Downstream,Downstream,Downstream,Downstream,Downstream,Downstream
7080034660,7260130,Downstream,Downstream,Downstream,Downstream,Downstream,Downstream,Downstream,Downstream
7080034670,7260130,Downstream,Downstream,Downstream,Downstream,Downstream,Downstream,Downstream,Downstream
7080034710,7260130,Downstream,Downstream,Downstream,Downstream,Downstream,Downstream,Downstream,Downstream
7080034720,7260130,Downstream,Downstream,Downstream,Downstream,Downstream,Downstream,Downstream,Downstream
7080034770,7260130,Upstream,Upstream,Upstream,Upstream,Upstream,Upstream,Upstream,Upstream
7080034780,7260130,Downstream,Downstream,Downstream,Downstream,Downstream,Downstream,Downstream,Downstream
7080034870,7260171,Downstream,Downstream,Downstream,Downstream,Downstream,Downstream,Downstream,Downstream
7080034890,7260171,Downstream,Downstream,Downstream,Downstream,Downstream,Downstream,Downstream,Downstream
7080034900,7260171,Downstream,Downstream,Downstream,Downstream,Downstream,Downstream,Downstream,Downstream
7080034920,7260171,Upstream,Upstream,Upstream,Upstream,Upstream,Upstream,Upstream,Upstream
7080034930,7260171,Downstream,Downstream,Downstream,Downstream,Downstream,Downstream,Downstream,Downstream
7080034940,7260171,Downstream,Downstream,Downstream,Downstream,Downstream,Downstream,Downstream,Downstream
7080034950,7260171,Downstream,Downstream,Downstream,Downstream,Downstream,Downstream,Downstream,Downstream
7080035000,7260171,Downstream,Downstream,Downstream,Downstream,Downstream,Downstream,Downstream,Downstream
7080035010,7260171,Downstream,Downstream,Downstream,Downstream,Downstream,Downstream,Downstream,Downstream
7080035360,7260200,Downstream,Downstream,Downstream,Downstream,Downstream,Downstream,Downstream,Downstream
7080324280,7260200,Downstream,Downstream,Downstream,Downstream,Downstream,Downstream,Downstream,Downstream
7080324040,7260200,Downstream,Downstream,Downstream,Downstream,Downstream,Downstream,Downstream,Downstream
7080316460,7260200,Downstream,Downstream,Downstream,Downstream,Downstream,Downstream,Downstream,Downstream
7080316310,7260200,Upstream,Upstream,Upstream,Upstream,Upstream,Upstream,Upstream,Upstream
7080313560,7260200,Upstream,Upstream,Upstream,Upstream,Upstream,Upstream,Upstream,Upstream
7080313480,7260200,Upstream,Upstream,Upstream,Upstream,Upstream,Upstream,Upstream,Upstream
7080314670,7260200,Upstream,Upstream,Upstream,Upstream,Upstream,Upstream,Upstream,Upstream
7080314440,7260200,Upstream,Upstream,Upstream,Upstream,Upstream,Upstream,Upstream,Upstream
7080332800,7260402,Downstream,Downstream,Downstream,Downstream,Downstream,Downstream,Downstream,Downstream
7080330430,7260402,Downstream,Downstream,Downstream,Downstream,Downstream,Downstream,Downstream,Downstream
7080330320,7260402,Downstream,Downstream,Downstream,Downstream,Downstream,Downstream,Downstream,Downstream
7080330000,7260402,Downstream,Downstream,Downstream,Downstream,Downstream,Downstream,Downstream,Downstream
7080329820,7260402,Upstream,Upstream,Upstream,Upstream,Upstream,Upstream,Downstream,Downstream
7080328460,7260402,Upstream,Upstream,Upstream,Upstream,Upstream,Upstream,Upstream,Upstream
7080328450,7260402,Upstream,Upstream,Upstream,Upstream,Upstream,Upstream,Downstream,Downstream
7080323080,7260402,Upstream,Upstream,Upstream,Upstream,Upstream,Upstream,Upstream,Upstream
7080323070,7260402,Upstream,Upstream,Upstream,Upstream,Upstream,Upstream,Upstream,Upstream
7080035480,7260501,Downstream,Downstream,Downstream,Downstream,Downstream,Downstream,Downstream,Downstream
7080035510,7260501,Downstream,Downstream,Downstream,Downstream,Downstream,Downstream,Downstream,Downstream
7080035520,7260501,Downstream,Downstream,Downstream,Downstream,Downstream,Downstream,Downstream,Downstream
7080035550,7260501,Downstream,Downstream,Downstream,Downstream,Downstream,Downstream,Downstream,Downstream
7080035560,7260501,Upstream,Upstream,Upstream,Upstream,Upstream,Upstream,Upstream,Upstream
7080035610,7260501,Downstream,Downstream,Downstream,Downstream,Downstream,Downstream,Downstream,Downstream
7080035620,7260501,Downstream,Downstream,Downstream,Downstream,Downstream,Downstream,Downstream,Downstream
7080035630,7260501,Downstream,Downstream,Downstream,Downstream,Downstream,Downstream,Downstream,Downstream
7080035640,7260501,Downstream,Downstream,Downstream,Downstream,Downstream,Downstream,Downstream,Downstream
7080358520,7260602,Downstream,Downstream,Downstream,Downstream,Downstream,Downstream,Downstream,Downstream
7080358510,7260602,Downstream,Downstream,Downstream,Downstream,Downstream,Downstream,Downstream,Downstream
7080358390,7260602,Downstream,Downstream,Downstream,Downstream,Downstream,Downstream,Downstream,Downstream
7080358660,7260602,Upstream,Upstream,Upstream,Upstream,Upstream,Upstream,Upstream,Downstream
7080358840,7260602,Downstream,Downstream,Downstream,Downstream,Downstream,Downstream,Downstream,Downstream
7080356650,7260602,Upstream,Upstream,Upstream,Upstream,Upstream,Upstream,Upstream,Upstream
7080356640,7260602,Upstream,Upstream,Upstream,Upstream,Upstream,Upstream,Upstream,Downstream
7080356050,7260602,Upstream,Upstream,Upstream,Upstream,Upstream,Upstream,Upstream,Upstream
7080356040,7260602,Upstream,Upstream,Upstream,Upstream,Upstream,Upstream,Upstream,Upstream
7080036040,7260713,Downstream,Downstream,Downstream,Downstream,Downstream,Downstream,Downstream,Downstream
7080036050,7260713,Downstream,Downstream,Downstream,Downstream,Downstream,Downstream,Downstream,Downstream
7080036060,7260713,Downstream,Downstream,Downstream,Downstream,Downstream,Downstream,Downstream,Downstream
7080036230,7260713,Downstream,Downstream,Downstream,Downstream,Downstream,Downstream,Downstream,Downstream
7080036240,7260713,Downstream,Downstream,Downstream,Downstream,Downstream,Downstream,Downstream,Downstream
7080036440,7260713,Downstream,Downstream,Downstream,Downstream,Downstream,Downstream,Downstream,Downstream
7080036450,7260713,Downstream,Downstream,Downstream,Downstream,Downstream,Downstream,Downstream,Downstream
7080036540,7260713,Downstream,Downstream,Downstream,Downstream,Downstream,Downstream,Downstream,Downstream
7080036550,7260713,Upstream,Upstream,Upstream,Upstream,Upstream,Upstream,Upstream,Upstream
7080037350,7260730,Upstream,Upstream,Upstream,Upstream,Upstream,Upstream,Upstream,Upstream
7080037430,7260730,Downstream,Downstream,Downstream,Downstream,Downstream,Downstream,Downstream,Downstream
7080037440,7260730,Downstream,Downstream,Downstream,Downstream,Downstream,Downstream,Downstream,Downstream
7080037460,7260730,Downstream,Downstream,Downstream,Downstream,Downstream,Downstream,Downstream,Downstream
7080037470,7260730,Downstream,Downstream,Downstream,Downstream,Downstream,Downstream,Downstream,Downstream
7080037510,7260730,Downstream,Downstream,Downstream,Downstream,Downstream,Downstream,Downstream,Downstream
7080037520,7260730,Downstream,Downstream,Downstream,Downstream,Downstream,Downstream,Downstream,Downstream
7080037610,7260730,Downstream,Downstream,Downstream,Downstream,Downstream,Downstream,Downstream,Downstream
7080037620,7260730,Downstream,Downstream,Downstream,Downstream,Downstream,Downstream,Downstream,Downstream
7080038320,7260810,Downstream,Downstream,Downstream,Downstream,Downstream,Downstream,Downstream,Downstream
7080405200,7260810,Downstream,Downstream,Downstream,Downstream,Downstream,Downstream,Downstream,Downstream
7080405040,7260810,Downstream,Downstream,Downstream,Downstream,Downstream,Downstream,Downstream,Downstream
7080403380,7260810,Downstream,Downstream,Downstream,Downstream,Downstream,Downstream,Downstream,Downstream
7080403390,7260810,Upstream,Upstream,Upstream,Upstream,Upstream,Upstream,Upstream,Upstream
7080397720,7260810,Upstream,Upstream,Upstream,Upstream,Upstream,Upstream,Upstream,Upstream
7080398000,7260810,Upstream,Upstream,Upstream,Upstream,Upstream,Upstream,Upstream,Upstream
7080394130,7260810,Upstream,Upstream,Upstream,Upstream,Upstream,Upstream,Upstream,Upstream
7080394030,7260810,Upstream,Upstream,Upstream,Upstream,Upstream,Upstream,Upstream,Upstream
7080390750,7260820,Downstream,Downstream,Downstream,Downstream,Downstream,Downstream,Downstream,Downstream
7080389030,7260820,Downstream,Downstream,Downstream,Downstream,Downstream,Downstream,Downstream,Downstream
7080388860,7260820,Downstream,Downstream,Downstream,Downstream,Downstream,Downstream,Upstream,Downstream
7080383170,7260820,Downstream,Downstream,Downstream,Downstream,Downstream,Downstream,Upstream,Downstream
7080383180,7260820,Upstream,Upstream,Upstream,Upstream,Upstream,Upstream,Upstream,Downstream
7080382370,7260820,Upstream,Upstream,Upstream,Upstream,Upstream,Upstream,Upstream,Downstream
7080382240,7260820,Upstream,Upstream,Upstream,Upstream,Upstream,Upstream,Upstream,Upstream
7080378230,7260820,Upstream,Upstream,Upstream,Upstream,Upstream,Upstream,Upstream,Upstream
7080378240,7260820,Upstream,Upstream,Upstream,Upstream,Upstream,Upstream,Upstream,Upstream
7080364000,7260840,Downstream,Downstream,Downstream,Downstream,Downstream,Downstream,Downstream,Downstream
7080363040,7260860,Downstream,Downstream,Downstream,Downstream,Downstream,Downstream,Downstream,Downstream
7080361870,7260860,Downstream,Downstream,Downstream,Downstream,Downstream,Downstream,Downstream,Downstream
7080361770,7260860,Downstream,Downstream,Downstream,Downstream,Downstream,Downstream,Downstream,Downstream
7080360550,7260840,Downstream,Downstream,Downstream,Downstream,Downstream,Downstream,Downstream,Downstream
7080360440,7260840,Downstream,Downstream,Downstream,Downstream,Downstream,Downstream,Downstream,Downstream
7080365370,7260860,Downstream,Downstream,Downstream,Downstream,Downstream,Downstream,Downstream,Downstream
7080357670,7260840,Downstream,Downstream,Downstream,Downstream,Downstream,Downstream,Downstream,Downstream
7080365230,7260860,Downstream,Downstream,Downstream,Downstream,Downstream,Downstream,Upstream,Downstream
7080357600,7260840,Upstream,Upstream,Upstream,Upstream,Upstream,Upstream,Upstream,Upstream
7080351490,7260840,Upstream,Upstream,Upstream,Upstream,Upstream,Upstream,Upstream,Upstream
7080351500,7260840,Upstream,Upstream,Upstream,Upstream,Upstream,Upstream,Upstream,Upstream
7080348090,7260874,Downstream,Downstream,Downstream,Downstream,Downstream,Downstream,Downstream,Downstream
7080346810,7260874,Downstream,Downstream,Downstream,Downstream,Downstream,Downstream,Downstream,Downstream
7080346720,7260874,Downstream,Downstream,Downstream,Downstream,Downstream,Downstream,Downstream,Downstream
7080367440,7260860,Upstream,Upstream,Upstream,Upstream,Upstream,Upstream,Upstream,Upstream
7080367290,7260860,Downstream,Downstream,Downstream,Downstream,Downstream,Downstream,Upstream,Downstream
7080351630,7260840,Upstream,Upstream,Upstream,Upstream,Upstream,Upstream,Upstream,Upstream
7080351390,7260840,Upstream,Upstream,Upstream,Upstream,Upstream,Upstream,Upstream,Upstream
7080370580,7260860,Upstream,Upstream,Upstream,Upstream,Upstream,Upstream,Upstream,Upstream
7080370710,7260860,Upstream,Upstream,Upstream,Upstream,Upstream,Upstream,Upstream,Upstream
7080340880,7260874,Downstream,Downstream,Downstream,Downstream,Downstream,Downstream,Downstream,Downstream
7080340710,7260874,Upstream,Upstream,Upstream,Upstream,Upstream,Upstream,Upstream,Upstream
7080355150,7260890,Downstream,Downstream,Downstream,Downstream,Downstream,Downstream,Downstream,Downstream
7080355260,7260880,Downstream,Downstream,Downstream,Downstream,Downstream,Downstream,Downstream,Downstream
7080354490,7260890,Downstream,Downstream,Downstream,Downstream,Downstream,Downstream,Downstream,Downstream
7080354390,7260890,Downstream,Downstream,Downstream,Downstream,Downstream,Downstream,Downstream,Downstream
7080335090,7260874,Upstream,Upstream,Upstream,Upstream,Upstream,Upstream,Upstream,Upstream
7080335000,7260874,Upstream,Upstream,Upstream,Upstream,Upstream,Upstream,Upstream,Upstream
7080335010,7260874,Upstream,Upstream,Upstream,Upstream,Upstream,Upstream,Upstream,Upstream
7080335210,7260874,Upstream,Upstream,Upstream,Upstream,Upstream,Upstream,Upstream,Upstream
7080358480,7260880,Downstream,Downstream,Downstream,Downstream,Downstream,Downstream,Downstream,Downstream
7080358640,7260880,Downstream,Downstream,Downstream,Downstream,Downstream,Downstream,Downstream,Downstream
7080362630,7260880,Downstream,Downstream,Downstream,Downstream,Downstream,Downstream,Downstream,Downstream
7080362810,7260880,Upstream,Upstream,Upstream,Upstream,Upstream,Upstream,Upstream,Upstream
7080359110,7260890,Upstream,Upstream,Upstream,Upstream,Upstream,Upstream,Upstream,Upstream
7080358830,7260890,Downstream,Downstream,Downstream,Downstream,Downstream,Downstream,Downstream,Downstream
7080366060,7260880,Upstream,Upstream,Upstream,Upstream,Upstream,Upstream,Upstream,Upstream
7080366190,7260880,Upstream,Upstream,Upstream,Upstream,Upstream,Upstream,Upstream,Upstream
7080372700,7260880,Upstream,Upstream,Upstream,Upstream,Upstream,Upstream,Upstream,Upstream
7080372790,7260880,Upstream,Upstream,Upstream,Upstream,Upstream,Upstream,Upstream,Upstream
7080369020,7260890,Upstream,Upstream,Upstream,Upstream,Upstream,Upstream,Upstream,Upstream
7080369120,7260890,Upstream,Upstream,Upstream,Upstream,Upstream,Upstream,Upstream,Upstream
7080371400,7260890,Upstream,Upstream,Upstream,Upstream,Upstream,Upstream,Upstream,Upstream
7080371270,7260890,Upstream,Upstream,Upstream,Upstream,Upstream,Upstream,Upstream,Upstream
7080038480,7311104,Downstream,Downstream,Downstream,Downstream,Downstream,Downstream,Downstream,Downstream
7080408060,7311104,Downstream,Downstream,Downstream,Downstream,Downstream,Downstream,Upstream,Downstream
7080407890,7311104,Downstream,Downstream,Downstream,Downstream,Downstream,Downstream,Downstream,Downstream
7080405800,7311104,Upstream,Upstream,Upstream,Upstream,Upstream,Upstream,Upstream,Upstream
7080405710,7311104,Downstream,Downstream,Downstream,Downstream,Downstream,Downstream,Upstream,Downstream
7080402790,7311104,Downstream,Downstream,Downstream,Downstream,Downstream,Downstream,Upstream,Downstream
7080403060,7311104,Downstream,Downstream,Downstream,Downstream,Downstream,Downstream,Upstream,Downstream
7080396520,7311104,Downstream,Downstream,Downstream,Downstream,Downstream,Downstream,Upstream,Downstream
7080396420,7311104,Downstream,Downstream,Downstream,Downstream,Downstream,Downstream,Upstream,Downstream
7080038580,7311107,Downstream,Downstream,Downstream,Downstream,Downstream,Downstream,Downstream,Downstream
7080038590,7311107,Downstream,Downstream,Downstream,Downstream,Downstream,Downstream,Downstream,Downstream
7080038600,7311107,Downstream,Downstream,Downstream,Downstream,Downstream,Downstream,Downstream,Downstream
7080038610,7311107,Downstream,Downstream,Downstream,Downstream,Downstream,Downstream,Downstream,Downstream
7080038620,7311107,Downstream,Downstream,Downstream,Downstream,Downstream,Downstream,Downstream,Downstream
7080038630,7311107,Upstream,Upstream,Upstream,Upstream,Upstream,Upstream,Upstream,Upstream
7080038640,7311107,Downstream,Downstream,Downstream,Downstream,Downstream,Downstream,Downstream,Downstream
7080038670,7311107,Downstream,Downstream,Downstream,Downstream,Downstream,Downstream,Downstream,Downstream
7080038680,7311107,Downstream,Downstream,Downstream,Downstream,Downstream,Downstream,Downstream,Downstream
7080406790,7311204,Downstream,Downstream,Downstream,Downstream,Downstream,Downstream,Downstream,Downstream
7080406140,7311204,Downstream,Downstream,Downstream,Downstream,Downstream,Downstream,Downstream,Downstream
7080406280,7311204,Downstream,Downstream,Downstream,Downstream,Downstream,Downstream,Downstream,Downstream
7080406930,7311204,Upstream,Upstream,Upstream,Upstream,Upstream,Upstream,Upstream,Upstream
7080406780,7311204,Downstream,Downstream,Downstream,Downstream,Downstream,Downstream,Downstream,Downstream
7080406920,7311204,Upstream,Upstream,Upstream,Upstream,Upstream,Upstream,Upstream,Upstream
7080406990,7311204,Upstream,Upstream,Upstream,Upstream,Upstream,Upstream,Upstream,Upstream
7080398680,7311206,Downstream,Downstream,Downstream,Downstream,Downstream,Downstream,Downstream,Downstream
7080397890,7311206,Downstream,Downstream,Downstream,Downstream,Downstream,Downstream,Downstream,Downstream
7080397900,7311206,Downstream,Downstream,Downstream,Downstream,Downstream,Downstream,Downstream,Downstream
7080396320,7311209,Downstream,Downstream,Downstream,Downstream,Downstream,Downstream,Downstream,Downstream
7080396240,7311208,Downstream,Downstream,Downstream,Downstream,Downstream,Downstream,Downstream,Downstream
7080395760,7311209,Downstream,Downstream,Downstream,Downstream,Downstream,Downstream,Downstream,Downstream
7080395910,7311209,Downstream,Downstream,Downstream,Downstream,Downstream,Downstream,Downstream,Downstream
7080408160,7311204,Upstream,Upstream,Upstream,Upstream,Upstream,Upstream,Upstream,Upstream
7080408040,7311204,Upstream,Upstream,Upstream,Upstream,Upstream,Upstream,Upstream,Upstream
7080391420,7311208,Downstream,Downstream,Downstream,Downstream,Downstream,Downstream,Downstream,Downstream
7080391410,7311208,Downstream,Downstream,Downstream,Downstream,Downstream,Downstream,Downstream,Downstream
7080392900,7311206,Downstream,Downstream,Downstream,Downstream,Downstream,Downstream,Downstream,Downstream
7080392780,7311206,Upstream,Upstream,Upstream,Upstream,Upstream,Upstream,Upstream,Upstream
7080387460,7311208,Downstream,Downstream,Downstream,Downstream,Downstream,Downstream,Downstream,Downstream
7080387320,7311208,Upstream,Upstream,Upstream,Upstream,Upstream,Upstream,Downstream,Downstream
7080393950,7311209,Downstream,Downstream,Downstream,Downstream,Downstream,Downstream,Downstream,Downstream
7080386930,7311208,Upstream,Upstream,Upstream,Upstream,Upstream,Upstream,Upstream,Upstream
7080393810,7311209,Upstream,Upstream,Upstream,Upstream,Upstream,Upstream,Downstream,Downstream
7080386730,7311208,Upstream,Upstream,Upstream,Upstream,Upstream,Upstream,Downstream,Downstream
7080389290,7311206,Upstream,Upstream,Upstream,Upstream,Upstream,Upstream,Upstream,Upstream
7080389140,7311206,Upstream,Upstream,Upstream,Upstream,Upstream,Upstream,Upstream,Upstream
7080379800,7311208,Upstream,Upstream,Upstream,Upstream,Upstream,Upstream,Upstream,Upstream
7080379920,7311208,Upstream,Upstream,Upstream,Upstream,Upstream,Upstream,Upstream,Upstream
7080383710,7311206,Upstream,Upstream,Upstream,Upstream,Upstream,Upstream,Upstream,Upstream
7080383990,7311206,Upstream,Upstream,Upstream,Upstream,Upstream,Upstream,Upstream,Upstream
7080382450,7311209,Upstream,Upstream,Upstream,Upstream,Upstream,Upstream,Upstream,Upstream
7080382360,7311209,Upstream,Upstream,Upstream,Upstream,Upstream,Upstream,Downstream,Downstream
7080387570,7311209,Upstream,Upstream,Upstream,Upstream,Upstream,Upstream,Upstream,Upstream
7080387310,7311209,Upstream,Upstream,Upstream,Upstream,Upstream,Upstream,Upstream,Upstream
7080038820,7311300,Upstream,Upstream,Upstream,Upstream,Upstream,Upstream,Upstream,Upstream
7080038870,7311300,Downstream,Downstream,Downstream,Downstream,Downstream,Downstream,Downstream,Downstream
7080038880,7311300,Downstream,Downstream,Downstream,Downstream,Downstream,Downstream,Downstream,Downstream
7080038890,7311300,Downstream,Downstream,Downstream,Downstream,Downstream,Downstream,Downstream,Downstream
7080038900,7311300,Downstream,Downstream,Downstream,Downstream,Downstream,Downstream,Downstream,Downstream
7080038930,7311300,Downstream,Downstream,Downstream,Downstream,Downstream,Downstream,Downstream,Downstream
7080038940,7311300,Downstream,Downstream,Downstream,Downstream,Downstream,Downstream,Downstream,Downstream
7080038950,7311300,Downstream,Downstream,Downstream,Downstream,Downstream,Downstream,Downstream,Downstream
7080038960,7311300,Downstream,Downstream,Downstream,Downstream,Downstream,Downstream,Downstream,Downstream
7080440760,7311402,Downstream,Downstream,Downstream,Downstream,Downstream,Downstream,Downstream,Downstream
7080437940,7311402,Downstream,Downstream,Downstream,Downstream,Downstream,Downstream,Downstream,Downstream
7080437770,7311402,Downstream,Downstream,Downstream,Downstream,Downstream,Downstream,Downstream,Downstream
7080432490,7311402,Downstream,Downstream,Downstream,Downstream,Downstream,Downstream,Downstream,Downstream
7080432330,7311402,Downstream,Downstream,Downstream,Downstream,Downstream,Downstream,Downstream,Downstream
7080427430,7311402,Upstream,Upstream,Upstream,Upstream,Upstream,Upstream,Upstream,Upstream
7080427290,7311402,Downstream,Downstream,Downstream,Downstream,Downstream,Downstream,Downstream,Downstream
7080404010,7311409,Downstream,Downstream,Downstream,Downstream,Downstream,Downstream,Downstream,Downstream
7080403370,7311409,Downstream,Downstream,Downstream,Downstream,Downstream,Downstream,Downstream,Downstream
7080403210,7311409,Downstream,Downstream,Downstream,Downstream,Downstream,Downstream,Downstream,Downstream
7080395740,7311409,Upstream,Upstream,Upstream,Upstream,Upstream,Upstream,Downstream,Downstream
7080396110,7311409,Downstream,Downstream,Downstream,Downstream,Downstream,Downstream,Downstream,Downstream
7080395750,7311409,Upstream,Upstream,Upstream,Upstream,Upstream,Upstream,Downstream,Downstream
7080395630,7311409,Upstream,Upstream,Upstream,Upstream,Upstream,Upstream,Upstream,Downstream
7080394020,7311409,Upstream,Upstream,Upstream,Upstream,Upstream,Upstream,Upstream,Upstream
7080393940,7311409,Upstream,Upstream,Upstream,Upstream,Upstream,Upstream,Upstream,Downstream
7080419180,7311402,Upstream,Upstream,Upstream,Upstream,Upstream,Upstream,Upstream,Upstream
7080419010,7311402,Upstream,Upstream,Upstream,Upstream,Upstream,Upstream,Upstream,Upstream
7080038990,7311500,Downstream,Downstream,Downstream,Downstream,Downstream,Downstream,Downstream,Downstream
7080039010,7311500,Downstream,Downstream,Downstream,Downstream,Downstream,Downstream,Downstream,Downstream
7080039020,7311500,Downstream,Downstream,Downstream,Downstream,Downstream,Downstream,Downstream,Downstream
7080039030,7311500,Upstream,Upstream,Upstream,Upstream,Upstream,Upstream,Upstream,Upstream
7080039040,7311500,Downstream,Downstream,Downstream,Downstream,Downstream,Downstream,Downstream,Downstream
7080039060,7311600,Downstream,Downstream,Downstream,Downstream,Downstream,Downstream,Downstream,Downstream
7080447030,7311600,Downstream,Downstream,Downstream,Downstream,Downstream,Downstream,Downstream,Downstream
7080447040,7311600,Downstream,Downstream,Downstream,Downstream,Downstream,Downstream,Downstream,Downstream
7080444870,7311600,Downstream,Downstream,Downstream,Downstream,Downstream,Downstream,Downstream,Downstream
7080444760,7311600,Upstream,Upstream,Upstream,Upstream,Upstream,Upstream,Upstream,Upstream
7080438750,7311600,Upstream,Upstream,Upstream,Upstream,Upstream,Upstream,Upstream,Upstream
7080438740,7311600,Upstream,Upstream,Upstream,Upstream,Upstream,Upstream,Upstream,Upstream
7080440630,7311600,Upstream,Upstream,Upstream,Upstream,Upstream,Upstream,Upstream,Upstream
7080440510,7311600,Upstream,Upstream,Upstream,Upstream,Upstream,Upstream,Upstream,Upstream
7080039070,7311700,Downstream,Downstream,Downstream,Downstream,Downstream,Downstream,Downstream,Downstream
7080039090,7311700,Downstream,Downstream,Downstream,Downstream,Downstream,Downstream,Downstream,Downstream
7080039100,7311700,Downstream,Downstream,Downstream,Downstream,Downstream,Downstream,Downstream,Downstream
7080039110,7311700,Downstream,Downstream,Downstream,Downstream,Downstream,Downstream,Downstream,Downstream
7080039120,7311700,Downstream,Downstream,Downstream,Downstream,Downstream,Downstream,Downstream,Downstream
7080039130,7311700,Upstream,Upstream,Upstream,Upstream,Upstream,Upstream,Upstream,Upstream
7080039140,7311700,Downstream,Downstream,Downstream,Downstream,Downstream,Downstream,Downstream,Downstream
7080470790,7311805,Downstream,Downstream,Downstream,Downstream,Downstream,Downstream,Downstream,Downstream
7080468810,7311805,Downstream,Downstream,Downstream,Downstream,Downstream,Downstream,Downstream,Downstream
7080468640,7311805,Downstream,Downstream,Downstream,Downstream,Downstream,Downstream,Downstream,Downstream
7080466100,7311805,Downstream,Downstream,Downstream,Downstream,Downstream,Downstream,Downstream,Downstream
7080466110,7311805,Upstream,Upstream,Upstream,Upstream,Upstream,Upstream,Upstream,Upstream
7080462190,7311805,Upstream,Upstream,Upstream,Upstream,Upstream,Upstream,Upstream,Upstream
7080462110,7311805,Upstream,Upstream,Upstream,Upstream,Upstream,Upstream,Upstream,Upstream
7080461550,7311805,Upstream,Upstream,Upstream,Upstream,Upstream,Upstream,Upstream,Upstream
7080461420,7311805,Upstream,Upstream,Upstream,Upstream,Upstream,Upstream,Upstream,Upstream
7080039590,7311908,Downstream,Downstream,Downstream,Downstream,Downstream,Downstream,Downstream,Downstream
7080502090,7311908,Downstream,Downstream,Downstream,Downstream,Downstream,Downstream,Downstream,Downstream
7080502100,7311908,Downstream,Downstream,Downstream,Downstream,Downstream,Downstream,Downstream,Downstream
7080501430,7311908,Downstream,Downstream,Downstream,Downstream,Downstream,Downstream,Upstream,Upstream
7080501280,7311908,Downstream,Downstream,Downstream,Downstream,Downstream,Downstream,Downstream,Downstream
7080497380,7311908,Downstream,Downstream,Downstream,Downstream,Downstream,Downstream,Upstream,Upstream
7080497260,7311908,Upstream,Upstream,Upstream,Upstream,Upstream,Upstream,Upstream,Upstream
7080492320,7311908,Upstream,Upstream,Upstream,Upstream,Upstream,Upstream,Upstream,Upstream
7080492140,7311908,Upstream,Upstream,Upstream,Upstream,Upstream,Upstream,Upstream,Upstream
7080475910,7312007,Downstream,Downstream,Downstream,Downstream,Downstream,Downstream,Downstream,Downstream
7080475690,7312007,Downstream,Downstream,Downstream,Downstream,Downstream,Downstream,Downstream,Downstream
7080475470,7312007,Downstream,Downstream,Downstream,Downstream,Downstream,Downstream,Downstream,Downstream
7080470850,7312007,Upstream,Upstream,Upstream,Upstream,Upstream,Upstream,Upstream,Downstream
7080470780,7312007,Downstream,Downstream,Downstream,Downstream,Downstream,Downstream,Downstream,Downstream
7080468630,7312007,Upstream,Upstream,Upstream,Upstream,Upstream,Upstream,Upstream,Downstream
7080468460,7312007,Upstream,Upstream,Upstream,Upstream,Upstream,Upstream,Upstream,Upstream
7080455700,7312007,Upstream,Upstream,Upstream,Upstream,Upstream,Upstream,Upstream,Upstream
7080455600,7312007,Upstream,Upstream,Upstream,Upstream,Upstream,Upstream,Upstream,Upstream
7080449320,7312009,Downstream,Downstream,Downstream,Downstream,Downstream,Downstream,Downstream,Downstream
7080440420,7312009,Downstream,Downstream,Downstream,Downstream,Downstream,Downstream,Downstream,Downstream
7080440320,7312009,Downstream,Downstream,Downstream,Downstream,Downstream,Downstream,Downstream,Downstream
7080436030,7312009,Downstream,Downstream,Downstream,Downstream,Downstream,Downstream,Downstream,Downstream
7080435910,7312009,Upstream,Upstream,Upstream,Upstream,Upstream,Upstream,Upstream,Downstream
7080431620,7312009,Upstream,Upstream,Upstream,Upstream,Upstream,Upstream,Upstream,Upstream
7080431610,7312009,Upstream,Upstream,Upstream,Upstream,Upstream,Upstream,Upstream,Downstream
7080424840,7312009,Upstream,Upstream,Upstream,Upstream,Upstream,Upstream,Upstream,Upstream
7080424730,7312009,Upstream,Upstream,Upstream,Upstream,Upstream,Upstream,Upstream,Upstream
7080039630,7313000,Downstream,Downstream,Downstream,Downstream,Downstream,Downstream,Downstream,Downstream
7080039670,7313000,Downstream,Downstream,Downstream,Downstream,Downstream,Downstream,Downstream,Downstream
7080039680,7313000,Downstream,Downstream,Downstream,Downstream,Downstream,Downstream,Downstream,Downstream
7080039700,7313000,Upstream,Upstream,Upstream,Upstream,Upstream,Upstream,Upstream,Upstream
7080039710,7313000,Downstream,Downstream,Downstream,Downstream,Downstream,Downstream,Downstream,Downstream
7080039770,7313000,Downstream,Downstream,Downstream,Downstream,Downstream,Downstream,Downstream,Downstream
7080039780,7313000,Downstream,Downstream,Downstream,Downstream,Downstream,Downstream,Downstream,Downstream
7080039840,7313000,Downstream,Downstream,Downstream,Downstream,Downstream,Downstream,Downstream,Downstream
7080039850,7313000,Downstream,Downstream,Downstream,Downstream,Downstream,Downstream,Downstream,Downstream
7080039870,7314010,Downstream,Downstream,Downstream,Downstream,Downstream,Downstream,Downstream,Downstream
7080512200,7314010,Downstream,Downstream,Downstream,Downstream,Downstream,Downstream,Upstream,Downstream
7080512210,7314010,Downstream,Downstream,Downstream,Downstream,Downstream,Downstream,Downstream,Downstream
7080504190,7314010,Downstream,Downstream,Downstream,Downstream,Downstream,Downstream,Upstream,Downstream
7080503990,7314010,Upstream,Upstream,Upstream,Upstream,Upstream,Upstream,Upstream,Upstream
7080503560,7314010,Upstream,Upstream,Upstream,Upstream,Upstream,Upstream,Upstream,Upstream
7080503380,7314010,Upstream,Upstream,Upstream,Upstream,Upstream,Upstream,Upstream,Upstream
7080500710,7314010,Upstream,Upstream,Upstream,Upstream,Upstream,Upstream,Upstream,Upstream
7080500610,7314010,Upstream,Upstream,Upstream,Upstream,Upstream,Upstream,Upstream,Upstream
7080493120,7314020,Downstream,Downstream,Downstream,Downstream,Downstream,Downstream,Downstream,Downstream
7080493000,7314030,Downstream,Downstream,Downstream,Downstream,Downstream,Downstream,Downstream,Downstream
7080494550,7314020,Downstream,Downstream,Downstream,Downstream,Downstream,Downstream,Downstream,Downstream
7080494640,7314020,Downstream,Downstream,Downstream,Downstream,Downstream,Downstream,Downstream,Downstream
7080489010,7314030,Downstream,Downstream,Downstream,Downstream,Downstream,Downstream,Downstream,Downstream
7080488890,7314030,Downstream,Downstream,Downstream,Downstream,Downstream,Downstream,Downstream,Downstream
7080485930,7314030,Downstream,Downstream,Downstream,Downstream,Downstream,Downstream,Downstream,Downstream
7080485790,7314030,Upstream,Upstream,Upstream,Upstream,Upstream,Upstream,Downstream,Downstream
7080485320,7314030,Upstream,Upstream,Upstream,Upstream,Upstream,Upstream,Downstream,Downstream
7080485240,7314030,Upstream,Upstream,Upstream,Upstream,Upstream,Upstream,Upstream,Upstream
7080498460,7314020,Downstream,Downstream,Downstream,Downstream,Downstream,Downstream,Upstream,Upstream
7080498450,7314020,Downstream,Downstream,Downstream,Downstream,Downstream,Downstream,Downstream,Downstream
7080483160,7314030,Upstream,Upstream,Upstream,Upstream,Upstream,Upstream,Upstream,Upstream
7080483080,7314030,Upstream,Upstream,Upstream,Upstream,Upstream,Upstream,Upstream,Upstream
7080507840,7314020,Upstream,Upstream,Upstream,Upstream,Upstream,Upstream,Upstream,Upstream
7080507690,7314020,Downstream,Downstream,Downstream,Downstream,Downstream,Downstream,Upstream,Upstream
7080508010,7314020,Downstream,Downstream,Downstream,Downstream,Downstream,Downstream,Upstream,Upstream
7080467060,7314070,Downstream,Downstream,Downstream,Downstream,Downstream,Downstream,Downstream,Downstream
7080463250,7314070,Downstream,Downstream,Downstream,Downstream,Downstream,Downstream,Downstream,Downstream
7080463240,7314070,Downstream,Downstream,Downstream,Downstream,Downstream,Downstream,Downstream,Downstream
7080462630,7314070,Downstream,Downstream,Downstream,Downstream,Downstream,Downstream,Downstream,Downstream
7080462640,7314070,Upstream,Upstream,Upstream,Upstream,Upstream,Upstream,Upstream,Upstream
7080459860,7314070,Downstream,Downstream,Downstream,Downstream,Downstream,Downstream,Downstream,Downstream
7080459730,7314070,Downstream,Downstream,Downstream,Downstream,Downstream,Downstream,Downstream,Downstream
7080458930,7314070,Downstream,Downstream,Downstream,Downstream,Downstream,Downstream,Downstream,Downstream
7080458830,7314070,Downstream,Downstream,Downstream,Downstream,Downstream,Downstream,Downstream,Downstream
7080457790,7314090,Downstream,Downstream,Downstream,Downstream,Downstream,Downstream,Downstream,Downstream
7080457640,7314080,Downstream,Downstream,Downstream,Downstream,Downstream,Downstream,Downstream,Downstream
7080453730,7314080,Downstream,Downstream,Downstream,Downstream,Downstream,Downstream,Downstream,Downstream
7080453640,7314080,Downstream,Downstream,Downstream,Downstream,Downstream,Downstream,Upstream,Upstream
7080461680,7314090,Downstream,Downstream,Downstream,Downstream,Downstream,Downstream,Downstream,Downstream
7080461850,7314090,Downstream,Downstream,Downstream,Downstream,Downstream,Downstream,Downstream,Downstream
7080459280,7314090,Upstream,Upstream,Upstream,Upstream,Upstream,Upstream,Upstream,Downstream
7080459180,7314090,Downstream,Downstream,Downstream,Downstream,Downstream,Downstream,Downstream,Downstream
7080459010,7314090,Upstream,Upstream,Upstream,Upstream,Upstream,Upstream,Upstream,Upstream
7080459170,7314090,Upstream,Upstream,Upstream,Upstream,Upstream,Upstream,Upstream,Downstream
7080456490,7314090,Upstream,Upstream,Upstream,Upstream,Upstream,Upstream,Upstream,Upstream
7080456440,7314090,Upstream,Upstream,Upstream,Upstream,Upstream,Upstream,Upstream,Upstream
7080445370,7314080,Upstream,Upstream,Upstream,Upstream,Upstream,Upstream,Upstream,Upstream
7080445260,7314080,Downstream,Downstream,Downstream,Downstream,Downstream,Downstream,Upstream,Upstream
7080444620,7314080,Upstream,Upstream,Upstream,Upstream,Upstream,Upstream,Upstream,Upstream
7080444340,7314080,Upstream,Upstream,Upstream,Upstream,Upstream,Upstream,Upstream,Upstream
7080443980,7314080,Upstream,Upstream,Upstream,Upstream,Upstream,Upstream,Upstream,Upstream
7080443830,7314080,Upstream,Upstream,Upstream,Upstream,Upstream,Upstream,Upstream,Upstream
7080039990,7315040,Downstream,Downstream,Downstream,Downstream,Downstream,Downstream,Downstream,Downstream
7080528490,7315040,Downstream,Downstream,Downstream,Downstream,Downstream,Downstream,Downstream,Downstream
7080528560,7315040,Downstream,Downstream,Downstream,Downstream,Downstream,Downstream,Downstream,Downstream
7080526300,7315040,Downstream,Downstream,Downstream,Downstream,Downstream,Downstream,Downstream,Downstream
7080526290,7315040,Upstream,Upstream,Upstream,Upstream,Upstream,Upstream,Upstream,Downstream
7080526650,7315040,Upstream,Upstream,Upstream,Upstream,Upstream,Upstream,Upstream,Upstream
7080526790,7315040,Upstream,Upstream,Upstream,Upstream,Upstream,Upstream,Upstream,Downstream
7080526510,7315040,Upstream,Upstream,Upstream,Upstream,Upstream,Upstream,Upstream,Upstream
7080526780,7315040,Upstream,Upstream,Upstream,Upstream,Upstream,Upstream,Upstream,Upstream
7080544340,7315063,Downstream,Downstream,Downstream,Downstream,Downstream,Downstream,Downstream,Downstream
7080544250,7315062,Downstream,Downstream,Downstream,Downstream,Downstream,Downstream,Downstream,Downstream
7080540250,7315063,Downstream,Downstream,Downstream,Downstream,Downstream,Downstream,Downstream,Downstream
7080540140,7315063,Downstream,Downstream,Downstream,Downstream,Downstream,Downstream,Downstream,Downstream
7080539280,7315063,Upstream,Upstream,Upstream,Upstream,Upstream,Upstream,Upstream,Upstream
7080539150,7315063,Downstream,Downstream,Downstream,Downstream,Downstream,Downstream,Downstream,Downstream
7080538190,7315062,Downstream,Downstream,Downstream,Downstream,Downstream,Downstream,Downstream,Downstream
7080538180,7315062,Downstream,Downstream,Downstream,Downstream,Downstream,Downstream,Upstream,Downstream
7080536720,7315063,Upstream,Upstream,Upstream,Upstream,Upstream,Upstream,Upstream,Upstream
7080536530,7315063,Upstream,Upstream,Upstream,Upstream,Upstream,Upstream,Upstream,Upstream
7080532020,7315062,Downstream,Downstream,Downstream,Downstream,Downstream,Downstream,Upstream,Downstream
7080531970,7315062,Upstream,Upstream,Upstream,Upstream,Upstream,Upstream,Upstream,Upstream
7080529800,7315062,Upstream,Upstream,Upstream,Upstream,Upstream,Upstream,Upstream,Upstream
7080529810,7315062,Upstream,Upstream,Upstream,Upstream,Upstream,Upstream,Upstream,Upstream
7080525610,7315063,Upstream,Upstream,Upstream,Upstream,Upstream,Upstream,Upstream,Upstream
7080525460,7315063,Upstream,Upstream,Upstream,Upstream,Upstream,Upstream,Upstream,Upstream
7080525940,7315062,Upstream,Upstream,Upstream,Upstream,Upstream,Upstream,Upstream,Upstream
7080525880,7315062,Upstream,Upstream,Upstream,Upstream,Upstream,Upstream,Upstream,Upstream
7080523280,7315064,Downstream,Downstream,Downstream,Downstream,Downstream,Downstream,Downstream,Downstream
7080523220,7315065,Downstream,Downstream,Downstream,Downstream,Downstream,Downstream,Downstream,Downstream
7080525370,7315064,Downstream,Downstream,Downstream,Downstream,Downstream,Downstream,Downstream,Downstream
7080525270,7315064,Downstream,Downstream,Downstream,Downstream,Downstream,Downstream,Downstream,Downstream
7080525000,7315064,Downstream,Downstream,Downstream,Downstream,Downstream,Downstream,Downstream,Downstream
7080525130,7315064,Downstream,Downstream,Downstream,Downstream,Downstream,Downstream,Downstream,Downstream
7080518170,7315065,Downstream,Downstream,Downstream,Downstream,Downstream,Downstream,Downstream,Downstream
7080518100,7315065,Downstream,Downstream,Downstream,Downstream,Downstream,Downstream,Downstream,Downstream
7080516140,7315065,Upstream,Upstream,Upstream,Upstream,Upstream,Upstream,Upstream,Upstream
7080516130,7315065,Downstream,Downstream,Downstream,Downstream,Downstream,Downstream,Downstream,Downstream
7080520390,7315064,Upstream,Upstream,Upstream,Upstream,Upstream,Upstream,Upstream,Upstream
7080520270,7315064,Downstream,Downstream,Downstream,Downstream,Downstream,Downstream,Downstream,Downstream
7080506340,7315065,Upstream,Upstream,Upstream,Upstream,Upstream,Upstream,Upstream,Upstream
7080506620,7315065,Upstream,Upstream,Upstream,Upstream,Upstream,Upstream,Upstream,Upstream
7080504700,7315065,Upstream,Upstream,Upstream,Upstream,Upstream,Upstream,Upstream,Upstream
7080504940,7315065,Upstream,Upstream,Upstream,Upstream,Upstream,Upstream,Upstream,Upstream
7080513170,7315064,Upstream,Upstream,Upstream,Upstream,Upstream,Upstream,Upstream,Upstream
7080512900,7315064,Upstream,Upstream,Upstream,Upstream,Upstream,Upstream,Upstream,Upstream
7080530520,7316030,Downstream,Downstream,Downstream,Downstream,Downstream,Downstream,Downstream,Downstream
7080530380,7316020,Downstream,Downstream,Downstream,Downstream,Downstream,Downstream,Downstream,Downstream
7080525210,7316030,Downstream,Downstream,Downstream,Downstream,Downstream,Downstream,Downstream,Downstream
7080525120,7316030,Downstream,Downstream,Downstream,Downstream,Downstream,Downstream,Downstream,Downstream
7080522340,7316030,Downstream,Downstream,Downstream,Downstream,Downstream,Downstream,Downstream,Downstream
7080522280,7316030,Upstream,Upstream,Upstream,Upstream,Upstream,Upstream,Upstream,Upstream
7080521390,7316030,Upstream,Upstream,Upstream,Upstream,Upstream,Upstream,Upstream,Upstream
7080521310,7316030,Upstream,Upstream,Upstream,Upstream,Upstream,Upstream,Upstream,Upstream
7080527290,7316020,Downstream,Downstream,Downstream,Downstream,Downstream,Downstream,Downstream,Downstream
7080527060,7316020,Downstream,Downstream,Downstream,Downstream,Downstream,Downstream,Downstream,Downstream
7080520380,7316030,Upstream,Upstream,Upstream,Upstream,Upstream,Upstream,Upstream,Upstream
7080520370,7316030,Upstream,Upstream,Upstream,Upstream,Upstream,Upstream,Upstream,Upstream
7080525590,7316020,Upstream,Upstream,Upstream,Upstream,Upstream,Upstream,Downstream,Downstream
7080525600,7316020,Downstream,Downstream,Downstream,Downstream,Downstream,Downstream,Downstream,Downstream
7080531530,7316020,Upstream,Upstream,Upstream,Upstream,Upstream,Upstream,Upstream,Upstream
7080531750,7316020,Upstream,Upstream,Upstream,Upstream,Upstream,Upstream,Downstream,Downstream
7080529070,7316020,Upstream,Upstream,Upstream,Upstream,Upstream,Upstream,Upstream,Upstream
7080529000,7316020,Upstream,Upstream,Upstream,Upstream,Upstream,Upstream,Upstream,Upstream
7080509700,7316049,Downstream,Downstream,Downstream,Downstream,Downstream,Downstream,Downstream,Downstream
7080514300,7316049,Downstream,Downstream,Downstream,Downstream,Downstream,Downstream,Downstream,Downstream
7080514290,7316049,Downstream,Downstream,Downstream,Downstream,Downstream,Downstream,Upstream,Downstream
7080492010,7316060,Downstream,Downstream,Downstream,Downstream,Downstream,Downstream,Downstream,Downstream
7080515490,7316049,Downstream,Downstream,Downstream,Downstream,Downstream,Downstream,Upstream,Downstream
7080515380,7316049,Upstream,Upstream,Upstream,Upstream,Upstream,Upstream,Upstream,Upstream
7080516780,7316049,Upstream,Upstream,Upstream,Upstream,Upstream,Upstream,Upstream,Upstream
7080516920,7316049,Upstream,Upstream,Upstream,Upstream,Upstream,Upstream,Upstream,Upstream
7080489130,7316060,Downstream,Downstream,Downstream,Downstream,Downstream,Downstream,Downstream,Downstream
7080489400,7316060,Downstream,Downstream,Downstream,Downstream,Downstream,Downstream,Downstream,Downstream
7080519170,7316049,Upstream,Upstream,Upstream,Upstream,Upstream,Upstream,Upstream,Upstream
7080519160,7316049,Upstream,Upstream,Upstream,Upstream,Upstream,Upstream,Upstream,Upstream
7080486600,7316060,Upstream,Upstream,Upstream,Upstream,Upstream,Upstream,Upstream,Upstream
7080486520,7316060,Downstream,Downstream,Downstream,Downstream,Downstream,Downstream,Downstream,Downstream
7080488320,7316090,Downstream,Downstream,Downstream,Downstream,Downstream,Downstream,Downstream,Downstream
7080488160,7316080,Downstream,Downstream,Downstream,Downstream,Downstream,Downstream,Downstream,Downstream
7080487840,7316060,Upstream,Upstream,Upstream,Upstream,Upstream,Upstream,Upstream,Upstream
7080488010,7316060,Upstream,Upstream,Upstream,Upstream,Upstream,Upstream,Upstream,Upstream
7080488000,7316060,Upstream,Upstream,Upstream,Upstream,Upstream,Upstream,Upstream,Upstream
7080487830,7316060,Upstream,Upstream,Upstream,Upstream,Upstream,Upstream,Upstream,Upstream
7080484840,7316080,Downstream,Downstream,Downstream,Downstream,Downstream,Downstream,Downstream,Downstream
7080484830,7316080,Upstream,Upstream,Upstream,Upstream,Upstream,Upstream,Upstream,Upstream
7080483370,7316080,Downstream,Downstream,Downstream,Downstream,Downstream,Downstream,Downstream,Downstream
7080483300,7316080,Downstream,Downstream,Downstream,Downstream,Downstream,Downstream,Downstream,Downstream
7080477580,7316080,Downstream,Downstream,Downstream,Downstream,Downstream,Downstream,Downstream,Downstream
7080477570,7316080,Downstream,Downstream,Downstream,Downstream,Downstream,Downstream,Downstream,Downstream
7080471940,7316080,Downstream,Downstream,Downstream,Downstream,Downstream,Downstream,Downstream,Downstream
7080471930,7316080,Downstream,Downstream,Downstream,Downstream,Downstream,Downstream,Downstream,Downstream
7080483070,7316090,Downstream,Downstream,Downstream,Downstream,Downstream,Downstream,Upstream,Upstream
7080482980,7316090,Downstream,Downstream,Downstream,Downstream,Downstream,Downstream,Downstream,Downstream
7080482110,7316090,Downstream,Downstream,Downstream,Downstream,Downstream,Downstream,Upstream,Upstream
7080482310,7316090,Downstream,Downstream,Downstream,Downstream,Downstream,Downstream,Upstream,Upstream
7080479470,7316090,Upstream,Upstream,Upstream,Upstream,Upstream,Upstream,Upstream,Upstream
7080479580,7316090,Downstream,Downstream,Downstream,Downstream,Downstream,Downstream,Upstream,Upstream
7080478260,7316090,Upstream,Upstream,Upstream,Upstream,Upstream,Upstream,Upstream,Upstream
7080478500,7316090,Upstream,Upstream,Upstream,Upstream,Upstream,Upstream,Upstream,Upstream
7080557610,7318050,Downstream,Downstream,Downstream,Downstream,Downstream,Downstream,Downstream,Downstream
7080557800,7318040,Downstream,Downstream,Downstream,Downstream,Downstream,Downstream,Downstream,Downstream
7080555310,7318050,Downstream,Downstream,Downstream,Downstream,Downstream,Downstream,Downstream,Downstream
7080555300,7318050,Downstream,Downstream,Downstream,Downstream,Downstream,Downstream,Downstream,Downstream
7080552790,7318050,Upstream,Upstream,Upstream,Upstream,Upstream,Upstream,Upstream,Downstream
7080552930,7318050,Downstream,Downstream,Downstream,Downstream,Downstream,Downstream,Downstream,Downstream
7080550710,7318050,Upstream,Upstream,Upstream,Upstream,Upstream,Upstream,Upstream,Downstream
7080550550,7318050,Upstream,Upstream,Upstream,Upstream,Upstream,Upstream,Upstream,Upstream
7080566600,7318040,Upstream,Downstream,Downstream,Downstream,Downstream,Downstream,Upstream,Upstream
7080566380,7318040,Downstream,Downstream,Downstream,Downstream,Downstream,Downstream,Downstream,Downstream
7080550700,7318050,Upstream,Upstream,Upstream,Upstream,Upstream,Upstream,Upstream,Upstream
7080550820,7318050,Upstream,Upstream,Upstream,Upstream,Upstream,Upstream,Upstream,Upstream
7080552560,7318080,Downstream,Downstream,Downstream,Downstream,Downstream,Downstream,Downstream,Downstream
7080552690,7318090,Downstream,Downstream,Downstream,Downstream,Downstream,Downstream,Downstream,Downstream
7080551630,7318080,Downstream,Downstream,Downstream,Downstream,Downstream,Downstream,Downstream,Downstream
7080551530,7318080,Downstream,Downstream,Downstream,Downstream,Downstream,Downstream,Downstream,Downstream
7080550050,7318080,Downstream,Downstream,Downstream,Downstream,Downstream,Downstream,Downstream,Downstream
7080550040,7318080,Upstream,Upstream,Upstream,Upstream,Upstream,Upstream,Upstream,Downstream
7080549570,7318080,Upstream,Upstream,Upstream,Upstream,Upstream,Upstream,Upstream,Upstream
7080549580,7318080,Upstream,Upstream,Upstream,Upstream,Upstream,Upstream,Upstream,Downstream
7080582100,7318040,Upstream,Downstream,Downstream,Downstream,Downstream,Downstream,Upstream,Upstream
7080581880,7318040,Upstream,Upstream,Upstream,Upstream,Upstream,Upstream,Upstream,Upstream
7080582680,7318040,Upstream,Upstream,Upstream,Upstream,Upstream,Upstream,Upstream,Upstream
7080582430,7318040,Upstream,Upstream,Upstream,Upstream,Upstream,Upstream,Upstream,Upstream
7080584920,7318040,Upstream,Upstream,Upstream,Upstream,Upstream,Upstream,Upstream,Upstream
7080585080,7318040,Upstream,Upstream,Upstream,Upstream,Upstream,Upstream,Upstream,Upstream
7080553730,7318080,Upstream,Upstream,Upstream,Upstream,Upstream,Upstream,Upstream,Upstream
7080553940,7318080,Upstream,Upstream,Upstream,Upstream,Upstream,Upstream,Upstream,Upstream
7080563530,7318090,Upstream,Upstream,Upstream,Downstream,Downstream,Downstream,Upstream,Downstream
7080563540,7318090,Downstream,Downstream,Downstream,Downstream,Downstream,Downstream,Downstream,Downstream
7080565200,7318090,Upstream,Upstream,Upstream,Upstream,Upstream,Upstream,Upstream,Upstream
7080565380,7318090,Upstream,Upstream,Upstream,Downstream,Downstream,Downstream,Upstream,Downstream
7080565190,7318090,Upstream,Upstream,Upstream,Upstream,Upstream,Upstream,Upstream,Upstream
7080565060,7318090,Upstream,Upstream,Upstream,Upstream,Upstream,Upstream,Upstream,Upstream
7080565370,7318090,Upstream,Upstream,Upstream,Upstream,Upstream,Upstream,Upstream,Upstream
7080565050,7318090,Upstream,Upstream,Upstream,Upstream,Upstream,Upstream,Upstream,Upstream
7080531210,7428410,Downstream,Downstream,Downstream,Downstream,Downstream,Downstream,Downstream,Downstream
7080542520,7426677,Downstream,Downstream,Downstream,Downstream,Downstream,Downstream,Downstream,Downstream
7080534350,7426677,Downstream,Downstream,Downstream,Downstream,Downstream,Downstream,Downstream,Downstream
7080534220,7426677,Downstream,Downstream,Downstream,Downstream,Downstream,Downstream,Downstream,Downstream
7080533310,7426677,Downstream,Downstream,Downstream,Downstream,Downstream,Downstream,Downstream,Downstream
7080533320,7426677,Downstream,Downstream,Downstream,Downstream,Downstream,Downstream,Upstream,Upstream
7080565330,7429170,Downstream,Downstream,Downstream,Downstream,Downstream,Downstream,Downstream,Downstream
7080546230,7426649,Downstream,Downstream,Downstream,Downstream,Downstream,Downstream,Downstream,Downstream
7080522910,7428504,Downstream,Downstream,Downstream,Downstream,Downstream,Downstream,Downstream,Downstream
7080522000,7428410,Downstream,Downstream,Downstream,Downstream,Downstream,Downstream,Downstream,Downstream
7080522010,7428410,Downstream,Downstream,Downstream,Downstream,Downstream,Downstream,Downstream,Downstream
7080530470,7426677,Downstream,Downstream,Downstream,Downstream,Downstream,Downstream,Upstream,Upstream
7080530650,7426677,Upstream,Upstream,Upstream,Upstream,Upstream,Upstream,Upstream,Upstream
7080540830,7426649,Downstream,Downstream,Downstream,Downstream,Downstream,Downstream,Downstream,Downstream
7080540710,7426649,Downstream,Downstream,Downstream,Downstream,Downstream,Downstream,Downstream,Downstream
7080559490,7429170,Upstream,Upstream,Upstream,Upstream,Upstream,Upstream,Downstream,Downstream
7080559400,7429170,Downstream,Downstream,Downstream,Downstream,Downstream,Downstream,Downstream,Downstream
7080528630,7426677,Downstream,Downstream,Downstream,Downstream,Downstream,Downstream,Upstream,Upstream
7080528430,7426677,Downstream,Downstream,Downstream,Downstream,Downstream,Downstream,Upstream,Upstream
7080537580,7426649,Downstream,Downstream,Downstream,Downstream,Downstream,Downstream,Downstream,Downstream
7080537690,7426649,Upstream,Upstream,Upstream,Upstream,Upstream,Upstream,Upstream,Upstream
7080557850,7429170,Upstream,Upstream,Upstream,Upstream,Upstream,Upstream,Downstream,Downstream
7080557760,7429170,Upstream,Upstream,Upstream,Upstream,Upstream,Upstream,Upstream,Upstream
7080537260,7426649,Upstream,Upstream,Upstream,Upstream,Upstream,Upstream,Upstream,Upstream
7080537170,7426649,Upstream,Upstream,Upstream,Upstream,Upstream,Upstream,Upstream,Upstream
7080518540,7428410,Downstream,Downstream,Downstream,Downstream,Downstream,Downstream,Downstream,Downstream
7080518350,7428410,Downstream,Downstream,Downstream,Downstream,Downstream,Downstream,Upstream,Upstream
7080516760,7428504,Downstream,Downstream,Downstream,Downstream,Downstream,Downstream,Downstream,Downstream
7080516510,7428504,Downstream,Downstream,Downstream,Downstream,Downstream,Downstream,Downstream,Downstream
7080538080,7426649,Upstream,Upstream,Upstream,Upstream,Upstream,Upstream,Upstream,Upstream
7080538160,7426649,Upstream,Upstream,Upstream,Upstream,Upstream,Upstream,Upstream,Upstream
7080512170,7428504,Downstream,Downstream,Downstream,Downstream,Downstream,Downstream,Downstream,Downstream
7080512050,7428504,Upstream,Upstream,Upstream,Upstream,Upstream,Upstream,Upstream,Downstream
7080506940,7428260,Downstream,Downstream,Downstream,Downstream,Downstream,Downstream,Downstream,Downstream
7080504440,7428260,Downstream,Downstream,Downstream,Downstream,Downstream,Downstream,Downstream,Downstream
7080504450,7428260,Downstream,Downstream,Downstream,Downstream,Downstream,Downstream,Downstream,Downstream
7080510060,7428504,Upstream,Upstream,Upstream,Upstream,Upstream,Upstream,Upstream,Upstream
7080509940,7428504,Upstream,Upstream,Upstream,Upstream,Upstream,Upstream,Upstream,Downstream
7080509450,7428410,Downstream,Downstream,Downstream,Downstream,Downstream,Downstream,Upstream,Upstream
7080509320,7428410,Upstream,Upstream,Upstream,Upstream,Upstream,Upstream,Upstream,Upstream
7080499700,7428260,Upstream,Upstream,Upstream,Upstream,Upstream,Upstream,Upstream,Downstream
7080499620,7428260,Downstream,Downstream,Downstream,Downstream,Downstream,Downstream,Downstream,Downstream
7080500900,7428633,Downstream,Downstream,Downstream,Downstream,Downstream,Downstream,Downstream,Downstream
7080503180,7428723,Downstream,Downstream,Downstream,Downstream,Downstream,Downstream,Downstream,Downstream
7080546650,7429188,Downstream,Downstream,Downstream,Downstream,Downstream,Downstream,Downstream,Downstream
7080520010,7426699,Downstream,Downstream,Downstream,Downstream,Downstream,Downstream,Downstream,Downstream
7080505460,7428410,Upstream,Upstream,Upstream,Upstream,Upstream,Upstream,Upstream,Upstream
7080505690,7428410,Upstream,Upstream,Upstream,Upstream,Upstream,Upstream,Upstream,Upstream
7080497320,7428733,Downstream,Downstream,Downstream,Downstream,Downstream,Downstream,Downstream,Downstream
7080497310,7428732,Downstream,Downstream,Downstream,Downstream,Downstream,Downstream,Downstream,Downstream
7080543810,7429188,Downstream,Downstream,Downstream,Downstream,Downstream,Downstream,Downstream,Downstream
7080543800,7429188,Downstream,Downstream,Downstream,Downstream,Downstream,Downstream,Downstream,Downstream
7080519230,7426699,Downstream,Downstream,Downstream,Downstream,Downstream,Downstream,Downstream,Downstream
7080519410,7426699,Downstream,Downstream,Downstream,Downstream,Downstream,Downstream,Upstream,Downstream
7080602590,7424890,Downstream,Downstream,Downstream,Downstream,Downstream,Downstream,Downstream,Downstream
7080541310,7429188,Downstream,Downstream,Downstream,Downstream,Downstream,Downstream,Downstream,Downstream
7080541230,7429188,Upstream,Upstream,Upstream,Upstream,Upstream,Upstream,Downstream,Downstream
7080520460,7426699,Downstream,Downstream,Downstream,Downstream,Downstream,Downstream,Upstream,Downstream
7080520470,7426699,Downstream,Downstream,Downstream,Downstream,Downstream,Downstream,Upstream,Upstream
7080498900,7428723,Downstream,Downstream,Downstream,Downstream,Downstream,Downstream,Downstream,Downstream
7080498780,7428723,Downstream,Downstream,Downstream,Downstream,Downstream,Downstream,Downstream,Downstream
7080502970,7428430,Downstream,Downstream,Downstream,Downstream,Downstream,Downstream,Upstream,Downstream
7080493430,7428733,Downstream,Downstream,Downstream,Downstream,Downstream,Downstream,Downstream,Downstream
7080493270,7428733,Downstream,Downstream,Downstream,Downstream,Downstream,Downstream,Downstream,Downstream
7080538400,7429188,Upstream,Upstream,Upstream,Upstream,Upstream,Upstream,Downstream,Downstream
7080538390,7429188,Upstream,Upstream,Upstream,Upstream,Upstream,Upstream,Upstream,Upstream
7080502680,7428430,Downstream,Downstream,Downstream,Downstream,Downstream,Downstream,Upstream,Upstream
7080502960,7428430,Downstream,Downstream,Downstream,Downstream,Downstream,Downstream,Upstream,Downstream
7080492110,7428733,Downstream,Downstream,Downstream,Downstream,Downstream,Downstream,Downstream,Downstream
7080491990,7428733,Upstream,Upstream,Upstream,Upstream,Upstream,Upstream,Upstream,Upstream
7080498550,7428723,Upstream,Upstream,Upstream,Upstream,Upstream,Upstream,Upstream,Downstream
7080498790,7428723,Downstream,Downstream,Downstream,Downstream,Downstream,Downstream,Downstream,Downstream
7080496770,7428732,Downstream,Downstream,Downstream,Downstream,Downstream,Downstream,Downstream,Downstream
7080496890,7428732,Downstream,Downstream,Downstream,Downstream,Downstream,Downstream,Downstream,Downstream
7080502000,7428430,Downstream,Downstream,Downstream,Downstream,Downstream,Downstream,Upstream,Upstream
7080502200,7428430,Upstream,Upstream,Upstream,Upstream,Upstream,Upstream,Upstream,Upstream
7080492600,7428633,Downstream,Downstream,Downstream,Downstream,Downstream,Downstream,Downstream,Downstream
7080492510,7428633,Downstream,Downstream,Downstream,Downstream,Downstream,Downstream,Downstream,Downstream
7080488680,7428733,Upstream,Upstream,Upstream,Upstream,Upstream,Upstream,Upstream,Upstream
7080488560,7428733,Upstream,Upstream,Upstream,Upstream,Upstream,Upstream,Upstream,Upstream
7080491770,7428633,Upstream,Upstream,Upstream,Upstream,Upstream,Upstream,Upstream,Downstream
7080491590,7428633,Downstream,Downstream,Downstream,Downstream,Downstream,Downstream,Downstream,Downstream
7080501340,7428430,Downstream,Downstream,Downstream,Downstream,Downstream,Downstream,Upstream,Upstream
7080501240,7428430,Downstream,Downstream,Downstream,Downstream,Downstream,Downstream,Upstream,Upstream
7080491870,7428633,Upstream,Upstream,Upstream,Upstream,Upstream,Upstream,Upstream,Upstream
7080492100,7428633,Upstream,Upstream,Upstream,Upstream,Upstream,Upstream,Upstream,Downstream
7080496820,7428723,Upstream,Upstream,Upstream,Upstream,Upstream,Upstream,Upstream,Downstream
7080496970,7428723,Upstream,Upstream,Upstream,Upstream,Upstream,Upstream,Upstream,Upstream
7080495520,7428627,Downstream,Downstream,Downstream,Downstream,Downstream,Downstream,Downstream,Downstream
7080486490,7428733,Upstream,Upstream,Upstream,Upstream,Upstream,Upstream,Upstream,Upstream
7080486340,7428733,Upstream,Upstream,Upstream,Upstream,Upstream,Upstream,Upstream,Upstream
7080485900,7428734,Downstream,Downstream,Downstream,Downstream,Downstream,Downstream,Downstream,Downstream
7080525570,7426699,Upstream,Upstream,Upstream,Upstream,Upstream,Upstream,Upstream,Upstream
7080525710,7426699,Downstream,Downstream,Downstream,Downstream,Downstream,Downstream,Upstream,Upstream
7080546400,7426769,Downstream,Downstream,Downstream,Downstream,Downstream,Downstream,Downstream,Downstream
7080494080,7428627,Downstream,Downstream,Downstream,Downstream,Downstream,Downstream,Upstream,Downstream
7080494090,7428627,Downstream,Downstream,Downstream,Downstream,Downstream,Downstream,Downstream,Downstream
7080498080,7428504,Upstream,Upstream,Upstream,Upstream,Upstream,Upstream,Upstream,Upstream
7080497950,7428504,Upstream,Upstream,Upstream,Upstream,Upstream,Upstream,Upstream,Upstream
7080488380,7428633,Upstream,Upstream,Upstream,Upstream,Upstream,Upstream,Upstream,Upstream
7080488280,7428633,Upstream,Upstream,Upstream,Upstream,Upstream,Upstream,Upstream,Upstream
7080488670,7428734,Downstream,Downstream,Downstream,Downstream,Downstream,Downstream,Downstream,Downstream
7080488660,7428734,Downstream,Downstream,Downstream,Downstream,Downstream,Downstream,Downstream,Downstream
7080480970,7428260,Upstream,Upstream,Upstream,Upstream,Upstream,Upstream,Upstream,Upstream
7080480920,7428260,Upstream,Upstream,Upstream,Upstream,Upstream,Upstream,Upstream,Downstream
7080526470,7426699,Upstream,Upstream,Upstream,Upstream,Upstream,Upstream,Upstream,Upstream
7080526620,7426699,Upstream,Upstream,Upstream,Upstream,Upstream,Upstream,Upstream,Upstream
7080501620,7428442,Downstream,Downstream,Downstream,Downstream,Downstream,Downstream,Downstream,Downstream
7080501490,7428442,Downstream,Downstream,Downstream,Downstream,Downstream,Downstream,Downstream,Downstream
7080501230,7428442,Downstream,Downstream,Downstream,Downstream,Downstream,Downstream,Downstream,Downstream
7080542640,7426769,Downstream,Downstream,Downstream,Downstream,Downstream,Downstream,Downstream,Downstream
7080542630,7426769,Downstream,Downstream,Downstream,Downstream,Downstream,Downstream,Downstream,Downstream
7080488390,7428734,Downstream,Downstream,Downstream,Downstream,Downstream,Downstream,Downstream,Downstream
7080488550,7428734,Upstream,Upstream,Upstream,Upstream,Upstream,Upstream,Upstream,Upstream
7080647890,7424250,Downstream,Downstream,Downstream,Downstream,Downstream,Downstream,Downstream,Downstream
7080500780,7428442,Upstream,Upstream,Upstream,Upstream,Upstream,Upstream,Upstream,Upstream
7080501040,7428442,Downstream,Downstream,Downstream,Downstream,Downstream,Downstream,Downstream,Downstream
7080500300,7428442,Upstream,Upstream,Upstream,Upstream,Upstream,Upstream,Upstream,Upstream
7080500220,7428442,Upstream,Upstream,Upstream,Upstream,Upstream,Upstream,Upstream,Upstream
7080520980,7429188,Upstream,Upstream,Upstream,Upstream,Upstream,Upstream,Upstream,Upstream
7080520990,7429188,Upstream,Upstream,Upstream,Upstream,Upstream,Upstream,Upstream,Upstream
7080473010,7428260,Upstream,Upstream,Upstream,Upstream,Upstream,Upstream,Upstream,Upstream
7080473000,7428260,Upstream,Upstream,Upstream,Upstream,Upstream,Upstream,Upstream,Upstream
7080488540,7428734,Upstream,Upstream,Upstream,Upstream,Upstream,Upstream,Upstream,Upstream
7080488290,7428734,Upstream,Upstream,Upstream,Upstream,Upstream,Upstream,Upstream,Upstream
7080487810,7428732,Upstream,Upstream,Upstream,Upstream,Upstream,Upstream,Upstream,Upstream
7080487700,7428732,Downstream,Downstream,Downstream,Downstream,Downstream,Downstream,Downstream,Downstream
7080490850,7428723,Upstream,Upstream,Upstream,Upstream,Upstream,Upstream,Upstream,Upstream
7080490690,7428723,Upstream,Upstream,Upstream,Upstream,Upstream,Upstream,Upstream,Upstream
7080489820,7428627,Downstream,Downstream,Downstream,Downstream,Downstream,Downstream,Upstream,Upstream
7080489980,7428627,Downstream,Downstream,Downstream,Downstream,Downstream,Downstream,Upstream,Downstream
7080535890,7426769,Upstream,Upstream,Upstream,Upstream,Upstream,Upstream,Upstream,Upstream
7080535780,7426769,Downstream,Downstream,Downstream,Downstream,Downstream,Downstream,Downstream,Downstream
7080648700,7424250,Downstream,Downstream,Downstream,Downstream,Downstream,Downstream,Downstream,Downstream
7080648620,7424250,Downstream,Downstream,Downstream,Downstream,Downstream,Downstream,Downstream,Downstream
7080649160,7424250,Downstream,Downstream,Downstream,Downstream,Downstream,Downstream,Upstream,Upstream
7080649260,7424250,Downstream,Downstream,Downstream,Downstream,Downstream,Downstream,Downstream,Downstream
7080486990,7428627,Upstream,Upstream,Upstream,Upstream,Upstream,Upstream,Upstream,Upstream
7080487280,7428627,Downstream,Downstream,Downstream,Downstream,Downstream,Downstream,Upstream,Upstream
7080485910,7428724,Downstream,Downstream,Downstream,Downstream,Downstream,Downstream,Downstream,Downstream
7080495950,7428442,Upstream,Upstream,Upstream,Upstream,Upstream,Upstream,Upstream,Upstream
7080486740,7428627,Upstream,Upstream,Upstream,Upstream,Upstream,Upstream,Upstream,Upstream
7080495790,7428442,Upstream,Upstream,Upstream,Upstream,Upstream,Upstream,Upstream,Upstream
7080486730,7428627,Upstream,Upstream,Upstream,Upstream,Upstream,Upstream,Upstream,Upstream
7080472280,7428738,Downstream,Downstream,Downstream,Downstream,Downstream,Downstream,Downstream,Downstream
7080486100,7428724,Downstream,Downstream,Downstream,Downstream,Downstream,Downstream,Downstream,Downstream
7080486200,7428724,Downstream,Downstream,Downstream,Downstream,Downstream,Downstream,Downstream,Downstream
7080532980,7426769,Upstream,Upstream,Upstream,Upstream,Upstream,Upstream,Upstream,Upstream
7080533220,7426769,Upstream,Upstream,Upstream,Upstream,Upstream,Upstream,Upstream,Upstream
7080485430,7428724,Downstream,Downstream,Downstream,Downstream,Downstream,Downstream,Downstream,Downstream
7080485380,7428724,Upstream,Upstream,Upstream,Upstream,Upstream,Upstream,Upstream,Upstream
7080650500,7424250,Downstream,Downstream,Downstream,Downstream,Downstream,Downstream,Upstream,Upstream
7080650550,7424250,Upstream,Upstream,Upstream,Upstream,Upstream,Upstream,Upstream,Upstream
7080530020,7426769,Upstream,Upstream,Upstream,Upstream,Upstream,Upstream,Upstream,Upstream
7080530010,7426769,Upstream,Upstream,Upstream,Upstream,Upstream,Upstream,Upstream,Upstream
7080471370,7428738,Downstream,Downstream,Downstream,Downstream,Downstream,Downstream,Downstream,Downstream
7080471270,7428738,Downstream,Downstream,Downstream,Downstream,Downstream,Downstream,Upstream,Downstream
7080481780,7428734,Upstream,Upstream,Upstream,Upstream,Upstream,Upstream,Upstream,Upstream
7080481720,7428734,Upstream,Upstream,Upstream,Upstream,Upstream,Upstream,Upstream,Upstream
7080488140,7428724,Downstream,Downstream,Downstream,Downstream,Downstream,Downstream,Downstream,Downstream
7080488410,7428724,Downstream,Downstream,Downstream,Downstream,Downstream,Downstream,Downstream,Downstream
7080479550,7428726,Downstream,Downstream,Downstream,Downstream,Downstream,Downstream,Downstream,Downstream
7080479400,7428727,Downstream,Downstream,Downstream,Downstream,Downstream,Downstream,Downstream,Downstream
7080475160,7428640,Downstream,Downstream,Downstream,Downstream,Downstream,Downstream,Downstream,Downstream
7080478220,7428727,Downstream,Downstream,Downstream,Downstream,Downstream,Downstream,Downstream,Downstream
7080478130,7428727,Downstream,Downstream,Downstream,Downstream,Downstream,Downstream,Downstream,Downstream
7080469420,7428738,Upstream,Upstream,Upstream,Upstream,Upstream,Upstream,Upstream,Upstream
7080469430,7428738,Downstream,Downstream,Downstream,Downstream,Downstream,Downstream,Upstream,Downstream
7080480260,7428726,Downstream,Downstream,Downstream,Downstream,Downstream,Downstream,Downstream,Downstream
7080480330,7428726,Downstream,Downstream,Downstream,Downstream,Downstream,Downstream,Upstream,Downstream
7080473100,7428640,Downstream,Downstream,Downstream,Downstream,Downstream,Downstream,Downstream,Downstream
7080472980,7428640,Downstream,Downstream,Downstream,Downstream,Downstream,Downstream,Downstream,Downstream
7080613860,7424890,Downstream,Downstream,Downstream,Downstream,Downstream,Downstream,Downstream,Downstream
7080614000,7424890,Upstream,Upstream,Upstream,Upstream,Downstream,Downstream,Upstream,Upstream
7080477310,7428732,Upstream,Upstream,Upstream,Upstream,Upstream,Upstream,Upstream,Upstream
7080477210,7428732,Upstream,Upstream,Upstream,Upstream,Upstream,Upstream,Upstream,Upstream
7080490230,7428724,Downstream,Downstream,Downstream,Downstream,Downstream,Downstream,Downstream,Downstream
7080490240,7428724,Downstream,Downstream,Downstream,Downstream,Downstream,Downstream,Downstream,Downstream
7080613990,7424890,Upstream,Upstream,Upstream,Upstream,Upstream,Upstream,Upstream,Upstream
7080613850,7424890,Upstream,Upstream,Upstream,Upstream,Downstream,Downstream,Upstream,Upstream
7080651720,7424250,Upstream,Upstream,Upstream,Upstream,Upstream,Upstream,Upstream,Upstream
7080651980,7424250,Upstream,Upstream,Upstream,Upstream,Upstream,Upstream,Upstream,Upstream
7080543580,7429340,Downstream,Downstream,Downstream,Downstream,Downstream,Downstream,Downstream,Downstream
7080473380,7428480,Downstream,Downstream,Downstream,Downstream,Downstream,Downstream,Downstream,Downstream
7080473370,7428490,Downstream,Downstream,Downstream,Downstream,Downstream,Downstream,Downstream,Downstream
7080614760,7424890,Upstream,Upstream,Upstream,Upstream,Upstream,Upstream,Upstream,Upstream
7080614560,7424890,Upstream,Upstream,Upstream,Upstream,Upstream,Upstream,Upstream,Upstream
7080651590,7424260,Downstream,Downstream,Downstream,Downstream,Downstream,Downstream,Downstream,Downstream
7080466590,7428640,Downstream,Downstream,Downstream,Downstream,Downstream,Downstream,Downstream,Downstream
7080466500,7428640,Downstream,Downstream,Downstream,Downstream,Downstream,Downstream,Upstream,Downstream
7080470350,7428727,Downstream,Downstream,Downstream,Downstream,Downstream,Downstream,Downstream,Downstream
7080470360,7428727,Upstream,Upstream,Upstream,Upstream,Upstream,Upstream,Upstream,Upstream
7080483350,7428726,Upstream,Upstream,Upstream,Upstream,Upstream,Upstream,Upstream,Upstream
7080483450,7428726,Downstream,Downstream,Downstream,Downstream,Downstream,Downstream,Upstream,Downstream
7080469760,7428732,Upstream,Upstream,Upstream,Upstream,Upstream,Upstream,Upstream,Upstream
7080469770,7428732,Upstream,Upstream,Upstream,Upstream,Upstream,Upstream,Upstream,Upstream
7080468180,7428480,Downstream,Downstream,Downstream,Downstream,Downstream,Downstream,Downstream,Downstream
7080468310,7428480,Downstream,Downstream,Downstream,Downstream,Downstream,Downstream,Downstream,Downstream
7080482180,7428726,Upstream,Upstream,Upstream,Upstream,Upstream,Upstream,Upstream,Upstream
7080464210,7428738,Upstream,Upstream,Upstream,Upstream,Upstream,Upstream,Upstream,Upstream
7080482170,7428726,Upstream,Upstream,Upstream,Upstream,Upstream,Upstream,Upstream,Upstream
7080464330,7428738,Upstream,Upstream,Upstream,Upstream,Upstream,Upstream,Upstream,Upstream
7080454010,7428752,Downstream,Downstream,Downstream,Downstream,Downstream,Downstream,Downstream,Downstream
7080454000,7428752,Downstream,Downstream,Downstream,Downstream,Downstream,Downstream,Downstream,Downstream
7080453910,7428752,Downstream,Downstream,Downstream,Downstream,Downstream,Downstream,Downstream,Downstream
7080468590,7428727,Upstream,Upstream,Upstream,Upstream,Upstream,Upstream,Upstream,Upstream
7080468380,7428727,Upstream,Upstream,Upstream,Upstream,Upstream,Upstream,Upstream,Upstream
7080453840,7428752,Upstream,Upstream,Upstream,Upstream,Upstream,Upstream,Downstream,Downstream
7080453770,7428752,Downstream,Downstream,Downstream,Downstream,Downstream,Downstream,Downstream,Downstream
7080465130,7428738,Upstream,Upstream,Upstream,Upstream,Upstream,Upstream,Upstream,Upstream
7080465300,7428738,Upstream,Upstream,Upstream,Upstream,Upstream,Upstream,Upstream,Upstream
7080467350,7428727,Upstream,Upstream,Upstream,Upstream,Upstream,Upstream,Upstream,Upstream
7080467240,7428727,Upstream,Upstream,Upstream,Upstream,Upstream,Upstream,Upstream,Upstream
7080540960,7429370,Downstream,Downstream,Downstream,Downstream,Downstream,Downstream,Downstream,Downstream
7080454990,7428752,Upstream,Upstream,Upstream,Upstream,Upstream,Upstream,Downstream,Downstream
7080455100,7428752,Upstream,Upstream,Upstream,Upstream,Upstream,Upstream,Downstream,Downstream
7080644950,7424260,Upstream,Upstream,Upstream,Downstream,Downstream,Downstream,Upstream,Upstream
7080644880,7424260,Downstream,Downstream,Downstream,Downstream,Downstream,Downstream,Downstream,Downstream
7080462580,7428480,Upstream,Upstream,Upstream,Upstream,Upstream,Upstream,Upstream,Upstream
7080462570,7428480,Downstream,Downstream,Downstream,Downstream,Downstream,Downstream,Downstream,Downstream
7080475860,7428726,Upstream,Upstream,Upstream,Upstream,Upstream,Upstream,Upstream,Upstream
7080475760,7428726,Upstream,Upstream,Upstream,Upstream,Upstream,Upstream,Upstream,Upstream
7080446240,7428754,Downstream,Downstream,Downstream,Downstream,Downstream,Downstream,Downstream,Downstream
7080614060,7424890,Upstream,Upstream,Upstream,Upstream,Upstream,Upstream,Upstream,Upstream
7080614320,7424890,Upstream,Upstream,Upstream,Upstream,Upstream,Upstream,Upstream,Upstream
7080536440,7429370,Downstream,Downstream,Downstream,Downstream,Downstream,Downstream,Downstream,Downstream
7080536430,7429370,Downstream,Downstream,Downstream,Downstream,Downstream,Downstream,Downstream,Downstream
7080529170,7429340,Downstream,Downstream,Downstream,Downstream,Downstream,Downstream,Downstream,Downstream
7080529160,7429340,Downstream,Downstream,Downstream,Downstream,Downstream,Downstream,Downstream,Downstream
7080460510,7428480,Upstream,Upstream,Upstream,Upstream,Upstream,Upstream,Upstream,Upstream
7080460450,7428480,Upstream,Upstream,Upstream,Upstream,Upstream,Upstream,Upstream,Upstream
7080456350,7428752,Upstream,Upstream,Upstream,Upstream,Upstream,Upstream,Downstream,Downstream
7080456410,7428752,Upstream,Upstream,Upstream,Upstream,Upstream,Upstream,Upstream,Upstream
7080456040,7428640,Downstream,Downstream,Downstream,Downstream,Downstream,Downstream,Upstream,Downstream
7080455930,7428640,Upstream,Upstream,Upstream,Upstream,Upstream,Upstream,Upstream,Upstream
7080459070,7428480,Upstream,Upstream,Upstream,Upstream,Upstream,Upstream,Upstream,Upstream
7080458980,7428480,Upstream,Upstream,Upstream,Upstream,Upstream,Upstream,Upstream,Upstream
7080441730,7428756,Downstream,Downstream,Downstream,Downstream,Downstream,Downstream,Downstream,Downstream
7080441720,7428757,Downstream,Downstream,Downstream,Downstream,Downstream,Downstream,Upstream,Downstream
7080460660,7428490,Downstream,Downstream,Downstream,Downstream,Downstream,Downstream,Downstream,Downstream
7080460650,7428490,Downstream,Downstream,Downstream,Downstream,Downstream,Downstream,Upstream,Upstream
7080446000,7428754,Downstream,Downstream,Downstream,Downstream,Downstream,Downstream,Downstream,Downstream
7080446100,7428754,Downstream,Downstream,Downstream,Downstream,Downstream,Downstream,Downstream,Downstream
7080533200,7429370,Upstream,Upstream,Upstream,Upstream,Upstream,Upstream,Downstream,Downstream
7080533060,7429370,Downstream,Downstream,Downstream,Downstream,Downstream,Downstream,Downstream,Downstream
7080638560,7424260,Upstream,Upstream,Upstream,Downstream,Downstream,Downstream,Upstream,Upstream
7080638570,7424260,Upstream,Upstream,Upstream,Downstream,Downstream,Downstream,Upstream,Upstream
7080524720,7429340,Downstream,Downstream,Downstream,Downstream,Downstream,Downstream,Downstream,Downstream
7080524550,7429340,Upstream,Upstream,Upstream,Upstream,Upstream,Upstream,Upstream,Upstream
7080439200,7428756,Downstream,Downstream,Downstream,Downstream,Downstream,Downstream,Downstream,Downstream
7080439140,7428756,Downstream,Downstream,Downstream,Downstream,Downstream,Downstream,Downstream,Downstream
7080532710,7429370,Upstream,Upstream,Upstream,Upstream,Upstream,Upstream,Upstream,Upstream
7080532720,7429370,Upstream,Upstream,Upstream,Upstream,Upstream,Upstream,Downstream,Downstream
7080542540,7426789,Downstream,Downstream,Downstream,Downstream,Downstream,Downstream,Downstream,Downstream
7080439700,7428757,Downstream,Downstream,Downstream,Downstream,Downstream,Downstream,Upstream,Upstream
7080439570,7428757,Downstream,Downstream,Downstream,Downstream,Downstream,Downstream,Upstream,Downstream
7080449610,7428640,Upstream,Upstream,Upstream,Upstream,Upstream,Upstream,Upstream,Upstream
7080449600,7428640,Upstream,Upstream,Upstream,Upstream,Upstream,Upstream,Upstream,Upstream
7080445070,7428754,Downstream,Downstream,Downstream,Downstream,Downstream,Downstream,Downstream,Downstream
7080445340,7428754,Upstream,Upstream,Upstream,Upstream,Upstream,Upstream,Upstream,Upstream
7080588030,7424993,Downstream,Downstream,Downstream,Downstream,Downstream,Downstream,Downstream,Downstream
7080437600,7428757,Downstream,Downstream,Downstream,Downstream,Downstream,Downstream,Upstream,Upstream
7080437490,7428757,Upstream,Upstream,Upstream,Upstream,Upstream,Upstream,Upstream,Upstream
7080633660,7424260,Upstream,Upstream,Upstream,Upstream,Upstream,Upstream,Upstream,Upstream
7080633480,7424260,Upstream,Upstream,Upstream,Downstream,Downstream,Downstream,Upstream,Upstream
7080527760,7429380,Downstream,Downstream,Downstream,Downstream,Downstream,Downstream,Upstream,Downstream
7080436620,7428757,Upstream,Upstream,Upstream,Upstream,Upstream,Upstream,Upstream,Upstream
7080436540,7428757,Upstream,Upstream,Upstream,Upstream,Upstream,Upstream,Upstream,Upstream
7080518330,7429340,Upstream,Upstream,Upstream,Upstream,Upstream,Upstream,Upstream,Upstream
7080518280,7429340,Upstream,Upstream,Upstream,Upstream,Upstream,Upstream,Upstream,Upstream
7080446810,7428754,Upstream,Upstream,Upstream,Upstream,Upstream,Upstream,Upstream,Upstream
7080447000,7428754,Upstream,Upstream,Upstream,Upstream,Upstream,Upstream,Upstream,Upstream
7080434920,7428757,Upstream,Upstream,Upstream,Upstream,Upstream,Upstream,Upstream,Upstream
7080434820,7428757,Upstream,Upstream,Upstream,Upstream,Upstream,Upstream,Upstream,Upstream
7080534510,7426789,Downstream,Downstream,Downstream,Downstream,Downstream,Downstream,Downstream,Downstream
7080534430,7426789,Downstream,Downstream,Downstream,Downstream,Downstream,Downstream,Downstream,Downstream
7080629890,7424260,Upstream,Upstream,Upstream,Upstream,Upstream,Upstream,Upstream,Upstream
7080629760,7424260,Upstream,Upstream,Upstream,Upstream,Upstream,Upstream,Upstream,Upstream
7080589330,7424993,Downstream,Downstream,Downstream,Downstream,Downstream,Downstream,Downstream,Downstream
7080589140,7424993,Downstream,Downstream,Downstream,Downstream,Downstream,Downstream,Downstream,Downstream
7080532760,7426789,Downstream,Downstream,Downstream,Downstream,Downstream,Downstream,Downstream,Downstream
7080532590,7426789,Downstream,Downstream,Downstream,Downstream,Downstream,Downstream,Upstream,Downstream
7080432250,7428758,Downstream,Downstream,Downstream,Downstream,Downstream,Downstream,Downstream,Downstream
7080523370,7429380,Downstream,Downstream,Downstream,Downstream,Downstream,Downstream,Upstream,Downstream
7080588790,7424993,Downstream,Downstream,Downstream,Downstream,Downstream,Downstream,Downstream,Downstream
7080523270,7429380,Upstream,Upstream,Upstream,Upstream,Upstream,Upstream,Upstream,Upstream
7080588620,7424993,Upstream,Upstream,Upstream,Upstream,Upstream,Upstream,Upstream,Upstream
7080434660,7428756,Downstream,Downstream,Downstream,Downstream,Downstream,Downstream,Downstream,Downstream
7080434570,7428756,Downstream,Downstream,Downstream,Downstream,Downstream,Downstream,Downstream,Downstream
7080643600,7424280,Downstream,Downstream,Downstream,Downstream,Downstream,Downstream,Downstream,Downstream
7080444960,7428754,Upstream,Upstream,Upstream,Upstream,Upstream,Upstream,Upstream,Upstream
7080444820,7428754,Upstream,Upstream,Upstream,Upstream,Upstream,Upstream,Upstream,Upstream
7080586990,7424993,Upstream,Upstream,Upstream,Upstream,Upstream,Upstream,Upstream,Upstream
7080586860,7424993,Upstream,Upstream,Upstream,Upstream,Upstream,Upstream,Upstream,Upstream
7080586980,7424993,Upstream,Upstream,Upstream,Upstream,Upstream,Upstream,Upstream,Upstream
7080587170,7424993,Upstream,Upstream,Upstream,Upstream,Upstream,Upstream,Upstream,Upstream
7080527150,7426789,Downstream,Downstream,Downstream,Downstream,Downstream,Downstream,Upstream,Downstream
7080527040,7426789,Upstream,Upstream,Upstream,Upstream,Upstream,Upstream,Upstream,Upstream
7080642350,7424280,Downstream,Downstream,Downstream,Downstream,Downstream,Downstream,Downstream,Downstream
7080642270,7424280,Downstream,Downstream,Downstream,Downstream,Downstream,Downstream,Downstream,Downstream
7080429630,7428770,Downstream,Downstream,Downstream,Downstream,Downstream,Downstream,Downstream,Downstream
7080511760,7429340,Upstream,Upstream,Upstream,Upstream,Upstream,Upstream,Upstream,Upstream
7080511500,7429340,Upstream,Upstream,Upstream,Upstream,Upstream,Upstream,Upstream,Upstream
7080580820,7426840,Downstream,Downstream,Downstream,Downstream,Downstream,Downstream,Downstream,Downstream
7080432130,7428758,Downstream,Downstream,Downstream,Downstream,Downstream,Downstream,Downstream,Downstream
7080432410,7428758,Downstream,Downstream,Downstream,Downstream,Downstream,Downstream,Downstream,Downstream
7080586340,7424994,Downstream,Downstream,Downstream,Downstream,Downstream,Downstream,Downstream,Downstream
7080526280,7426789,Upstream,Upstream,Upstream,Upstream,Upstream,Upstream,Upstream,Upstream
7080526480,7426789,Upstream,Upstream,Upstream,Upstream,Upstream,Upstream,Upstream,Upstream
7080429250,7428756,Downstream,Downstream,Downstream,Downstream,Downstream,Downstream,Downstream,Downstream
7080429170,7428756,Upstream,Upstream,Upstream,Upstream,Upstream,Upstream,Upstream,Upstream
7080443300,7428490,Upstream,Upstream,Upstream,Upstream,Upstream,Upstream,Upstream,Upstream
7080443310,7428490,Downstream,Downstream,Downstream,Downstream,Downstream,Downstream,Upstream,Upstream
7080425810,7428770,Downstream,Downstream,Downstream,Downstream,Downstream,Downstream,Downstream,Downstream
7080425600,7428770,Downstream,Downstream,Downstream,Downstream,Downstream,Downstream,Downstream,Downstream
7080446110,7428747,Downstream,Downstream,Downstream,Downstream,Downstream,Downstream,Downstream,Downstream
7080589320,7424994,Downstream,Downstream,Downstream,Downstream,Downstream,Downstream,Downstream,Downstream
7080589460,7424994,Downstream,Downstream,Downstream,Downstream,Downstream,Downstream,Downstream,Downstream
7080514640,7429410,Downstream,Downstream,Downstream,Downstream,Downstream,Downstream,Downstream,Downstream
7080514480,7429410,Downstream,Downstream,Downstream,Downstream,Downstream,Downstream,Downstream,Downstream
7080514630,7429410,Downstream,Downstream,Downstream,Downstream,Downstream,Downstream,Downstream,Downstream
7080577370,7426840,Downstream,Downstream,Downstream,Downstream,Downstream,Downstream,Downstream,Downstream
7080577280,7426840,Downstream,Downstream,Downstream,Downstream,Downstream,Downstream,Downstream,Downstream
7080421260,7428762,Downstream,Downstream,Downstream,Downstream,Downstream,Downstream,Downstream,Downstream
7080583690,7424996,Downstream,Downstream,Downstream,Downstream,Downstream,Downstream,Downstream,Downstream
7080592100,7424994,Downstream,Downstream,Downstream,Downstream,Downstream,Downstream,Downstream,Downstream
7080592190,7424994,Downstream,Downstream,Downstream,Downstream,Downstream,Downstream,Downstream,Downstream
7080568440,7429245,Downstream,Downstream,Downstream,Downstream,Downstream,Downstream,Downstream,Downstream
7080433730,7428758,Upstream,Upstream,Upstream,Upstream,Upstream,Upstream,Upstream,Upstream
7080433390,7428758,Downstream,Downstream,Downstream,Downstream,Downstream,Downstream,Downstream,Downstream
7080442730,7428747,Downstream,Downstream,Downstream,Downstream,Downstream,Downstream,Downstream,Downstream
7080442610,7428747,Downstream,Downstream,Downstream,Downstream,Downstream,Downstream,Upstream,Downstream
7080424800,7428770,Downstream,Downstream,Downstream,Downstream,Downstream,Downstream,Downstream,Downstream
7080424980,7428770,Upstream,Upstream,Upstream,Upstream,Upstream,Upstream,Upstream,Upstream
7080641640,7424280,Upstream,Upstream,Upstream,Upstream,Upstream,Upstream,Upstream,Downstream
7080641480,7424280,Downstream,Downstream,Downstream,Downstream,Downstream,Downstream,Downstream,Downstream
7080441210,7428490,Upstream,Upstream,Upstream,Upstream,Upstream,Upstream,Upstream,Upstream
7080441420,7428490,Upstream,Upstream,Upstream,Upstream,Upstream,Upstream,Upstream,Upstream
7080424210,7428770,Downstream,Downstream,Downstream,Downstream,Downstream,Downstream,Downstream,Downstream
7080424080,7428770,Downstream,Downstream,Downstream,Downstream,Downstream,Downstream,Downstream,Downstream
7080424070,7428770,Downstream,Downstream,Downstream,Downstream,Downstream,Downstream,Downstream,Downstream
7080423690,7428770,Downstream,Downstream,Downstream,Downstream,Downstream,Downstream,Downstream,Downstream
7080603890,7424987,Downstream,Downstream,Downstream,Downstream,Downstream,Downstream,Downstream,Downstream
7080436240,7428758,Upstream,Upstream,Upstream,Upstream,Upstream,Upstream,Upstream,Upstream
7080641860,7424280,Upstream,Upstream,Upstream,Upstream,Upstream,Upstream,Upstream,Upstream
7080642040,7424280,Upstream,Upstream,Upstream,Upstream,Upstream,Upstream,Upstream,Downstream
7080435980,7428758,Upstream,Upstream,Upstream,Upstream,Upstream,Upstream,Upstream,Upstream
7080604740,7424987,Downstream,Downstream,Downstream,Downstream,Downstream,Downstream,Downstream,Downstream
7080604730,7424987,Downstream,Downstream,Downstream,Downstream,Downstream,Downstream,Downstream,Downstream
7080435650,7428758,Upstream,Upstream,Upstream,Upstream,Upstream,Upstream,Upstream,Upstream
7080435760,7428758,Upstream,Upstream,Upstream,Upstream,Upstream,Upstream,Upstream,Upstream
7080417680,7428756,Upstream,Upstream,Upstream,Upstream,Upstream,Upstream,Upstream,Upstream
7080417540,7428756,Upstream,Upstream,Upstream,Upstream,Upstream,Upstream,Upstream,Upstream
7080587640,7424996,Downstream,Downstream,Downstream,Downstream,Downstream,Downstream,Downstream,Downstream
7080587760,7424996,Downstream,Downstream,Downstream,Downstream,Downstream,Downstream,Downstream,Downstream
7080585550,7426860,Downstream,Downstream,Downstream,Downstream,Downstream,Downstream,Downstream,Downstream
7080438150,7428490,Upstream,Upstream,Upstream,Upstream,Upstream,Upstream,Upstream,Upstream
7080438040,7428490,Upstream,Upstream,Upstream,Upstream,Upstream,Upstream,Upstream,Upstream
7080508450,7429380,Downstream,Downstream,Downstream,Downstream,Downstream,Downstream,Upstream,Downstream
7080508280,7429380,Downstream,Downstream,Downstream,Downstream,Downstream,Downstream,Upstream,Downstream
7080606850,7424987,Downstream,Downstream,Upstream,Upstream,Upstream,Upstream,Downstream,Downstream
7080606980,7424987,Downstream,Downstream,Downstream,Downstream,Downstream,Downstream,Downstream,Downstream
7080583100,7424999,Downstream,Downstream,Downstream,Downstream,Downstream,Downstream,Downstream,Downstream
7080514620,7429410,Upstream,Upstream,Upstream,Upstream,Upstream,Upstream,Upstream,Upstream
7080514470,7429410,Downstream,Downstream,Downstream,Downstream,Downstream,Downstream,Downstream,Downstream
7080413190,7428762,Downstream,Downstream,Downstream,Downstream,Downstream,Downstream,Upstream,Upstream
7080413060,7428762,Downstream,Downstream,Downstream,Downstream,Downstream,Downstream,Downstream,Downstream
7080507410,7429380,Downstream,Downstream,Downstream,Downstream,Downstream,Downstream,Upstream,Downstream
7080507290,7429380,Downstream,Downstream,Downstream,Downstream,Downstream,Downstream,Upstream,Downstream
7080639510,7424280,Upstream,Upstream,Upstream,Upstream,Upstream,Upstream,Upstream,Upstream
7080639700,7424280,Upstream,Upstream,Upstream,Upstream,Upstream,Upstream,Upstream,Upstream
7080597580,7424994,Downstream,Downstream,Downstream,Downstream,Downstream,Downstream,Downstream,Downstream
7080597650,7424994,Upstream,Upstream,Upstream,Upstream,Upstream,Upstream,Upstream,Upstream
7080578240,7426840,Downstream,Downstream,Downstream,Downstream,Downstream,Downstream,Downstream,Downstream
7080578120,7426840,Upstream,Upstream,Upstream,Upstream,Upstream,Upstream,Upstream,Upstream
7080607860,7424987,Upstream,Upstream,Upstream,Upstream,Upstream,Upstream,Upstream,Upstream
7080607930,7424987,Downstream,Downstream,Upstream,Upstream,Upstream,Upstream,Downstream,Downstream
7080591180,7424996,Upstream,Upstream,Upstream,Upstream,Upstream,Upstream,Upstream,Upstream
7080591300,7424996,Downstream,Downstream,Downstream,Downstream,Downstream,Downstream,Downstream,Downstream
7080504760,7429380,Downstream,Downstream,Downstream,Downstream,Downstream,Downstream,Upstream,Downstream
7080505000,7429380,Downstream,Downstream,Downstream,Downstream,Downstream,Downstream,Upstream,Downstream
7080503650,7429512,Downstream,Downstream,Downstream,Downstream,Downstream,Downstream,Downstream,Downstream
7080501990,7429512,Downstream,Downstream,Downstream,Downstream,Downstream,Downstream,Downstream,Downstream
7080501980,7429512,Downstream,Downstream,Downstream,Downstream,Downstream,Downstream,Downstream,Downstream
7080601020,7424994,Upstream,Upstream,Upstream,Upstream,Upstream,Upstream,Upstream,Upstream
7080600830,7424994,Upstream,Upstream,Upstream,Upstream,Upstream,Upstream,Upstream,Upstream
7080585050,7426860,Upstream,Upstream,Upstream,Downstream,Downstream,Downstream,Upstream,Downstream
7080585160,7426860,Downstream,Downstream,Downstream,Downstream,Downstream,Downstream,Downstream,Downstream
7080605230,7424987,Upstream,Upstream,Upstream,Upstream,Upstream,Upstream,Upstream,Upstream
7080605130,7424987,Upstream,Upstream,Upstream,Upstream,Upstream,Upstream,Upstream,Upstream
7080574850,7426840,Upstream,Upstream,Upstream,Upstream,Upstream,Upstream,Upstream,Upstream
7080575020,7426840,Upstream,Upstream,Upstream,Upstream,Upstream,Upstream,Upstream,Upstream
7080405850,7428762,Downstream,Downstream,Downstream,Downstream,Downstream,Downstream,Upstream,Upstream
7080405760,7428762,Upstream,Upstream,Upstream,Upstream,Upstream,Upstream,Upstream,Upstream
7080583510,7426860,Upstream,Upstream,Upstream,Upstream,Upstream,Upstream,Upstream,Upstream
7080583780,7426860,Upstream,Upstream,Upstream,Downstream,Downstream,Downstream,Upstream,Downstream
7080409280,7428783,Downstream,Downstream,Downstream,Downstream,Downstream,Downstream,Downstream,Downstream
7080415980,7428810,Downstream,Downstream,Downstream,Downstream,Downstream,Downstream,Downstream,Downstream
7080403430,7428762,Upstream,Upstream,Upstream,Upstream,Upstream,Upstream,Upstream,Upstream
7080403310,7428762,Upstream,Upstream,Upstream,Upstream,Upstream,Upstream,Upstream,Upstream
7080497000,7429512,Downstream,Downstream,Downstream,Downstream,Downstream,Downstream,Downstream,Downstream
7080496960,7429512,Upstream,Upstream,Upstream,Upstream,Upstream,Upstream,Upstream,Downstream
7080578680,7424999,Upstream,Upstream,Upstream,Upstream,Upstream,Upstream,Upstream,Downstream
7080578690,7424999,Downstream,Downstream,Downstream,Downstream,Downstream,Downstream,Downstream,Downstream
7080495940,7429516,Downstream,Downstream,Downstream,Downstream,Downstream,Downstream,Downstream,Downstream
7080578840,7424999,Upstream,Upstream,Upstream,Upstream,Upstream,Upstream,Upstream,Upstream
7080578980,7424999,Upstream,Upstream,Upstream,Upstream,Upstream,Upstream,Upstream,Downstream
7080582090,7426860,Upstream,Upstream,Upstream,Upstream,Upstream,Upstream,Upstream,Upstream
7080582300,7426860,Upstream,Upstream,Upstream,Upstream,Upstream,Upstream,Upstream,Upstream
7080581810,7426860,Upstream,Upstream,Upstream,Upstream,Upstream,Upstream,Upstream,Upstream
7080581980,7426860,Upstream,Upstream,Upstream,Upstream,Upstream,Upstream,Upstream,Upstream
7080594850,7424996,Upstream,Upstream,Upstream,Upstream,Upstream,Upstream,Upstream,Upstream
7080594700,7424996,Upstream,Upstream,Upstream,Upstream,Upstream,Upstream,Upstream,Upstream
7080594940,7424996,Upstream,Upstream,Upstream,Upstream,Upstream,Upstream,Upstream,Upstream
7080594690,7424996,Upstream,Upstream,Upstream,Upstream,Upstream,Upstream,Upstream,Upstream
7080397820,7428762,Upstream,Upstream,Upstream,Upstream,Upstream,Upstream,Upstream,Upstream
7080397650,7428762,Upstream,Upstream,Upstream,Upstream,Upstream,Upstream,Upstream,Upstream
7080573420,7426840,Upstream,Upstream,Upstream,Upstream,Upstream,Upstream,Upstream,Upstream
7080573500,7426840,Upstream,Upstream,Upstream,Upstream,Upstream,Upstream,Upstream,Upstream
7080577430,7424999,Upstream,Upstream,Upstream,Upstream,Upstream,Upstream,Upstream,Upstream
7080577330,7424999,Upstream,Upstream,Upstream,Upstream,Upstream,Upstream,Upstream,Upstream
7080597680,7426880,Downstream,Downstream,Downstream,Downstream,Downstream,Downstream,Downstream,Downstream
7080420920,7428747,Upstream,Upstream,Upstream,Upstream,Upstream,Upstream,Upstream,Upstream
7080420910,7428747,Downstream,Downstream,Downstream,Downstream,Downstream,Downstream,Upstream,Downstream
7080490420,7429516,Downstream,Downstream,Downstream,Downstream,Downstream,Downstream,Downstream,Downstream
7080490340,7429516,Downstream,Downstream,Downstream,Downstream,Downstream,Downstream,Downstream,Downstream
7080405130,7428768,Downstream,Downstream,Downstream,Downstream,Downstream,Downstream,Downstream,Downstream
7080404960,7428769,Downstream,Downstream,Downstream,Downstream,Downstream,Downstream,Upstream,Downstream
7080490070,7429512,Upstream,Upstream,Upstream,Upstream,Upstream,Upstream,Upstream,Upstream
7080490350,7429512,Upstream,Upstream,Upstream,Upstream,Upstream,Upstream,Upstream,Downstream
7080397290,7428783,Downstream,Downstream,Downstream,Downstream,Downstream,Downstream,Upstream,Downstream
7080397300,7428783,Downstream,Downstream,Downstream,Downstream,Downstream,Downstream,Downstream,Downstream
7080488960,7429516,Downstream,Downstream,Downstream,Downstream,Downstream,Downstream,Upstream,Downstream
7080488950,7429516,Downstream,Downstream,Downstream,Downstream,Downstream,Downstream,Downstream,Downstream
7080421400,7428810,Downstream,Downstream,Downstream,Downstream,Downstream,Downstream,Downstream,Downstream
7080406640,7428940,Downstream,Downstream,Downstream,Downstream,Downstream,Downstream,Upstream,Downstream
7080421550,7428810,Downstream,Downstream,Downstream,Downstream,Downstream,Downstream,Upstream,Downstream
7080539690,7426957,Downstream,Downstream,Downstream,Downstream,Downstream,Downstream,Downstream,Downstream
7080488270,7429512,Upstream,Upstream,Upstream,Upstream,Upstream,Upstream,Upstream,Upstream
7080488260,7429512,Upstream,Upstream,Upstream,Upstream,Upstream,Upstream,Upstream,Upstream
7080397280,7428783,Upstream,Upstream,Upstream,Upstream,Upstream,Upstream,Upstream,Upstream
7080397500,7428783,Downstream,Downstream,Downstream,Downstream,Downstream,Downstream,Upstream,Downstream
7080415290,7428747,Upstream,Upstream,Upstream,Upstream,Upstream,Upstream,Upstream,Upstream
7080415190,7428747,Upstream,Upstream,Upstream,Upstream,Upstream,Upstream,Upstream,Upstream
7080414820,7428747,Upstream,Upstream,Upstream,Upstream,Upstream,Upstream,Upstream,Upstream
7080414680,7428747,Upstream,Upstream,Upstream,Upstream,Upstream,Upstream,Upstream,Upstream
7080394890,7428783,Upstream,Upstream,Upstream,Upstream,Upstream,Upstream,Upstream,Upstream
7080394760,7428783,Upstream,Upstream,Upstream,Upstream,Upstream,Upstream,Upstream,Upstream
7080535970,7426957,Downstream,Downstream,Downstream,Downstream,Downstream,Downstream,Downstream,Downstream
7080535960,7426957,Downstream,Downstream,Downstream,Downstream,Downstream,Downstream,Downstream,Downstream
7080400210,7428768,Downstream,Downstream,Downstream,Downstream,Downstream,Downstream,Downstream,Downstream
7080400090,7428768,Downstream,Downstream,Downstream,Downstream,Downstream,Downstream,Downstream,Downstream
7080534160,7426957,Downstream,Downstream,Downstream,Downstream,Downstream,Downstream,Downstream,Downstream
7080534070,7426957,Upstream,Upstream,Upstream,Upstream,Upstream,Upstream,Upstream,Downstream
7080424790,7428810,Upstream,Upstream,Upstream,Upstream,Upstream,Upstream,Upstream,Upstream
7080424780,7428810,Downstream,Downstream,Downstream,Downstream,Downstream,Downstream,Upstream,Downstream
7080410900,7428940,Upstream,Upstream,Upstream,Upstream,Upstream,Upstream,Upstream,Upstream
7080410800,7428940,Downstream,Downstream,Downstream,Downstream,Downstream,Downstream,Upstream,Downstream
7080533090,7426957,Upstream,Upstream,Upstream,Upstream,Upstream,Upstream,Upstream,Downstream
7080391500,7428783,Upstream,Upstream,Upstream,Upstream,Upstream,Upstream,Upstream,Upstream
7080533100,7426957,Upstream,Upstream,Upstream,Upstream,Upstream,Upstream,Upstream,Upstream
7080391370,7428783,Upstream,Upstream,Upstream,Upstream,Upstream,Upstream,Upstream,Upstream
7080596200,7426880,Downstream,Downstream,Downstream,Downstream,Downstream,Downstream,Downstream,Downstream
7080596070,7426880,Downstream,Downstream,Downstream,Downstream,Downstream,Downstream,Downstream,Downstream
7080533640,7426946,Downstream,Downstream,Downstream,Downstream,Downstream,Downstream,Downstream,Downstream
7080427080,7428810,Upstream,Upstream,Upstream,Upstream,Upstream,Upstream,Upstream,Upstream
7080427220,7428810,Upstream,Upstream,Upstream,Upstream,Upstream,Upstream,Upstream,Upstream
7080427740,7428810,Upstream,Upstream,Upstream,Upstream,Upstream,Upstream,Upstream,Upstream
7080427930,7428810,Upstream,Upstream,Upstream,Upstream,Upstream,Upstream,Upstream,Upstream
7080388130,7428787,Downstream,Downstream,Downstream,Downstream,Downstream,Downstream,Downstream,Downstream
7080394240,7428768,Upstream,Upstream,Upstream,Upstream,Upstream,Upstream,Upstream,Downstream
7080394250,7428768,Downstream,Downstream,Downstream,Downstream,Downstream,Downstream,Downstream,Downstream
7080532600,7426946,Downstream,Downstream,Downstream,Downstream,Downstream,Downstream,Upstream,Downstream
7080532500,7426946,Downstream,Downstream,Downstream,Downstream,Downstream,Downstream,Downstream,Downstream
7080576200,7424999,Upstream,Upstream,Upstream,Upstream,Upstream,Upstream,Upstream,Upstream
7080576140,7424999,Upstream,Upstream,Upstream,Upstream,Upstream,Upstream,Upstream,Upstream
7080392120,7428768,Upstream,Upstream,Upstream,Upstream,Upstream,Upstream,Upstream,Downstream
7080386410,7428787,Downstream,Downstream,Downstream,Downstream,Downstream,Downstream,Downstream,Downstream
7080392030,7428768,Upstream,Upstream,Upstream,Upstream,Upstream,Upstream,Upstream,Upstream
7080386270,7428787,Downstream,Downstream,Downstream,Downstream,Downstream,Downstream,Downstream,Downstream
7080570300,7429245,Downstream,Downstream,Downstream,Downstream,Downstream,Downstream,Downstream,Downstream
7080570520,7429245,Upstream,Downstream,Downstream,Downstream,Downstream,Downstream,Upstream,Upstream
7080385560,7428787,Downstream,Downstream,Downstream,Downstream,Downstream,Downstream,Downstream,Downstream
7080385410,7428787,Upstream,Upstream,Upstream,Upstream,Upstream,Upstream,Upstream,Upstream
7080526030,7426957,Upstream,Upstream,Upstream,Upstream,Upstream,Upstream,Upstream,Upstream
7080525930,7426957,Upstream,Upstream,Upstream,Upstream,Upstream,Upstream,Upstream,Upstream
7080531510,7426946,Upstream,Upstream,Upstream,Upstream,Upstream,Upstream,Upstream,Upstream
7080531500,7426946,Downstream,Downstream,Downstream,Downstream,Downstream,Downstream,Upstream,Downstream
7080394900,7428769,Downstream,Downstream,Downstream,Downstream,Downstream,Downstream,Upstream,Upstream
7080395070,7428769,Downstream,Downstream,Downstream,Downstream,Downstream,Downstream,Upstream,Downstream
7080591360,7426880,Upstream,Upstream,Upstream,Upstream,Upstream,Upstream,Upstream,Upstream
7080591590,7426880,Downstream,Downstream,Downstream,Downstream,Downstream,Downstream,Downstream,Downstream
7080590280,7426880,Upstream,Upstream,Upstream,Upstream,Upstream,Upstream,Upstream,Upstream
7080590220,7426880,Upstream,Upstream,Upstream,Upstream,Upstream,Upstream,Upstream,Upstream
7080387670,7428768,Upstream,Upstream,Upstream,Upstream,Upstream,Upstream,Upstream,Upstream
7080387660,7428768,Upstream,Upstream,Upstream,Upstream,Upstream,Upstream,Upstream,Upstream
7080383580,7428787,Upstream,Upstream,Upstream,Upstream,Upstream,Upstream,Upstream,Upstream
7080383470,7428787,Upstream,Upstream,Upstream,Upstream,Upstream,Upstream,Upstream,Upstream
7080490550,7429427,Downstream,Downstream,Downstream,Downstream,Downstream,Downstream,Downstream,Downstream
7080383890,7428787,Upstream,Upstream,Upstream,Upstream,Upstream,Upstream,Upstream,Upstream
7080384100,7428787,Upstream,Upstream,Upstream,Upstream,Upstream,Upstream,Upstream,Upstream
7080529760,7426949,Downstream,Downstream,Downstream,Downstream,Downstream,Downstream,Downstream,Downstream
7080436930,7428822,Downstream,Downstream,Downstream,Downstream,Downstream,Downstream,Downstream,Downstream
7080470750,7429516,Downstream,Downstream,Downstream,Downstream,Downstream,Downstream,Upstream,Downstream
7080470620,7429516,Upstream,Upstream,Upstream,Upstream,Upstream,Upstream,Upstream,Upstream
7080438050,7428822,Downstream,Downstream,Downstream,Downstream,Downstream,Downstream,Upstream,Downstream
7080408310,7428940,Downstream,Downstream,Downstream,Downstream,Downstream,Downstream,Upstream,Downstream
7080438160,7428822,Downstream,Downstream,Downstream,Downstream,Downstream,Downstream,Downstream,Downstream
7080408140,7428940,Downstream,Downstream,Downstream,Downstream,Downstream,Downstream,Upstream,Downstream
7080438170,7428822,Downstream,Downstream,Downstream,Downstream,Downstream,Downstream,Upstream,Upstream
7080438330,7428822,Downstream,Downstream,Downstream,Downstream,Downstream,Downstream,Upstream,Downstream
7080399840,7428749,Downstream,Downstream,Downstream,Downstream,Downstream,Downstream,Downstream,Downstream
7080525580,7426946,Upstream,Upstream,Upstream,Upstream,Upstream,Upstream,Upstream,Upstream
7080525440,7426946,Upstream,Upstream,Upstream,Upstream,Upstream,Upstream,Upstream,Upstream
7080527710,7426949,Downstream,Downstream,Downstream,Downstream,Downstream,Downstream,Downstream,Downstream
7080527720,7426949,Downstream,Downstream,Downstream,Downstream,Downstream,Downstream,Downstream,Downstream
7080572310,7429245,Upstream,Upstream,Upstream,Upstream,Upstream,Upstream,Upstream,Upstream
7080572470,7429245,Upstream,Downstream,Downstream,Downstream,Downstream,Downstream,Upstream,Upstream
7080525190,7426946,Upstream,Upstream,Upstream,Upstream,Upstream,Upstream,Upstream,Upstream
7080525180,7426946,Upstream,Upstream,Upstream,Upstream,Upstream,Upstream,Upstream,Upstream
7080523060,7426960,Downstream,Downstream,Downstream,Downstream,Downstream,Downstream,Downstream,Downstream
7080388450,7428769,Downstream,Downstream,Downstream,Downstream,Downstream,Downstream,Upstream,Upstream
7080388460,7428769,Upstream,Upstream,Upstream,Upstream,Upstream,Upstream,Upstream,Upstream
7080525920,7426949,Downstream,Downstream,Downstream,Downstream,Downstream,Downstream,Downstream,Downstream
7080525870,7426949,Upstream,Upstream,Upstream,Upstream,Upstream,Upstream,Upstream,Upstream
7080407330,7428940,Downstream,Downstream,Downstream,Downstream,Downstream,Downstream,Upstream,Downstream
7080407490,7428940,Downstream,Downstream,Downstream,Downstream,Downstream,Downstream,Upstream,Downstream
7080438690,7428822,Upstream,Upstream,Upstream,Upstream,Upstream,Upstream,Upstream,Upstream
7080438470,7428822,Downstream,Downstream,Downstream,Downstream,Downstream,Downstream,Upstream,Upstream
7080524300,7426949,Upstream,Upstream,Upstream,Upstream,Upstream,Upstream,Upstream,Upstream
7080524120,7426949,Upstream,Upstream,Upstream,Upstream,Upstream,Upstream,Upstream,Upstream
7080471640,7429536,Downstream,Downstream,Downstream,Downstream,Downstream,Downstream,Downstream,Downstream
7080584360,7426880,Upstream,Upstream,Upstream,Upstream,Upstream,Upstream,Upstream,Upstream
7080584180,7426880,Upstream,Upstream,Upstream,Upstream,Upstream,Upstream,Upstream,Upstream
7080432540,7428840,Downstream,Downstream,Downstream,Downstream,Downstream,Downstream,Downstream,Downstream
7080519510,7426960,Downstream,Downstream,Downstream,Downstream,Downstream,Downstream,Upstream,Downstream
7080519610,7426960,Downstream,Downstream,Downstream,Downstream,Downstream,Downstream,Downstream,Downstream
7080509180,7429444,Downstream,Downstream,Downstream,Downstream,Downstream,Downstream,Downstream,Downstream
7080406470,7428940,Downstream,Downstream,Downstream,Downstream,Downstream,Downstream,Upstream,Downstream
7080406570,7428940,Downstream,Downstream,Downstream,Downstream,Downstream,Downstream,Upstream,Downstream
7080470280,7429536,Downstream,Downstream,Downstream,Downstream,Downstream,Downstream,Downstream,Downstream
7080470290,7429536,Downstream,Downstream,Downstream,Downstream,Downstream,Downstream,Downstream,Downstream
7080395540,7428749,Downstream,Downstream,Downstream,Downstream,Downstream,Downstream,Downstream,Downstream
7080395410,7428749,Downstream,Downstream,Downstream,Downstream,Downstream,Downstream,Downstream,Downstream
7080517060,7426960,Upstream,Upstream,Upstream,Upstream,Upstream,Upstream,Upstream,Upstream
7080516910,7426960,Downstream,Downstream,Downstream,Downstream,Downstream,Downstream,Upstream,Downstream
7080462900,7429522,Downstream,Downstream,Downstream,Downstream,Downstream,Downstream,Downstream,Downstream
7080441430,7428822,Upstream,Upstream,Upstream,Upstream,Upstream,Upstream,Upstream,Upstream
7080441510,7428822,Upstream,Upstream,Upstream,Upstream,Upstream,Upstream,Upstream,Upstream
7080382430,7428769,Upstream,Upstream,Upstream,Upstream,Upstream,Upstream,Upstream,Upstream
7080382320,7428769,Upstream,Upstream,Upstream,Upstream,Upstream,Upstream,Upstream,Upstream
7080433700,7428840,Downstream,Downstream,Downstream,Downstream,Downstream,Downstream,Downstream,Downstream
7080433820,7428840,Downstream,Downstream,Downstream,Downstream,Downstream,Downstream,Downstream,Downstream
7080468870,7429541,Downstream,Downstream,Downstream,Downstream,Downstream,Downstream,Downstream,Downstream
7080518260,7426949,Upstream,Upstream,Upstream,Upstream,Upstream,Upstream,Upstream,Upstream
7080518160,7426949,Upstream,Upstream,Upstream,Upstream,Upstream,Upstream,Upstream,Upstream
7080388490,7428749,Upstream,Upstream,Upstream,Upstream,Upstream,Upstream,Upstream,Upstream
7080388480,7428749,Downstream,Downstream,Downstream,Downstream,Downstream,Downstream,Downstream,Downstream
7080486070,7429427,Downstream,Downstream,Downstream,Downstream,Downstream,Downstream,Upstream,Upstream
7080486310,7429427,Downstream,Downstream,Downstream,Downstream,Downstream,Downstream,Downstream,Downstream
7080531940,7426982,Downstream,Downstream,Downstream,Downstream,Downstream,Downstream,Downstream,Downstream
7080569620,7429245,Upstream,Upstream,Upstream,Upstream,Upstream,Upstream,Upstream,Upstream
7080569920,7429245,Upstream,Upstream,Upstream,Upstream,Upstream,Upstream,Upstream,Upstream
7080484990,7429427,Upstream,Upstream,Upstream,Upstream,Upstream,Upstream,Upstream,Upstream
7080485080,7429427,Downstream,Downstream,Downstream,Downstream,Downstream,Downstream,Upstream,Upstream
7080511540,7426960,Upstream,Upstream,Upstream,Upstream,Upstream,Upstream,Upstream,Upstream
7080511420,7426960,Upstream,Upstream,Upstream,Upstream,Upstream,Upstream,Upstream,Upstream
7080484180,7429427,Upstream,Upstream,Upstream,Upstream,Upstream,Upstream,Upstream,Upstream
7080484400,7429427,Upstream,Upstream,Upstream,Upstream,Upstream,Upstream,Upstream,Upstream
7080458800,7429522,Downstream,Downstream,Downstream,Downstream,Downstream,Downstream,Upstream,Downstream
7080458810,7429522,Downstream,Downstream,Downstream,Downstream,Downstream,Downstream,Downstream,Downstream
7080458570,7429522,Downstream,Downstream,Downstream,Downstream,Downstream,Downstream,Upstream,Downstream
7080458580,7429522,Upstream,Upstream,Upstream,Upstream,Upstream,Upstream,Upstream,Upstream
7080386840,7428749,Upstream,Upstream,Upstream,Upstream,Upstream,Upstream,Upstream,Upstream
7080386670,7428749,Upstream,Upstream,Upstream,Upstream,Upstream,Upstream,Upstream,Upstream
7080462010,7429516,Upstream,Upstream,Upstream,Upstream,Upstream,Upstream,Upstream,Upstream
7080462080,7429516,Upstream,Upstream,Upstream,Upstream,Upstream,Upstream,Upstream,Upstream
7080523520,7426992,Downstream,Downstream,Downstream,Downstream,Downstream,Downstream,Downstream,Downstream
7080523400,7426993,Downstream,Downstream,Downstream,Downstream,Downstream,Downstream,Downstream,Downstream
7080534920,7426982,Downstream,Downstream,Downstream,Downstream,Downstream,Downstream,Downstream,Downstream
7080534810,7426982,Downstream,Downstream,Downstream,Downstream,Downstream,Downstream,Downstream,Downstream
7080460820,7429536,Upstream,Upstream,Upstream,Upstream,Upstream,Upstream,Upstream,Upstream
7080460830,7429536,Downstream,Downstream,Downstream,Downstream,Downstream,Downstream,Downstream,Downstream
7080386290,7428749,Upstream,Upstream,Upstream,Upstream,Upstream,Upstream,Upstream,Upstream
7080386050,7428749,Upstream,Upstream,Upstream,Upstream,Upstream,Upstream,Upstream,Upstream
7080381000,7428769,Upstream,Upstream,Upstream,Upstream,Upstream,Upstream,Upstream,Upstream
7080381090,7428769,Upstream,Upstream,Upstream,Upstream,Upstream,Upstream,Upstream,Upstream
7080434210,7428840,Upstream,Upstream,Upstream,Upstream,Upstream,Upstream,Upstream,Upstream
7080434310,7428840,Downstream,Downstream,Downstream,Downstream,Downstream,Downstream,Downstream,Downstream
7080521940,7426993,Downstream,Downstream,Downstream,Downstream,Downstream,Downstream,Downstream,Downstream
7080521710,7426993,Downstream,Downstream,Downstream,Downstream,Downstream,Downstream,Downstream,Downstream
7080433690,7428840,Upstream,Upstream,Upstream,Upstream,Upstream,Upstream,Upstream,Upstream
7080433370,7428840,Upstream,Upstream,Upstream,Upstream,Upstream,Upstream,Upstream,Upstream
7080454280,7429522,Upstream,Upstream,Upstream,Upstream,Upstream,Upstream,Upstream,Upstream
7080454290,7429522,Upstream,Upstream,Upstream,Upstream,Upstream,Upstream,Upstream,Upstream
7080511250,7426960,Upstream,Upstream,Upstream,Upstream,Upstream,Upstream,Upstream,Upstream
7080511330,7426960,Upstream,Upstream,Upstream,Upstream,Upstream,Upstream,Upstream,Upstream
7080432530,7428840,Upstream,Upstream,Upstream,Upstream,Upstream,Upstream,Upstream,Upstream
7080432640,7428840,Upstream,Upstream,Upstream,Upstream,Upstream,Upstream,Upstream,Upstream
7080479870,7429427,Upstream,Upstream,Upstream,Upstream,Upstream,Upstream,Upstream,Upstream
7080480130,7429427,Upstream,Upstream,Upstream,Upstream,Upstream,Upstream,Upstream,Upstream
7080519630,7426993,Downstream,Downstream,Downstream,Downstream,Downstream,Downstream,Downstream,Downstream
7080519580,7426993,Upstream,Upstream,Upstream,Upstream,Upstream,Upstream,Upstream,Downstream
7080571470,7429245,Upstream,Upstream,Upstream,Upstream,Upstream,Upstream,Upstream,Upstream
7080571680,7429245,Upstream,Upstream,Upstream,Upstream,Upstream,Upstream,Upstream,Upstream
7080455680,7429536,Upstream,Upstream,Upstream,Upstream,Upstream,Upstream,Upstream,Upstream
7080455550,7429536,Upstream,Upstream,Upstream,Upstream,Upstream,Upstream,Upstream,Upstream
7080495910,7429444,Downstream,Downstream,Downstream,Downstream,Downstream,Downstream,Downstream,Downstream
7080496080,7429444,Upstream,Downstream,Downstream,Downstream,Downstream,Downstream,Upstream,Downstream
7080517980,7426993,Upstream,Upstream,Upstream,Upstream,Upstream,Upstream,Upstream,Downstream
7080517850,7426993,Upstream,Upstream,Upstream,Upstream,Upstream,Upstream,Upstream,Upstream
7080528440,7426992,Downstream,Downstream,Downstream,Downstream,Downstream,Downstream,Downstream,Downstream
7080528450,7426992,Downstream,Downstream,Downstream,Downstream,Downstream,Downstream,Downstream,Downstream
7080451830,7429527,Downstream,Downstream,Downstream,Downstream,Downstream,Downstream,Downstream,Downstream
7080456720,7429541,Downstream,Downstream,Downstream,Downstream,Downstream,Downstream,Downstream,Downstream
7080456730,7429541,Downstream,Downstream,Downstream,Downstream,Downstream,Downstream,Downstream,Downstream
7080447730,7429522,Upstream,Upstream,Upstream,Upstream,Upstream,Upstream,Upstream,Upstream
7080447740,7429522,Upstream,Upstream,Upstream,Upstream,Upstream,Upstream,Upstream,Upstream
7080516550,7426993,Upstream,Upstream,Upstream,Upstream,Upstream,Upstream,Upstream,Upstream
7080516370,7426993,Upstream,Upstream,Upstream,Upstream,Upstream,Upstream,Upstream,Upstream
7080542280,7426982,Downstream,Downstream,Downstream,Downstream,Downstream,Downstream,Downstream,Downstream
7080542550,7426982,Upstream,Upstream,Upstream,Upstream,Upstream,Upstream,Upstream,Upstream
7080529060,7426992,Downstream,Downstream,Downstream,Downstream,Downstream,Downstream,Downstream,Downstream
7080529050,7426992,Downstream,Downstream,Downstream,Downstream,Downstream,Downstream,Upstream,Upstream
7080513120,7426994,Downstream,Downstream,Downstream,Downstream,Downstream,Downstream,Downstream,Downstream
7080545740,7426982,Upstream,Upstream,Upstream,Upstream,Upstream,Upstream,Upstream,Upstream
7080545830,7426982,Upstream,Upstream,Upstream,Upstream,Upstream,Upstream,Upstream,Upstream
7080545840,7426982,Upstream,Upstream,Upstream,Upstream,Upstream,Upstream,Upstream,Upstream
7080547240,7426986,Downstream,Downstream,Downstream,Downstream,Downstream,Downstream,Downstream,Downstream
7080411940,7428890,Downstream,Downstream,Downstream,Downstream,Downstream,Downstream,Downstream,Downstream
7080493070,7429444,Upstream,Downstream,Downstream,Downstream,Downstream,Downstream,Upstream,Downstream
7080493240,7429444,Upstream,Upstream,Upstream,Upstream,Upstream,Upstream,Upstream,Upstream
7080447850,7429541,Downstream,Downstream,Downstream,Downstream,Downstream,Downstream,Downstream,Downstream
7080447720,7429541,Downstream,Downstream,Downstream,Downstream,Downstream,Downstream,Upstream,Upstream
7080532820,7426992,Upstream,Upstream,Upstream,Upstream,Upstream,Upstream,Upstream,Upstream
7080532610,7426992,Downstream,Downstream,Downstream,Downstream,Downstream,Downstream,Upstream,Upstream
7080511660,7426994,Downstream,Downstream,Downstream,Downstream,Downstream,Downstream,Downstream,Downstream
7080511820,7426994,Downstream,Downstream,Downstream,Downstream,Downstream,Downstream,Downstream,Downstream
7080408480,7428890,Downstream,Downstream,Downstream,Downstream,Downstream,Downstream,Downstream,Downstream
7080408490,7428890,Downstream,Downstream,Downstream,Downstream,Downstream,Downstream,Downstream,Downstream
7080550810,7426986,Downstream,Downstream,Downstream,Downstream,Downstream,Downstream,Downstream,Downstream
7080550910,7426986,Downstream,Downstream,Downstream,Downstream,Downstream,Downstream,Downstream,Downstream
7080490320,7429444,Upstream,Upstream,Upstream,Upstream,Upstream,Upstream,Upstream,Upstream
7080490200,7429444,Upstream,Upstream,Upstream,Upstream,Upstream,Upstream,Upstream,Upstream
7080535690,7426992,Upstream,Upstream,Upstream,Upstream,Upstream,Upstream,Upstream,Upstream
7080535680,7426992,Upstream,Upstream,Upstream,Upstream,Upstream,Upstream,Upstream,Upstream
7080467960,7429565,Downstream,Downstream,Downstream,Downstream,Downstream,Downstream,Downstream,Downstream
7080467900,7429564,Downstream,Downstream,Downstream,Downstream,Downstream,Downstream,Downstream,Downstream
7080495030,7429449,Downstream,Downstream,Downstream,Downstream,Downstream,Downstream,Downstream,Downstream
7080406450,7428890,Upstream,Upstream,Upstream,Upstream,Upstream,Upstream,Upstream,Upstream
7080406560,7428890,Downstream,Downstream,Downstream,Downstream,Downstream,Downstream,Downstream,Downstream
7080406330,7428890,Upstream,Upstream,Upstream,Upstream,Upstream,Upstream,Upstream,Upstream
7080435050,7429527,Downstream,Downstream,Downstream,Downstream,Downstream,Downstream,Upstream,Upstream
7080406230,7428890,Upstream,Upstream,Upstream,Upstream,Upstream,Upstream,Upstream,Upstream
7080434910,7429527,Downstream,Downstream,Downstream,Downstream,Downstream,Downstream,Downstream,Downstream
7080432110,7429536,Upstream,Upstream,Upstream,Upstream,Upstream,Upstream,Upstream,Upstream
7080432120,7429536,Upstream,Upstream,Upstream,Upstream,Upstream,Upstream,Upstream,Upstream
7080505710,7426997,Downstream,Downstream,Downstream,Downstream,Downstream,Downstream,Downstream,Downstream
7080505700,7426996,Downstream,Downstream,Downstream,Downstream,Downstream,Downstream,Downstream,Downstream
7080434000,7429527,Downstream,Downstream,Downstream,Downstream,Downstream,Downstream,Upstream,Upstream
7080433680,7429527,Upstream,Upstream,Upstream,Upstream,Upstream,Upstream,Upstream,Upstream
7080505050,7426996,Downstream,Downstream,Downstream,Downstream,Downstream,Downstream,Downstream,Downstream
7080504930,7426996,Downstream,Downstream,Downstream,Downstream,Downstream,Downstream,Downstream,Downstream
7080405260,7428890,Upstream,Upstream,Upstream,Upstream,Upstream,Upstream,Upstream,Upstream
7080405120,7428890,Upstream,Upstream,Upstream,Upstream,Upstream,Upstream,Upstream,Upstream
7080554280,7426989,Downstream,Downstream,Downstream,Downstream,Downstream,Downstream,Downstream,Downstream
7080432370,7429527,Upstream,Upstream,Upstream,Upstream,Upstream,Upstream,Upstream,Upstream
7080432380,7429527,Upstream,Upstream,Upstream,Upstream,Upstream,Upstream,Upstream,Upstream
7080504580,7426997,Downstream,Downstream,Downstream,Downstream,Downstream,Downstream,Downstream,Downstream
7080504820,7426997,Downstream,Downstream,Downstream,Downstream,Downstream,Downstream,Downstream,Downstream
7080557080,7426986,Downstream,Downstream,Downstream,Downstream,Downstream,Downstream,Downstream,Downstream
7080557190,7426986,Downstream,Downstream,Downstream,Downstream,Downstream,Downstream,Downstream,Downstream
7080491970,7429449,Downstream,Downstream,Downstream,Downstream,Downstream,Downstream,Downstream,Downstream
7080492250,7429449,Downstream,Downstream,Downstream,Downstream,Downstream,Downstream,Downstream,Downstream
7080432760,7429541,Upstream,Upstream,Upstream,Upstream,Upstream,Upstream,Upstream,Upstream
7080433000,7429541,Downstream,Downstream,Downstream,Downstream,Downstream,Downstream,Upstream,Upstream
7080484740,7429444,Upstream,Upstream,Upstream,Upstream,Upstream,Upstream,Upstream,Upstream
7080484660,7429444,Upstream,Upstream,Upstream,Upstream,Upstream,Upstream,Upstream,Upstream
7080501500,7426996,Upstream,Upstream,Upstream,Upstream,Upstream,Upstream,Downstream,Downstream
7080501650,7426996,Downstream,Downstream,Downstream,Downstream,Downstream,Downstream,Downstream,Downstream
7080557290,7426989,Downstream,Downstream,Downstream,Downstream,Downstream,Downstream,Downstream,Downstream
7080557380,7426989,Downstream,Downstream,Downstream,Downstream,Downstream,Downstream,Downstream,Downstream
7080505600,7426994,Downstream,Downstream,Downstream,Downstream,Downstream,Downstream,Downstream,Downstream
7080505610,7426994,Upstream,Upstream,Upstream,Upstream,Upstream,Upstream,Upstream,Upstream
7080503000,7426997,Downstream,Downstream,Downstream,Downstream,Downstream,Downstream,Downstream,Downstream
7080502900,7426997,Upstream,Upstream,Upstream,Upstream,Upstream,Upstream,Upstream,Upstream
7080499330,7426996,Upstream,Upstream,Upstream,Upstream,Upstream,Upstream,Downstream,Downstream
7080499260,7426996,Upstream,Upstream,Upstream,Upstream,Upstream,Upstream,Upstream,Upstream
7080424560,7429527,Upstream,Upstream,Upstream,Upstream,Upstream,Upstream,Upstream,Upstream
7080424550,7429527,Upstream,Upstream,Upstream,Upstream,Upstream,Upstream,Upstream,Upstream
7080558890,7426989,Upstream,Upstream,Upstream,Upstream,Upstream,Upstream,Upstream,Downstream
7080558780,7426989,Downstream,Downstream,Downstream,Downstream,Downstream,Downstream,Downstream,Downstream
7080471850,7429565,Downstream,Downstream,Downstream,Downstream,Downstream,Downstream,Downstream,Downstream
7080471710,7429565,Downstream,Downstream,Downstream,Downstream,Downstream,Downstream,Downstream,Downstream
7080423440,7429529,Downstream,Downstream,Downstream,Downstream,Downstream,Downstream,Downstream,Downstream
7080561640,7426986,Upstream,Upstream,Upstream,Upstream,Upstream,Upstream,Upstream,Upstream
7080561400,7426986,Downstream,Downstream,Downstream,Downstream,Downstream,Downstream,Downstream,Downstream
7080506330,7426994,Upstream,Upstream,Upstream,Upstream,Upstream,Upstream,Upstream,Upstream
7080506480,7426994,Upstream,Upstream,Upstream,Upstream,Upstream,Upstream,Upstream,Upstream
7080500810,7426997,Upstream,Upstream,Upstream,Upstream,Upstream,Upstream,Upstream,Upstream
7080500700,7426997,Upstream,Upstream,Upstream,Upstream,Upstream,Upstream,Upstream,Upstream
7080465200,7429564,Downstream,Downstream,Downstream,Downstream,Downstream,Downstream,Upstream,Upstream
7080465290,7429564,Downstream,Downstream,Downstream,Downstream,Downstream,Downstream,Downstream,Downstream
7080562560,7426986,Upstream,Upstream,Upstream,Upstream,Upstream,Upstream,Upstream,Upstream
7080562570,7426986,Upstream,Upstream,Upstream,Upstream,Upstream,Upstream,Upstream,Upstream
7080489620,7429449,Upstream,Upstream,Upstream,Upstream,Upstream,Upstream,Downstream,Downstream
7080489700,7429449,Downstream,Downstream,Downstream,Downstream,Downstream,Downstream,Downstream,Downstream
7080349590,7428990,Downstream,Downstream,Downstream,Downstream,Downstream,Downstream,Downstream,Downstream
7080349950,7428980,Downstream,Downstream,Downstream,Downstream,Downstream,Downstream,Downstream,Downstream
7080471080,7429565,Downstream,Downstream,Downstream,Downstream,Downstream,Downstream,Downstream,Downstream
7080470970,7429565,Upstream,Downstream,Downstream,Downstream,Downstream,Downstream,Upstream,Upstream
7080495730,7426996,Upstream,Upstream,Upstream,Upstream,Upstream,Upstream,Upstream,Upstream
7080495830,7426996,Upstream,Upstream,Upstream,Upstream,Upstream,Upstream,Upstream,Upstream
7080489200,7429449,Upstream,Upstream,Upstream,Upstream,Upstream,Upstream,Upstream,Upstream
7080489320,7429449,Upstream,Upstream,Upstream,Upstream,Upstream,Upstream,Downstream,Downstream
7080502730,7426994,Upstream,Upstream,Upstream,Upstream,Upstream,Upstream,Upstream,Upstream
7080502740,7426994,Upstream,Upstream,Upstream,Upstream,Upstream,Upstream,Upstream,Upstream
7080351710,7428980,Downstream,Downstream,Downstream,Downstream,Downstream,Downstream,Downstream,Downstream
7080351790,7428980,Downstream,Downstream,Downstream,Downstream,Downstream,Downstream,Downstream,Downstream
7080562540,7426989,Upstream,Upstream,Upstream,Upstream,Upstream,Upstream,Upstream,Downstream
7080562550,7426989,Upstream,Upstream,Upstream,Upstream,Upstream,Upstream,Upstream,Upstream
7080416620,7429529,Downstream,Downstream,Downstream,Downstream,Downstream,Downstream,Downstream,Downstream
7080416530,7429529,Downstream,Downstream,Downstream,Downstream,Downstream,Downstream,Downstream,Downstream
7080563360,7426989,Upstream,Upstream,Upstream,Upstream,Upstream,Upstream,Upstream,Upstream
7080563370,7426989,Upstream,Upstream,Upstream,Upstream,Upstream,Upstream,Upstream,Upstream
7080416260,7429529,Downstream,Downstream,Downstream,Downstream,Downstream,Downstream,Downstream,Downstream
7080416140,7429529,Upstream,Upstream,Upstream,Upstream,Upstream,Upstream,Downstream,Downstream
7080494930,7426997,Upstream,Upstream,Upstream,Upstream,Upstream,Upstream,Upstream,Upstream
7080494940,7426997,Upstream,Upstream,Upstream,Upstream,Upstream,Upstream,Upstream,Upstream
7080418510,7429541,Upstream,Upstream,Upstream,Upstream,Upstream,Upstream,Upstream,Upstream
7080418520,7429541,Upstream,Upstream,Upstream,Upstream,Upstream,Upstream,Upstream,Upstream
7080462200,7429564,Upstream,Upstream,Upstream,Upstream,Upstream,Upstream,Upstream,Upstream
7080462440,7429564,Downstream,Downstream,Downstream,Downstream,Downstream,Downstream,Upstream,Upstream
7080487780,7429449,Upstream,Upstream,Upstream,Upstream,Upstream,Upstream,Upstream,Upstream
7080487680,7429449,Upstream,Upstream,Upstream,Upstream,Upstream,Upstream,Upstream,Upstream
7080345700,7428990,Downstream,Downstream,Downstream,Downstream,Downstream,Downstream,Downstream,Downstream
7080345950,7428990,Downstream,Downstream,Downstream,Downstream,Downstream,Downstream,Downstream,Downstream
7080494950,7426999,Downstream,Downstream,Downstream,Downstream,Downstream,Downstream,Downstream,Downstream
7080412470,7429529,Upstream,Upstream,Upstream,Upstream,Upstream,Upstream,Upstream,Upstream
7080412370,7429529,Upstream,Upstream,Upstream,Upstream,Upstream,Upstream,Downstream,Downstream
7080461270,7429564,Upstream,Upstream,Upstream,Upstream,Upstream,Upstream,Upstream,Upstream
7080461180,7429564,Upstream,Upstream,Upstream,Upstream,Upstream,Upstream,Upstream,Upstream
7080352820,7428980,Downstream,Downstream,Downstream,Downstream,Downstream,Downstream,Downstream,Downstream
7080352810,7428980,Upstream,Upstream,Upstream,Upstream,Upstream,Upstream,Upstream,Upstream
7080494110,7426999,Downstream,Downstream,Downstream,Downstream,Downstream,Downstream,Upstream,Downstream
7080494290,7426999,Downstream,Downstream,Downstream,Downstream,Downstream,Downstream,Downstream,Downstream
7080411090,7429529,Upstream,Upstream,Upstream,Upstream,Upstream,Upstream,Upstream,Upstream
7080411020,7429529,Upstream,Upstream,Upstream,Upstream,Upstream,Upstream,Upstream,Upstream
7080459970,7429564,Upstream,Upstream,Upstream,Upstream,Upstream,Upstream,Upstream,Upstream
7080460080,7429564,Upstream,Upstream,Upstream,Upstream,Upstream,Upstream,Upstream,Upstream
7080346330,7428990,Downstream,Downstream,Downstream,Downstream,Downstream,Downstream,Upstream,Upstream
7080346230,7428990,Downstream,Downstream,Downstream,Downstream,Downstream,Downstream,Downstream,Downstream
7080468010,7429565,Upstream,Downstream,Downstream,Downstream,Downstream,Downstream,Upstream,Upstream
7080468090,7429565,Upstream,Upstream,Upstream,Upstream,Upstream,Upstream,Upstream,Upstream
7080354410,7428980,Downstream,Downstream,Downstream,Downstream,Downstream,Downstream,Downstream,Downstream
7080354420,7428980,Downstream,Downstream,Downstream,Downstream,Downstream,Downstream,Downstream,Downstream
7080408270,7429547,Downstream,Downstream,Downstream,Downstream,Downstream,Downstream,Upstream,Downstream
7080507390,7429474,Downstream,Downstream,Downstream,Downstream,Downstream,Downstream,Downstream,Downstream
7080470130,7429565,Upstream,Upstream,Upstream,Upstream,Upstream,Upstream,Upstream,Upstream
7080470220,7429565,Upstream,Upstream,Upstream,Upstream,Upstream,Upstream,Upstream,Upstream
7080346580,7428990,Downstream,Downstream,Downstream,Downstream,Downstream,Downstream,Upstream,Upstream
7080346310,7428990,Upstream,Upstream,Upstream,Upstream,Upstream,Upstream,Upstream,Upstream
7080403410,7429547,Downstream,Downstream,Downstream,Downstream,Downstream,Downstream,Upstream,Downstream
7080403270,7429547,Downstream,Downstream,Downstream,Downstream,Downstream,Downstream,Upstream,Downstream
7080502170,7429474,Downstream,Downstream,Downstream,Downstream,Downstream,Downstream,Downstream,Downstream
7080502060,7429474,Downstream,Downstream,Downstream,Downstream,Downstream,Downstream,Downstream,Downstream
7080501020,7429474,Upstream,Upstream,Upstream,Upstream,Upstream,Upstream,Downstream,Downstream
7080501030,7429474,Downstream,Downstream,Downstream,Downstream,Downstream,Downstream,Downstream,Downstream
7080346570,7428990,Upstream,Upstream,Upstream,Upstream,Upstream,Upstream,Upstream,Upstream
7080346690,7428990,Upstream,Upstream,Upstream,Upstream,Upstream,Upstream,Upstream,Upstream
7080398540,7429547,Upstream,Upstream,Upstream,Upstream,Upstream,Upstream,Upstream,Upstream
7080398490,7429547,Downstream,Downstream,Downstream,Downstream,Downstream,Downstream,Upstream,Downstream
7080488730,7426999,Downstream,Downstream,Downstream,Downstream,Downstream,Downstream,Upstream,Downstream
7080488880,7426999,Upstream,Upstream,Upstream,Upstream,Upstream,Upstream,Upstream,Upstream
7080396460,7429549,Downstream,Downstream,Downstream,Downstream,Downstream,Downstream,Downstream,Downstream
7080396550,7429548,Downstream,Downstream,Downstream,Downstream,Downstream,Downstream,Downstream,Downstream
7080497700,7429474,Upstream,Upstream,Upstream,Upstream,Upstream,Upstream,Upstream,Upstream
7080497580,7429474,Upstream,Upstream,Upstream,Upstream,Upstream,Upstream,Downstream,Downstream
7080490100,7426999,Upstream,Upstream,Upstream,Upstream,Upstream,Upstream,Upstream,Upstream
7080490270,7426999,Upstream,Upstream,Upstream,Upstream,Upstream,Upstream,Upstream,Upstream
7080447410,7429582,Downstream,Downstream,Downstream,Downstream,Downstream,Downstream,Downstream,Downstream
7080493650,7426999,Upstream,Upstream,Upstream,Upstream,Upstream,Upstream,Upstream,Upstream
7080493710,7426999,Upstream,Upstream,Upstream,Upstream,Upstream,Upstream,Upstream,Upstream
7080495780,7429474,Upstream,Upstream,Upstream,Upstream,Upstream,Upstream,Upstream,Upstream
7080495640,7429474,Upstream,Upstream,Upstream,Upstream,Upstream,Upstream,Upstream,Upstream
7080392740,7429548,Downstream,Downstream,Downstream,Downstream,Downstream,Downstream,Upstream,Upstream
7080393010,7429548,Downstream,Downstream,Downstream,Downstream,Downstream,Downstream,Downstream,Downstream
7080430760,7429598,Downstream,Downstream,Downstream,Downstream,Downstream,Downstream,Downstream,Downstream
7080391090,7429548,Downstream,Downstream,Downstream,Downstream,Downstream,Downstream,Upstream,Upstream
7080391080,7429548,Downstream,Downstream,Downstream,Downstream,Downstream,Downstream,Upstream,Upstream
7080451500,7429582,Downstream,Downstream,Downstream,Downstream,Downstream,Downstream,Downstream,Downstream
7080451490,7429582,Downstream,Downstream,Downstream,Downstream,Downstream,Downstream,Downstream,Downstream
7080380040,7429549,Downstream,Downstream,Downstream,Downstream,Downstream,Downstream,Downstream,Downstream
7080379970,7429549,Downstream,Downstream,Downstream,Downstream,Downstream,Downstream,Downstream,Downstream
7080455920,7429582,Downstream,Downstream,Downstream,Downstream,Downstream,Downstream,Downstream,Downstream
7080455770,7429582,Downstream,Downstream,Downstream,Downstream,Downstream,Downstream,Downstream,Downstream
7080434640,7429598,Downstream,Downstream,Downstream,Downstream,Downstream,Downstream,Downstream,Downstream
7080434710,7429598,Downstream,Downstream,Downstream,Downstream,Downstream,Downstream,Downstream,Downstream
7080377140,7429549,Downstream,Downstream,Downstream,Downstream,Downstream,Downstream,Downstream,Downstream
7080377030,7429549,Downstream,Downstream,Downstream,Downstream,Downstream,Downstream,Downstream,Downstream
7080379820,7429548,Downstream,Downstream,Downstream,Downstream,Downstream,Downstream,Upstream,Upstream
7080379620,7429548,Upstream,Upstream,Upstream,Upstream,Upstream,Upstream,Upstream,Upstream
7080462870,7429582,Upstream,Upstream,Upstream,Upstream,Upstream,Upstream,Upstream,Upstream
7080462880,7429582,Downstream,Downstream,Downstream,Downstream,Downstream,Downstream,Downstream,Downstream
7080375990,7429548,Upstream,Upstream,Upstream,Upstream,Upstream,Upstream,Upstream,Upstream
7080375980,7429548,Upstream,Upstream,Upstream,Upstream,Upstream,Upstream,Upstream,Upstream
7080476720,7429569,Downstream,Downstream,Downstream,Downstream,Downstream,Downstream,Downstream,Downstream
7080438670,7429598,Upstream,Upstream,Upstream,Upstream,Upstream,Upstream,Upstream,Upstream
7080438440,7429598,Downstream,Downstream,Downstream,Downstream,Downstream,Downstream,Downstream,Downstream
7080478880,7429569,Downstream,Downstream,Downstream,Downstream,Downstream,Downstream,Downstream,Downstream
7080479070,7429569,Downstream,Downstream,Downstream,Downstream,Downstream,Downstream,Downstream,Downstream
7080448090,7429587,Downstream,Downstream,Downstream,Downstream,Downstream,Downstream,Downstream,Downstream
7080365730,7429549,Downstream,Downstream,Downstream,Downstream,Downstream,Downstream,Downstream,Downstream
7080365630,7429549,Upstream,Upstream,Upstream,Upstream,Upstream,Upstream,Upstream,Upstream
7080461840,7429582,Upstream,Upstream,Upstream,Upstream,Upstream,Upstream,Upstream,Upstream
7080462000,7429582,Upstream,Upstream,Upstream,Upstream,Upstream,Upstream,Upstream,Upstream
7080485210,7429491,Downstream,Downstream,Downstream,Downstream,Downstream,Downstream,Downstream,Downstream
7080360030,7429549,Upstream,Upstream,Upstream,Upstream,Upstream,Upstream,Upstream,Upstream
7080359980,7429549,Upstream,Upstream,Upstream,Upstream,Upstream,Upstream,Upstream,Upstream
7080439330,7429598,Upstream,Upstream,Upstream,Upstream,Upstream,Upstream,Upstream,Upstream
7080439450,7429598,Upstream,Upstream,Upstream,Upstream,Upstream,Upstream,Upstream,Upstream
7080424300,7429620,Downstream,Downstream,Downstream,Downstream,Downstream,Downstream,Downstream,Downstream
7080450390,7429587,Downstream,Downstream,Downstream,Downstream,Downstream,Downstream,Downstream,Downstream
7080450380,7429587,Downstream,Downstream,Downstream,Downstream,Downstream,Downstream,Upstream,Downstream
7080440570,7429598,Upstream,Upstream,Upstream,Upstream,Upstream,Upstream,Upstream,Upstream
7080440720,7429598,Upstream,Upstream,Upstream,Upstream,Upstream,Upstream,Upstream,Upstream
7080530080,7429468,Downstream,Downstream,Downstream,Downstream,Downstream,Downstream,Downstream,Downstream
7080530180,7429469,Downstream,Downstream,Downstream,Downstream,Downstream,Downstream,Downstream,Downstream
7080404520,7429721,Downstream,Downstream,Downstream,Downstream,Downstream,Downstream,Downstream,Downstream
7080531900,7429469,Downstream,Downstream,Downstream,Downstream,Downstream,Downstream,Downstream,Downstream
7080453110,7429587,Upstream,Upstream,Upstream,Upstream,Upstream,Upstream,Upstream,Upstream
7080532010,7429469,Downstream,Downstream,Downstream,Downstream,Downstream,Downstream,Downstream,Downstream
7080453220,7429587,Downstream,Downstream,Downstream,Downstream,Downstream,Downstream,Upstream,Downstream
7080454600,7429587,Upstream,Upstream,Upstream,Upstream,Upstream,Upstream,Upstream,Upstream
7080454750,7429587,Upstream,Upstream,Upstream,Upstream,Upstream,Upstream,Upstream,Upstream
7080480320,7429569,Upstream,Upstream,Upstream,Upstream,Upstream,Upstream,Upstream,Upstream
7080480390,7429569,Downstream,Downstream,Downstream,Downstream,Downstream,Downstream,Downstream,Downstream
7080534030,7429469,Downstream,Downstream,Downstream,Downstream,Downstream,Downstream,Downstream,Downstream
7080534040,7429469,Downstream,Downstream,Downstream,Downstream,Downstream,Downstream,Downstream,Downstream
7080419660,7429620,Downstream,Downstream,Downstream,Downstream,Downstream,Downstream,Downstream,Downstream
7080419480,7429620,Downstream,Downstream,Downstream,Downstream,Downstream,Downstream,Downstream,Downstream
7080403830,7429721,Downstream,Downstream,Downstream,Downstream,Downstream,Downstream,Downstream,Downstream
7080403900,7429721,Downstream,Downstream,Downstream,Downstream,Downstream,Downstream,Downstream,Downstream
7080479650,7429491,Downstream,Downstream,Downstream,Downstream,Downstream,Downstream,Downstream,Downstream
7080479660,7429491,Downstream,Downstream,Downstream,Downstream,Downstream,Downstream,Downstream,Downstream
7080526350,7429468,Downstream,Downstream,Downstream,Downstream,Downstream,Downstream,Downstream,Downstream
7080526240,7429468,Downstream,Downstream,Downstream,Downstream,Downstream,Downstream,Downstream,Downstream
7080480310,7429569,Upstream,Upstream,Upstream,Upstream,Upstream,Upstream,Upstream,Upstream
7080480380,7429569,Upstream,Upstream,Upstream,Upstream,Upstream,Upstream,Upstream,Upstream
7080525310,7429468,Upstream,Upstream,Upstream,Upstream,Upstream,Upstream,Upstream,Upstream
7080525250,7429468,Downstream,Downstream,Downstream,Downstream,Downstream,Downstream,Downstream,Downstream
7080420630,7429620,Upstream,Upstream,Upstream,Upstream,Upstream,Upstream,Upstream,Downstream
7080420320,7429620,Downstream,Downstream,Downstream,Downstream,Downstream,Downstream,Downstream,Downstream
7080476530,7429491,Upstream,Upstream,Downstream,Downstream,Downstream,Downstream,Upstream,Downstream
7080476540,7429491,Downstream,Downstream,Downstream,Downstream,Downstream,Downstream,Downstream,Downstream
7080459380,7429587,Upstream,Upstream,Upstream,Upstream,Upstream,Upstream,Upstream,Upstream
7080459370,7429587,Upstream,Upstream,Upstream,Upstream,Upstream,Upstream,Upstream,Upstream
7080420620,7429620,Upstream,Upstream,Upstream,Upstream,Upstream,Upstream,Upstream,Downstream
7080420610,7429620,Upstream,Upstream,Upstream,Upstream,Upstream,Upstream,Upstream,Upstream
7080477110,7429569,Upstream,Upstream,Upstream,Upstream,Upstream,Upstream,Upstream,Upstream
7080476990,7429569,Upstream,Upstream,Upstream,Upstream,Upstream,Upstream,Upstream,Upstream
7080460640,7429589,Downstream,Downstream,Downstream,Downstream,Downstream,Downstream,Downstream,Downstream
7080406090,7429721,Upstream,Upstream,Upstream,Upstream,Upstream,Upstream,Upstream,Upstream
7080405920,7429721,Downstream,Downstream,Downstream,Downstream,Downstream,Downstream,Downstream,Downstream
7080406080,7429721,Upstream,Upstream,Upstream,Upstream,Upstream,Upstream,Upstream,Upstream
7080405820,7429721,Upstream,Upstream,Upstream,Upstream,Upstream,Upstream,Upstream,Upstream
7080522820,7429468,Upstream,Upstream,Upstream,Upstream,Upstream,Upstream,Upstream,Upstream
7080522830,7429468,Upstream,Upstream,Upstream,Upstream,Upstream,Upstream,Upstream,Upstream
7080420180,7429620,Upstream,Upstream,Upstream,Upstream,Upstream,Upstream,Upstream,Upstream
7080420060,7429620,Upstream,Upstream,Upstream,Upstream,Upstream,Upstream,Upstream,Upstream
7080545340,7429469,Downstream,Downstream,Downstream,Downstream,Downstream,Downstream,Downstream,Downstream
7080545480,7429469,Upstream,Upstream,Upstream,Upstream,Upstream,Upstream,Upstream,Upstream
7080523500,7429468,Upstream,Upstream,Upstream,Upstream,Upstream,Upstream,Upstream,Upstream
7080523330,7429468,Upstream,Upstream,Upstream,Upstream,Upstream,Upstream,Upstream,Upstream
7080466250,7429589,Downstream,Downstream,Downstream,Downstream,Downstream,Downstream,Downstream,Downstream
7080466260,7429589,Downstream,Downstream,Downstream,Downstream,Downstream,Downstream,Downstream,Downstream
7080473970,7429491,Upstream,Upstream,Downstream,Downstream,Downstream,Downstream,Upstream,Downstream
7080473820,7429491,Upstream,Upstream,Upstream,Upstream,Upstream,Upstream,Upstream,Upstream
7080467190,7429589,Upstream,Upstream,Upstream,Upstream,Upstream,Upstream,Downstream,Downstream
7080467200,7429589,Downstream,Downstream,Downstream,Downstream,Downstream,Downstream,Downstream,Downstream
7080408570,7429721,Upstream,Upstream,Upstream,Upstream,Upstream,Upstream,Upstream,Upstream
7080408580,7429721,Upstream,Upstream,Upstream,Upstream,Upstream,Upstream,Upstream,Upstream
7080468700,7429589,Upstream,Upstream,Upstream,Upstream,Upstream,Upstream,Downstream,Downstream
7080468840,7429589,Upstream,Upstream,Upstream,Upstream,Upstream,Upstream,Upstream,Upstream
7080470200,7429589,Upstream,Upstream,Upstream,Upstream,Upstream,Upstream,Upstream,Upstream
7080470000,7429589,Upstream,Upstream,Upstream,Upstream,Upstream,Upstream,Upstream,Upstream
7080555730,7429469,Upstream,Upstream,Upstream,Upstream,Upstream,Upstream,Upstream,Upstream
7080555460,7429469,Upstream,Upstream,Upstream,Upstream,Upstream,Upstream,Upstream,Upstream
7080442820,7429657,Downstream,Downstream,Downstream,Downstream,Downstream,Downstream,Downstream,Downstream
7080443590,7429657,Downstream,Downstream,Downstream,Downstream,Downstream,Downstream,Downstream,Downstream
7080443780,7429657,Downstream,Downstream,Downstream,Downstream,Downstream,Downstream,Downstream,Downstream
7080503300,7429489,Downstream,Downstream,Downstream,Downstream,Downstream,Downstream,Downstream,Downstream
7080468540,7429491,Upstream,Upstream,Upstream,Upstream,Upstream,Upstream,Upstream,Upstream
7080468690,7429491,Upstream,Upstream,Upstream,Upstream,Upstream,Upstream,Upstream,Upstream
7080448640,7429657,Upstream,Upstream,Upstream,Upstream,Upstream,Upstream,Upstream,Downstream
7080448250,7429657,Downstream,Downstream,Downstream,Downstream,Downstream,Downstream,Downstream,Downstream
7080508380,7429489,Downstream,Downstream,Downstream,Downstream,Downstream,Downstream,Downstream,Downstream
7080508550,7429489,Downstream,Downstream,Downstream,Downstream,Downstream,Downstream,Downstream,Downstream
7080509160,7429489,Downstream,Downstream,Downstream,Downstream,Downstream,Downstream,Downstream,Downstream
7080509150,7429489,Downstream,Downstream,Upstream,Upstream,Upstream,Upstream,Downstream,Downstream
7080449560,7429657,Upstream,Upstream,Upstream,Upstream,Upstream,Upstream,Upstream,Downstream
7080449670,7429657,Upstream,Upstream,Upstream,Upstream,Upstream,Upstream,Upstream,Upstream
7080509820,7429489,Downstream,Downstream,Upstream,Upstream,Upstream,Upstream,Downstream,Downstream
7080509920,7429489,Upstream,Upstream,Upstream,Upstream,Upstream,Upstream,Upstream,Upstream
7080510960,7429489,Upstream,Upstream,Upstream,Upstream,Upstream,Upstream,Upstream,Upstream
7080511090,7429489,Upstream,Upstream,Upstream,Upstream,Upstream,Upstream,Upstream,Upstream
7080365550,7429772,Downstream,Downstream,Downstream,Downstream,Downstream,Downstream,Downstream,Downstream
7080363760,7429774,Downstream,Downstream,Downstream,Downstream,Downstream,Downstream,Downstream,Downstream
7080361710,7429772,Downstream,Downstream,Downstream,Downstream,Downstream,Downstream,Downstream,Downstream
7080361530,7429772,Downstream,Downstream,Downstream,Downstream,Downstream,Downstream,Downstream,Downstream
7080380850,7429764,Downstream,Downstream,Downstream,Downstream,Downstream,Downstream,Downstream,Downstream
7080363110,7429774,Downstream,Downstream,Downstream,Downstream,Downstream,Downstream,Downstream,Downstream
7080363180,7429774,Downstream,Downstream,Downstream,Downstream,Downstream,Downstream,Downstream,Downstream
7080391690,7429746,Downstream,Downstream,Downstream,Downstream,Downstream,Downstream,Downstream,Downstream
7080391790,7429747,Downstream,Downstream,Downstream,Downstream,Downstream,Downstream,Downstream,Downstream
7080363240,7429772,Upstream,Upstream,Upstream,Upstream,Upstream,Upstream,Upstream,Downstream
7080363250,7429772,Downstream,Downstream,Downstream,Downstream,Downstream,Downstream,Downstream,Downstream
7080393150,7429747,Downstream,Downstream,Downstream,Downstream,Downstream,Downstream,Downstream,Downstream
7080392840,7429747,Downstream,Downstream,Downstream,Downstream,Downstream,Downstream,Downstream,Downstream
7080458030,7429657,Upstream,Upstream,Upstream,Upstream,Upstream,Upstream,Upstream,Upstream
7080458040,7429657,Upstream,Upstream,Upstream,Upstream,Upstream,Upstream,Upstream,Upstream
7080366070,7429772,Upstream,Upstream,Upstream,Upstream,Upstream,Upstream,Upstream,Upstream
7080366260,7429772,Upstream,Upstream,Upstream,Upstream,Upstream,Upstream,Upstream,Downstream
7080383650,7429764,Downstream,Downstream,Downstream,Downstream,Downstream,Downstream,Downstream,Downstream
7080383860,7429764,Downstream,Downstream,Downstream,Downstream,Downstream,Downstream,Downstream,Downstream
7080364240,7429772,Upstream,Upstream,Upstream,Upstream,Upstream,Upstream,Upstream,Upstream
7080364130,7429772,Upstream,Upstream,Upstream,Upstream,Upstream,Upstream,Upstream,Upstream
7080367540,7429774,Upstream,Upstream,Upstream,Upstream,Upstream,Upstream,Downstream,Downstream
7080367480,7429774,Downstream,Downstream,Downstream,Downstream,Downstream,Downstream,Downstream,Downstream
7080386810,7429746,Downstream,Downstream,Downstream,Downstream,Downstream,Downstream,Downstream,Downstream
7080386490,7429746,Downstream,Downstream,Downstream,Downstream,Downstream,Downstream,Downstream,Downstream
7080382600,7429764,Upstream,Upstream,Upstream,Upstream,Upstream,Upstream,Upstream,Upstream
7080382510,7429764,Downstream,Downstream,Downstream,Downstream,Downstream,Downstream,Downstream,Downstream
7080386130,7429746,Upstream,Upstream,Upstream,Upstream,Upstream,Upstream,Upstream,Downstream
7080386020,7429746,Downstream,Downstream,Downstream,Downstream,Downstream,Downstream,Downstream,Downstream
7080385720,7429746,Upstream,Upstream,Upstream,Upstream,Upstream,Upstream,Upstream,Upstream
7080385550,7429746,Upstream,Upstream,Upstream,Upstream,Upstream,Upstream,Upstream,Downstream
7080349370,7429778,Downstream,Downstream,Downstream,Downstream,Downstream,Downstream,Downstream,Downstream
7080394070,7429747,Downstream,Downstream,Downstream,Downstream,Downstream,Downstream,Downstream,Downstream
7080394180,7429747,Upstream,Upstream,Upstream,Upstream,Upstream,Upstream,Upstream,Upstream
7080368810,7429774,Upstream,Upstream,Upstream,Upstream,Upstream,Upstream,Upstream,Upstream
7080369040,7429774,Upstream,Upstream,Upstream,Upstream,Upstream,Upstream,Downstream,Downstream
7080382950,7429764,Upstream,Upstream,Upstream,Upstream,Upstream,Upstream,Upstream,Upstream
7080383070,7429764,Upstream,Upstream,Upstream,Upstream,Upstream,Upstream,Upstream,Upstream
7080454870,7429660,Downstream,Downstream,Downstream,Downstream,Downstream,Downstream,Downstream,Downstream
7080489490,7429497,Downstream,Downstream,Downstream,Downstream,Downstream,Downstream,Downstream,Downstream
7080489500,7429496,Downstream,Downstream,Downstream,Downstream,Downstream,Downstream,Upstream,Downstream
7080454230,7429660,Downstream,Downstream,Downstream,Downstream,Downstream,Downstream,Downstream,Downstream
7080454130,7429660,Downstream,Downstream,Downstream,Downstream,Downstream,Downstream,Downstream,Downstream
7080384730,7429746,Upstream,Upstream,Upstream,Upstream,Upstream,Upstream,Upstream,Upstream
7080384900,7429746,Upstream,Upstream,Upstream,Upstream,Upstream,Upstream,Upstream,Upstream
7080394740,7429747,Upstream,Upstream,Upstream,Upstream,Upstream,Upstream,Upstream,Upstream
7080394550,7429747,Upstream,Upstream,Upstream,Upstream,Upstream,Upstream,Upstream,Upstream
7080452040,7429660,Upstream,Upstream,Upstream,Upstream,Upstream,Upstream,Upstream,Upstream
7080451940,7429660,Downstream,Downstream,Downstream,Downstream,Downstream,Downstream,Downstream,Downstream
7080351290,7429778,Downstream,Downstream,Downstream,Downstream,Downstream,Downstream,Upstream,Upstream
7080351020,7429778,Downstream,Downstream,Downstream,Downstream,Downstream,Downstream,Downstream,Downstream
7080395530,7429747,Upstream,Upstream,Upstream,Upstream,Upstream,Upstream,Upstream,Upstream
7080395260,7429747,Upstream,Upstream,Upstream,Upstream,Upstream,Upstream,Upstream,Upstream
7080456180,7429690,Downstream,Downstream,Downstream,Downstream,Downstream,Downstream,Downstream,Downstream
7080449920,7429660,Upstream,Upstream,Upstream,Upstream,Upstream,Upstream,Upstream,Upstream
7080450090,7429660,Upstream,Upstream,Upstream,Upstream,Upstream,Upstream,Upstream,Upstream
7080448490,7429660,Upstream,Upstream,Upstream,Upstream,Upstream,Upstream,Upstream,Upstream
7080448500,7429660,Upstream,Upstream,Upstream,Upstream,Upstream,Upstream,Upstream,Upstream
7080378610,7429764,Upstream,Upstream,Upstream,Upstream,Upstream,Upstream,Upstream,Upstream
7080378310,7429764,Upstream,Upstream,Upstream,Upstream,Upstream,Upstream,Upstream,Upstream
7080428660,7429649,Downstream,Downstream,Downstream,Downstream,Downstream,Downstream,Downstream,Downstream
7080354240,7429778,Upstream,Upstream,Upstream,Upstream,Upstream,Upstream,Upstream,Upstream
7080354400,7429778,Downstream,Downstream,Downstream,Downstream,Downstream,Downstream,Upstream,Upstream
7080453250,7429690,Downstream,Downstream,Downstream,Downstream,Downstream,Downstream,Downstream,Downstream
7080453260,7429690,Downstream,Downstream,Downstream,Downstream,Downstream,Downstream,Downstream,Downstream
7080491850,7429496,Downstream,Downstream,Downstream,Downstream,Downstream,Downstream,Upstream,Upstream
7080491680,7429496,Downstream,Downstream,Downstream,Downstream,Downstream,Downstream,Upstream,Downstream
7080498260,7429497,Downstream,Downstream,Downstream,Downstream,Downstream,Downstream,Downstream,Downstream
7080498320,7429497,Downstream,Downstream,Downstream,Downstream,Downstream,Downstream,Downstream,Downstream
7080430810,7429649,Downstream,Downstream,Downstream,Downstream,Downstream,Downstream,Downstream,Downstream
7080430880,7429649,Downstream,Downstream,Downstream,Downstream,Downstream,Downstream,Downstream,Downstream
7080493050,7429496,Upstream,Upstream,Upstream,Upstream,Upstream,Upstream,Upstream,Upstream
7080493220,7429496,Downstream,Downstream,Downstream,Downstream,Downstream,Downstream,Upstream,Upstream
7080493410,7429496,Upstream,Upstream,Upstream,Upstream,Upstream,Upstream,Upstream,Upstream
7080493500,7429496,Upstream,Upstream,Upstream,Upstream,Upstream,Upstream,Upstream,Upstream
7080432730,7429649,Upstream,Upstream,Upstream,Upstream,Upstream,Upstream,Upstream,Downstream
7080432510,7429649,Downstream,Downstream,Downstream,Downstream,Downstream,Downstream,Downstream,Downstream
7080500550,7429497,Upstream,Upstream,Upstream,Downstream,Downstream,Downstream,Upstream,Upstream
7080500650,7429497,Downstream,Downstream,Downstream,Downstream,Downstream,Downstream,Downstream,Downstream
7080452370,7429690,Upstream,Upstream,Upstream,Upstream,Upstream,Upstream,Upstream,Upstream
7080452260,7429690,Downstream,Downstream,Downstream,Downstream,Downstream,Downstream,Downstream,Downstream
7080434300,7429649,Upstream,Upstream,Upstream,Upstream,Upstream,Upstream,Upstream,Downstream
7080434420,7429649,Upstream,Upstream,Upstream,Upstream,Upstream,Upstream,Upstream,Upstream
7080353610,7429778,Upstream,Upstream,Upstream,Upstream,Upstream,Upstream,Upstream,Upstream
7080353820,7429778,Upstream,Upstream,Upstream,Upstream,Upstream,Upstream,Upstream,Upstream
7080361300,7429774,Upstream,Upstream,Upstream,Upstream,Upstream,Upstream,Upstream,Upstream
7080361160,7429774,Upstream,Upstream,Upstream,Upstream,Upstream,Upstream,Upstream,Upstream
7080493770,7429496,Upstream,Upstream,Upstream,Upstream,Upstream,Upstream,Upstream,Upstream
7080493870,7429496,Upstream,Upstream,Upstream,Upstream,Upstream,Upstream,Upstream,Upstream
7080352910,7429778,Upstream,Upstream,Upstream,Upstream,Upstream,Upstream,Upstream,Upstream
7080353000,7429778,Upstream,Upstream,Upstream,Upstream,Upstream,Upstream,Upstream,Upstream
7080438560,7429649,Upstream,Upstream,Upstream,Upstream,Upstream,Upstream,Upstream,Upstream
7080438290,7429649,Upstream,Upstream,Upstream,Upstream,Upstream,Upstream,Upstream,Upstream
7080454950,7429690,Upstream,Upstream,Upstream,Upstream,Upstream,Upstream,Upstream,Upstream
7080455060,7429690,Upstream,Upstream,Upstream,Upstream,Upstream,Upstream,Upstream,Upstream
7080508050,7429497,Upstream,Upstream,Upstream,Upstream,Upstream,Upstream,Upstream,Upstream
7080508040,7429497,Upstream,Upstream,Upstream,Downstream,Downstream,Downstream,Upstream,Upstream
7080454220,7429690,Upstream,Upstream,Upstream,Upstream,Upstream,Upstream,Upstream,Upstream
7080454260,7429690,Upstream,Upstream,Upstream,Upstream,Upstream,Upstream,Upstream,Upstream
7080518930,7429497,Upstream,Upstream,Upstream,Upstream,Upstream,Upstream,Upstream,Upstream
7080518920,7429497,Upstream,Upstream,Upstream,Upstream,Upstream,Upstream,Upstream,Upstream
7080349030,7429785,Downstream,Downstream,Downstream,Downstream,Downstream,Downstream,Downstream,Downstream
7080362530,7429785,Downstream,Downstream,Downstream,Downstream,Downstream,Downstream,Downstream,Downstream
7080362710,7429785,Downstream,Downstream,Downstream,Downstream,Downstream,Downstream,Downstream,Downstream
7080365140,7429785,Downstream,Downstream,Downstream,Downstream,Downstream,Downstream,Upstream,Upstream
7080365310,7429785,Downstream,Downstream,Downstream,Downstream,Downstream,Downstream,Downstream,Downstream
7080368010,7429785,Upstream,Upstream,Upstream,Upstream,Upstream,Upstream,Upstream,Upstream
7080368140,7429785,Downstream,Downstream,Downstream,Downstream,Downstream,Downstream,Upstream,Upstream
7080367750,7429785,Upstream,Upstream,Upstream,Upstream,Upstream,Upstream,Upstream,Upstream
7080368000,7429785,Upstream,Upstream,Upstream,Upstream,Upstream,Upstream,Upstream,Upstream
7080329740,7429932,Downstream,Downstream,Downstream,Downstream,Downstream,Downstream,Downstream,Downstream
7080330460,7429934,Downstream,Downstream,Downstream,Downstream,Downstream,Downstream,Downstream,Downstream
7080328780,7429932,Downstream,Downstream,Downstream,Downstream,Downstream,Downstream,Downstream,Downstream
7080328770,7429932,Downstream,Downstream,Downstream,Downstream,Downstream,Downstream,Downstream,Downstream
7080334540,7429934,Downstream,Downstream,Downstream,Downstream,Downstream,Downstream,Downstream,Downstream
7080334630,7429934,Downstream,Downstream,Downstream,Downstream,Downstream,Downstream,Downstream,Downstream
7080335500,7429934,Downstream,Downstream,Downstream,Downstream,Downstream,Downstream,Downstream,Downstream
7080335670,7429934,Downstream,Downstream,Downstream,Downstream,Downstream,Downstream,Downstream,Downstream
7080339410,7429934,Downstream,Downstream,Downstream,Downstream,Downstream,Downstream,Downstream,Downstream
7080339490,7429934,Upstream,Upstream,Upstream,Upstream,Upstream,Upstream,Downstream,Downstream
7080317970,7429932,Downstream,Downstream,Downstream,Downstream,Downstream,Downstream,Downstream,Downstream
7080317820,7429932,Downstream,Downstream,Downstream,Downstream,Downstream,Downstream,Upstream,Upstream
7080341650,7429934,Upstream,Upstream,Upstream,Upstream,Upstream,Upstream,Upstream,Upstream
7080341340,7429934,Upstream,Upstream,Upstream,Upstream,Upstream,Upstream,Downstream,Downstream
7080385090,7429789,Downstream,Downstream,Downstream,Downstream,Downstream,Downstream,Downstream,Downstream
7080384890,7429788,Downstream,Downstream,Downstream,Downstream,Downstream,Downstream,Downstream,Downstream
7080310490,7429932,Downstream,Downstream,Downstream,Downstream,Downstream,Downstream,Upstream,Upstream
7080310430,7429932,Upstream,Upstream,Upstream,Upstream,Upstream,Upstream,Upstream,Upstream
7080310140,7429932,Upstream,Upstream,Upstream,Upstream,Upstream,Upstream,Upstream,Upstream
7080310050,7429932,Upstream,Upstream,Upstream,Upstream,Upstream,Upstream,Upstream,Upstream
7080387500,7429788,Downstream,Downstream,Downstream,Downstream,Downstream,Downstream,Downstream,Downstream
7080387630,7429788,Downstream,Downstream,Downstream,Downstream,Downstream,Downstream,Downstream,Downstream
7080330450,7429941,Downstream,Downstream,Downstream,Downstream,Downstream,Downstream,Downstream,Downstream
7080328880,7429941,Downstream,Downstream,Downstream,Downstream,Downstream,Downstream,Downstream,Downstream
7080329060,7429941,Downstream,Downstream,Downstream,Downstream,Downstream,Downstream,Downstream,Downstream
7080332660,7429952,Downstream,Downstream,Downstream,Downstream,Downstream,Downstream,Downstream,Downstream
7080394540,7429788,Downstream,Downstream,Downstream,Downstream,Downstream,Downstream,Downstream,Downstream
7080394650,7429788,Upstream,Upstream,Upstream,Upstream,Upstream,Upstream,Upstream,Upstream
7080327830,7429941,Upstream,Upstream,Upstream,Upstream,Upstream,Upstream,Upstream,Downstream
7080328070,7429941,Downstream,Downstream,Downstream,Downstream,Downstream,Downstream,Downstream,Downstream
7080397490,7429788,Upstream,Upstream,Upstream,Upstream,Upstream,Upstream,Upstream,Upstream
7080397630,7429788,Upstream,Upstream,Upstream,Upstream,Upstream,Upstream,Upstream,Upstream
7080401690,7429789,Downstream,Downstream,Downstream,Downstream,Downstream,Downstream,Upstream,Downstream
7080401680,7429789,Downstream,Downstream,Downstream,Downstream,Downstream,Downstream,Downstream,Downstream
7080327180,7429941,Upstream,Upstream,Upstream,Upstream,Upstream,Upstream,Upstream,Downstream
7080327170,7429941,Upstream,Upstream,Upstream,Upstream,Upstream,Upstream,Upstream,Upstream
7080399800,7429788,Upstream,Upstream,Upstream,Upstream,Upstream,Upstream,Upstream,Upstream
7080399910,7429788,Upstream,Upstream,Upstream,Upstream,Upstream,Upstream,Upstream,Upstream
7080376990,7429852,Downstream,Downstream,Downstream,Downstream,Downstream,Downstream,Downstream,Downstream
7080344540,7429952,Downstream,Downstream,Downstream,Downstream,Downstream,Downstream,Downstream,Downstream
7080344530,7429952,Downstream,Downstream,Downstream,Downstream,Downstream,Downstream,Upstream,Downstream
7080381430,7429852,Upstream,Downstream,Downstream,Downstream,Downstream,Downstream,Upstream,Downstream
7080381420,7429852,Downstream,Downstream,Downstream,Downstream,Downstream,Downstream,Downstream,Downstream
7080348520,7429952,Upstream,Upstream,Upstream,Upstream,Upstream,Upstream,Upstream,Upstream
7080348630,7429952,Downstream,Downstream,Downstream,Downstream,Downstream,Downstream,Upstream,Downstream
7080410520,7429789,Downstream,Downstream,Downstream,Downstream,Downstream,Downstream,Upstream,Downstream
7080410600,7429789,Upstream,Upstream,Upstream,Upstream,Upstream,Upstream,Upstream,Upstream
7080321300,7429941,Upstream,Upstream,Upstream,Upstream,Upstream,Upstream,Upstream,Upstream
7080411390,7429789,Upstream,Upstream,Upstream,Upstream,Upstream,Upstream,Upstream,Upstream
7080411520,7429789,Upstream,Upstream,Upstream,Upstream,Upstream,Upstream,Upstream,Upstream
7080321170,7429941,Upstream,Upstream,Upstream,Upstream,Upstream,Upstream,Upstream,Upstream
7080348360,7429952,Upstream,Upstream,Upstream,Upstream,Upstream,Upstream,Upstream,Upstream
7080348150,7429952,Upstream,Upstream,Upstream,Upstream,Upstream,Upstream,Upstream,Upstream
7080317960,7429944,Downstream,Downstream,Downstream,Downstream,Downstream,Downstream,Downstream,Downstream
7080349470,7429952,Upstream,Upstream,Upstream,Upstream,Upstream,Upstream,Upstream,Upstream
7080349360,7429952,Upstream,Upstream,Upstream,Upstream,Upstream,Upstream,Upstream,Upstream
7080415700,7429789,Upstream,Upstream,Upstream,Upstream,Upstream,Upstream,Upstream,Upstream
7080415610,7429789,Upstream,Upstream,Upstream,Upstream,Upstream,Upstream,Upstream,Upstream
7080400050,7429822,Downstream,Downstream,Downstream,Downstream,Downstream,Downstream,Downstream,Downstream
7080317450,7429947,Downstream,Downstream,Downstream,Downstream,Downstream,Downstream,Downstream,Downstream
7080402990,7429822,Downstream,Downstream,Downstream,Downstream,Downstream,Downstream,Downstream,Downstream
7080403130,7429822,Downstream,Downstream,Downstream,Downstream,Downstream,Downstream,Downstream,Downstream
7080394480,7429852,Upstream,Upstream,Upstream,Upstream,Upstream,Upstream,Upstream,Upstream
7080394490,7429852,Upstream,Downstream,Downstream,Downstream,Downstream,Downstream,Upstream,Downstream
7080396020,7429852,Upstream,Upstream,Upstream,Upstream,Upstream,Upstream,Upstream,Upstream
7080396030,7429852,Upstream,Upstream,Upstream,Upstream,Upstream,Upstream,Upstream,Upstream
7080404490,7429847,Downstream,Downstream,Downstream,Downstream,Downstream,Downstream,Downstream,Downstream
7080317030,7429947,Downstream,Downstream,Downstream,Downstream,Downstream,Downstream,Downstream,Downstream
7080317180,7429947,Downstream,Downstream,Downstream,Downstream,Downstream,Downstream,Downstream,Downstream
7080380010,7429861,Downstream,Downstream,Downstream,Downstream,Downstream,Downstream,Downstream,Downstream
7080380970,7429861,Downstream,Downstream,Downstream,Downstream,Downstream,Downstream,Downstream,Downstream
7080380750,7429861,Downstream,Downstream,Downstream,Downstream,Downstream,Downstream,Downstream,Downstream
7080303100,7429944,Downstream,Downstream,Downstream,Downstream,Downstream,Downstream,Downstream,Downstream
7080302970,7429944,Downstream,Downstream,Downstream,Downstream,Downstream,Downstream,Downstream,Downstream
7080415270,7429822,Downstream,Downstream,Downstream,Downstream,Downstream,Downstream,Downstream,Downstream
7080415370,7429822,Upstream,Upstream,Upstream,Upstream,Upstream,Upstream,Upstream,Upstream
7080411170,7429847,Downstream,Downstream,Downstream,Downstream,Downstream,Downstream,Downstream,Downstream
7080411250,7429847,Downstream,Downstream,Downstream,Downstream,Downstream,Downstream,Downstream,Downstream
7080412570,7429847,Upstream,Upstream,Upstream,Upstream,Upstream,Upstream,Upstream,Upstream
7080412650,7429847,Downstream,Downstream,Downstream,Downstream,Downstream,Downstream,Downstream,Downstream
7080413170,7429847,Upstream,Upstream,Upstream,Upstream,Upstream,Upstream,Upstream,Upstream
7080413330,7429847,Upstream,Upstream,Upstream,Upstream,Upstream,Upstream,Upstream,Upstream
7080384450,7429861,Upstream,Upstream,Upstream,Upstream,Upstream,Upstream,Upstream,Upstream
7080384530,7429861,Downstream,Downstream,Downstream,Downstream,Downstream,Downstream,Downstream,Downstream
7080413560,7429847,Upstream,Upstream,Upstream,Upstream,Upstream,Upstream,Upstream,Upstream
7080413680,7429847,Upstream,Upstream,Upstream,Upstream,Upstream,Upstream,Upstream,Upstream
7080421080,7429822,Upstream,Upstream,Upstream,Upstream,Upstream,Upstream,Upstream,Upstream
7080420870,7429822,Upstream,Upstream,Upstream,Upstream,Upstream,Upstream,Upstream,Upstream
7080392090,7429874,Downstream,Downstream,Downstream,Downstream,Downstream,Downstream,Downstream,Downstream
7080321930,7429947,Upstream,Upstream,Upstream,Upstream,Upstream,Upstream,Upstream,Upstream
7080322150,7429947,Downstream,Downstream,Downstream,Downstream,Downstream,Downstream,Downstream,Downstream
7080299840,7429944,Downstream,Downstream,Downstream,Downstream,Downstream,Downstream,Downstream,Downstream
7080299730,7429944,Downstream,Downstream,Downstream,Downstream,Downstream,Downstream,Upstream,Downstream
7080361510,7429965,Downstream,Downstream,Downstream,Downstream,Downstream,Downstream,Downstream,Downstream
7080423980,7429822,Upstream,Upstream,Upstream,Upstream,Upstream,Upstream,Upstream,Upstream
7080423970,7429822,Upstream,Upstream,Upstream,Upstream,Upstream,Upstream,Upstream,Upstream
7080416580,7429824,Downstream,Downstream,Downstream,Downstream,Downstream,Downstream,Downstream,Downstream
7080362690,7429965,Downstream,Downstream,Downstream,Downstream,Downstream,Downstream,Downstream,Downstream
7080362850,7429965,Downstream,Downstream,Downstream,Downstream,Downstream,Downstream,Downstream,Downstream
7080418270,7429824,Downstream,Downstream,Downstream,Downstream,Downstream,Downstream,Downstream,Downstream
7080418160,7429824,Downstream,Downstream,Downstream,Downstream,Downstream,Downstream,Downstream,Downstream
7080387400,7429861,Upstream,Upstream,Upstream,Upstream,Upstream,Upstream,Upstream,Upstream
7080387390,7429861,Upstream,Upstream,Upstream,Upstream,Upstream,Upstream,Upstream,Upstream
7080399030,7429874,Downstream,Downstream,Downstream,Downstream,Downstream,Downstream,Downstream,Downstream
7080399120,7429874,Downstream,Downstream,Downstream,Downstream,Downstream,Downstream,Downstream,Downstream
7080404730,7429874,Downstream,Downstream,Downstream,Downstream,Downstream,Downstream,Downstream,Downstream
7080404800,7429874,Upstream,Upstream,Upstream,Upstream,Upstream,Upstream,Upstream,Upstream
7080404900,7429874,Upstream,Upstream,Upstream,Upstream,Upstream,Upstream,Upstream,Upstream
7080404890,7429874,Upstream,Upstream,Upstream,Upstream,Upstream,Upstream,Upstream,Upstream
7080393140,7429861,Upstream,Upstream,Upstream,Upstream,Upstream,Upstream,Upstream,Upstream
7080392830,7429861,Upstream,Upstream,Upstream,Upstream,Upstream,Upstream,Upstream,Upstream
7080295900,7429944,Upstream,Upstream,Upstream,Upstream,Upstream,Upstream,Upstream,Upstream
7080295660,7429944,Downstream,Downstream,Downstream,Downstream,Downstream,Downstream,Upstream,Downstream
7080370080,7429965,Upstream,Upstream,Upstream,Upstream,Upstream,Upstream,Upstream,Upstream
7080370190,7429965,Downstream,Downstream,Downstream,Downstream,Downstream,Downstream,Downstream,Downstream
7080394850,7429862,Downstream,Downstream,Downstream,Downstream,Downstream,Downstream,Downstream,Downstream
7080425450,7429824,Downstream,Downstream,Downstream,Downstream,Downstream,Downstream,Downstream,Downstream
7080425570,7429824,Upstream,Upstream,Upstream,Upstream,Upstream,Upstream,Upstream,Upstream
7080409830,7429874,Upstream,Upstream,Upstream,Upstream,Upstream,Upstream,Upstream,Upstream
7080409840,7429874,Upstream,Upstream,Upstream,Upstream,Upstream,Upstream,Upstream,Upstream
7080370630,7429965,Upstream,Upstream,Upstream,Upstream,Upstream,Upstream,Upstream,Upstream
7080370750,7429965,Upstream,Upstream,Upstream,Upstream,Upstream,Upstream,Upstream,Upstream
7080316140,7429947,Upstream,Upstream,Upstream,Upstream,Upstream,Upstream,Upstream,Upstream
7080316000,7429947,Upstream,Upstream,Upstream,Upstream,Upstream,Upstream,Upstream,Upstream
7080398380,7429862,Downstream,Downstream,Downstream,Downstream,Downstream,Downstream,Downstream,Downstream
7080398390,7429862,Upstream,Upstream,Upstream,Upstream,Upstream,Upstream,Upstream,Downstream
7080316520,7429947,Upstream,Upstream,Upstream,Upstream,Upstream,Upstream,Upstream,Upstream
7080316130,7429947,Upstream,Upstream,Upstream,Upstream,Upstream,Upstream,Upstream,Upstream
7080430670,7429824,Upstream,Upstream,Upstream,Upstream,Upstream,Upstream,Upstream,Upstream
7080430450,7429824,Upstream,Upstream,Upstream,Upstream,Upstream,Upstream,Upstream,Upstream
7080371590,7429965,Upstream,Upstream,Upstream,Upstream,Upstream,Upstream,Upstream,Upstream
7080371450,7429965,Upstream,Upstream,Upstream,Upstream,Upstream,Upstream,Upstream,Upstream
7080431670,7429824,Upstream,Upstream,Upstream,Upstream,Upstream,Upstream,Upstream,Upstream
7080431510,7429824,Upstream,Upstream,Upstream,Upstream,Upstream,Upstream,Upstream,Upstream
7080395240,7429865,Downstream,Downstream,Downstream,Downstream,Downstream,Downstream,Downstream,Downstream
7080395380,7429864,Downstream,Downstream,Downstream,Downstream,Downstream,Downstream,Downstream,Downstream
7080416820,7429880,Downstream,Downstream,Downstream,Downstream,Downstream,Downstream,Downstream,Downstream
7080398240,7429864,Upstream,Upstream,Upstream,Upstream,Upstream,Upstream,Upstream,Upstream
7080398370,7429864,Downstream,Downstream,Downstream,Downstream,Downstream,Downstream,Downstream,Downstream
7080316340,7429949,Downstream,Downstream,Downstream,Downstream,Downstream,Downstream,Downstream,Downstream
7080392960,7429865,Downstream,Downstream,Downstream,Downstream,Downstream,Downstream,Downstream,Downstream
7080392820,7429865,Downstream,Downstream,Downstream,Downstream,Downstream,Downstream,Downstream,Downstream
7080417510,7429880,Downstream,Downstream,Downstream,Downstream,Downstream,Downstream,Downstream,Downstream
7080417360,7429880,Downstream,Downstream,Downstream,Downstream,Downstream,Downstream,Downstream,Downstream
7080412630,7429862,Upstream,Upstream,Upstream,Upstream,Upstream,Upstream,Upstream,Upstream
7080412640,7429862,Upstream,Upstream,Upstream,Upstream,Upstream,Upstream,Upstream,Downstream
7080419320,7429880,Downstream,Downstream,Downstream,Downstream,Downstream,Downstream,Downstream,Downstream
7080419450,7429880,Downstream,Downstream,Downstream,Downstream,Downstream,Downstream,Downstream,Downstream
7080293500,7429944,Upstream,Upstream,Upstream,Upstream,Upstream,Upstream,Upstream,Upstream
7080293620,7429944,Upstream,Upstream,Upstream,Upstream,Upstream,Upstream,Upstream,Upstream
7080401070,7429864,Upstream,Upstream,Upstream,Upstream,Upstream,Upstream,Upstream,Upstream
7080401170,7429864,Upstream,Upstream,Upstream,Upstream,Upstream,Upstream,Upstream,Upstream
7080390810,7429865,Downstream,Downstream,Downstream,Downstream,Downstream,Downstream,Downstream,Downstream
7080390820,7429865,Downstream,Downstream,Downstream,Downstream,Downstream,Downstream,Downstream,Downstream
7080375650,7429969,Downstream,Downstream,Downstream,Downstream,Downstream,Downstream,Downstream,Downstream
7080312020,7429949,Downstream,Downstream,Downstream,Downstream,Downstream,Downstream,Downstream,Downstream
7080311850,7429949,Downstream,Downstream,Downstream,Downstream,Downstream,Downstream,Downstream,Downstream
7080428200,7429892,Downstream,Downstream,Downstream,Downstream,Downstream,Downstream,Downstream,Downstream
7080376120,7429969,Downstream,Downstream,Downstream,Downstream,Downstream,Downstream,Downstream,Downstream
7080376240,7429969,Downstream,Downstream,Downstream,Downstream,Downstream,Downstream,Downstream,Downstream
7080388810,7429865,Upstream,Upstream,Upstream,Upstream,Upstream,Upstream,Upstream,Upstream
7080388650,7429865,Downstream,Downstream,Downstream,Downstream,Downstream,Downstream,Downstream,Downstream
7080388920,7429865,Upstream,Upstream,Upstream,Upstream,Upstream,Upstream,Upstream,Upstream
7080388940,7429865,Upstream,Upstream,Upstream,Upstream,Upstream,Upstream,Upstream,Upstream
7080429450,7429892,Downstream,Downstream,Downstream,Downstream,Downstream,Downstream,Downstream,Downstream
7080429520,7429892,Downstream,Downstream,Downstream,Downstream,Downstream,Downstream,Downstream,Downstream
7080448770,7429829,Downstream,Downstream,Downstream,Downstream,Downstream,Downstream,Downstream,Downstream
7080418930,7429862,Upstream,Upstream,Upstream,Upstream,Upstream,Upstream,Upstream,Upstream
7080418650,7429862,Upstream,Upstream,Upstream,Upstream,Upstream,Upstream,Upstream,Upstream
7080333810,7429991,Downstream,Downstream,Downstream,Downstream,Downstream,Downstream,Downstream,Downstream
7080425440,7429880,Upstream,Upstream,Upstream,Upstream,Upstream,Upstream,Upstream,Upstream
7080425560,7429880,Downstream,Downstream,Downstream,Downstream,Downstream,Downstream,Downstream,Downstream
7080453340,7429829,Downstream,Downstream,Downstream,Downstream,Downstream,Downstream,Downstream,Downstream
7080453330,7429829,Downstream,Downstream,Downstream,Downstream,Downstream,Downstream,Downstream,Downstream
7080373170,7429969,Upstream,Upstream,Upstream,Downstream,Downstream,Downstream,Upstream,Downstream
7080373180,7429969,Downstream,Downstream,Downstream,Downstream,Downstream,Downstream,Downstream,Downstream
7080416710,7429862,Upstream,Upstream,Upstream,Upstream,Upstream,Upstream,Upstream,Upstream
7080416970,7429862,Upstream,Upstream,Upstream,Upstream,Upstream,Upstream,Upstream,Upstream
7080427480,7429880,Upstream,Upstream,Upstream,Upstream,Upstream,Upstream,Upstream,Upstream
7080427600,7429880,Upstream,Upstream,Upstream,Upstream,Upstream,Upstream,Upstream,Upstream
7080336210,7429991,Downstream,Downstream,Downstream,Downstream,Downstream,Downstream,Downstream,Downstream
7080336310,7429991,Downstream,Downstream,Downstream,Downstream,Downstream,Downstream,Downstream,Downstream
7080392940,7429867,Downstream,Downstream,Downstream,Downstream,Downstream,Downstream,Downstream,Downstream
7080372590,7429969,Upstream,Upstream,Upstream,Upstream,Upstream,Upstream,Upstream,Upstream
7080372840,7429969,Upstream,Upstream,Upstream,Downstream,Downstream,Downstream,Upstream,Downstream
7080435020,7429892,Downstream,Downstream,Downstream,Downstream,Downstream,Downstream,Downstream,Downstream
7080435110,7429892,Upstream,Upstream,Upstream,Upstream,Upstream,Upstream,Upstream,Upstream
7080460260,7429829,Upstream,Upstream,Upstream,Upstream,Upstream,Upstream,Upstream,Upstream
7080460060,7429829,Downstream,Downstream,Downstream,Downstream,Downstream,Downstream,Downstream,Downstream
7080398350,7429867,Downstream,Downstream,Downstream,Downstream,Downstream,Downstream,Downstream,Downstream
7080398360,7429867,Upstream,Upstream,Upstream,Upstream,Upstream,Downstream,Upstream,Downstream
7080461170,7429829,Upstream,Upstream,Upstream,Upstream,Upstream,Upstream,Upstream,Upstream
7080461160,7429829,Upstream,Upstream,Upstream,Upstream,Upstream,Upstream,Upstream,Upstream
7080437270,7429892,Upstream,Upstream,Upstream,Upstream,Upstream,Upstream,Upstream,Upstream
7080437360,7429892,Upstream,Upstream,Upstream,Upstream,Upstream,Upstream,Upstream,Upstream
7080437140,7429892,Upstream,Upstream,Upstream,Upstream,Upstream,Upstream,Upstream,Upstream
7080371220,7429969,Upstream,Upstream,Upstream,Upstream,Upstream,Upstream,Upstream,Upstream
7080371130,7429969,Upstream,Upstream,Upstream,Upstream,Upstream,Upstream,Upstream,Upstream
7080401500,7429867,Upstream,Upstream,Upstream,Upstream,Upstream,Downstream,Upstream,Upstream
7080401660,7429867,Upstream,Upstream,Upstream,Upstream,Upstream,Downstream,Upstream,Downstream
7080340210,7429991,Downstream,Downstream,Downstream,Upstream,Upstream,Upstream,Downstream,Downstream
7080340270,7429991,Downstream,Downstream,Downstream,Downstream,Downstream,Downstream,Downstream,Downstream
7080342470,7429991,Upstream,Upstream,Upstream,Upstream,Upstream,Upstream,Upstream,Upstream
7080342460,7429991,Downstream,Downstream,Downstream,Upstream,Upstream,Upstream,Downstream,Downstream
7080343170,7429991,Downstream,Downstream,Downstream,Upstream,Upstream,Upstream,Downstream,Downstream
7080343240,7429991,Downstream,Downstream,Downstream,Upstream,Upstream,Upstream,Downstream,Downstream
7080464920,7429829,Upstream,Upstream,Upstream,Upstream,Upstream,Upstream,Upstream,Upstream
7080465100,7429829,Upstream,Upstream,Upstream,Upstream,Upstream,Upstream,Upstream,Upstream
7080323170,7429987,Downstream,Downstream,Downstream,Downstream,Downstream,Downstream,Upstream,Downstream
7080303750,7429949,Downstream,Downstream,Downstream,Downstream,Downstream,Downstream,Downstream,Downstream
7080303460,7429949,Upstream,Upstream,Upstream,Upstream,Upstream,Upstream,Upstream,Upstream
7080412090,7429867,Upstream,Upstream,Upstream,Upstream,Upstream,Upstream,Upstream,Upstream
7080412250,7429867,Upstream,Upstream,Upstream,Upstream,Upstream,Downstream,Upstream,Upstream
7080303210,7429949,Upstream,Upstream,Upstream,Upstream,Upstream,Upstream,Upstream,Upstream
7080303450,7429949,Upstream,Upstream,Upstream,Upstream,Upstream,Upstream,Upstream,Upstream
7080347030,7429995,Downstream,Downstream,Downstream,Downstream,Downstream,Downstream,Downstream,Downstream
7080413660,7429867,Upstream,Upstream,Upstream,Upstream,Upstream,Upstream,Upstream,Upstream
7080413440,7429867,Upstream,Upstream,Upstream,Upstream,Upstream,Upstream,Upstream,Upstream
7080322530,7429987,Downstream,Downstream,Downstream,Downstream,Downstream,Downstream,Upstream,Downstream
7080322300,7429987,Downstream,Downstream,Downstream,Downstream,Downstream,Downstream,Upstream,Upstream
7080415100,7429869,Downstream,Downstream,Downstream,Downstream,Downstream,Downstream,Downstream,Downstream
7080465480,7429899,Downstream,Downstream,Downstream,Downstream,Downstream,Downstream,Downstream,Downstream
7080465760,7429898,Downstream,Downstream,Downstream,Upstream,Upstream,Upstream,Downstream,Downstream
7080321550,7429987,Downstream,Downstream,Downstream,Downstream,Downstream,Downstream,Upstream,Upstream
7080321460,7429987,Upstream,Upstream,Upstream,Upstream,Upstream,Upstream,Upstream,Upstream
7080466350,7429898,Downstream,Downstream,Downstream,Upstream,Upstream,Upstream,Downstream,Downstream
7080466340,7429898,Upstream,Upstream,Upstream,Upstream,Upstream,Upstream,Upstream,Upstream
7080302400,7429949,Upstream,Upstream,Upstream,Upstream,Upstream,Upstream,Upstream,Upstream
7080302480,7429949,Upstream,Upstream,Upstream,Upstream,Upstream,Upstream,Upstream,Upstream
7080321040,7429987,Downstream,Downstream,Downstream,Downstream,Downstream,Downstream,Upstream,Upstream
7080320920,7429987,Downstream,Downstream,Downstream,Downstream,Downstream,Downstream,Upstream,Upstream
7080319260,7429988,Upstream,Upstream,Downstream,Downstream,Downstream,Downstream,Upstream,Downstream
7080354090,7429995,Downstream,Downstream,Downstream,Downstream,Downstream,Downstream,Downstream,Downstream
7080353980,7429995,Downstream,Downstream,Downstream,Downstream,Downstream,Downstream,Downstream,Downstream
7080320560,7429988,Upstream,Upstream,Downstream,Downstream,Downstream,Downstream,Upstream,Upstream
7080320710,7429988,Upstream,Upstream,Downstream,Downstream,Downstream,Downstream,Upstream,Downstream
7080425990,7429869,Downstream,Downstream,Downstream,Downstream,Downstream,Downstream,Downstream,Downstream
7080425770,7429869,Downstream,Downstream,Downstream,Downstream,Downstream,Downstream,Downstream,Downstream
7080460050,7429899,Downstream,Downstream,Downstream,Downstream,Downstream,Downstream,Downstream,Downstream
7080459930,7429899,Downstream,Downstream,Downstream,Downstream,Downstream,Downstream,Downstream,Downstream
7080426900,7429869,Upstream,Upstream,Upstream,Upstream,Upstream,Upstream,Upstream,Upstream
7080426890,7429869,Downstream,Downstream,Downstream,Downstream,Downstream,Downstream,Downstream,Downstream
7080428550,7429869,Upstream,Upstream,Upstream,Upstream,Upstream,Upstream,Upstream,Upstream
7080428540,7429869,Upstream,Upstream,Upstream,Upstream,Upstream,Upstream,Upstream,Upstream
7080459330,7429899,Downstream,Downstream,Downstream,Downstream,Downstream,Downstream,Downstream,Downstream
7080459120,7429899,Upstream,Upstream,Upstream,Upstream,Upstream,Upstream,Upstream,Downstream
7080319130,7429988,Upstream,Upstream,Downstream,Downstream,Downstream,Downstream,Upstream,Upstream
7080319400,7429988,Upstream,Upstream,Downstream,Downstream,Downstream,Downstream,Upstream,Upstream
7080435820,7429869,Upstream,Upstream,Upstream,Upstream,Upstream,Upstream,Upstream,Upstream
7080435810,7429869,Upstream,Upstream,Upstream,Upstream,Upstream,Upstream,Upstream,Upstream
7080364570,7429995,Downstream,Downstream,Downstream,Downstream,Downstream,Downstream,Downstream,Downstream
7080364580,7429995,Upstream,Upstream,Upstream,Upstream,Upstream,Upstream,Upstream,Upstream
7080320910,7429988,Upstream,Upstream,Upstream,Upstream,Upstream,Upstream,Upstream,Upstream
7080321030,7429988,Upstream,Upstream,Downstream,Downstream,Downstream,Downstream,Upstream,Upstream
7080454460,7429899,Upstream,Upstream,Upstream,Upstream,Upstream,Upstream,Upstream,Upstream
7080454340,7429899,Upstream,Upstream,Upstream,Upstream,Upstream,Upstream,Upstream,Downstream
7080321540,7429988,Upstream,Upstream,Upstream,Upstream,Upstream,Upstream,Upstream,Upstream
7080321360,7429988,Upstream,Upstream,Upstream,Upstream,Upstream,Upstream,Upstream,Upstream
7080452720,7429899,Upstream,Upstream,Upstream,Upstream,Upstream,Upstream,Upstream,Upstream
7080452630,7429899,Upstream,Upstream,Upstream,Upstream,Upstream,Upstream,Upstream,Upstream
7080381390,7429995,Upstream,Upstream,Upstream,Upstream,Upstream,Upstream,Upstream,Upstream
7080381250,7429995,Upstream,Upstream,Upstream,Upstream,Upstream,Upstream,Upstream,Upstream
7080386120,7429995,Upstream,Upstream,Upstream,Upstream,Upstream,Upstream,Upstream,Upstream
7080386260,7429995,Upstream,Upstream,Upstream,Upstream,Upstream,Upstream,Upstream,Upstream
7080386370,7429996,Downstream,Downstream,Downstream,Downstream,Downstream,Downstream,Downstream,Downstream
7080386360,7429997,Downstream,Downstream,Downstream,Downstream,Downstream,Downstream,Downstream,Downstream
7080387180,7429997,Downstream,Downstream,Downstream,Downstream,Downstream,Downstream,Downstream,Downstream
7080386780,7429997,Downstream,Downstream,Downstream,Downstream,Downstream,Downstream,Downstream,Downstream
7080388770,7429997,Upstream,Upstream,Upstream,Upstream,Upstream,Upstream,Upstream,Downstream
7080388610,7429997,Downstream,Downstream,Downstream,Downstream,Downstream,Downstream,Downstream,Downstream
7080388760,7429997,Upstream,Upstream,Upstream,Upstream,Upstream,Upstream,Upstream,Downstream
7080388890,7429997,Upstream,Upstream,Upstream,Upstream,Upstream,Upstream,Upstream,Upstream
7080397610,7429997,Upstream,Upstream,Upstream,Upstream,Upstream,Upstream,Upstream,Upstream
7080397780,7429997,Upstream,Upstream,Upstream,Upstream,Upstream,Upstream,Upstream,Upstream
7080416240,7429996,Upstream,Upstream,Downstream,Downstream,Downstream,Downstream,Upstream,Upstream
7080416230,7429996,Downstream,Downstream,Downstream,Downstream,Downstream,Downstream,Downstream,Downstream
7080418760,7429996,Upstream,Upstream,Upstream,Upstream,Upstream,Upstream,Upstream,Upstream
7080418580,7429996,Upstream,Upstream,Downstream,Downstream,Downstream,Downstream,Upstream,Upstream
7080420300,7429996,Upstream,Upstream,Upstream,Upstream,Upstream,Upstream,Upstream,Upstream
7080420440,7429996,Upstream,Upstream,Upstream,Upstream,Upstream,Upstream,Upstream,Upstream
7080423170,7429996,Upstream,Upstream,Upstream,Upstream,Upstream,Upstream,Upstream,Upstream
7080423270,7429996,Upstream,Upstream,Upstream,Upstream,Upstream,Upstream,Upstream,Upstream
7080694700,7521660,Downstream,Downstream,Downstream,Downstream,Downstream,Downstream,Downstream,Downstream
7080693730,7521660,Downstream,Downstream,Downstream,Downstream,Downstream,Downstream,Downstream,Downstream
7080693590,7521660,Downstream,Downstream,Downstream,Downstream,Downstream,Downstream,Downstream,Downstream
7080694850,7521660,Upstream,Upstream,Upstream,Upstream,Upstream,Upstream,Upstream,Upstream
7080694910,7521660,Downstream,Downstream,Downstream,Downstream,Downstream,Downstream,Downstream,Downstream
7080694080,7521660,Upstream,Upstream,Upstream,Upstream,Upstream,Upstream,Upstream,Upstream
7080694010,7521660,Upstream,Upstream,Upstream,Upstream,Upstream,Upstream,Upstream,Upstream
7080674600,7521695,Downstream,Downstream,Downstream,Downstream,Downstream,Downstream,Downstream,Downstream
7080691440,7521660,Upstream,Upstream,Upstream,Upstream,Upstream,Upstream,Upstream,Upstream
7080691310,7521660,Upstream,Upstream,Upstream,Upstream,Upstream,Upstream,Upstream,Upstream
7080671880,7521695,Downstream,Downstream,Downstream,Downstream,Downstream,Downstream,Downstream,Downstream
7080671710,7521695,Downstream,Downstream,Downstream,Downstream,Downstream,Downstream,Downstream,Downstream
7080671020,7521695,Upstream,Upstream,Upstream,Upstream,Upstream,Upstream,Upstream,Downstream
7080670950,7521695,Downstream,Downstream,Downstream,Downstream,Downstream,Downstream,Downstream,Downstream
7080669450,7521695,Upstream,Upstream,Upstream,Upstream,Upstream,Upstream,Upstream,Downstream
7080669460,7521695,Upstream,Upstream,Upstream,Upstream,Upstream,Upstream,Upstream,Upstream
7080668460,7521695,Upstream,Upstream,Upstream,Upstream,Upstream,Upstream,Upstream,Upstream
7080668470,7521695,Upstream,Upstream,Upstream,Upstream,Upstream,Upstream,Upstream,Upstream
7080655850,7521699,Downstream,Downstream,Downstream,Downstream,Downstream,Downstream,Downstream,Downstream
7080655740,7521699,Upstream,Upstream,Upstream,Upstream,Upstream,Upstream,Upstream,Downstream
7080655970,7521699,Downstream,Downstream,Downstream,Downstream,Downstream,Downstream,Downstream,Downstream
7080654280,7521699,Upstream,Upstream,Upstream,Upstream,Upstream,Upstream,Upstream,Upstream
7080654090,7521699,Upstream,Upstream,Upstream,Upstream,Upstream,Upstream,Upstream,Downstream
7080650110,7521699,Upstream,Upstream,Upstream,Upstream,Upstream,Upstream,Upstream,Upstream
7080650020,7521699,Upstream,Upstream,Upstream,Upstream,Upstream,Upstream,Upstream,Upstream
7080642420,7521699,Upstream,Upstream,Upstream,Upstream,Upstream,Upstream,Upstream,Upstream
7080642330,7521699,Upstream,Upstream,Upstream,Upstream,Upstream,Upstream,Upstream,Upstream
7080675980,7521920,Downstream,Downstream,Downstream,Downstream,Downstream,Downstream,Downstream,Downstream
7080674910,7521920,Upstream,Upstream,Upstream,Downstream,Downstream,Downstream,Upstream,Downstream
7080675050,7521920,Downstream,Downstream,Downstream,Downstream,Downstream,Downstream,Downstream,Downstream
7080672140,7521920,Upstream,Upstream,Upstream,Downstream,Downstream,Downstream,Upstream,Downstream
7080672250,7521920,Upstream,Upstream,Upstream,Downstream,Downstream,Downstream,Upstream,Upstream
7080662640,7521946,Downstream,Downstream,Downstream,Downstream,Downstream,Downstream,Downstream,Downstream
7080671850,7521920,Upstream,Upstream,Upstream,Upstream,Upstream,Upstream,Upstream,Upstream
7080671690,7521920,Upstream,Upstream,Upstream,Downstream,Downstream,Downstream,Upstream,Upstream
7080671490,7521920,Upstream,Upstream,Upstream,Upstream,Upstream,Upstream,Upstream,Upstream
7080671600,7521920,Upstream,Upstream,Upstream,Upstream,Upstream,Upstream,Upstream,Upstream
7080660790,7521946,Upstream,Downstream,Downstream,Downstream,Downstream,Downstream,Upstream,Downstream
7080661030,7521946,Downstream,Downstream,Downstream,Downstream,Downstream,Downstream,Downstream,Downstream
7080648070,7521959,Downstream,Downstream,Downstream,Downstream,Downstream,Downstream,Downstream,Downstream
7080646570,7521959,Downstream,Downstream,Downstream,Downstream,Downstream,Downstream,Downstream,Downstream
7080646430,7521959,Upstream,Downstream,Downstream,Downstream,Downstream,Downstream,Upstream,Downstream
7080657170,7521946,Upstream,Downstream,Downstream,Downstream,Downstream,Downstream,Upstream,Downstream
7080656880,7521946,Upstream,Upstream,Upstream,Upstream,Upstream,Upstream,Upstream,Upstream
7080646560,7521948,Downstream,Downstream,Downstream,Downstream,Downstream,Downstream,Downstream,Downstream
7080645930,7521948,Downstream,Downstream,Downstream,Downstream,Downstream,Downstream,Upstream,Upstream
7080645830,7521948,Downstream,Downstream,Downstream,Downstream,Downstream,Downstream,Downstream,Downstream
7080654580,7521946,Upstream,Upstream,Upstream,Upstream,Upstream,Upstream,Upstream,Upstream
7080654570,7521946,Upstream,Upstream,Upstream,Upstream,Upstream,Upstream,Upstream,Upstream
7080645390,7521948,Upstream,Upstream,Upstream,Upstream,Upstream,Upstream,Upstream,Upstream
7080645140,7521948,Downstream,Downstream,Downstream,Downstream,Downstream,Downstream,Upstream,Upstream
7080653410,7521946,Upstream,Upstream,Upstream,Upstream,Upstream,Upstream,Upstream,Upstream
7080653320,7521946,Upstream,Upstream,Upstream,Upstream,Upstream,Upstream,Upstream,Upstream
7080640940,7521959,Upstream,Downstream,Downstream,Downstream,Downstream,Downstream,Upstream,Downstream
7080640910,7521959,Upstream,Upstream,Upstream,Upstream,Upstream,Upstream,Upstream,Upstream
7080646620,7521948,Upstream,Upstream,Upstream,Upstream,Upstream,Upstream,Upstream,Upstream
7080646760,7521948,Upstream,Upstream,Upstream,Upstream,Upstream,Upstream,Upstream,Upstream
7080647020,7521948,Upstream,Upstream,Upstream,Upstream,Upstream,Upstream,Upstream,Upstream
7080647080,7521948,Upstream,Upstream,Upstream,Upstream,Upstream,Upstream,Upstream,Upstream
7080639420,7521959,Upstream,Upstream,Upstream,Upstream,Upstream,Upstream,Upstream,Upstream
7080639500,7521959,Upstream,Upstream,Upstream,Upstream,Upstream,Upstream,Upstream,Upstream
7080637270,7521959,Upstream,Upstream,Upstream,Upstream,Upstream,Upstream,Upstream,Upstream
7080637450,7521959,Upstream,Upstream,Upstream,Upstream,Upstream,Upstream,Upstream,Upstream
7080636470,7521960,Downstream,Downstream,Downstream,Downstream,Downstream,Downstream,Downstream,Downstream
7080634440,7521960,Upstream,Downstream,Downstream,Downstream,Downstream,Downstream,Upstream,Downstream
7080634450,7521960,Downstream,Downstream,Downstream,Downstream,Downstream,Downstream,Downstream,Downstream
7080628820,7521973,Downstream,Downstream,Downstream,Downstream,Downstream,Downstream,Downstream,Downstream
7080630380,7521960,Upstream,Upstream,Upstream,Upstream,Upstream,Upstream,Upstream,Upstream
7080630610,7521960,Upstream,Downstream,Downstream,Downstream,Downstream,Downstream,Upstream,Downstream
7080625320,7521973,Downstream,Downstream,Downstream,Downstream,Downstream,Downstream,Downstream,Downstream
7080625310,7521973,Downstream,Downstream,Downstream,Downstream,Downstream,Downstream,Downstream,Downstream
7080628240,7521960,Upstream,Upstream,Upstream,Upstream,Upstream,Upstream,Upstream,Upstream
7080628070,7521960,Upstream,Upstream,Upstream,Upstream,Upstream,Upstream,Upstream,Upstream
7080621170,7521973,Downstream,Downstream,Downstream,Downstream,Downstream,Downstream,Downstream,Downstream
7080621010,7521973,Upstream,Upstream,Upstream,Downstream,Downstream,Downstream,Upstream,Downstream
7080612810,7521973,Upstream,Upstream,Upstream,Downstream,Downstream,Downstream,Upstream,Downstream
7080612670,7521973,Upstream,Upstream,Upstream,Upstream,Upstream,Upstream,Upstream,Upstream
7080618460,7521960,Upstream,Upstream,Upstream,Upstream,Upstream,Upstream,Upstream,Upstream
7080618650,7521960,Upstream,Upstream,Upstream,Upstream,Upstream,Upstream,Upstream,Upstream
7080608150,7521973,Upstream,Upstream,Upstream,Upstream,Upstream,Upstream,Upstream,Upstream
7080608000,7521973,Upstream,Upstream,Upstream,Upstream,Upstream,Upstream,Upstream,Upstream
7080602110,7521980,Downstream,Downstream,Downstream,Downstream,Downstream,Downstream,Downstream,Downstream
7080602100,7521990,Downstream,Downstream,Downstream,Downstream,Downstream,Downstream,Downstream,Downstream
7080601580,7521990,Downstream,Downstream,Downstream,Downstream,Downstream,Downstream,Downstream,Downstream
7080601850,7521990,Downstream,Downstream,Downstream,Downstream,Downstream,Downstream,Downstream,Downstream
7080597460,7521980,Downstream,Downstream,Downstream,Downstream,Downstream,Downstream,Downstream,Downstream
7080597410,7521980,Downstream,Downstream,Downstream,Downstream,Downstream,Downstream,Downstream,Downstream
7080597180,7521980,Downstream,Downstream,Upstream,Upstream,Upstream,Upstream,Downstream,Downstream
7080597190,7521980,Downstream,Downstream,Downstream,Downstream,Downstream,Downstream,Downstream,Downstream
7080594130,7521980,Upstream,Upstream,Upstream,Upstream,Upstream,Upstream,Upstream,Upstream
7080594140,7521980,Downstream,Downstream,Upstream,Upstream,Upstream,Upstream,Downstream,Downstream
7080592830,7521980,Upstream,Upstream,Upstream,Upstream,Upstream,Upstream,Upstream,Upstream
7080592780,7521980,Upstream,Upstream,Upstream,Upstream,Upstream,Upstream,Upstream,Upstream
7080597080,7521990,Upstream,Upstream,Upstream,Upstream,Upstream,Upstream,Upstream,Upstream
7080597160,7521990,Downstream,Downstream,Downstream,Downstream,Downstream,Downstream,Downstream,Downstream
7080595320,7521990,Upstream,Upstream,Upstream,Upstream,Upstream,Upstream,Upstream,Upstream
7080595100,7521990,Upstream,Upstream,Upstream,Upstream,Upstream,Upstream,Upstream,Upstream
7080595210,7521990,Upstream,Upstream,Upstream,Upstream,Upstream,Upstream,Upstream,Upstream
7080595090,7521990,Upstream,Upstream,Upstream,Upstream,Upstream,Upstream,Upstream,Upstream
7080059990,7230100,Downstream,Downstream,Downstream,Downstream,Downstream,Downstream,Downstream,Downstream
7080060020,7230100,Downstream,Downstream,Downstream,Downstream,Downstream,Downstream,Downstream,Downstream
7080060030,7230100,Upstream,Upstream,Upstream,Upstream,Upstream,Upstream,Upstream,Upstream
7080060160,7230100,Downstream,Downstream,Downstream,Downstream,Downstream,Downstream,Downstream,Downstream
7080060170,7230100,Downstream,Downstream,Downstream,Downstream,Downstream,Downstream,Downstream,Downstream
7080060200,7230100,Downstream,Downstream,Downstream,Downstream,Downstream,Downstream,Downstream,Downstream
7080060210,7230100,Downstream,Downstream,Downstream,Downstream,Downstream,Downstream,Downstream,Downstream
7080060220,7230100,Downstream,Downstream,Downstream,Downstream,Downstream,Downstream,Downstream,Downstream
7080060230,7230100,Downstream,Downstream,Downstream,Downstream,Downstream,Downstream,Downstream,Downstream
7080060310,7230200,Downstream,Downstream,Downstream,Downstream,Downstream,Downstream,Downstream,Downstream
7080300060,7230200,Downstream,Downstream,Downstream,Downstream,Downstream,Downstream,Downstream,Downstream
7080300200,7230200,Downstream,Downstream,Downstream,Downstream,Downstream,Downstream,Upstream,Upstream
7080301790,7230200,Upstream,Upstream,Upstream,Upstream,Upstream,Upstream,Upstream,Upstream
7080301800,7230200,Downstream,Downstream,Downstream,Downstream,Downstream,Downstream,Upstream,Upstream
7080303140,7230200,Upstream,Upstream,Upstream,Upstream,Upstream,Upstream,Upstream,Upstream
7080303190,7230200,Upstream,Upstream,Upstream,Upstream,Upstream,Upstream,Upstream,Upstream
7080307910,7230200,Upstream,Upstream,Upstream,Upstream,Upstream,Upstream,Upstream,Upstream
7080308060,7230200,Upstream,Upstream,Upstream,Upstream,Upstream,Upstream,Upstream,Upstream
7080060550,7230303,Downstream,Downstream,Downstream,Downstream,Downstream,Downstream,Downstream,Downstream
7080060560,7230303,Downstream,Downstream,Downstream,Downstream,Downstream,Downstream,Downstream,Downstream
7080060570,7230303,Downstream,Downstream,Downstream,Downstream,Downstream,Downstream,Downstream,Downstream
7080060590,7230303,Downstream,Downstream,Downstream,Downstream,Downstream,Downstream,Downstream,Downstream
7080060600,7230303,Upstream,Upstream,Upstream,Upstream,Upstream,Upstream,Upstream,Upstream
7080060840,7230303,Downstream,Downstream,Downstream,Downstream,Downstream,Downstream,Downstream,Downstream
7080060850,7230303,Downstream,Downstream,Downstream,Downstream,Downstream,Downstream,Downstream,Downstream
7080060940,7230303,Downstream,Downstream,Downstream,Downstream,Downstream,Downstream,Downstream,Downstream
7080060950,7230303,Downstream,Downstream,Downstream,Downstream,Downstream,Downstream,Downstream,Downstream
7080061330,7230309,Downstream,Downstream,Downstream,Downstream,Downstream,Downstream,Downstream,Downstream
7080061350,7230309,Downstream,Downstream,Downstream,Downstream,Downstream,Downstream,Downstream,Downstream
7080061360,7230309,Downstream,Downstream,Downstream,Downstream,Downstream,Downstream,Downstream,Downstream
7080061370,7230309,Downstream,Downstream,Downstream,Downstream,Downstream,Downstream,Downstream,Downstream
7080061380,7230309,Downstream,Downstream,Downstream,Downstream,Downstream,Downstream,Downstream,Downstream
7080061390,7230309,Downstream,Downstream,Downstream,Downstream,Downstream,Downstream,Downstream,Downstream
7080061400,7230309,Downstream,Downstream,Downstream,Downstream,Downstream,Downstream,Downstream,Downstream
7080061420,7230309,Downstream,Downstream,Downstream,Downstream,Downstream,Downstream,Downstream,Downstream
7080061430,7230309,Upstream,Upstream,Upstream,Upstream,Upstream,Upstream,Upstream,Upstream
7080311350,7230409,Downstream,Downstream,Downstream,Downstream,Downstream,Downstream,Downstream,Downstream
7080311480,7230409,Downstream,Downstream,Downstream,Downstream,Downstream,Downstream,Downstream,Downstream
7080311340,7230409,Downstream,Downstream,Downstream,Downstream,Downstream,Downstream,Downstream,Downstream
7080315960,7230409,Upstream,Upstream,Upstream,Upstream,Upstream,Upstream,Upstream,Upstream
7080315870,7230409,Downstream,Downstream,Downstream,Downstream,Downstream,Downstream,Downstream,Downstream
7080316890,7230409,Upstream,Upstream,Upstream,Upstream,Upstream,Upstream,Upstream,Upstream
7080317130,7230409,Upstream,Upstream,Upstream,Upstream,Upstream,Upstream,Upstream,Upstream
7080327710,7230409,Upstream,Upstream,Upstream,Upstream,Upstream,Upstream,Upstream,Upstream
7080327790,7230409,Upstream,Upstream,Upstream,Upstream,Upstream,Upstream,Upstream,Upstream
7080061520,7230500,Downstream,Downstream,Downstream,Downstream,Downstream,Downstream,Downstream,Downstream
7080061530,7230500,Downstream,Downstream,Downstream,Downstream,Downstream,Downstream,Downstream,Downstream
7080061540,7230500,Downstream,Downstream,Downstream,Downstream,Downstream,Downstream,Downstream,Downstream
7080061560,7230500,Downstream,Downstream,Downstream,Downstream,Downstream,Downstream,Downstream,Downstream
7080061570,7230500,Upstream,Upstream,Upstream,Upstream,Upstream,Upstream,Upstream,Upstream
7080061600,7230500,Downstream,Downstream,Downstream,Downstream,Downstream,Downstream,Downstream,Downstream
7080061610,7230500,Downstream,Downstream,Downstream,Downstream,Downstream,Downstream,Downstream,Downstream
7080061620,7230600,Downstream,Downstream,Downstream,Downstream,Downstream,Downstream,Downstream,Downstream
7080307040,7230600,Downstream,Downstream,Downstream,Downstream,Downstream,Downstream,Downstream,Downstream
7080307050,7230600,Downstream,Downstream,Downstream,Downstream,Downstream,Downstream,Downstream,Downstream
7080308210,7230600,Downstream,Downstream,Downstream,Downstream,Downstream,Downstream,Downstream,Downstream
7080308200,7230600,Upstream,Upstream,Upstream,Upstream,Upstream,Upstream,Upstream,Upstream
7080315710,7230600,Upstream,Upstream,Upstream,Upstream,Upstream,Upstream,Upstream,Upstream
7080315470,7230600,Upstream,Upstream,Upstream,Upstream,Upstream,Upstream,Upstream,Upstream
7080318740,7230600,Upstream,Upstream,Upstream,Upstream,Upstream,Upstream,Upstream,Upstream
7080318750,7230600,Upstream,Upstream,Upstream,Upstream,Upstream,Upstream,Upstream,Upstream
7080061630,7230710,Downstream,Downstream,Downstream,Downstream,Downstream,Downstream,Downstream,Downstream
7080061670,7230710,Downstream,Downstream,Downstream,Downstream,Downstream,Downstream,Downstream,Downstream
7080061680,7230710,Downstream,Downstream,Downstream,Downstream,Downstream,Downstream,Downstream,Downstream
7080061690,7230710,Downstream,Downstream,Downstream,Downstream,Downstream,Downstream,Downstream,Downstream
7080061700,7230710,Upstream,Upstream,Upstream,Upstream,Upstream,Upstream,Upstream,Upstream
7080061760,7230710,Downstream,Downstream,Downstream,Downstream,Downstream,Downstream,Downstream,Downstream
7080061770,7230710,Downstream,Downstream,Downstream,Downstream,Downstream,Downstream,Downstream,Downstream
7080061780,7230710,Downstream,Downstream,Downstream,Downstream,Downstream,Downstream,Downstream,Downstream
7080061790,7230710,Downstream,Downstream,Downstream,Downstream,Downstream,Downstream,Downstream,Downstream
7080061930,7230755,Upstream,Upstream,Upstream,Upstream,Upstream,Upstream,Upstream,Upstream
7080062290,7230755,Downstream,Downstream,Downstream,Downstream,Downstream,Downstream,Downstream,Downstream
7080062300,7230755,Downstream,Downstream,Downstream,Downstream,Downstream,Downstream,Downstream,Downstream
7080062400,7230755,Downstream,Downstream,Downstream,Downstream,Downstream,Downstream,Downstream,Downstream
7080062410,7230755,Downstream,Downstream,Downstream,Downstream,Downstream,Downstream,Downstream,Downstream
7080062420,7230755,Downstream,Downstream,Downstream,Downstream,Downstream,Downstream,Downstream,Downstream
7080062430,7230755,Downstream,Downstream,Downstream,Downstream,Downstream,Downstream,Downstream,Downstream
7080062460,7230755,Downstream,Downstream,Downstream,Downstream,Downstream,Downstream,Downstream,Downstream
7080062470,7230755,Downstream,Downstream,Downstream,Downstream,Downstream,Downstream,Downstream,Downstream
7080063240,7230909,Downstream,Downstream,Downstream,Downstream,Downstream,Downstream,Downstream,Downstream
7080063250,7230909,Downstream,Downstream,Downstream,Downstream,Downstream,Downstream,Downstream,Downstream
7080063260,7230909,Upstream,Upstream,Upstream,Upstream,Upstream,Upstream,Upstream,Upstream
7080063320,7230909,Downstream,Downstream,Downstream,Downstream,Downstream,Downstream,Downstream,Downstream
7080063330,7230909,Downstream,Downstream,Downstream,Downstream,Downstream,Downstream,Downstream,Downstream
7080063340,7230909,Downstream,Downstream,Downstream,Downstream,Downstream,Downstream,Downstream,Downstream
7080063350,7230909,Downstream,Downstream,Downstream,Downstream,Downstream,Downstream,Downstream,Downstream
7080063360,7230909,Downstream,Downstream,Downstream,Downstream,Downstream,Downstream,Downstream,Downstream
7080063370,7230909,Downstream,Downstream,Downstream,Downstream,Downstream,Downstream,Downstream,Downstream
7080064150,7260003,Downstream,Downstream,Downstream,Downstream,Downstream,Downstream,Downstream,Downstream
7080064210,7260003,Downstream,Downstream,Downstream,Downstream,Downstream,Downstream,Downstream,Downstream
7080064220,7260003,Upstream,Upstream,Upstream,Upstream,Upstream,Upstream,Upstream,Upstream
7080064450,7260003,Downstream,Downstream,Downstream,Downstream,Downstream,Downstream,Downstream,Downstream
7080064460,7260003,Downstream,Downstream,Downstream,Downstream,Downstream,Downstream,Downstream,Downstream
7080064600,7260003,Downstream,Downstream,Downstream,Downstream,Downstream,Downstream,Downstream,Downstream
7080064610,7260003,Downstream,Downstream,Downstream,Downstream,Downstream,Downstream,Downstream,Downstream
7080064710,7260003,Downstream,Downstream,Downstream,Downstream,Downstream,Downstream,Downstream,Downstream
7080511170,7738180,Downstream,Downstream,Downstream,Downstream,Downstream,Downstream,Downstream,Downstream
7080513360,7738167,Downstream,Downstream,Downstream,Downstream,Downstream,Downstream,Downstream,Downstream
7080515230,7738167,Downstream,Downstream,Downstream,Downstream,Downstream,Downstream,Downstream,Downstream
7080515240,7738167,Downstream,Downstream,Downstream,Downstream,Downstream,Downstream,Downstream,Downstream
7080517750,7738167,Upstream,Upstream,Upstream,Upstream,Upstream,Upstream,Upstream,Downstream
7080517530,7738167,Downstream,Downstream,Downstream,Downstream,Downstream,Downstream,Downstream,Downstream
7080510230,7738180,Downstream,Downstream,Downstream,Downstream,Downstream,Downstream,Downstream,Downstream
7080510110,7738180,Downstream,Downstream,Downstream,Downstream,Downstream,Downstream,Downstream,Downstream
7080522720,7738167,Upstream,Upstream,Upstream,Upstream,Upstream,Upstream,Upstream,Downstream
7080522810,7738167,Upstream,Upstream,Upstream,Upstream,Upstream,Upstream,Upstream,Upstream
7080523560,7738167,Upstream,Upstream,Upstream,Upstream,Upstream,Upstream,Upstream,Upstream
7080523620,7738167,Upstream,Upstream,Upstream,Upstream,Upstream,Upstream,Upstream,Upstream
7080514710,7738180,Upstream,Upstream,Upstream,Upstream,Upstream,Upstream,Upstream,Upstream
7080514800,7738180,Downstream,Downstream,Downstream,Downstream,Downstream,Downstream,Downstream,Downstream
7080514450,7738180,Upstream,Upstream,Upstream,Upstream,Upstream,Upstream,Upstream,Upstream
7080514580,7738180,Upstream,Upstream,Upstream,Upstream,Upstream,Upstream,Upstream,Upstream
7080518140,7738180,Upstream,Upstream,Upstream,Upstream,Upstream,Upstream,Upstream,Upstream
7080518190,7738180,Upstream,Upstream,Upstream,Upstream,Upstream,Upstream,Upstream,Upstream
7080534010,7738168,Downstream,Downstream,Downstream,Downstream,Downstream,Downstream,Downstream,Downstream
7080535020,7738168,Downstream,Downstream,Downstream,Downstream,Downstream,Downstream,Downstream,Downstream
7080535030,7738168,Upstream,Upstream,Upstream,Upstream,Upstream,Upstream,Upstream,Upstream
7080537110,7738168,Downstream,Downstream,Downstream,Downstream,Downstream,Downstream,Downstream,Downstream
7080537100,7738168,Downstream,Downstream,Downstream,Downstream,Downstream,Downstream,Downstream,Downstream
7080543070,7738168,Downstream,Downstream,Downstream,Downstream,Downstream,Downstream,Downstream,Downstream
7080543060,7738168,Downstream,Downstream,Downstream,Downstream,Downstream,Downstream,Downstream,Downstream
7080546870,7738168,Downstream,Downstream,Downstream,Downstream,Downstream,Downstream,Downstream,Downstream
7080546880,7738168,Downstream,Downstream,Downstream,Downstream,Downstream,Downstream,Downstream,Downstream
7080482360,7738199,Downstream,Downstream,Downstream,Downstream,Downstream,Downstream,Downstream,Downstream
7080485740,7738199,Downstream,Downstream,Downstream,Downstream,Downstream,Downstream,Downstream,Downstream
7080485600,7738199,Downstream,Downstream,Downstream,Downstream,Downstream,Downstream,Downstream,Downstream
7080488750,7738199,Downstream,Upstream,Upstream,Upstream,Upstream,Upstream,Downstream,Downstream
7080488490,7738199,Downstream,Downstream,Downstream,Downstream,Downstream,Downstream,Downstream,Downstream
7080495300,7738199,Downstream,Upstream,Upstream,Upstream,Upstream,Upstream,Downstream,Downstream
7080495290,7738199,Upstream,Upstream,Upstream,Upstream,Upstream,Upstream,Upstream,Upstream
7080502320,7738199,Upstream,Upstream,Upstream,Upstream,Upstream,Upstream,Upstream,Upstream
7080502140,7738199,Upstream,Upstream,Upstream,Upstream,Upstream,Upstream,Upstream,Upstream
7080545860,7734012,Downstream,Downstream,Downstream,Downstream,Downstream,Downstream,Downstream,Downstream
7080546070,7734012,Downstream,Downstream,Downstream,Downstream,Downstream,Downstream,Downstream,Downstream
7080545870,7734012,Downstream,Downstream,Downstream,Downstream,Downstream,Downstream,Downstream,Downstream
7080547630,7734012,Downstream,Downstream,Downstream,Downstream,Downstream,Downstream,Downstream,Downstream
7080547700,7734012,Upstream,Upstream,Upstream,Upstream,Upstream,Upstream,Upstream,Downstream
7080558340,7734012,Upstream,Upstream,Upstream,Upstream,Upstream,Upstream,Upstream,Upstream
7080558440,7734012,Upstream,Upstream,Upstream,Upstream,Upstream,Upstream,Upstream,Downstream
7080565950,7734012,Upstream,Upstream,Upstream,Upstream,Upstream,Upstream,Upstream,Upstream
7080566050,7734012,Upstream,Upstream,Upstream,Upstream,Upstream,Upstream,Upstream,Upstream
7080514880,7734014,Downstream,Downstream,Downstream,Downstream,Downstream,Downstream,Downstream,Downstream
7080510440,7734014,Upstream,Downstream,Downstream,Downstream,Downstream,Downstream,Upstream,Downstream
7080510320,7734014,Downstream,Downstream,Downstream,Downstream,Downstream,Downstream,Downstream,Downstream
7080505800,7734014,Upstream,Upstream,Upstream,Upstream,Upstream,Upstream,Upstream,Upstream
7080505900,7734014,Upstream,Downstream,Downstream,Downstream,Downstream,Downstream,Upstream,Downstream
7080520770,7734016,Downstream,Downstream,Downstream,Downstream,Downstream,Downstream,Downstream,Downstream
7080504500,7734014,Upstream,Upstream,Upstream,Upstream,Upstream,Upstream,Upstream,Upstream
7080504490,7734014,Upstream,Upstream,Upstream,Upstream,Upstream,Upstream,Upstream,Upstream
7080524170,7734019,Downstream,Downstream,Downstream,Downstream,Downstream,Downstream,Downstream,Downstream
7080502500,7734014,Upstream,Upstream,Upstream,Upstream,Upstream,Upstream,Upstream,Upstream
7080502620,7734014,Upstream,Upstream,Upstream,Upstream,Upstream,Upstream,Upstream,Upstream
7080522790,7734016,Downstream,Downstream,Downstream,Downstream,Downstream,Downstream,Downstream,Downstream
7080522710,7734016,Downstream,Downstream,Downstream,Downstream,Downstream,Downstream,Downstream,Downstream
7080525480,7734019,Downstream,Downstream,Downstream,Downstream,Downstream,Downstream,Downstream,Downstream
7080525630,7734019,Downstream,Downstream,Downstream,Downstream,Downstream,Downstream,Downstream,Downstream
7080517800,7734016,Downstream,Downstream,Downstream,Downstream,Downstream,Downstream,Downstream,Downstream
7080517730,7734016,Upstream,Upstream,Upstream,Upstream,Upstream,Upstream,Upstream,Upstream
7080517110,7734016,Upstream,Upstream,Upstream,Upstream,Upstream,Upstream,Upstream,Upstream
7080516970,7734016,Upstream,Upstream,Upstream,Upstream,Upstream,Upstream,Upstream,Upstream
7080525290,7734019,Downstream,Downstream,Downstream,Downstream,Downstream,Downstream,Downstream,Downstream
7080525220,7734019,Upstream,Upstream,Upstream,Upstream,Upstream,Upstream,Downstream,Downstream
7080512000,7734016,Upstream,Upstream,Upstream,Upstream,Upstream,Upstream,Upstream,Upstream
7080511850,7734016,Upstream,Upstream,Upstream,Upstream,Upstream,Upstream,Upstream,Upstream
7080521210,7734019,Upstream,Upstream,Upstream,Upstream,Upstream,Upstream,Upstream,Upstream
7080521430,7734019,Upstream,Upstream,Upstream,Upstream,Upstream,Upstream,Downstream,Downstream
7080518030,7734019,Upstream,Upstream,Upstream,Upstream,Upstream,Upstream,Upstream,Upstream
7080518120,7734019,Upstream,Upstream,Upstream,Upstream,Upstream,Upstream,Upstream,Upstream
7080561290,7738320,Downstream,Downstream,Downstream,Downstream,Downstream,Downstream,Downstream,Downstream
7080573780,7738320,Downstream,Downstream,Downstream,Downstream,Downstream,Downstream,Downstream,Downstream
7080573890,7738320,Downstream,Downstream,Downstream,Downstream,Downstream,Downstream,Downstream,Downstream
7080580220,7738320,Upstream,Upstream,Upstream,Upstream,Upstream,Upstream,Upstream,Upstream
7080580380,7738320,Downstream,Downstream,Downstream,Downstream,Downstream,Downstream,Downstream,Downstream
7080580610,7738320,Upstream,Upstream,Upstream,Upstream,Upstream,Upstream,Upstream,Upstream
7080580370,7738320,Upstream,Upstream,Upstream,Upstream,Upstream,Upstream,Upstream,Upstream
7080566130,7738379,Downstream,Downstream,Downstream,Downstream,Downstream,Downstream,Downstream,Downstream
7080567070,7738379,Downstream,Downstream,Downstream,Downstream,Downstream,Downstream,Downstream,Downstream
7080567080,7738379,Downstream,Downstream,Downstream,Downstream,Downstream,Downstream,Downstream,Downstream
7080592630,7738320,Upstream,Upstream,Upstream,Upstream,Upstream,Upstream,Upstream,Upstream
7080592770,7738320,Upstream,Upstream,Upstream,Upstream,Upstream,Upstream,Upstream,Upstream
7080569130,7738379,Downstream,Downstream,Downstream,Downstream,Downstream,Downstream,Downstream,Downstream
7080569220,7738379,Downstream,Downstream,Downstream,Downstream,Downstream,Downstream,Downstream,Downstream
7080573190,7738379,Downstream,Downstream,Downstream,Downstream,Downstream,Downstream,Downstream,Downstream
7080572950,7738379,Upstream,Upstream,Upstream,Upstream,Upstream,Upstream,Upstream,Upstream
7080575170,7738379,Upstream,Upstream,Upstream,Upstream,Upstream,Upstream,Upstream,Upstream
7080575280,7738379,Upstream,Upstream,Upstream,Upstream,Upstream,Upstream,Upstream,Upstream
7080583850,7738380,Downstream,Downstream,Downstream,Downstream,Downstream,Downstream,Downstream,Downstream
7080583840,7738390,Downstream,Downstream,Downstream,Downstream,Downstream,Downstream,Downstream,Downstream
7080585480,7738380,Downstream,Downstream,Downstream,Downstream,Downstream,Downstream,Upstream,Downstream
7080585380,7738380,Downstream,Downstream,Downstream,Downstream,Downstream,Downstream,Downstream,Downstream
7080587280,7738380,Downstream,Downstream,Downstream,Downstream,Downstream,Downstream,Upstream,Downstream
7080587350,7738380,Upstream,Upstream,Upstream,Upstream,Upstream,Upstream,Upstream,Upstream
7080590130,7738390,Downstream,Downstream,Downstream,Downstream,Downstream,Downstream,Downstream,Downstream
7080590240,7738390,Upstream,Upstream,Downstream,Downstream,Downstream,Downstream,Upstream,Downstream
7080593300,7738390,Upstream,Upstream,Downstream,Downstream,Downstream,Downstream,Upstream,Upstream
7080593290,7738390,Upstream,Upstream,Downstream,Downstream,Downstream,Downstream,Upstream,Downstream
7080593750,7738380,Upstream,Upstream,Upstream,Upstream,Upstream,Upstream,Upstream,Upstream
7080593890,7738380,Upstream,Upstream,Upstream,Upstream,Upstream,Upstream,Upstream,Upstream
7080598280,7738390,Upstream,Upstream,Upstream,Upstream,Upstream,Upstream,Upstream,Upstream
7080598090,7738390,Upstream,Upstream,Downstream,Downstream,Downstream,Downstream,Upstream,Upstream
7080599070,7738390,Upstream,Upstream,Upstream,Upstream,Upstream,Upstream,Upstream,Upstream
7080599230,7738390,Upstream,Upstream,Upstream,Upstream,Upstream,Upstream,Upstream,Upstream
7080635900,7744014,Downstream,Downstream,Downstream,Downstream,Downstream,Downstream,Downstream,Downstream
7080636080,7744014,Upstream,Upstream,Upstream,Upstream,Upstream,Upstream,Upstream,Downstream
7080636170,7744014,Downstream,Downstream,Downstream,Downstream,Downstream,Downstream,Downstream,Downstream
7080635910,7744014,Upstream,Upstream,Upstream,Upstream,Upstream,Upstream,Upstream,Downstream
7080636090,7744014,Upstream,Upstream,Upstream,Upstream,Upstream,Upstream,Upstream,Upstream
7080635790,7744014,Upstream,Upstream,Upstream,Upstream,Upstream,Upstream,Upstream,Upstream
7080635660,7744014,Upstream,Upstream,Upstream,Upstream,Upstream,Upstream,Upstream,Upstream
7080626190,7744014,Upstream,Upstream,Upstream,Upstream,Upstream,Upstream,Upstream,Upstream
7080626200,7744014,Upstream,Upstream,Upstream,Upstream,Upstream,Upstream,Upstream,Upstream
7080644850,7744019,Downstream,Downstream,Downstream,Downstream,Downstream,Downstream,Downstream,Downstream
7080633810,7744019,Downstream,Downstream,Downstream,Downstream,Downstream,Downstream,Downstream,Downstream
7080633820,7744019,Upstream,Upstream,Upstream,Upstream,Upstream,Upstream,Upstream,Upstream
7080633740,7744019,Upstream,Upstream,Upstream,Upstream,Upstream,Upstream,Upstream,Upstream
7080633380,7744019,Upstream,Upstream,Upstream,Upstream,Upstream,Upstream,Upstream,Upstream
7080628670,7744019,Upstream,Upstream,Upstream,Upstream,Upstream,Upstream,Upstream,Upstream
7080628560,7744019,Upstream,Upstream,Upstream,Upstream,Upstream,Upstream,Upstream,Upstream
7080626370,7744019,Upstream,Upstream,Upstream,Upstream,Upstream,Upstream,Upstream,Upstream
7080626290,7744019,Upstream,Upstream,Upstream,Upstream,Upstream,Upstream,Upstream,Upstream
7080073710,7720001,Downstream,Downstream,Downstream,Downstream,Downstream,Downstream,Downstream,Downstream
7080695280,7720001,Downstream,Downstream,Downstream,Downstream,Downstream,Downstream,Downstream,Downstream
7080695160,7720001,Downstream,Downstream,Downstream,Downstream,Downstream,Downstream,Downstream,Downstream
7080695290,7720001,Upstream,Upstream,Upstream,Upstream,Upstream,Upstream,Upstream,Upstream
7080695340,7720001,Downstream,Downstream,Downstream,Downstream,Downstream,Downstream,Downstream,Downstream
7080695300,7720001,Upstream,Upstream,Upstream,Upstream,Upstream,Upstream,Upstream,Upstream
7080695350,7720001,Upstream,Upstream,Upstream,Upstream,Upstream,Upstream,Upstream,Upstream
7080700570,7720001,Upstream,Upstream,Upstream,Upstream,Upstream,Upstream,Upstream,Upstream
7080700720,7720001,Upstream,Upstream,Upstream,Upstream,Upstream,Upstream,Upstream,Upstream
7080502410,7735069,Downstream,Downstream,Downstream,Downstream,Downstream,Downstream,Downstream,Downstream
7080504880,7735069,Downstream,Downstream,Downstream,Downstream,Downstream,Downstream,Downstream,Downstream
7080504730,7735069,Downstream,Downstream,Downstream,Downstream,Downstream,Downstream,Downstream,Downstream
7080499190,7735069,Downstream,Downstream,Downstream,Downstream,Downstream,Downstream,Downstream,Downstream
7080499200,7735069,Upstream,Upstream,Upstream,Upstream,Upstream,Upstream,Upstream,Upstream
7080491920,7735069,Upstream,Upstream,Upstream,Upstream,Upstream,Upstream,Upstream,Upstream
7080491830,7735069,Upstream,Upstream,Upstream,Upstream,Upstream,Upstream,Upstream,Upstream
7080491560,7735069,Upstream,Upstream,Upstream,Upstream,Upstream,Upstream,Upstream,Upstream
7080491550,7735069,Upstream,Upstream,Upstream,Upstream,Upstream,Upstream,Upstream,Upstream
7080445500,7829009,Downstream,Downstream,Downstream,Downstream,Downstream,Downstream,Downstream,Downstream
7080451200,7829009,Downstream,Downstream,Downstream,Downstream,Downstream,Downstream,Downstream,Downstream
7080451300,7829009,Downstream,Downstream,Downstream,Downstream,Downstream,Downstream,Downstream,Downstream
7080451600,7829009,Downstream,Downstream,Downstream,Downstream,Downstream,Downstream,Downstream,Downstream
7080451370,7829009,Upstream,Upstream,Upstream,Upstream,Upstream,Upstream,Upstream,Downstream
7080444510,7829009,Upstream,Upstream,Upstream,Upstream,Upstream,Upstream,Upstream,Upstream
7080444770,7829009,Upstream,Upstream,Upstream,Upstream,Upstream,Upstream,Upstream,Downstream
7080438420,7829009,Upstream,Upstream,Upstream,Upstream,Upstream,Upstream,Upstream,Upstream
7080438250,7829009,Upstream,Upstream,Upstream,Upstream,Upstream,Upstream,Upstream,Upstream
7080457230,7736052,Downstream,Downstream,Downstream,Downstream,Downstream,Downstream,Downstream,Downstream
7080457380,7736052,Downstream,Downstream,Downstream,Downstream,Downstream,Downstream,Upstream,Downstream
7080457480,7736052,Downstream,Downstream,Downstream,Downstream,Downstream,Downstream,Downstream,Downstream
7080459780,7736052,Upstream,Upstream,Upstream,Upstream,Upstream,Upstream,Upstream,Upstream
7080459890,7736052,Downstream,Downstream,Downstream,Downstream,Downstream,Downstream,Upstream,Downstream
7080458520,7736052,Upstream,Upstream,Upstream,Upstream,Upstream,Upstream,Upstream,Upstream
7080458400,7736052,Upstream,Upstream,Upstream,Upstream,Upstream,Upstream,Upstream,Upstream
7080452330,7736052,Upstream,Upstream,Upstream,Upstream,Upstream,Upstream,Upstream,Upstream
7080452490,7736052,Upstream,Upstream,Upstream,Upstream,Upstream,Upstream,Upstream,Upstream
7080073850,7521051,Downstream,Downstream,Downstream,Downstream,Downstream,Downstream,Downstream,Downstream
7080707520,7521051,Downstream,Downstream,Downstream,Downstream,Downstream,Downstream,Downstream,Downstream
7080707440,7521051,Downstream,Downstream,Downstream,Downstream,Downstream,Downstream,Downstream,Downstream
7080701950,7521051,Downstream,Upstream,Upstream,Upstream,Upstream,Upstream,Downstream,Downstream
7080701890,7521051,Downstream,Downstream,Downstream,Downstream,Downstream,Downstream,Downstream,Downstream
7080701960,7521051,Upstream,Upstream,Upstream,Upstream,Upstream,Upstream,Upstream,Upstream
7080701970,7521051,Downstream,Upstream,Upstream,Upstream,Upstream,Upstream,Downstream,Downstream
7080695510,7521051,Upstream,Upstream,Upstream,Upstream,Upstream,Upstream,Upstream,Upstream
7080695440,7521051,Upstream,Upstream,Upstream,Upstream,Upstream,Upstream,Upstream,Upstream
7080073860,7122001,Downstream,Downstream,Downstream,Downstream,Downstream,Downstream,Downstream,Downstream
7080230190,7122001,Downstream,Downstream,Downstream,Downstream,Downstream,Downstream,Upstream,Downstream
7080230410,7122001,Downstream,Downstream,Downstream,Downstream,Downstream,Downstream,Downstream,Downstream
7080230180,7122001,Downstream,Downstream,Downstream,Downstream,Downstream,Downstream,Downstream,Downstream
7080228950,7122001,Upstream,Upstream,Upstream,Upstream,Upstream,Upstream,Upstream,Upstream
7080229120,7122001,Upstream,Upstream,Upstream,Upstream,Upstream,Upstream,Upstream,Upstream
7080229280,7122001,Upstream,Upstream,Upstream,Upstream,Upstream,Upstream,Upstream,Upstream
7080229130,7122001,Upstream,Upstream,Upstream,Upstream,Upstream,Upstream,Upstream,Upstream
7080229020,7122001,Upstream,Upstream,Upstream,Upstream,Upstream,Upstream,Upstream,Upstream
7080073880,7124001,Downstream,Downstream,Downstream,Downstream,Downstream,Downstream,Downstream,Downstream
7080220080,7124001,Downstream,Downstream,Downstream,Downstream,Downstream,Downstream,Downstream,Downstream
7080220070,7124001,Downstream,Downstream,Downstream,Downstream,Downstream,Downstream,Upstream,Downstream
7080226830,7124001,Downstream,Downstream,Downstream,Downstream,Downstream,Downstream,Upstream,Downstream
7080226970,7124001,Downstream,Downstream,Downstream,Downstream,Downstream,Downstream,Upstream,Upstream
7080238180,7124001,Upstream,Upstream,Upstream,Upstream,Upstream,Upstream,Upstream,Upstream
7080238320,7124001,Downstream,Downstream,Downstream,Downstream,Downstream,Downstream,Upstream,Upstream
7080231930,7124001,Upstream,Upstream,Upstream,Upstream,Upstream,Upstream,Upstream,Upstream
7080231920,7124001,Upstream,Upstream,Upstream,Upstream,Upstream,Upstream,Upstream,Upstream
7080073920,7735010,Downstream,Downstream,Downstream,Downstream,Downstream,Downstream,Downstream,Downstream
7080542060,7735010,Downstream,Downstream,Downstream,Downstream,Downstream,Downstream,Downstream,Downstream
7080542070,7735010,Upstream,Upstream,Upstream,Upstream,Upstream,Downstream,Upstream,Downstream
7080552870,7735010,Upstream,Upstream,Upstream,Upstream,Upstream,Upstream,Upstream,Upstream
7080552960,7735010,Upstream,Upstream,Upstream,Upstream,Upstream,Downstream,Upstream,Downstream
7080556000,7735010,Upstream,Upstream,Upstream,Upstream,Upstream,Upstream,Upstream,Upstream
7080556210,7735010,Upstream,Upstream,Upstream,Upstream,Upstream,Upstream,Upstream,Upstream
7080561100,7735010,Upstream,Upstream,Upstream,Upstream,Upstream,Upstream,Upstream,Upstream
7080561280,7735010,Upstream,Upstream,Upstream,Upstream,Upstream,Upstream,Upstream,Upstream
7080074020,7735080,Upstream,Upstream,Upstream,Upstream,Upstream,Upstream,Upstream,Upstream
7080074120,7735030,Upstream,Upstream,Upstream,Upstream,Upstream,Upstream,Upstream,Upstream
7080074150,7736030,Downstream,Downstream,Downstream,Downstream,Downstream,Downstream,Downstream,Downstream
7080472840,7736030,Downstream,Downstream,Downstream,Downstream,Downstream,Downstream,Downstream,Downstream
7080472900,7736030,Downstream,Downstream,Downstream,Downstream,Downstream,Downstream,Downstream,Downstream
7080475580,7736030,Downstream,Downstream,Downstream,Downstream,Downstream,Downstream,Downstream,Downstream
7080475700,7736030,Upstream,Downstream,Downstream,Downstream,Downstream,Downstream,Upstream,Downstream
7080481170,7736030,Upstream,Upstream,Upstream,Upstream,Upstream,Upstream,Upstream,Upstream
7080481000,7736030,Upstream,Downstream,Downstream,Downstream,Downstream,Downstream,Upstream,Downstream
7080484850,7736030,Upstream,Upstream,Upstream,Upstream,Upstream,Upstream,Upstream,Upstream
7080484970,7736030,Upstream,Upstream,Upstream,Upstream,Upstream,Upstream,Upstream,Upstream
7080074640,7737030,Upstream,Upstream,Upstream,Upstream,Upstream,Upstream,Upstream,Upstream
7080074970,7735080,Downstream,Downstream,Downstream,Downstream,Downstream,Downstream,Downstream,Downstream
7080075080,7124200,Upstream,Upstream,Upstream,Upstream,Upstream,Upstream,Upstream,Upstream
7080075300,7737030,Downstream,Downstream,Downstream,Downstream,Downstream,Downstream,Downstream,Downstream
7080075670,7735030,Downstream,Downstream,Downstream,Downstream,Downstream,Downstream,Downstream,Downstream
7080075990,7737030,Downstream,Downstream,Downstream,Downstream,Downstream,Downstream,Downstream,Downstream
7080076000,7737030,Downstream,Downstream,Downstream,Downstream,Downstream,Downstream,Downstream,Downstream
7080076210,7735030,Downstream,Downstream,Downstream,Downstream,Downstream,Downstream,Downstream,Downstream
7080076990,7724020,Downstream,Downstream,Downstream,Downstream,Downstream,Downstream,Downstream,Downstream
7080077020,7124200,Downstream,Downstream,Downstream,Downstream,Downstream,Downstream,Downstream,Downstream
7080077350,7124007,Downstream,Downstream,Downstream,Downstream,Downstream,Downstream,Downstream,Downstream
7080077910,7124200,Downstream,Downstream,Downstream,Downstream,Downstream,Downstream,Downstream,Downstream
7080077920,7124007,Upstream,Upstream,Upstream,Upstream,Upstream,Upstream,Upstream,Upstream
7080078030,7124200,Downstream,Downstream,Downstream,Downstream,Downstream,Downstream,Downstream,Downstream
7080078510,7124007,Downstream,Downstream,Downstream,Downstream,Downstream,Downstream,Downstream,Downstream
7080078930,7736030,Downstream,Downstream,Downstream,Downstream,Downstream,Downstream,Downstream,Downstream
7080079640,7429548,Downstream,Downstream,Downstream,Downstream,Downstream,Downstream,Downstream,Downstream
7080079710,7735080,Downstream,Downstream,Downstream,Downstream,Downstream,Downstream,Downstream,Downstream
7080079910,7124007,Downstream,Downstream,Downstream,Downstream,Downstream,Downstream,Downstream,Downstream
7080080000,7736052,Downstream,Downstream,Downstream,Downstream,Downstream,Downstream,Downstream,Downstream
7080080170,7424260,Downstream,Downstream,Downstream,Downstream,Downstream,Downstream,Downstream,Downstream
7080080240,7124007,Downstream,Downstream,Downstream,Downstream,Downstream,Downstream,Downstream,Downstream
7080080430,7429549,Downstream,Downstream,Downstream,Downstream,Downstream,Downstream,Downstream,Downstream
7080080470,7744970,Downstream,Downstream,Downstream,Downstream,Downstream,Downstream,Downstream,Downstream
7080080530,7124007,Downstream,Downstream,Downstream,Downstream,Downstream,Downstream,Downstream,Downstream
7080080800,7724070,Downstream,Downstream,Downstream,Downstream,Downstream,Downstream,Downstream,Downstream
7080080970,7124200,Downstream,Downstream,Downstream,Downstream,Downstream,Downstream,Downstream,Downstream
7080080980,7735030,Downstream,Downstream,Downstream,Downstream,Downstream,Downstream,Downstream,Downstream
7080081300,7124001,Downstream,Downstream,Downstream,Downstream,Downstream,Downstream,Downstream,Downstream
7080081460,7124200,Downstream,Downstream,Downstream,Downstream,Downstream,Downstream,Downstream,Downstream
7080081590,7429496,Downstream,Downstream,Downstream,Downstream,Downstream,Downstream,Upstream,Downstream
7080081680,7124007,Downstream,Downstream,Downstream,Downstream,Downstream,Downstream,Downstream,Downstream
7080081860,7124007,Downstream,Downstream,Downstream,Downstream,Downstream,Downstream,Downstream,Downstream
7080082310,7429489,Downstream,Downstream,Downstream,Downstream,Downstream,Downstream,Downstream,Downstream
7080083040,7748080,Downstream,Downstream,Downstream,Downstream,Downstream,Downstream,Downstream,Downstream
7080083180,7521699,Downstream,Downstream,Downstream,Downstream,Downstream,Downstream,Downstream,Downstream
7080083780,7429497,Downstream,Downstream,Downstream,Downstream,Downstream,Downstream,Downstream,Downstream
7080084190,7725002,Downstream,Downstream,Downstream,Downstream,Downstream,Downstream,Downstream,Downstream
7080087500,7429991,Downstream,Downstream,Downstream,Downstream,Downstream,Downstream,Downstream,Downstream
7080087760,7424280,Downstream,Downstream,Downstream,Downstream,Downstream,Downstream,Downstream,Downstream
8080300320,8111022,Downstream,Downstream,Downstream,Downstream,Downstream,Downstream,Downstream,Downstream
8080300710,8111022,Downstream,Downstream,Downstream,Downstream,Downstream,Downstream,Downstream,Downstream
8080300850,8111022,Downstream,Downstream,Downstream,Downstream,Downstream,Downstream,Downstream,Downstream
8080298030,8111022,Downstream,Downstream,Downstream,Downstream,Downstream,Downstream,Downstream,Downstream
8080297920,8111022,Downstream,Downstream,Downstream,Downstream,Upstream,Upstream,Downstream,Downstream
8080297570,8111022,Downstream,Downstream,Downstream,Downstream,Upstream,Upstream,Downstream,Downstream
8080297440,8111022,Upstream,Upstream,Upstream,Upstream,Upstream,Upstream,Upstream,Upstream
8080289300,8111022,Upstream,Upstream,Upstream,Upstream,Upstream,Upstream,Upstream,Upstream
8080289200,8111022,Upstream,Upstream,Upstream,Upstream,Upstream,Upstream,Upstream,Upstream
8080274910,8111029,Downstream,Downstream,Downstream,Downstream,Downstream,Downstream,Downstream,Downstream
8080271340,8111029,Downstream,Downstream,Downstream,Downstream,Downstream,Downstream,Downstream,Downstream
8080271320,8111029,Downstream,Downstream,Downstream,Downstream,Downstream,Downstream,Downstream,Downstream
8080267440,8111029,Downstream,Downstream,Downstream,Downstream,Downstream,Downstream,Downstream,Downstream
8080267430,8111029,Upstream,Upstream,Upstream,Upstream,Upstream,Upstream,Upstream,Upstream
8080266010,8111029,Upstream,Upstream,Upstream,Upstream,Upstream,Upstream,Upstream,Upstream
8080265890,8111029,Upstream,Upstream,Upstream,Upstream,Upstream,Upstream,Upstream,Upstream
8080258790,8111029,Upstream,Upstream,Upstream,Upstream,Upstream,Upstream,Upstream,Upstream
8080258690,8111029,Upstream,Upstream,Upstream,Upstream,Upstream,Upstream,Upstream,Upstream
8080274880,8112030,Downstream,Downstream,Downstream,Downstream,Downstream,Downstream,Downstream,Downstream
8080272650,8112030,Downstream,Downstream,Downstream,Downstream,Downstream,Downstream,Downstream,Downstream
8080272560,8112030,Downstream,Downstream,Downstream,Downstream,Downstream,Downstream,Downstream,Downstream
8080271460,8112030,Downstream,Downstream,Downstream,Downstream,Downstream,Downstream,Downstream,Downstream
8080271390,8112030,Upstream,Upstream,Upstream,Upstream,Upstream,Upstream,Upstream,Upstream
8080267180,8112030,Upstream,Upstream,Upstream,Upstream,Upstream,Upstream,Upstream,Upstream
8080267190,8112030,Upstream,Upstream,Upstream,Upstream,Upstream,Upstream,Upstream,Upstream
8080263770,8112030,Upstream,Upstream,Upstream,Upstream,Upstream,Upstream,Upstream,Upstream
8080263660,8112030,Upstream,Upstream,Upstream,Upstream,Upstream,Upstream,Upstream,Upstream
8080260480,8112050,Downstream,Downstream,Downstream,Downstream,Downstream,Downstream,Downstream,Downstream
8080260310,8112050,Downstream,Downstream,Downstream,Downstream,Downstream,Downstream,Downstream,Downstream
8080260420,8112050,Downstream,Downstream,Downstream,Downstream,Downstream,Downstream,Downstream,Downstream
8080261470,8112050,Downstream,Downstream,Downstream,Downstream,Downstream,Downstream,Downstream,Downstream
8080261530,8112050,Upstream,Upstream,Upstream,Upstream,Upstream,Upstream,Upstream,Upstream
8080263100,8112050,Upstream,Upstream,Upstream,Upstream,Upstream,Upstream,Upstream,Upstream
8080263210,8112050,Upstream,Upstream,Upstream,Upstream,Upstream,Upstream,Upstream,Upstream
8080263670,8112050,Upstream,Upstream,Upstream,Upstream,Upstream,Upstream,Upstream,Upstream
8080263620,8112050,Upstream,Upstream,Upstream,Upstream,Upstream,Upstream,Upstream,Upstream
8080001270,8113017,Downstream,Downstream,Downstream,Downstream,Downstream,Downstream,Downstream,Downstream
8080001310,8113017,Downstream,Downstream,Downstream,Downstream,Downstream,Downstream,Downstream,Downstream
8080001320,8113017,Downstream,Downstream,Downstream,Downstream,Downstream,Downstream,Downstream,Downstream
8080001400,8113017,Downstream,Downstream,Downstream,Downstream,Downstream,Downstream,Downstream,Downstream
8080001410,8113017,Downstream,Downstream,Downstream,Downstream,Downstream,Downstream,Downstream,Downstream
8080001420,8113017,Downstream,Downstream,Downstream,Downstream,Downstream,Downstream,Downstream,Downstream
8080001430,8113017,Downstream,Downstream,Downstream,Downstream,Downstream,Downstream,Downstream,Downstream
8080001440,8113017,Downstream,Downstream,Downstream,Downstream,Downstream,Downstream,Downstream,Downstream
8080001450,8113017,Upstream,Upstream,Upstream,Upstream,Upstream,Upstream,Upstream,Upstream
8080001790,8113040,Downstream,Downstream,Downstream,Downstream,Downstream,Downstream,Downstream,Downstream
8080280400,8113040,Downstream,Downstream,Downstream,Downstream,Downstream,Downstream,Downstream,Downstream
8080280340,8113040,Downstream,Downstream,Downstream,Downstream,Downstream,Downstream,Downstream,Downstream
8080280350,8113040,Downstream,Downstream,Downstream,Downstream,Downstream,Downstream,Downstream,Downstream
8080280480,8113040,Upstream,Upstream,Upstream,Upstream,Upstream,Upstream,Upstream,Downstream
8080283080,8113040,Upstream,Upstream,Upstream,Upstream,Upstream,Upstream,Upstream,Upstream
8080283230,8113040,Upstream,Upstream,Upstream,Upstream,Upstream,Upstream,Upstream,Downstream
8080283410,8113040,Upstream,Upstream,Upstream,Upstream,Upstream,Upstream,Upstream,Upstream
8080283290,8113040,Upstream,Upstream,Upstream,Upstream,Upstream,Upstream,Upstream,Upstream
8080001800,8113050,Downstream,Downstream,Downstream,Downstream,Downstream,Downstream,Downstream,Downstream
8080001840,8113050,Downstream,Downstream,Downstream,Downstream,Downstream,Downstream,Downstream,Downstream
8080001850,8113050,Downstream,Downstream,Downstream,Downstream,Downstream,Downstream,Downstream,Downstream
8080001920,8113050,Downstream,Downstream,Downstream,Downstream,Downstream,Downstream,Downstream,Downstream
8080001930,8113050,Upstream,Upstream,Upstream,Upstream,Upstream,Upstream,Upstream,Upstream
8080002080,8113050,Downstream,Downstream,Downstream,Downstream,Downstream,Downstream,Downstream,Downstream
8080002090,8113050,Downstream,Downstream,Downstream,Downstream,Downstream,Downstream,Downstream,Downstream
8080002120,8113050,Downstream,Downstream,Downstream,Downstream,Downstream,Downstream,Downstream,Downstream
8080002130,8113050,Downstream,Downstream,Downstream,Downstream,Downstream,Downstream,Downstream,Downstream
8080002160,8113080,Downstream,Downstream,Downstream,Downstream,Downstream,Downstream,Downstream,Downstream
8080255560,8113080,Downstream,Downstream,Downstream,Downstream,Downstream,Downstream,Downstream,Downstream
8080255440,8113080,Downstream,Downstream,Downstream,Downstream,Downstream,Downstream,Downstream,Downstream
8080254370,8113080,Upstream,Upstream,Upstream,Upstream,Upstream,Downstream,Upstream,Upstream
8080254240,8113080,Downstream,Downstream,Downstream,Downstream,Downstream,Downstream,Downstream,Downstream
8080254670,8113080,Upstream,Upstream,Upstream,Upstream,Upstream,Upstream,Upstream,Upstream
8080254740,8113080,Upstream,Upstream,Upstream,Upstream,Upstream,Downstream,Upstream,Upstream
8080254400,8113080,Upstream,Upstream,Upstream,Upstream,Upstream,Upstream,Upstream,Upstream
8080254390,8113080,Upstream,Upstream,Upstream,Upstream,Upstream,Upstream,Upstream,Upstream
8080259450,8114030,Downstream,Downstream,Downstream,Downstream,Downstream,Downstream,Downstream,Downstream
8080256060,8114030,Downstream,Downstream,Downstream,Downstream,Downstream,Downstream,Downstream,Downstream
8080256070,8114030,Downstream,Downstream,Downstream,Downstream,Downstream,Downstream,Downstream,Downstream
8080254490,8114030,Downstream,Downstream,Downstream,Downstream,Downstream,Downstream,Downstream,Downstream
8080254500,8114030,Upstream,Upstream,Upstream,Upstream,Upstream,Upstream,Upstream,Upstream
8080250780,8114030,Upstream,Upstream,Upstream,Upstream,Upstream,Upstream,Upstream,Upstream
8080250790,8114030,Upstream,Upstream,Upstream,Upstream,Upstream,Upstream,Upstream,Upstream
8080247560,8114030,Upstream,Upstream,Upstream,Upstream,Upstream,Upstream,Upstream,Upstream
8080247550,8114030,Upstream,Upstream,Upstream,Upstream,Upstream,Upstream,Upstream,Upstream
8080242630,8114040,Downstream,Downstream,Downstream,Downstream,Downstream,Downstream,Downstream,Downstream
8080241920,8114071,Downstream,Downstream,Downstream,Downstream,Downstream,Downstream,Downstream,Downstream
8080238500,8114071,Downstream,Downstream,Downstream,Downstream,Downstream,Downstream,Downstream,Downstream
8080238440,8114071,Downstream,Downstream,Downstream,Downstream,Downstream,Downstream,Downstream,Downstream
8080240220,8114040,Upstream,Upstream,Upstream,Upstream,Downstream,Downstream,Upstream,Downstream
8080240430,8114040,Downstream,Downstream,Downstream,Downstream,Downstream,Downstream,Downstream,Downstream
8080238990,8114040,Upstream,Upstream,Upstream,Upstream,Upstream,Upstream,Upstream,Downstream
8080238640,8114040,Upstream,Upstream,Upstream,Upstream,Downstream,Downstream,Upstream,Downstream
8080239320,8114040,Upstream,Upstream,Upstream,Upstream,Upstream,Upstream,Upstream,Upstream
8080239400,8114040,Upstream,Upstream,Upstream,Upstream,Upstream,Upstream,Upstream,Downstream
8080235270,8114040,Upstream,Upstream,Upstream,Upstream,Upstream,Upstream,Upstream,Upstream
8080235210,8114040,Upstream,Upstream,Upstream,Upstream,Upstream,Upstream,Upstream,Upstream
8080229460,8114071,Upstream,Upstream,Upstream,Upstream,Upstream,Upstream,Upstream,Upstream
8080229330,8114071,Downstream,Downstream,Downstream,Downstream,Downstream,Downstream,Downstream,Downstream
8080230790,8114071,Upstream,Upstream,Upstream,Upstream,Upstream,Upstream,Upstream,Upstream
8080230690,8114071,Upstream,Upstream,Upstream,Upstream,Upstream,Upstream,Upstream,Upstream
8080229810,8114071,Upstream,Upstream,Upstream,Upstream,Upstream,Upstream,Upstream,Upstream
8080229620,8114071,Upstream,Upstream,Upstream,Upstream,Upstream,Upstream,Upstream,Upstream
8080190880,8124710,Downstream,Downstream,Downstream,Downstream,Downstream,Downstream,Downstream,Downstream
8080190720,8124710,Upstream,Upstream,Upstream,Downstream,Downstream,Downstream,Upstream,Downstream
8080190890,8124710,Downstream,Downstream,Downstream,Downstream,Downstream,Downstream,Downstream,Downstream
8080188740,8124710,Upstream,Upstream,Upstream,Downstream,Downstream,Downstream,Upstream,Downstream
8080188640,8124710,Upstream,Upstream,Upstream,Upstream,Upstream,Upstream,Upstream,Upstream
8080186800,8124710,Upstream,Upstream,Upstream,Upstream,Upstream,Upstream,Upstream,Upstream
8080186670,8124710,Upstream,Upstream,Upstream,Upstream,Upstream,Upstream,Upstream,Upstream
8080185750,8124710,Upstream,Upstream,Upstream,Upstream,Upstream,Upstream,Upstream,Upstream
8080185610,8124710,Upstream,Upstream,Upstream,Upstream,Upstream,Upstream,Upstream,Upstream
8080185330,8124720,Downstream,Downstream,Downstream,Downstream,Downstream,Downstream,Downstream,Downstream
8080184350,8124720,Downstream,Downstream,Downstream,Downstream,Downstream,Downstream,Downstream,Downstream
8080184420,8124720,Downstream,Downstream,Downstream,Downstream,Downstream,Downstream,Downstream,Downstream
8080191680,8124740,Downstream,Downstream,Downstream,Downstream,Downstream,Downstream,Downstream,Downstream
8080183320,8124720,Downstream,Downstream,Downstream,Downstream,Downstream,Downstream,Downstream,Downstream
8080183230,8124720,Upstream,Upstream,Upstream,Upstream,Upstream,Upstream,Upstream,Upstream
8080181360,8124720,Upstream,Upstream,Upstream,Upstream,Upstream,Upstream,Upstream,Upstream
8080181230,8124720,Upstream,Upstream,Upstream,Upstream,Upstream,Upstream,Upstream,Upstream
8080192220,8124740,Downstream,Downstream,Downstream,Downstream,Downstream,Downstream,Downstream,Downstream
8080192100,8124740,Downstream,Downstream,Downstream,Downstream,Downstream,Downstream,Downstream,Downstream
8080181630,8124720,Upstream,Upstream,Upstream,Upstream,Upstream,Upstream,Upstream,Upstream
8080181720,8124720,Upstream,Upstream,Upstream,Upstream,Upstream,Upstream,Upstream,Upstream
8080188800,8124740,Upstream,Upstream,Upstream,Upstream,Upstream,Upstream,Upstream,Upstream
8080188950,8124740,Downstream,Downstream,Downstream,Downstream,Downstream,Downstream,Downstream,Downstream
8080188650,8124740,Upstream,Upstream,Upstream,Upstream,Upstream,Upstream,Upstream,Upstream
8080188810,8124740,Upstream,Upstream,Upstream,Upstream,Upstream,Upstream,Upstream,Upstream
8080201800,8124793,Downstream,Downstream,Downstream,Downstream,Downstream,Downstream,Downstream,Downstream
8080203800,8124793,Downstream,Downstream,Downstream,Downstream,Downstream,Downstream,Downstream,Downstream
8080204000,8124793,Upstream,Upstream,Upstream,Upstream,Downstream,Downstream,Upstream,Downstream
8080184130,8124740,Upstream,Upstream,Upstream,Upstream,Upstream,Upstream,Upstream,Upstream
8080184140,8124740,Upstream,Upstream,Upstream,Upstream,Upstream,Upstream,Upstream,Upstream
8080210010,8124793,Upstream,Upstream,Upstream,Upstream,Upstream,Upstream,Upstream,Upstream
8080210100,8124793,Upstream,Upstream,Upstream,Upstream,Downstream,Downstream,Upstream,Downstream
8080210650,8124793,Upstream,Upstream,Upstream,Upstream,Upstream,Upstream,Upstream,Upstream
8080210700,8124793,Upstream,Upstream,Upstream,Upstream,Upstream,Upstream,Upstream,Upstream
8080210910,8124793,Upstream,Upstream,Upstream,Upstream,Upstream,Upstream,Upstream,Upstream
8080211010,8124793,Upstream,Upstream,Upstream,Upstream,Upstream,Upstream,Upstream,Upstream
8080224880,8124900,Downstream,Downstream,Downstream,Downstream,Downstream,Downstream,Downstream,Downstream
8080228870,8124900,Downstream,Downstream,Downstream,Downstream,Downstream,Downstream,Downstream,Downstream
8080228920,8124900,Upstream,Upstream,Upstream,Upstream,Upstream,Upstream,Upstream,Downstream
8080119620,8126060,Downstream,Downstream,Downstream,Downstream,Downstream,Downstream,Downstream,Downstream
8080240550,8124900,Upstream,Upstream,Upstream,Upstream,Upstream,Upstream,Upstream,Downstream
8080240680,8124900,Upstream,Upstream,Upstream,Upstream,Upstream,Upstream,Upstream,Upstream
8080109930,8126060,Downstream,Downstream,Downstream,Downstream,Downstream,Downstream,Upstream,Downstream
8080109830,8126060,Downstream,Downstream,Downstream,Downstream,Downstream,Downstream,Downstream,Downstream
8080244420,8124900,Upstream,Upstream,Upstream,Upstream,Upstream,Upstream,Upstream,Upstream
8080244430,8124900,Upstream,Upstream,Upstream,Upstream,Upstream,Upstream,Upstream,Upstream
8080106950,8126060,Downstream,Downstream,Downstream,Downstream,Downstream,Downstream,Upstream,Downstream
8080106890,8126060,Upstream,Upstream,Upstream,Upstream,Upstream,Upstream,Upstream,Upstream
8080250050,8124900,Upstream,Upstream,Upstream,Upstream,Upstream,Upstream,Upstream,Upstream
8080250190,8124900,Upstream,Upstream,Upstream,Upstream,Upstream,Upstream,Upstream,Upstream
8080108310,8126060,Upstream,Upstream,Upstream,Upstream,Upstream,Upstream,Upstream,Upstream
8080108350,8126060,Upstream,Upstream,Upstream,Upstream,Upstream,Upstream,Upstream,Upstream
8080108440,8126060,Upstream,Upstream,Upstream,Upstream,Upstream,Upstream,Upstream,Upstream
8080108430,8126060,Upstream,Upstream,Upstream,Upstream,Upstream,Upstream,Upstream,Upstream
8080202520,8127080,Downstream,Downstream,Downstream,Downstream,Downstream,Downstream,Downstream,Downstream
8080202510,8127090,Downstream,Downstream,Downstream,Downstream,Downstream,Downstream,Downstream,Downstream
8080135160,8126092,Downstream,Downstream,Downstream,Downstream,Downstream,Downstream,Downstream,Downstream
8080203680,8127090,Downstream,Downstream,Downstream,Downstream,Downstream,Downstream,Downstream,Downstream
8080204020,8127090,Downstream,Downstream,Downstream,Downstream,Downstream,Downstream,Downstream,Downstream
8080132540,8126092,Downstream,Downstream,Downstream,Downstream,Downstream,Downstream,Downstream,Downstream
8080132370,8126092,Downstream,Downstream,Downstream,Downstream,Downstream,Downstream,Upstream,Upstream
8080209740,8127090,Upstream,Upstream,Upstream,Upstream,Upstream,Upstream,Downstream,Downstream
8080209520,8127090,Downstream,Downstream,Downstream,Downstream,Downstream,Downstream,Downstream,Downstream
8080204930,8127080,Downstream,Downstream,Downstream,Downstream,Downstream,Downstream,Downstream,Downstream
8080205090,8127080,Upstream,Upstream,Downstream,Downstream,Downstream,Downstream,Upstream,Downstream
8080130260,8126092,Downstream,Downstream,Downstream,Downstream,Downstream,Downstream,Upstream,Upstream
8080130200,8126092,Upstream,Upstream,Upstream,Upstream,Upstream,Upstream,Upstream,Upstream
8080129010,8126092,Upstream,Upstream,Upstream,Upstream,Upstream,Upstream,Upstream,Upstream
8080128860,8126092,Upstream,Upstream,Upstream,Upstream,Upstream,Upstream,Upstream,Upstream
8080213690,8127090,Upstream,Upstream,Upstream,Upstream,Upstream,Upstream,Downstream,Downstream
8080213680,8127090,Upstream,Upstream,Upstream,Upstream,Upstream,Upstream,Upstream,Upstream
8080203330,8127080,Upstream,Upstream,Upstream,Upstream,Upstream,Upstream,Upstream,Upstream
8080203160,8127080,Upstream,Upstream,Downstream,Downstream,Downstream,Downstream,Upstream,Downstream
8080124640,8126092,Upstream,Upstream,Upstream,Upstream,Upstream,Upstream,Upstream,Upstream
8080124710,8126092,Upstream,Upstream,Upstream,Upstream,Upstream,Upstream,Upstream,Upstream
8080218670,8127090,Upstream,Upstream,Upstream,Upstream,Upstream,Upstream,Downstream,Downstream
8080218760,8127090,Upstream,Upstream,Upstream,Upstream,Upstream,Upstream,Downstream,Downstream
8080219130,8128010,Downstream,Downstream,Downstream,Downstream,Downstream,Downstream,Downstream,Downstream
8080203350,8127080,Upstream,Upstream,Upstream,Upstream,Upstream,Upstream,Upstream,Upstream
8080203580,8127080,Upstream,Upstream,Upstream,Upstream,Upstream,Upstream,Upstream,Upstream
8080199750,8127080,Upstream,Upstream,Upstream,Upstream,Upstream,Upstream,Upstream,Upstream
8080199640,8127080,Upstream,Upstream,Upstream,Upstream,Upstream,Upstream,Upstream,Upstream
8080219300,8128010,Downstream,Downstream,Downstream,Downstream,Downstream,Downstream,Downstream,Downstream
8080219230,8128010,Downstream,Downstream,Downstream,Downstream,Downstream,Downstream,Upstream,Upstream
8080215170,8128010,Downstream,Downstream,Downstream,Downstream,Downstream,Downstream,Upstream,Upstream
8080215090,8128010,Upstream,Upstream,Upstream,Upstream,Upstream,Upstream,Upstream,Upstream
8080212690,8128010,Upstream,Upstream,Upstream,Upstream,Upstream,Upstream,Upstream,Upstream
8080212610,8128010,Upstream,Upstream,Upstream,Upstream,Upstream,Upstream,Upstream,Upstream
8080214420,8128010,Upstream,Upstream,Upstream,Upstream,Upstream,Upstream,Upstream,Upstream
8080214510,8128010,Upstream,Upstream,Upstream,Upstream,Upstream,Upstream,Upstream,Upstream
8080214100,8128020,Upstream,Downstream,Downstream,Downstream,Downstream,Downstream,Upstream,Downstream
8080207850,8128020,Upstream,Downstream,Downstream,Downstream,Downstream,Downstream,Upstream,Upstream
8080207860,8128020,Upstream,Downstream,Downstream,Downstream,Downstream,Downstream,Upstream,Downstream
8080206640,8128020,Upstream,Downstream,Downstream,Downstream,Downstream,Downstream,Upstream,Upstream
8080206520,8128020,Upstream,Upstream,Upstream,Upstream,Upstream,Upstream,Upstream,Upstream
8080200930,8128020,Upstream,Upstream,Upstream,Upstream,Upstream,Upstream,Upstream,Upstream
8080200940,8128020,Upstream,Upstream,Upstream,Upstream,Upstream,Upstream,Upstream,Upstream
8080200850,8128020,Upstream,Upstream,Upstream,Upstream,Upstream,Upstream,Upstream,Upstream
8080200720,8128020,Upstream,Upstream,Upstream,Upstream,Upstream,Upstream,Upstream,Upstream
8080246590,8129504,Downstream,Downstream,Downstream,Downstream,Downstream,Downstream,Downstream,Downstream
8080247600,8129504,Downstream,Downstream,Downstream,Downstream,Downstream,Downstream,Downstream,Downstream
8080247610,8129504,Upstream,Downstream,Downstream,Downstream,Downstream,Downstream,Upstream,Downstream
8080254920,8129504,Upstream,Upstream,Upstream,Upstream,Upstream,Upstream,Upstream,Upstream
8080254930,8129504,Upstream,Downstream,Downstream,Downstream,Downstream,Downstream,Upstream,Downstream
8080255650,8129504,Upstream,Upstream,Upstream,Upstream,Upstream,Upstream,Upstream,Upstream
8080255660,8129504,Upstream,Upstream,Upstream,Upstream,Upstream,Upstream,Upstream,Upstream
8080236260,8129460,Downstream,Downstream,Downstream,Downstream,Downstream,Downstream,Downstream,Downstream
8080268730,8129504,Upstream,Upstream,Upstream,Upstream,Upstream,Upstream,Upstream,Upstream
8080268800,8129504,Upstream,Upstream,Upstream,Upstream,Upstream,Upstream,Upstream,Upstream
8080255500,8129603,Downstream,Downstream,Downstream,Downstream,Downstream,Downstream,Downstream,Downstream
8080257820,8129603,Downstream,Downstream,Downstream,Downstream,Downstream,Downstream,Downstream,Downstream
8080257880,8129603,Downstream,Downstream,Downstream,Downstream,Downstream,Downstream,Upstream,Downstream
8080258560,8129603,Upstream,Upstream,Upstream,Upstream,Upstream,Upstream,Upstream,Upstream
8080258550,8129603,Downstream,Downstream,Downstream,Downstream,Downstream,Downstream,Upstream,Downstream
8080259520,8129810,Downstream,Downstream,Downstream,Downstream,Downstream,Downstream,Downstream,Downstream
8080259590,8129901,Downstream,Downstream,Downstream,Downstream,Downstream,Downstream,Downstream,Downstream
8080234050,8129460,Downstream,Downstream,Downstream,Downstream,Downstream,Downstream,Downstream,Downstream
8080234060,8129460,Downstream,Downstream,Downstream,Downstream,Downstream,Downstream,Downstream,Downstream
8080259580,8129810,Downstream,Downstream,Downstream,Downstream,Downstream,Downstream,Downstream,Downstream
8080259480,8129810,Downstream,Downstream,Downstream,Downstream,Downstream,Downstream,Downstream,Downstream
8080234880,8129460,Downstream,Downstream,Downstream,Downstream,Downstream,Downstream,Upstream,Upstream
8080234960,8129460,Downstream,Downstream,Downstream,Downstream,Downstream,Downstream,Downstream,Downstream
8080263630,8129901,Downstream,Downstream,Downstream,Downstream,Downstream,Downstream,Downstream,Downstream
8080263680,8129901,Downstream,Downstream,Downstream,Downstream,Downstream,Downstream,Downstream,Downstream
8080234660,8129460,Downstream,Downstream,Downstream,Downstream,Downstream,Downstream,Upstream,Upstream
8080234780,8129460,Upstream,Upstream,Upstream,Upstream,Upstream,Upstream,Upstream,Upstream
8080263290,8129810,Downstream,Downstream,Downstream,Downstream,Downstream,Downstream,Downstream,Downstream
8080263350,8129810,Upstream,Upstream,Upstream,Upstream,Upstream,Upstream,Upstream,Upstream
8080238690,8129460,Upstream,Upstream,Upstream,Upstream,Upstream,Upstream,Upstream,Upstream
8080238700,8129460,Upstream,Upstream,Upstream,Upstream,Upstream,Upstream,Upstream,Upstream
8080249210,8129480,Downstream,Downstream,Downstream,Downstream,Downstream,Downstream,Downstream,Downstream
8080268430,8129810,Upstream,Upstream,Upstream,Upstream,Upstream,Upstream,Upstream,Upstream
8080268530,8129810,Upstream,Upstream,Upstream,Upstream,Upstream,Upstream,Upstream,Upstream
8080269570,8129810,Upstream,Upstream,Upstream,Upstream,Upstream,Upstream,Upstream,Upstream
8080269260,8129810,Upstream,Upstream,Upstream,Upstream,Upstream,Upstream,Upstream,Upstream
8080248280,8129480,Downstream,Downstream,Downstream,Downstream,Downstream,Downstream,Downstream,Downstream
8080248110,8129480,Downstream,Downstream,Downstream,Downstream,Downstream,Downstream,Downstream,Downstream
8080264450,8129603,Upstream,Upstream,Upstream,Upstream,Upstream,Upstream,Upstream,Upstream
8080264460,8129603,Upstream,Upstream,Upstream,Upstream,Upstream,Upstream,Upstream,Upstream
8080264630,8129603,Upstream,Upstream,Upstream,Upstream,Upstream,Upstream,Upstream,Upstream
8080264720,8129603,Upstream,Upstream,Upstream,Upstream,Upstream,Upstream,Upstream,Upstream
8080270960,8129901,Downstream,Downstream,Downstream,Downstream,Downstream,Downstream,Upstream,Upstream
8080270760,8129901,Downstream,Downstream,Downstream,Downstream,Downstream,Downstream,Downstream,Downstream
8080248140,8129480,Downstream,Downstream,Downstream,Downstream,Downstream,Downstream,Downstream,Downstream
8080248000,8129480,Upstream,Upstream,Upstream,Upstream,Upstream,Upstream,Upstream,Downstream
8080274770,8129820,Downstream,Downstream,Downstream,Downstream,Downstream,Downstream,Downstream,Downstream
8080274660,8129820,Downstream,Downstream,Downstream,Downstream,Downstream,Downstream,Downstream,Downstream
8080274760,8129820,Downstream,Downstream,Downstream,Downstream,Downstream,Downstream,Downstream,Downstream
8080238820,8129480,Upstream,Upstream,Upstream,Upstream,Upstream,Upstream,Upstream,Downstream
8080238710,8129480,Upstream,Upstream,Upstream,Upstream,Upstream,Upstream,Upstream,Upstream
8080277270,8129820,Downstream,Downstream,Downstream,Downstream,Downstream,Downstream,Downstream,Downstream
8080277320,8129820,Upstream,Upstream,Upstream,Upstream,Upstream,Upstream,Upstream,Upstream
8080280620,8129901,Downstream,Downstream,Downstream,Downstream,Downstream,Downstream,Upstream,Upstream
8080280630,8129901,Upstream,Upstream,Upstream,Upstream,Upstream,Upstream,Upstream,Upstream
8080235420,8129480,Upstream,Upstream,Upstream,Upstream,Upstream,Upstream,Upstream,Upstream
8080235510,8129480,Upstream,Upstream,Upstream,Upstream,Upstream,Upstream,Upstream,Upstream
8080282310,8129820,Upstream,Upstream,Upstream,Upstream,Upstream,Upstream,Upstream,Upstream
8080282320,8129820,Upstream,Upstream,Upstream,Upstream,Upstream,Upstream,Upstream,Upstream
8080287740,8129860,Downstream,Downstream,Downstream,Downstream,Downstream,Downstream,Downstream,Downstream
8080287840,8129870,Downstream,Downstream,Downstream,Downstream,Downstream,Downstream,Downstream,Downstream
8080288800,8129860,Downstream,Downstream,Downstream,Downstream,Downstream,Downstream,Downstream,Downstream
8080288880,8129860,Downstream,Downstream,Downstream,Downstream,Downstream,Downstream,Downstream,Downstream
8080287530,8129901,Upstream,Upstream,Upstream,Upstream,Upstream,Upstream,Upstream,Upstream
8080287630,8129901,Upstream,Upstream,Upstream,Upstream,Upstream,Upstream,Upstream,Upstream
8080288270,8129860,Upstream,Upstream,Upstream,Upstream,Upstream,Upstream,Upstream,Downstream
8080288180,8129860,Downstream,Downstream,Downstream,Downstream,Downstream,Downstream,Downstream,Downstream
8080291980,8129870,Downstream,Downstream,Downstream,Downstream,Downstream,Downstream,Downstream,Downstream
8080291970,8129870,Downstream,Downstream,Downstream,Downstream,Downstream,Downstream,Downstream,Downstream
8080288260,8129860,Upstream,Upstream,Upstream,Upstream,Upstream,Upstream,Upstream,Upstream
8080288170,8129860,Upstream,Upstream,Upstream,Upstream,Upstream,Upstream,Upstream,Downstream
8080292960,8129870,Upstream,Upstream,Upstream,Upstream,Upstream,Upstream,Upstream,Downstream
8080292900,8129870,Downstream,Downstream,Downstream,Downstream,Downstream,Downstream,Downstream,Downstream
8080287730,8129820,Upstream,Upstream,Upstream,Upstream,Upstream,Upstream,Upstream,Upstream
8080287830,8129820,Upstream,Upstream,Upstream,Upstream,Upstream,Upstream,Upstream,Upstream
8080294260,8129870,Upstream,Upstream,Upstream,Upstream,Upstream,Upstream,Upstream,Downstream
8080294270,8129870,Upstream,Upstream,Upstream,Upstream,Upstream,Upstream,Upstream,Upstream
8080283720,8129860,Upstream,Upstream,Upstream,Upstream,Upstream,Upstream,Upstream,Downstream
8080283590,8129860,Upstream,Upstream,Upstream,Upstream,Upstream,Upstream,Upstream,Downstream
8080298250,8129870,Upstream,Upstream,Upstream,Upstream,Upstream,Upstream,Upstream,Upstream
8080298340,8129870,Upstream,Upstream,Upstream,Upstream,Upstream,Upstream,Upstream,Upstream
8080296030,8129906,Downstream,Downstream,Downstream,Downstream,Downstream,Downstream,Downstream,Downstream
8080298170,8129880,Downstream,Downstream,Downstream,Downstream,Downstream,Downstream,Downstream,Downstream
8080298100,8129890,Downstream,Downstream,Downstream,Downstream,Downstream,Downstream,Downstream,Downstream
8080299080,8129880,Downstream,Downstream,Downstream,Downstream,Downstream,Downstream,Downstream,Downstream
8080299070,8129880,Downstream,Downstream,Downstream,Downstream,Downstream,Downstream,Downstream,Downstream
8080299420,8129880,Upstream,Upstream,Upstream,Upstream,Upstream,Upstream,Upstream,Upstream
8080299300,8129880,Downstream,Downstream,Downstream,Downstream,Downstream,Downstream,Downstream,Downstream
8080295310,8129906,Downstream,Downstream,Downstream,Downstream,Downstream,Downstream,Downstream,Downstream
8080295260,8129906,Downstream,Downstream,Downstream,Downstream,Downstream,Downstream,Downstream,Downstream
8080295570,8129890,Downstream,Downstream,Downstream,Downstream,Downstream,Downstream,Downstream,Downstream
8080295500,8129890,Downstream,Downstream,Downstream,Downstream,Downstream,Downstream,Downstream,Downstream
8080301530,8129880,Upstream,Upstream,Upstream,Upstream,Upstream,Upstream,Upstream,Upstream
8080301540,8129880,Upstream,Upstream,Upstream,Upstream,Upstream,Upstream,Upstream,Upstream
8080294640,8129890,Downstream,Downstream,Downstream,Downstream,Downstream,Downstream,Downstream,Downstream
8080294520,8129890,Upstream,Upstream,Upstream,Upstream,Upstream,Upstream,Upstream,Downstream
8080292190,8129906,Downstream,Downstream,Downstream,Downstream,Downstream,Downstream,Downstream,Downstream
8080292280,8129906,Upstream,Upstream,Downstream,Downstream,Downstream,Downstream,Upstream,Downstream
8080292750,8129890,Upstream,Upstream,Upstream,Upstream,Upstream,Upstream,Upstream,Downstream
8080292910,8129890,Upstream,Upstream,Upstream,Upstream,Upstream,Upstream,Upstream,Downstream
8080303490,8129880,Upstream,Upstream,Upstream,Upstream,Upstream,Upstream,Upstream,Upstream
8080303500,8129880,Upstream,Upstream,Upstream,Upstream,Upstream,Upstream,Upstream,Upstream
8080289520,8129890,Upstream,Upstream,Upstream,Upstream,Upstream,Upstream,Upstream,Downstream
8080289430,8129890,Upstream,Upstream,Upstream,Upstream,Upstream,Upstream,Upstream,Upstream
8080293400,8129906,Upstream,Upstream,Upstream,Upstream,Upstream,Upstream,Upstream,Upstream
8080293490,8129906,Upstream,Upstream,Downstream,Downstream,Downstream,Downstream,Upstream,Downstream
8080292530,8129906,Upstream,Upstream,Upstream,Upstream,Upstream,Upstream,Upstream,Upstream
8080292290,8129906,Upstream,Upstream,Upstream,Upstream,Upstream,Upstream,Upstream,Upstream
8080007300,8135012,Downstream,Downstream,Downstream,Downstream,Downstream,Downstream,Downstream,Downstream
8080114480,8135012,Downstream,Downstream,Downstream,Downstream,Downstream,Downstream,Downstream,Downstream
8080114490,8135012,Upstream,Downstream,Downstream,Downstream,Downstream,Downstream,Upstream,Upstream
8080113620,8135012,Upstream,Downstream,Downstream,Downstream,Downstream,Downstream,Upstream,Upstream
8080113550,8135012,Upstream,Upstream,Upstream,Upstream,Upstream,Upstream,Upstream,Upstream
8080111410,8135012,Upstream,Upstream,Upstream,Upstream,Upstream,Upstream,Upstream,Upstream
8080111420,8135012,Upstream,Upstream,Upstream,Upstream,Upstream,Upstream,Upstream,Upstream
8080110810,8135012,Upstream,Upstream,Upstream,Upstream,Upstream,Upstream,Upstream,Upstream
8080110610,8135012,Upstream,Upstream,Upstream,Upstream,Upstream,Upstream,Upstream,Upstream
8080085690,8139026,Downstream,Downstream,Downstream,Downstream,Downstream,Downstream,Downstream,Downstream
8080089600,8139026,Downstream,Downstream,Downstream,Downstream,Downstream,Downstream,Downstream,Downstream
8080089590,8139026,Upstream,Downstream,Downstream,Downstream,Downstream,Downstream,Upstream,Downstream
8080090210,8139026,Upstream,Downstream,Downstream,Downstream,Downstream,Downstream,Upstream,Downstream
8080090250,8139026,Upstream,Upstream,Upstream,Upstream,Upstream,Upstream,Upstream,Upstream
8080091330,8139026,Upstream,Upstream,Upstream,Upstream,Upstream,Upstream,Upstream,Upstream
8080091320,8139026,Upstream,Upstream,Upstream,Upstream,Upstream,Upstream,Upstream,Upstream
8080009560,8221100,Downstream,Downstream,Downstream,Downstream,Downstream,Downstream,Downstream,Downstream
8080104120,8221100,Downstream,Downstream,Downstream,Downstream,Downstream,Downstream,Downstream,Downstream
8080104110,8221100,Downstream,Downstream,Downstream,Downstream,Downstream,Downstream,Upstream,Upstream
8080104750,8221100,Downstream,Downstream,Downstream,Downstream,Downstream,Downstream,Upstream,Upstream
8080104760,8221100,Upstream,Upstream,Upstream,Upstream,Upstream,Upstream,Upstream,Upstream
8080107250,8221100,Upstream,Upstream,Upstream,Upstream,Upstream,Upstream,Upstream,Upstream
8080107240,8221100,Upstream,Upstream,Upstream,Upstream,Upstream,Upstream,Upstream,Upstream
8080109950,8221100,Upstream,Upstream,Upstream,Upstream,Upstream,Upstream,Upstream,Upstream
8080110000,8221100,Upstream,Upstream,Upstream,Upstream,Upstream,Upstream,Upstream,Upstream
8080112340,8221211,Downstream,Downstream,Downstream,Downstream,Downstream,Downstream,Downstream,Downstream
8080112350,8221300,Downstream,Downstream,Downstream,Downstream,Downstream,Downstream,Downstream,Downstream
8080113450,8221300,Upstream,Upstream,Upstream,Upstream,Upstream,Upstream,Upstream,Upstream
8080113590,8221300,Downstream,Downstream,Downstream,Downstream,Downstream,Downstream,Downstream,Downstream
8080114520,8221300,Downstream,Downstream,Downstream,Downstream,Downstream,Downstream,Downstream,Downstream
8080114640,8221300,Downstream,Downstream,Downstream,Downstream,Downstream,Downstream,Downstream,Downstream
8080116240,8221300,Downstream,Downstream,Downstream,Downstream,Downstream,Downstream,Downstream,Downstream
8080116250,8221300,Downstream,Downstream,Downstream,Downstream,Downstream,Downstream,Downstream,Downstream
8080118560,8221211,Downstream,Downstream,Downstream,Downstream,Downstream,Downstream,Downstream,Downstream
8080118620,8221211,Downstream,Downstream,Downstream,Downstream,Downstream,Downstream,Downstream,Downstream
8080122730,8221211,Upstream,Upstream,Upstream,Upstream,Upstream,Upstream,Upstream,Upstream
8080122720,8221211,Downstream,Downstream,Downstream,Downstream,Downstream,Downstream,Downstream,Downstream
8080125080,8221211,Upstream,Upstream,Upstream,Upstream,Upstream,Upstream,Upstream,Upstream
8080125090,8221211,Upstream,Upstream,Upstream,Upstream,Upstream,Upstream,Upstream,Upstream
8080129030,8221211,Upstream,Upstream,Upstream,Upstream,Upstream,Upstream,Upstream,Upstream
8080129140,8221211,Upstream,Upstream,Upstream,Upstream,Upstream,Upstream,Upstream,Upstream
8080153980,8221406,Downstream,Downstream,Downstream,Downstream,Downstream,Downstream,Downstream,Downstream
8080158030,8221406,Downstream,Downstream,Downstream,Downstream,Downstream,Downstream,Downstream,Downstream
8080158020,8221406,Downstream,Downstream,Downstream,Downstream,Downstream,Downstream,Downstream,Downstream
8080158220,8221406,Upstream,Upstream,Upstream,Upstream,Upstream,Upstream,Upstream,Downstream
8080158010,8221406,Downstream,Downstream,Downstream,Downstream,Downstream,Downstream,Downstream,Downstream
8080165290,8221406,Upstream,Upstream,Upstream,Upstream,Upstream,Upstream,Upstream,Downstream
8080165280,8221406,Upstream,Upstream,Upstream,Upstream,Upstream,Upstream,Upstream,Upstream
8080166540,8221406,Upstream,Upstream,Upstream,Upstream,Upstream,Upstream,Upstream,Upstream
8080166530,8221406,Upstream,Upstream,Upstream,Upstream,Upstream,Upstream,Upstream,Upstream
8080160210,8221270,Downstream,Downstream,Downstream,Downstream,Downstream,Downstream,Downstream,Downstream
8080159570,8221270,Downstream,Downstream,Downstream,Downstream,Downstream,Downstream,Downstream,Downstream
8080159440,8221270,Downstream,Downstream,Downstream,Downstream,Downstream,Downstream,Downstream,Downstream
8080159360,8221270,Upstream,Upstream,Upstream,Upstream,Upstream,Upstream,Upstream,Downstream
8080159430,8221270,Downstream,Downstream,Downstream,Downstream,Downstream,Downstream,Downstream,Downstream
8080158970,8221270,Upstream,Upstream,Upstream,Upstream,Upstream,Upstream,Upstream,Downstream
8080158830,8221270,Upstream,Upstream,Upstream,Upstream,Upstream,Upstream,Upstream,Upstream
8080159560,8221270,Upstream,Upstream,Upstream,Upstream,Upstream,Upstream,Upstream,Downstream
8080159730,8221270,Upstream,Upstream,Upstream,Upstream,Upstream,Upstream,Upstream,Downstream
8080219940,8223406,Downstream,Downstream,Downstream,Downstream,Downstream,Downstream,Downstream,Downstream
8080155650,8222401,Downstream,Downstream,Downstream,Downstream,Downstream,Downstream,Downstream,Downstream
8080231560,8223601,Downstream,Downstream,Downstream,Downstream,Downstream,Downstream,Downstream,Downstream
8080221580,8223406,Downstream,Downstream,Downstream,Downstream,Downstream,Downstream,Downstream,Downstream
8080221700,8223406,Downstream,Downstream,Downstream,Downstream,Downstream,Downstream,Downstream,Downstream
8080221390,8223406,Upstream,Upstream,Upstream,Downstream,Downstream,Downstream,Upstream,Upstream
8080221330,8223406,Downstream,Downstream,Downstream,Downstream,Downstream,Downstream,Downstream,Downstream
8080235530,8223702,Downstream,Downstream,Downstream,Downstream,Downstream,Downstream,Downstream,Downstream
8080161460,8222401,Downstream,Downstream,Downstream,Downstream,Downstream,Downstream,Downstream,Downstream
8080161590,8222401,Downstream,Downstream,Downstream,Downstream,Downstream,Downstream,Downstream,Downstream
8080234070,8223601,Downstream,Downstream,Downstream,Downstream,Downstream,Downstream,Downstream,Downstream
8080233920,8223601,Downstream,Downstream,Downstream,Downstream,Downstream,Downstream,Downstream,Downstream
8080164780,8222401,Upstream,Upstream,Upstream,Upstream,Upstream,Upstream,Upstream,Downstream
8080164560,8222401,Downstream,Downstream,Downstream,Downstream,Downstream,Downstream,Downstream,Downstream
8080165600,8222401,Upstream,Upstream,Upstream,Upstream,Upstream,Upstream,Upstream,Downstream
8080165690,8222401,Upstream,Upstream,Upstream,Upstream,Upstream,Upstream,Upstream,Upstream
8080223610,8223406,Upstream,Upstream,Upstream,Upstream,Upstream,Upstream,Upstream,Upstream
8080223740,8223406,Upstream,Upstream,Upstream,Downstream,Downstream,Downstream,Upstream,Upstream
8080234330,8223601,Downstream,Downstream,Downstream,Downstream,Downstream,Downstream,Downstream,Downstream
8080234530,8223601,Upstream,Upstream,Upstream,Upstream,Upstream,Upstream,Upstream,Upstream
8080223870,8223406,Upstream,Upstream,Upstream,Upstream,Upstream,Upstream,Upstream,Upstream
8080223730,8223406,Upstream,Upstream,Upstream,Upstream,Upstream,Upstream,Upstream,Upstream
8080243400,8223900,Downstream,Downstream,Downstream,Downstream,Downstream,Downstream,Downstream,Downstream
8080169750,8222401,Upstream,Upstream,Upstream,Upstream,Upstream,Upstream,Upstream,Upstream
8080169870,8222401,Upstream,Upstream,Upstream,Upstream,Upstream,Upstream,Upstream,Upstream
8080234340,8223601,Upstream,Upstream,Upstream,Upstream,Upstream,Upstream,Upstream,Upstream
8080234540,8223601,Upstream,Upstream,Upstream,Upstream,Upstream,Upstream,Upstream,Upstream
8080245330,8223900,Downstream,Downstream,Downstream,Downstream,Downstream,Downstream,Downstream,Downstream
8080245360,8223900,Downstream,Downstream,Downstream,Downstream,Downstream,Downstream,Downstream,Downstream
8080235550,8223601,Upstream,Upstream,Upstream,Upstream,Upstream,Upstream,Upstream,Upstream
8080235540,8223601,Upstream,Upstream,Upstream,Upstream,Upstream,Upstream,Upstream,Upstream
8080245730,8223900,Downstream,Downstream,Downstream,Downstream,Downstream,Downstream,Upstream,Upstream
8080245590,8223900,Downstream,Downstream,Downstream,Downstream,Downstream,Downstream,Downstream,Downstream
8080228880,8223702,Upstream,Upstream,Upstream,Upstream,Upstream,Upstream,Upstream,Upstream
8080228930,8223702,Downstream,Downstream,Downstream,Downstream,Downstream,Downstream,Downstream,Downstream
8080248310,8223900,Downstream,Downstream,Downstream,Downstream,Downstream,Downstream,Upstream,Upstream
8080248410,8223900,Upstream,Upstream,Upstream,Upstream,Upstream,Upstream,Upstream,Upstream
8080162560,8222930,Downstream,Downstream,Downstream,Downstream,Downstream,Downstream,Downstream,Downstream
8080250540,8223900,Upstream,Upstream,Upstream,Upstream,Upstream,Upstream,Upstream,Upstream
8080250690,8223900,Upstream,Upstream,Upstream,Upstream,Upstream,Upstream,Upstream,Upstream
8080227010,8223702,Upstream,Upstream,Upstream,Upstream,Upstream,Upstream,Upstream,Upstream
8080227120,8223702,Upstream,Upstream,Upstream,Upstream,Upstream,Upstream,Upstream,Upstream
8080226310,8223702,Upstream,Upstream,Upstream,Upstream,Upstream,Upstream,Upstream,Upstream
8080226300,8223702,Upstream,Upstream,Upstream,Upstream,Upstream,Upstream,Upstream,Upstream
8080166400,8222930,Downstream,Downstream,Downstream,Downstream,Downstream,Downstream,Downstream,Downstream
8080166410,8222930,Downstream,Downstream,Downstream,Downstream,Downstream,Downstream,Downstream,Downstream
8080168510,8222930,Upstream,Upstream,Upstream,Upstream,Upstream,Upstream,Upstream,Upstream
8080168500,8222930,Downstream,Downstream,Downstream,Downstream,Downstream,Downstream,Downstream,Downstream
8080228280,8223702,Upstream,Upstream,Upstream,Upstream,Upstream,Upstream,Upstream,Upstream
8080228270,8223702,Upstream,Upstream,Upstream,Upstream,Upstream,Upstream,Upstream,Upstream
8080171430,8222930,Upstream,Upstream,Upstream,Upstream,Upstream,Upstream,Upstream,Upstream
8080171540,8222930,Upstream,Upstream,Upstream,Upstream,Upstream,Upstream,Upstream,Upstream
8080254970,8225130,Downstream,Downstream,Downstream,Downstream,Downstream,Downstream,Downstream,Downstream
8080174290,8222930,Upstream,Upstream,Upstream,Upstream,Upstream,Upstream,Upstream,Upstream
8080174370,8222930,Upstream,Upstream,Upstream,Upstream,Upstream,Upstream,Upstream,Upstream
8080262300,8224103,Downstream,Downstream,Downstream,Downstream,Downstream,Downstream,Downstream,Downstream
8080260010,8225130,Downstream,Downstream,Downstream,Downstream,Downstream,Downstream,Downstream,Downstream
8080260070,8225130,Downstream,Downstream,Downstream,Downstream,Downstream,Downstream,Downstream,Downstream
8080260080,8225130,Upstream,Upstream,Upstream,Upstream,Upstream,Upstream,Upstream,Downstream
8080260170,8225130,Downstream,Downstream,Downstream,Downstream,Downstream,Downstream,Downstream,Downstream
8080262240,8224103,Downstream,Downstream,Downstream,Downstream,Downstream,Downstream,Downstream,Downstream
8080262100,8224103,Downstream,Downstream,Downstream,Downstream,Downstream,Downstream,Downstream,Downstream
8080176280,8222950,Downstream,Downstream,Downstream,Downstream,Downstream,Downstream,Downstream,Downstream
8080262380,8224103,Upstream,Upstream,Upstream,Upstream,Upstream,Upstream,Downstream,Downstream
8080262290,8224103,Downstream,Downstream,Downstream,Downstream,Downstream,Downstream,Downstream,Downstream
8080260490,8225130,Upstream,Upstream,Upstream,Upstream,Upstream,Upstream,Upstream,Upstream
8080260500,8225130,Upstream,Upstream,Upstream,Upstream,Upstream,Upstream,Upstream,Downstream
8080262580,8224103,Upstream,Upstream,Upstream,Upstream,Upstream,Upstream,Upstream,Upstream
8080262490,8224103,Upstream,Upstream,Upstream,Upstream,Upstream,Upstream,Downstream,Downstream
8080177120,8222950,Downstream,Downstream,Downstream,Downstream,Downstream,Downstream,Downstream,Downstream
8080177130,8222950,Downstream,Downstream,Downstream,Downstream,Downstream,Downstream,Downstream,Downstream
8080261240,8225130,Upstream,Upstream,Upstream,Upstream,Upstream,Upstream,Upstream,Upstream
8080261250,8225130,Upstream,Upstream,Upstream,Upstream,Upstream,Upstream,Upstream,Upstream
8080263940,8224103,Upstream,Upstream,Upstream,Upstream,Upstream,Upstream,Upstream,Upstream
8080264010,8224103,Upstream,Upstream,Upstream,Upstream,Upstream,Upstream,Upstream,Upstream
8080185880,8222950,Upstream,Upstream,Upstream,Upstream,Upstream,Upstream,Upstream,Upstream
8080185990,8222950,Downstream,Downstream,Downstream,Downstream,Downstream,Downstream,Downstream,Downstream
8080264760,8225140,Downstream,Downstream,Downstream,Downstream,Downstream,Downstream,Downstream,Downstream
8080186180,8222950,Upstream,Upstream,Upstream,Upstream,Upstream,Upstream,Upstream,Upstream
8080186270,8222950,Upstream,Upstream,Upstream,Upstream,Upstream,Upstream,Upstream,Upstream
8080270560,8225140,Downstream,Downstream,Downstream,Downstream,Downstream,Downstream,Downstream,Downstream
8080270550,8225140,Downstream,Downstream,Downstream,Downstream,Downstream,Downstream,Downstream,Downstream
8080190450,8222950,Upstream,Upstream,Upstream,Upstream,Upstream,Upstream,Upstream,Upstream
8080190590,8222950,Upstream,Upstream,Upstream,Upstream,Upstream,Upstream,Upstream,Upstream
8080280110,8225140,Downstream,Downstream,Downstream,Downstream,Downstream,Downstream,Downstream,Downstream
8080280170,8225140,Upstream,Upstream,Upstream,Upstream,Upstream,Upstream,Upstream,Upstream
8080280740,8225140,Upstream,Upstream,Upstream,Upstream,Upstream,Upstream,Upstream,Upstream
8080280640,8225140,Upstream,Upstream,Upstream,Upstream,Upstream,Upstream,Upstream,Upstream
8080283120,8225140,Upstream,Upstream,Upstream,Upstream,Upstream,Upstream,Upstream,Upstream
8080283030,8225140,Upstream,Upstream,Upstream,Upstream,Upstream,Upstream,Upstream,Upstream
8080260060,8224240,Upstream,Upstream,Downstream,Downstream,Downstream,Downstream,Upstream,Downstream
8080258940,8224270,Downstream,Downstream,Downstream,Downstream,Downstream,Downstream,Downstream,Downstream
8080261830,8224240,Upstream,Upstream,Downstream,Downstream,Downstream,Downstream,Upstream,Upstream
8080261950,8224240,Upstream,Upstream,Downstream,Downstream,Downstream,Downstream,Upstream,Downstream
8080260450,8224240,Upstream,Upstream,Upstream,Upstream,Upstream,Upstream,Upstream,Upstream
8080260340,8224240,Upstream,Upstream,Downstream,Downstream,Downstream,Downstream,Upstream,Upstream
8080252730,8224270,Downstream,Downstream,Downstream,Downstream,Downstream,Downstream,Downstream,Downstream
8080252600,8224270,Downstream,Downstream,Downstream,Downstream,Downstream,Downstream,Downstream,Downstream
8080259600,8224240,Upstream,Upstream,Upstream,Upstream,Upstream,Upstream,Upstream,Upstream
8080259710,8224240,Upstream,Upstream,Upstream,Upstream,Upstream,Upstream,Upstream,Upstream
8080263150,8224240,Upstream,Upstream,Upstream,Upstream,Upstream,Upstream,Upstream,Upstream
8080263230,8224240,Upstream,Upstream,Upstream,Upstream,Upstream,Upstream,Upstream,Upstream
8080280840,8225209,Downstream,Downstream,Downstream,Downstream,Downstream,Downstream,Downstream,Downstream
8080250370,8224270,Downstream,Downstream,Downstream,Downstream,Downstream,Downstream,Downstream,Downstream
8080250280,8224270,Upstream,Upstream,Upstream,Upstream,Upstream,Upstream,Upstream,Upstream
8080249690,8224270,Upstream,Upstream,Upstream,Upstream,Upstream,Upstream,Upstream,Upstream
8080249680,8224270,Upstream,Upstream,Upstream,Upstream,Upstream,Upstream,Upstream,Upstream
8080279390,8225209,Downstream,Downstream,Downstream,Downstream,Downstream,Downstream,Downstream,Downstream
8080279380,8225209,Downstream,Downstream,Downstream,Downstream,Downstream,Downstream,Downstream,Downstream
8080242150,8224270,Upstream,Upstream,Upstream,Upstream,Upstream,Upstream,Upstream,Upstream
8080242090,8224270,Upstream,Upstream,Upstream,Upstream,Upstream,Upstream,Upstream,Upstream
8080283260,8225209,Downstream,Downstream,Downstream,Downstream,Downstream,Downstream,Downstream,Downstream
8080283320,8225209,Downstream,Downstream,Downstream,Downstream,Downstream,Downstream,Upstream,Upstream
8080302210,8224750,Downstream,Downstream,Downstream,Downstream,Downstream,Downstream,Downstream,Downstream
8080302220,8224740,Downstream,Downstream,Downstream,Downstream,Downstream,Downstream,Downstream,Downstream
8080302370,8224750,Downstream,Downstream,Downstream,Downstream,Downstream,Downstream,Downstream,Downstream
8080302480,8224750,Downstream,Downstream,Downstream,Downstream,Downstream,Downstream,Downstream,Downstream
8080286700,8225209,Downstream,Downstream,Downstream,Downstream,Downstream,Downstream,Upstream,Upstream
8080286790,8225209,Upstream,Upstream,Upstream,Upstream,Upstream,Upstream,Upstream,Upstream
8080289550,8225209,Upstream,Upstream,Upstream,Upstream,Upstream,Upstream,Upstream,Upstream
8080289540,8225209,Upstream,Upstream,Upstream,Upstream,Upstream,Upstream,Upstream,Upstream
8080305850,8224740,Downstream,Downstream,Downstream,Downstream,Downstream,Downstream,Downstream,Downstream
8080305890,8224740,Downstream,Downstream,Downstream,Downstream,Downstream,Downstream,Downstream,Downstream
8080245940,8226231,Downstream,Downstream,Downstream,Downstream,Downstream,Downstream,Downstream,Downstream
8080302980,8224750,Downstream,Downstream,Downstream,Downstream,Downstream,Downstream,Downstream,Downstream
8080302880,8224750,Upstream,Upstream,Upstream,Upstream,Upstream,Upstream,Upstream,Upstream
8080242770,8226222,Downstream,Downstream,Downstream,Downstream,Downstream,Downstream,Downstream,Downstream
8080307670,8224740,Downstream,Downstream,Downstream,Downstream,Downstream,Downstream,Downstream,Downstream
8080307700,8224740,Upstream,Upstream,Upstream,Upstream,Upstream,Upstream,Upstream,Downstream
8080241740,8226231,Downstream,Downstream,Downstream,Downstream,Downstream,Downstream,Upstream,Upstream
8080241580,8226231,Downstream,Downstream,Downstream,Downstream,Downstream,Downstream,Downstream,Downstream
8080308140,8224740,Upstream,Upstream,Upstream,Upstream,Upstream,Upstream,Upstream,Upstream
8080308290,8224740,Upstream,Upstream,Upstream,Upstream,Upstream,Upstream,Upstream,Downstream
8080240730,8226231,Downstream,Downstream,Downstream,Downstream,Downstream,Downstream,Upstream,Upstream
8080240620,8226231,Upstream,Upstream,Upstream,Upstream,Upstream,Upstream,Upstream,Upstream
8080240270,8226231,Upstream,Upstream,Upstream,Upstream,Upstream,Upstream,Upstream,Upstream
8080240170,8226231,Upstream,Upstream,Upstream,Upstream,Upstream,Upstream,Upstream,Upstream
8080301770,8224750,Upstream,Upstream,Upstream,Upstream,Upstream,Upstream,Upstream,Upstream
8080301850,8224750,Upstream,Upstream,Upstream,Upstream,Upstream,Upstream,Upstream,Upstream
8080238300,8226231,Upstream,Upstream,Upstream,Upstream,Upstream,Upstream,Upstream,Upstream
8080238240,8226231,Upstream,Upstream,Upstream,Upstream,Upstream,Upstream,Upstream,Upstream
8080234380,8226222,Downstream,Downstream,Downstream,Downstream,Downstream,Downstream,Downstream,Downstream
8080234290,8226222,Downstream,Downstream,Downstream,Downstream,Downstream,Downstream,Downstream,Downstream
8080300260,8224750,Upstream,Upstream,Upstream,Upstream,Upstream,Upstream,Upstream,Upstream
8080300150,8224750,Upstream,Upstream,Upstream,Upstream,Upstream,Upstream,Upstream,Upstream
8080299220,8224760,Downstream,Downstream,Downstream,Downstream,Downstream,Downstream,Downstream,Downstream
8080310500,8224740,Upstream,Upstream,Upstream,Upstream,Upstream,Upstream,Upstream,Upstream
8080310580,8224740,Upstream,Upstream,Upstream,Upstream,Upstream,Upstream,Upstream,Upstream
8080232610,8226222,Downstream,Downstream,Downstream,Downstream,Downstream,Downstream,Downstream,Downstream
8080232530,8226222,Upstream,Upstream,Upstream,Upstream,Upstream,Upstream,Upstream,Upstream
8080295690,8224760,Downstream,Downstream,Downstream,Downstream,Downstream,Downstream,Downstream,Downstream
8080295630,8224760,Downstream,Downstream,Downstream,Downstream,Downstream,Downstream,Downstream,Downstream
8080227520,8226222,Upstream,Upstream,Upstream,Upstream,Upstream,Upstream,Upstream,Upstream
8080227480,8226222,Upstream,Upstream,Upstream,Upstream,Upstream,Upstream,Upstream,Upstream
8080226210,8226270,Downstream,Downstream,Downstream,Downstream,Downstream,Downstream,Downstream,Downstream
8080291060,8224760,Downstream,Downstream,Downstream,Downstream,Downstream,Downstream,Downstream,Downstream
8080291020,8224760,Upstream,Upstream,Upstream,Upstream,Upstream,Upstream,Downstream,Downstream
8080224190,8226270,Downstream,Downstream,Downstream,Downstream,Downstream,Downstream,Downstream,Downstream
8080224180,8226270,Downstream,Downstream,Downstream,Downstream,Downstream,Downstream,Downstream,Downstream
8080224080,8226222,Upstream,Upstream,Upstream,Upstream,Upstream,Upstream,Upstream,Upstream
8080224090,8226222,Upstream,Upstream,Upstream,Upstream,Upstream,Upstream,Upstream,Upstream
8080289640,8224760,Upstream,Upstream,Upstream,Upstream,Upstream,Upstream,Upstream,Upstream
8080289650,8224760,Upstream,Upstream,Upstream,Upstream,Upstream,Upstream,Downstream,Downstream
8080288970,8224760,Upstream,Upstream,Upstream,Upstream,Upstream,Upstream,Upstream,Upstream
8080288980,8224760,Upstream,Upstream,Upstream,Upstream,Upstream,Upstream,Upstream,Upstream
8080219790,8226244,Downstream,Downstream,Downstream,Downstream,Downstream,Downstream,Downstream,Downstream
8080309660,8225487,Downstream,Downstream,Downstream,Downstream,Downstream,Downstream,Downstream,Downstream
8080305210,8224806,Downstream,Downstream,Downstream,Downstream,Downstream,Downstream,Downstream,Downstream
8080222650,8226244,Downstream,Downstream,Downstream,Downstream,Downstream,Downstream,Downstream,Downstream
8080222470,8226244,Downstream,Downstream,Downstream,Downstream,Downstream,Downstream,Downstream,Downstream
8080311150,8225487,Downstream,Downstream,Downstream,Downstream,Downstream,Downstream,Downstream,Downstream
8080311090,8225487,Downstream,Downstream,Downstream,Downstream,Downstream,Downstream,Downstream,Downstream
8080212390,8226270,Upstream,Upstream,Upstream,Upstream,Upstream,Upstream,Upstream,Downstream
8080212380,8226270,Downstream,Downstream,Downstream,Downstream,Downstream,Downstream,Downstream,Downstream
8080219780,8226244,Downstream,Downstream,Downstream,Downstream,Downstream,Downstream,Downstream,Downstream
8080219660,8226244,Downstream,Downstream,Downstream,Downstream,Downstream,Downstream,Upstream,Downstream
8080231280,8226917,Downstream,Downstream,Downstream,Downstream,Downstream,Downstream,Downstream,Downstream
8080307150,8224806,Downstream,Downstream,Downstream,Downstream,Downstream,Downstream,Downstream,Downstream
8080307210,8224806,Downstream,Downstream,Downstream,Downstream,Downstream,Downstream,Downstream,Downstream
8080231410,8226917,Downstream,Downstream,Downstream,Downstream,Downstream,Downstream,Downstream,Downstream
8080231490,8226917,Downstream,Downstream,Downstream,Downstream,Downstream,Downstream,Downstream,Downstream
8080310530,8225487,Downstream,Downstream,Downstream,Downstream,Downstream,Downstream,Downstream,Downstream
8080310490,8225487,Upstream,Upstream,Upstream,Upstream,Upstream,Upstream,Upstream,Upstream
8080232540,8226917,Upstream,Upstream,Upstream,Upstream,Upstream,Upstream,Downstream,Downstream
8080232620,8226917,Downstream,Downstream,Downstream,Downstream,Downstream,Downstream,Downstream,Downstream
8080310400,8225487,Upstream,Upstream,Upstream,Upstream,Upstream,Upstream,Upstream,Upstream
8080310300,8225487,Upstream,Upstream,Upstream,Upstream,Upstream,Upstream,Upstream,Upstream
8080310280,8224806,Downstream,Downstream,Downstream,Downstream,Downstream,Downstream,Downstream,Downstream
8080310270,8224806,Upstream,Upstream,Upstream,Upstream,Upstream,Upstream,Upstream,Downstream
8080318680,8225493,Downstream,Downstream,Downstream,Downstream,Downstream,Downstream,Downstream,Downstream
8080310710,8225487,Upstream,Upstream,Upstream,Upstream,Upstream,Upstream,Upstream,Upstream
8080310650,8225487,Upstream,Upstream,Upstream,Upstream,Upstream,Upstream,Upstream,Upstream
8080204850,8226270,Upstream,Upstream,Upstream,Upstream,Upstream,Upstream,Upstream,Upstream
8080204730,8226270,Upstream,Upstream,Upstream,Upstream,Upstream,Upstream,Upstream,Downstream
8080322200,8224699,Downstream,Downstream,Downstream,Downstream,Downstream,Downstream,Downstream,Downstream
8080322270,8224699,Downstream,Downstream,Downstream,Downstream,Downstream,Downstream,Downstream,Downstream
8080322320,8224699,Downstream,Downstream,Downstream,Downstream,Downstream,Downstream,Downstream,Downstream
8080228210,8226917,Upstream,Upstream,Upstream,Upstream,Upstream,Upstream,Upstream,Upstream
8080228140,8226917,Upstream,Upstream,Upstream,Upstream,Upstream,Upstream,Downstream,Downstream
8080311770,8224806,Upstream,Upstream,Upstream,Upstream,Upstream,Upstream,Upstream,Upstream
8080311930,8224806,Upstream,Upstream,Upstream,Upstream,Upstream,Upstream,Upstream,Downstream
8080199650,8226270,Upstream,Upstream,Upstream,Upstream,Upstream,Upstream,Upstream,Downstream
8080199660,8226270,Upstream,Upstream,Upstream,Upstream,Upstream,Upstream,Upstream,Downstream
8080211680,8226244,Downstream,Downstream,Downstream,Downstream,Downstream,Downstream,Upstream,Downstream
8080211640,8226244,Upstream,Upstream,Upstream,Upstream,Upstream,Upstream,Upstream,Upstream
8080310520,8225489,Downstream,Downstream,Downstream,Downstream,Downstream,Downstream,Downstream,Downstream
8080197650,8226280,Downstream,Downstream,Downstream,Downstream,Downstream,Downstream,Upstream,Downstream
8080197460,8226280,Downstream,Downstream,Downstream,Downstream,Downstream,Downstream,Upstream,Downstream
8080197350,8226280,Downstream,Downstream,Downstream,Downstream,Downstream,Downstream,Upstream,Downstream
8080196720,8226280,Downstream,Downstream,Downstream,Downstream,Downstream,Downstream,Upstream,Downstream
8080196670,8226280,Downstream,Downstream,Downstream,Downstream,Downstream,Downstream,Upstream,Upstream
8080287650,8224960,Downstream,Downstream,Downstream,Downstream,Downstream,Downstream,Downstream,Downstream
8080287550,8224960,Upstream,Downstream,Downstream,Downstream,Downstream,Downstream,Upstream,Downstream
8080287640,8224960,Downstream,Downstream,Downstream,Downstream,Downstream,Downstream,Downstream,Downstream
8080287280,8224960,Upstream,Downstream,Downstream,Downstream,Downstream,Downstream,Upstream,Downstream
8080287400,8224960,Upstream,Upstream,Upstream,Upstream,Upstream,Upstream,Upstream,Upstream
8080313560,8224806,Upstream,Upstream,Upstream,Upstream,Upstream,Upstream,Upstream,Upstream
8080313570,8224806,Upstream,Upstream,Upstream,Upstream,Upstream,Upstream,Upstream,Upstream
8080319270,8225493,Downstream,Downstream,Downstream,Downstream,Downstream,Downstream,Upstream,Downstream
8080319220,8225493,Downstream,Downstream,Downstream,Downstream,Downstream,Downstream,Downstream,Downstream
8080203210,8226244,Upstream,Upstream,Upstream,Upstream,Upstream,Upstream,Upstream,Upstream
8080203080,8226244,Upstream,Upstream,Upstream,Upstream,Upstream,Upstream,Upstream,Upstream
8080192380,8226280,Downstream,Downstream,Downstream,Downstream,Downstream,Downstream,Upstream,Upstream
8080192500,8226280,Upstream,Upstream,Upstream,Upstream,Upstream,Upstream,Upstream,Upstream
8080315290,8225489,Downstream,Downstream,Downstream,Downstream,Downstream,Downstream,Downstream,Downstream
8080315360,8225489,Downstream,Downstream,Downstream,Downstream,Downstream,Downstream,Downstream,Downstream
8080324320,8224699,Upstream,Upstream,Upstream,Upstream,Upstream,Upstream,Upstream,Upstream
8080324360,8224699,Downstream,Downstream,Downstream,Downstream,Downstream,Downstream,Downstream,Downstream
8080320100,8225493,Downstream,Downstream,Downstream,Downstream,Downstream,Downstream,Upstream,Downstream
8080320130,8225493,Upstream,Upstream,Upstream,Upstream,Upstream,Upstream,Upstream,Upstream
8080324500,8224699,Upstream,Upstream,Upstream,Upstream,Upstream,Upstream,Upstream,Upstream
8080324490,8224699,Upstream,Upstream,Upstream,Upstream,Upstream,Upstream,Upstream,Upstream
8080320620,8225493,Upstream,Upstream,Upstream,Upstream,Upstream,Upstream,Upstream,Upstream
8080320670,8225493,Upstream,Upstream,Upstream,Upstream,Upstream,Upstream,Upstream,Upstream
8080310660,8228412,Downstream,Downstream,Downstream,Downstream,Downstream,Downstream,Downstream,Downstream
8080288810,8224960,Upstream,Downstream,Downstream,Downstream,Downstream,Downstream,Upstream,Downstream
8080288710,8224960,Upstream,Downstream,Downstream,Downstream,Downstream,Downstream,Upstream,Downstream
8080324990,8224699,Upstream,Upstream,Upstream,Upstream,Upstream,Upstream,Upstream,Upstream
8080325010,8224699,Upstream,Upstream,Upstream,Upstream,Upstream,Upstream,Upstream,Upstream
8080314650,8225489,Upstream,Upstream,Upstream,Upstream,Upstream,Upstream,Upstream,Upstream
8080314680,8225489,Downstream,Downstream,Downstream,Downstream,Downstream,Downstream,Downstream,Downstream
8080289440,8224960,Upstream,Downstream,Downstream,Downstream,Downstream,Downstream,Upstream,Downstream
8080289530,8224960,Upstream,Downstream,Downstream,Downstream,Downstream,Downstream,Upstream,Downstream
8080314840,8225489,Upstream,Upstream,Upstream,Upstream,Upstream,Upstream,Upstream,Upstream
8080314730,8225489,Upstream,Upstream,Upstream,Upstream,Upstream,Upstream,Upstream,Upstream
8080311980,8228412,Downstream,Downstream,Downstream,Downstream,Downstream,Downstream,Downstream,Downstream
8080208650,8226917,Upstream,Upstream,Upstream,Upstream,Upstream,Upstream,Upstream,Upstream
8080312030,8228412,Downstream,Downstream,Downstream,Downstream,Downstream,Downstream,Downstream,Downstream
8080208640,8226917,Upstream,Upstream,Upstream,Upstream,Upstream,Upstream,Upstream,Upstream
8080321880,8225493,Upstream,Upstream,Upstream,Upstream,Upstream,Upstream,Upstream,Upstream
8080321890,8225493,Upstream,Upstream,Upstream,Upstream,Upstream,Upstream,Upstream,Upstream
8080312140,8228412,Upstream,Upstream,Upstream,Upstream,Upstream,Upstream,Upstream,Downstream
8080312040,8228412,Downstream,Downstream,Downstream,Downstream,Downstream,Downstream,Downstream,Downstream
8080305950,8224948,Downstream,Downstream,Downstream,Downstream,Downstream,Downstream,Downstream,Downstream
8080188830,8226280,Upstream,Upstream,Upstream,Upstream,Upstream,Upstream,Upstream,Upstream
8080188840,8226280,Upstream,Upstream,Upstream,Upstream,Upstream,Upstream,Upstream,Upstream
8080316280,8225489,Upstream,Upstream,Upstream,Upstream,Upstream,Upstream,Upstream,Upstream
8080316300,8225489,Upstream,Upstream,Upstream,Upstream,Upstream,Upstream,Upstream,Upstream
8080306270,8224948,Downstream,Downstream,Downstream,Downstream,Downstream,Downstream,Downstream,Downstream
8080306410,8224948,Downstream,Downstream,Downstream,Downstream,Downstream,Downstream,Downstream,Downstream
8080314410,8228502,Downstream,Downstream,Downstream,Downstream,Downstream,Downstream,Downstream,Downstream
8080308700,8224948,Upstream,Upstream,Upstream,Upstream,Upstream,Upstream,Upstream,Upstream
8080308660,8224948,Downstream,Downstream,Downstream,Downstream,Downstream,Downstream,Downstream,Downstream
8080315070,8228412,Upstream,Upstream,Upstream,Upstream,Upstream,Upstream,Upstream,Upstream
8080315110,8228412,Upstream,Upstream,Upstream,Upstream,Upstream,Upstream,Upstream,Downstream
8080309750,8224948,Upstream,Upstream,Upstream,Upstream,Upstream,Upstream,Upstream,Upstream
8080309610,8224948,Upstream,Upstream,Upstream,Upstream,Upstream,Upstream,Upstream,Upstream
8080310540,8224948,Upstream,Upstream,Upstream,Upstream,Upstream,Upstream,Upstream,Upstream
8080310550,8224948,Upstream,Upstream,Upstream,Upstream,Upstream,Upstream,Upstream,Upstream
8080315910,8228412,Upstream,Upstream,Upstream,Upstream,Upstream,Upstream,Upstream,Upstream
8080315760,8228412,Upstream,Upstream,Upstream,Upstream,Upstream,Upstream,Upstream,Upstream
8080319290,8228502,Downstream,Downstream,Downstream,Downstream,Downstream,Downstream,Downstream,Downstream
8080319180,8228502,Downstream,Downstream,Downstream,Downstream,Downstream,Downstream,Downstream,Downstream
8080320030,8228504,Downstream,Downstream,Downstream,Downstream,Downstream,Downstream,Downstream,Downstream
8080321240,8228504,Downstream,Downstream,Downstream,Downstream,Downstream,Downstream,Downstream,Downstream
8080321330,8228504,Downstream,Downstream,Downstream,Downstream,Downstream,Downstream,Downstream,Downstream
8080321520,8228504,Downstream,Downstream,Downstream,Downstream,Downstream,Downstream,Downstream,Downstream
8080321580,8228504,Upstream,Upstream,Upstream,Upstream,Upstream,Upstream,Upstream,Upstream
8080320370,8228502,Upstream,Upstream,Upstream,Upstream,Upstream,Upstream,Upstream,Upstream
8080320280,8228502,Downstream,Downstream,Downstream,Downstream,Downstream,Downstream,Downstream,Downstream
8080320650,8228502,Upstream,Upstream,Upstream,Upstream,Upstream,Upstream,Upstream,Upstream
8080320600,8228502,Upstream,Upstream,Upstream,Upstream,Upstream,Upstream,Upstream,Upstream
8080320520,8228502,Upstream,Upstream,Upstream,Upstream,Upstream,Upstream,Upstream,Upstream
8080320470,8228502,Upstream,Upstream,Upstream,Upstream,Upstream,Upstream,Upstream,Upstream
8080324900,8228509,Downstream,Downstream,Downstream,Downstream,Downstream,Downstream,Upstream,Downstream
8080324890,8228508,Downstream,Downstream,Downstream,Downstream,Downstream,Downstream,Downstream,Downstream
8080325220,8228509,Downstream,Downstream,Downstream,Downstream,Downstream,Downstream,Upstream,Downstream
8080325260,8228509,Downstream,Downstream,Downstream,Downstream,Downstream,Downstream,Upstream,Downstream
8080324950,8228508,Downstream,Downstream,Downstream,Downstream,Downstream,Downstream,Downstream,Downstream
8080324860,8228508,Downstream,Downstream,Downstream,Downstream,Downstream,Downstream,Downstream,Downstream
8080325710,8228509,Downstream,Downstream,Downstream,Downstream,Downstream,Downstream,Upstream,Downstream
8080325720,8228509,Upstream,Upstream,Upstream,Upstream,Upstream,Upstream,Upstream,Upstream
8080325950,8228509,Upstream,Upstream,Upstream,Upstream,Upstream,Upstream,Upstream,Upstream
8080325850,8228509,Upstream,Upstream,Upstream,Upstream,Upstream,Upstream,Upstream,Upstream
8080323420,8228504,Upstream,Upstream,Upstream,Upstream,Upstream,Upstream,Upstream,Upstream
8080323490,8228504,Upstream,Upstream,Upstream,Upstream,Upstream,Upstream,Upstream,Upstream
8080326650,8228509,Upstream,Upstream,Upstream,Upstream,Upstream,Upstream,Upstream,Upstream
8080326660,8228509,Upstream,Upstream,Upstream,Upstream,Upstream,Upstream,Upstream,Upstream
8080324550,8228504,Upstream,Upstream,Upstream,Upstream,Upstream,Upstream,Upstream,Upstream
8080324590,8228504,Upstream,Upstream,Upstream,Upstream,Upstream,Upstream,Upstream,Upstream
8080327350,8228508,Downstream,Downstream,Downstream,Downstream,Downstream,Downstream,Downstream,Downstream
8080327300,8228508,Upstream,Upstream,Upstream,Upstream,Upstream,Upstream,Upstream,Upstream
8080327870,8228508,Upstream,Upstream,Upstream,Upstream,Upstream,Upstream,Upstream,Upstream
8080327810,8228508,Upstream,Upstream,Upstream,Upstream,Upstream,Upstream,Upstream,Upstream
8080305580,8228461,Downstream,Downstream,Downstream,Downstream,Downstream,Downstream,Downstream,Downstream
8080325560,8228508,Upstream,Upstream,Upstream,Upstream,Upstream,Upstream,Upstream,Upstream
8080325520,8228508,Upstream,Upstream,Upstream,Upstream,Upstream,Upstream,Upstream,Upstream
8080308450,8228461,Downstream,Downstream,Downstream,Downstream,Downstream,Downstream,Downstream,Downstream
8080308320,8228461,Downstream,Downstream,Downstream,Downstream,Downstream,Downstream,Downstream,Downstream
8080308960,8228461,Downstream,Downstream,Downstream,Downstream,Downstream,Downstream,Downstream,Downstream
8080309070,8228461,Upstream,Upstream,Upstream,Upstream,Upstream,Upstream,Upstream,Upstream
8080308980,8228461,Downstream,Downstream,Downstream,Downstream,Downstream,Downstream,Downstream,Downstream
8080308920,8228461,Downstream,Downstream,Downstream,Downstream,Downstream,Downstream,Downstream,Downstream
8080309740,8228461,Downstream,Downstream,Downstream,Downstream,Downstream,Downstream,Downstream,Downstream
8080309850,8228461,Downstream,Downstream,Downstream,Downstream,Downstream,Downstream,Downstream,Downstream
8080327140,8228660,Downstream,Downstream,Downstream,Downstream,Downstream,Downstream,Downstream,Downstream
8080326440,8228660,Downstream,Downstream,Downstream,Downstream,Downstream,Downstream,Downstream,Downstream
8080326410,8228660,Downstream,Downstream,Downstream,Downstream,Downstream,Downstream,Downstream,Downstream
8080325250,8229240,Downstream,Downstream,Downstream,Downstream,Downstream,Downstream,Downstream,Downstream
8080325530,8228660,Downstream,Downstream,Downstream,Downstream,Downstream,Downstream,Downstream,Downstream
8080325550,8229240,Downstream,Downstream,Downstream,Downstream,Downstream,Downstream,Downstream,Downstream
8080325470,8228660,Upstream,Upstream,Upstream,Upstream,Upstream,Upstream,Upstream,Downstream
8080325590,8229240,Downstream,Downstream,Downstream,Downstream,Downstream,Downstream,Downstream,Downstream
8080325340,8228660,Upstream,Upstream,Upstream,Upstream,Upstream,Upstream,Upstream,Downstream
8080325330,8228660,Upstream,Upstream,Upstream,Upstream,Upstream,Upstream,Upstream,Upstream
8080326570,8229240,Downstream,Downstream,Downstream,Downstream,Downstream,Downstream,Downstream,Downstream
8080326630,8229240,Downstream,Downstream,Downstream,Downstream,Downstream,Downstream,Upstream,Downstream
8080323430,8228660,Upstream,Upstream,Upstream,Upstream,Upstream,Upstream,Upstream,Upstream
8080323380,8228660,Upstream,Upstream,Upstream,Upstream,Upstream,Upstream,Upstream,Upstream
8080309950,8228499,Downstream,Downstream,Downstream,Downstream,Downstream,Downstream,Downstream,Downstream
8080310210,8228499,Downstream,Downstream,Downstream,Downstream,Downstream,Downstream,Downstream,Downstream
8080310220,8228499,Downstream,Downstream,Downstream,Downstream,Downstream,Downstream,Downstream,Downstream
8080329030,8229240,Downstream,Downstream,Downstream,Downstream,Downstream,Downstream,Upstream,Downstream
8080329060,8229240,Upstream,Upstream,Upstream,Upstream,Upstream,Upstream,Upstream,Upstream
8080329490,8229240,Upstream,Upstream,Upstream,Upstream,Upstream,Upstream,Upstream,Upstream
8080329430,8229240,Upstream,Upstream,Upstream,Upstream,Upstream,Upstream,Upstream,Upstream
8080339600,8228708,Downstream,Downstream,Downstream,Downstream,Downstream,Downstream,Downstream,Downstream
8080339660,8228709,Downstream,Downstream,Downstream,Downstream,Downstream,Downstream,Downstream,Downstream
8080316100,8228499,Downstream,Downstream,Downstream,Downstream,Downstream,Downstream,Downstream,Downstream
8080316160,8228499,Upstream,Upstream,Upstream,Upstream,Upstream,Upstream,Upstream,Downstream
8080339260,8228708,Downstream,Downstream,Downstream,Downstream,Downstream,Downstream,Downstream,Downstream
8080339230,8228708,Downstream,Downstream,Downstream,Downstream,Downstream,Downstream,Downstream,Downstream
8080316730,8228499,Upstream,Upstream,Upstream,Upstream,Upstream,Upstream,Upstream,Upstream
8080316740,8228499,Upstream,Upstream,Upstream,Upstream,Upstream,Upstream,Upstream,Downstream
8080340040,8228708,Downstream,Downstream,Downstream,Downstream,Downstream,Downstream,Upstream,Upstream
8080340030,8228708,Downstream,Downstream,Downstream,Downstream,Downstream,Downstream,Downstream,Downstream
8080340910,8228709,Downstream,Downstream,Downstream,Downstream,Downstream,Downstream,Upstream,Downstream
8080340920,8228709,Downstream,Downstream,Downstream,Downstream,Downstream,Downstream,Downstream,Downstream
8080340890,8228709,Upstream,Upstream,Upstream,Upstream,Upstream,Upstream,Upstream,Upstream
8080340900,8228709,Downstream,Downstream,Downstream,Downstream,Downstream,Downstream,Upstream,Downstream
8080326960,8229367,Downstream,Downstream,Downstream,Downstream,Downstream,Downstream,Downstream,Downstream
8080340360,8228708,Upstream,Upstream,Upstream,Upstream,Upstream,Upstream,Upstream,Upstream
8080340390,8228708,Downstream,Downstream,Downstream,Downstream,Downstream,Downstream,Upstream,Upstream
8080340670,8228709,Upstream,Upstream,Upstream,Upstream,Upstream,Upstream,Upstream,Upstream
8080340640,8228709,Upstream,Upstream,Upstream,Upstream,Upstream,Upstream,Upstream,Upstream
8080340400,8228709,Upstream,Upstream,Upstream,Upstream,Upstream,Upstream,Upstream,Upstream
8080340380,8228709,Upstream,Upstream,Upstream,Upstream,Upstream,Upstream,Upstream,Upstream
8080328330,8229390,Downstream,Downstream,Downstream,Downstream,Downstream,Downstream,Upstream,Downstream
8080328850,8229390,Downstream,Downstream,Downstream,Downstream,Downstream,Downstream,Upstream,Upstream
8080328840,8229390,Downstream,Downstream,Downstream,Downstream,Downstream,Downstream,Upstream,Downstream
8080339530,8228708,Upstream,Upstream,Upstream,Upstream,Upstream,Upstream,Upstream,Upstream
8080339510,8228708,Upstream,Upstream,Upstream,Upstream,Upstream,Upstream,Upstream,Upstream
8080319770,8228499,Upstream,Upstream,Upstream,Upstream,Upstream,Upstream,Upstream,Upstream
8080319740,8228499,Upstream,Upstream,Upstream,Upstream,Upstream,Upstream,Upstream,Upstream
8080326760,8229367,Downstream,Downstream,Downstream,Downstream,Downstream,Downstream,Downstream,Downstream
8080326770,8229367,Downstream,Downstream,Downstream,Downstream,Downstream,Downstream,Downstream,Downstream
8080326870,8229367,Upstream,Upstream,Upstream,Upstream,Upstream,Upstream,Upstream,Upstream
8080326830,8229367,Downstream,Downstream,Downstream,Downstream,Downstream,Downstream,Downstream,Downstream
8080330330,8229390,Downstream,Downstream,Downstream,Downstream,Downstream,Downstream,Upstream,Upstream
8080330370,8229390,Downstream,Downstream,Downstream,Downstream,Downstream,Downstream,Upstream,Upstream
8080326390,8229367,Upstream,Upstream,Upstream,Upstream,Upstream,Upstream,Upstream,Upstream
8080326280,8229367,Upstream,Upstream,Upstream,Upstream,Upstream,Upstream,Upstream,Upstream
8080331690,8229390,Upstream,Upstream,Upstream,Upstream,Upstream,Upstream,Upstream,Upstream
8080331660,8229390,Downstream,Downstream,Downstream,Downstream,Downstream,Downstream,Upstream,Upstream
8080331700,8229390,Upstream,Upstream,Upstream,Upstream,Upstream,Upstream,Upstream,Upstream
8080331680,8229390,Upstream,Upstream,Upstream,Upstream,Upstream,Upstream,Upstream,Upstream
8080326000,8229367,Upstream,Upstream,Upstream,Upstream,Upstream,Upstream,Upstream,Upstream
8080325980,8229367,Upstream,Upstream,Upstream,Upstream,Upstream,Upstream,Upstream,Upstream
8080332000,8229504,Downstream,Downstream,Downstream,Downstream,Downstream,Downstream,Downstream,Downstream
8080342750,8228970,Downstream,Downstream,Downstream,Downstream,Downstream,Downstream,Downstream,Downstream
8080332340,8229506,Downstream,Downstream,Downstream,Downstream,Downstream,Downstream,Downstream,Downstream
8080342740,8228970,Downstream,Downstream,Downstream,Downstream,Downstream,Downstream,Downstream,Downstream
8080342770,8228970,Downstream,Downstream,Downstream,Downstream,Downstream,Downstream,Upstream,Downstream
8080332700,8229508,Downstream,Downstream,Downstream,Downstream,Downstream,Downstream,Downstream,Downstream
8080330810,8229504,Downstream,Downstream,Downstream,Downstream,Downstream,Downstream,Upstream,Upstream
8080330790,8229504,Downstream,Downstream,Downstream,Downstream,Downstream,Downstream,Downstream,Downstream
8080342520,8228970,Downstream,Downstream,Downstream,Downstream,Downstream,Downstream,Upstream,Upstream
8080342560,8228970,Downstream,Downstream,Downstream,Downstream,Downstream,Downstream,Upstream,Downstream
8080334470,8229506,Downstream,Downstream,Downstream,Downstream,Downstream,Downstream,Downstream,Downstream
8080334540,8229506,Downstream,Downstream,Downstream,Downstream,Downstream,Downstream,Downstream,Downstream
8080330150,8229504,Upstream,Upstream,Upstream,Upstream,Upstream,Upstream,Upstream,Upstream
8080330080,8229504,Downstream,Downstream,Downstream,Downstream,Downstream,Downstream,Upstream,Upstream
8080333490,8229508,Downstream,Downstream,Downstream,Downstream,Downstream,Downstream,Downstream,Downstream
8080333500,8229508,Downstream,Downstream,Downstream,Downstream,Downstream,Downstream,Downstream,Downstream
8080344070,8228929,Downstream,Downstream,Downstream,Downstream,Downstream,Downstream,Downstream,Downstream
8080330380,8229504,Upstream,Upstream,Upstream,Upstream,Upstream,Upstream,Upstream,Upstream
8080330320,8229504,Upstream,Upstream,Upstream,Upstream,Upstream,Upstream,Upstream,Upstream
8080335290,8229506,Downstream,Downstream,Downstream,Downstream,Downstream,Downstream,Downstream,Downstream
8080335310,8229506,Upstream,Upstream,Upstream,Upstream,Upstream,Upstream,Upstream,Upstream
8080335650,8229506,Upstream,Upstream,Upstream,Upstream,Upstream,Upstream,Upstream,Upstream
8080335680,8229506,Upstream,Upstream,Upstream,Upstream,Upstream,Upstream,Upstream,Upstream
8080342720,8228970,Upstream,Upstream,Upstream,Upstream,Upstream,Upstream,Upstream,Upstream
8080342730,8228970,Downstream,Downstream,Downstream,Downstream,Downstream,Downstream,Upstream,Upstream
8080342700,8228970,Upstream,Upstream,Upstream,Upstream,Upstream,Upstream,Upstream,Upstream
8080342760,8228970,Upstream,Upstream,Upstream,Upstream,Upstream,Upstream,Upstream,Upstream
8080344390,8228929,Downstream,Downstream,Downstream,Downstream,Downstream,Downstream,Downstream,Downstream
8080344400,8228929,Downstream,Downstream,Downstream,Downstream,Downstream,Downstream,Downstream,Downstream
8080334280,8229508,Downstream,Downstream,Downstream,Downstream,Downstream,Downstream,Downstream,Downstream
8080334330,8229508,Downstream,Downstream,Downstream,Downstream,Downstream,Downstream,Downstream,Downstream
8080330260,8229504,Upstream,Upstream,Upstream,Upstream,Upstream,Upstream,Upstream,Upstream
8080330220,8229504,Upstream,Upstream,Upstream,Upstream,Upstream,Upstream,Upstream,Upstream
8080335610,8229506,Upstream,Upstream,Upstream,Upstream,Upstream,Upstream,Upstream,Upstream
8080335690,8229506,Upstream,Upstream,Upstream,Upstream,Upstream,Upstream,Upstream,Upstream
8080341350,8229480,Downstream,Downstream,Downstream,Downstream,Downstream,Downstream,Downstream,Downstream
8080341500,8229480,Downstream,Downstream,Downstream,Downstream,Downstream,Downstream,Downstream,Downstream
8080341490,8229480,Downstream,Downstream,Downstream,Downstream,Downstream,Downstream,Downstream,Downstream
8080343130,8228991,Downstream,Downstream,Downstream,Downstream,Downstream,Downstream,Downstream,Downstream
8080331800,8229770,Downstream,Downstream,Downstream,Downstream,Downstream,Downstream,Downstream,Downstream
8080336020,8229508,Upstream,Upstream,Upstream,Upstream,Upstream,Upstream,Upstream,Upstream
8080336040,8229508,Downstream,Downstream,Downstream,Downstream,Downstream,Downstream,Downstream,Downstream
8080344900,8228929,Downstream,Downstream,Downstream,Downstream,Downstream,Downstream,Downstream,Downstream
8080344940,8228929,Upstream,Upstream,Upstream,Upstream,Upstream,Upstream,Upstream,Downstream
8080344890,8228929,Upstream,Upstream,Upstream,Upstream,Upstream,Upstream,Upstream,Downstream
8080344930,8228929,Upstream,Upstream,Upstream,Upstream,Upstream,Upstream,Upstream,Upstream
8080332460,8229770,Downstream,Downstream,Downstream,Downstream,Downstream,Downstream,Downstream,Downstream
8080332400,8229770,Downstream,Downstream,Downstream,Downstream,Downstream,Downstream,Downstream,Downstream
8080328040,8229606,Downstream,Downstream,Downstream,Downstream,Downstream,Downstream,Downstream,Downstream
8080344950,8228929,Upstream,Upstream,Upstream,Upstream,Upstream,Upstream,Upstream,Upstream
8080344970,8228929,Upstream,Upstream,Upstream,Upstream,Upstream,Upstream,Upstream,Upstream
8080327950,8229606,Downstream,Downstream,Downstream,Downstream,Downstream,Downstream,Downstream,Downstream
8080327940,8229606,Downstream,Downstream,Downstream,Downstream,Downstream,Downstream,Downstream,Downstream
8080335350,8229722,Downstream,Downstream,Downstream,Downstream,Downstream,Downstream,Downstream,Downstream
8080342330,8229480,Downstream,Downstream,Downstream,Downstream,Downstream,Downstream,Downstream,Downstream
8080342340,8229480,Downstream,Downstream,Downstream,Downstream,Downstream,Downstream,Downstream,Downstream
8080343630,8228991,Downstream,Downstream,Downstream,Downstream,Downstream,Downstream,Downstream,Downstream
8080343660,8228991,Upstream,Upstream,Downstream,Downstream,Downstream,Downstream,Upstream,Upstream
8080337310,8229508,Upstream,Upstream,Upstream,Upstream,Upstream,Upstream,Upstream,Upstream
8080337320,8229508,Upstream,Upstream,Upstream,Upstream,Upstream,Upstream,Upstream,Upstream
8080328320,8229606,Upstream,Upstream,Upstream,Upstream,Upstream,Upstream,Downstream,Downstream
8080328190,8229606,Downstream,Downstream,Downstream,Downstream,Downstream,Downstream,Downstream,Downstream
8080328700,8229606,Upstream,Upstream,Upstream,Upstream,Upstream,Upstream,Downstream,Downstream
8080328730,8229606,Upstream,Upstream,Upstream,Upstream,Upstream,Upstream,Upstream,Upstream
8080335890,8229722,Downstream,Downstream,Downstream,Downstream,Downstream,Downstream,Downstream,Downstream
8080335970,8229722,Upstream,Upstream,Upstream,Upstream,Upstream,Upstream,Upstream,Upstream
8080328770,8229606,Upstream,Upstream,Upstream,Upstream,Upstream,Upstream,Upstream,Upstream
8080328800,8229606,Upstream,Upstream,Upstream,Upstream,Upstream,Upstream,Upstream,Upstream
8080333200,8229770,Downstream,Downstream,Downstream,Downstream,Downstream,Downstream,Downstream,Downstream
8080333210,8229770,Upstream,Upstream,Upstream,Upstream,Upstream,Upstream,Upstream,Upstream
8080335600,8229722,Downstream,Downstream,Downstream,Downstream,Downstream,Downstream,Downstream,Downstream
8080335560,8229722,Downstream,Downstream,Downstream,Downstream,Downstream,Downstream,Downstream,Downstream
8080342370,8229480,Upstream,Upstream,Upstream,Upstream,Upstream,Upstream,Upstream,Upstream
8080342390,8229480,Downstream,Downstream,Downstream,Downstream,Downstream,Downstream,Downstream,Downstream
8080344430,8228991,Upstream,Upstream,Upstream,Upstream,Upstream,Upstream,Upstream,Upstream
8080344440,8228991,Upstream,Upstream,Downstream,Downstream,Downstream,Downstream,Upstream,Upstream
8080335960,8229722,Downstream,Downstream,Downstream,Downstream,Downstream,Downstream,Downstream,Downstream
8080336000,8229722,Downstream,Downstream,Downstream,Downstream,Downstream,Downstream,Downstream,Downstream
8080344510,8228991,Upstream,Upstream,Upstream,Upstream,Upstream,Upstream,Upstream,Upstream
8080344540,8228991,Upstream,Upstream,Upstream,Upstream,Upstream,Upstream,Upstream,Upstream
8080332690,8229770,Upstream,Upstream,Upstream,Upstream,Upstream,Upstream,Upstream,Upstream
8080332730,8229770,Upstream,Upstream,Upstream,Upstream,Upstream,Upstream,Upstream,Upstream
8080332680,8229770,Upstream,Upstream,Upstream,Upstream,Upstream,Upstream,Upstream,Upstream
8080332630,8229770,Upstream,Upstream,Upstream,Upstream,Upstream,Upstream,Upstream,Upstream
8080344740,8228991,Upstream,Upstream,Upstream,Upstream,Upstream,Upstream,Upstream,Upstream
8080344730,8228991,Upstream,Upstream,Upstream,Upstream,Upstream,Upstream,Upstream,Upstream
8080342870,8229480,Upstream,Upstream,Upstream,Upstream,Upstream,Upstream,Upstream,Upstream
8080342880,8229480,Upstream,Upstream,Upstream,Upstream,Upstream,Upstream,Upstream,Upstream
8080336540,8229722,Downstream,Downstream,Downstream,Downstream,Downstream,Downstream,Downstream,Downstream
8080336570,8229722,Downstream,Downstream,Downstream,Downstream,Downstream,Downstream,Downstream,Downstream
8080332260,8229950,Downstream,Downstream,Downstream,Downstream,Downstream,Downstream,Downstream,Downstream
8080332210,8229940,Downstream,Downstream,Downstream,Downstream,Downstream,Downstream,Downstream,Downstream
8080331200,8229950,Downstream,Downstream,Downstream,Downstream,Downstream,Downstream,Downstream,Downstream
8080332390,8229922,Downstream,Downstream,Downstream,Downstream,Downstream,Downstream,Downstream,Downstream
8080331190,8229950,Upstream,Upstream,Upstream,Upstream,Downstream,Downstream,Upstream,Downstream
8080331100,8229940,Downstream,Downstream,Downstream,Downstream,Downstream,Downstream,Downstream,Downstream
8080331090,8229940,Downstream,Downstream,Downstream,Downstream,Downstream,Downstream,Downstream,Downstream
8080336530,8229804,Downstream,Downstream,Downstream,Downstream,Downstream,Downstream,Downstream,Downstream
8080329830,8229950,Upstream,Upstream,Upstream,Upstream,Downstream,Downstream,Upstream,Downstream
8080329770,8229950,Upstream,Upstream,Upstream,Upstream,Downstream,Downstream,Upstream,Upstream
8080329340,8229940,Downstream,Downstream,Downstream,Downstream,Downstream,Downstream,Downstream,Downstream
8080329330,8229940,Upstream,Upstream,Upstream,Upstream,Upstream,Upstream,Upstream,Upstream
8080328920,8229950,Upstream,Upstream,Upstream,Upstream,Upstream,Upstream,Upstream,Upstream
8080328960,8229950,Upstream,Upstream,Upstream,Upstream,Downstream,Downstream,Upstream,Upstream
8080330510,8229922,Upstream,Downstream,Downstream,Downstream,Downstream,Downstream,Upstream,Downstream
8080330430,8229922,Downstream,Downstream,Downstream,Downstream,Downstream,Downstream,Downstream,Downstream
8080328310,8229950,Upstream,Upstream,Upstream,Upstream,Upstream,Upstream,Upstream,Upstream
8080328250,8229950,Upstream,Upstream,Upstream,Upstream,Upstream,Upstream,Upstream,Upstream
8080327770,8229940,Upstream,Upstream,Upstream,Upstream,Upstream,Upstream,Upstream,Upstream
8080327780,8229940,Upstream,Upstream,Upstream,Upstream,Upstream,Upstream,Upstream,Upstream
8080338630,8229804,Upstream,Downstream,Downstream,Downstream,Downstream,Downstream,Upstream,Upstream
8080338660,8229804,Downstream,Downstream,Downstream,Downstream,Downstream,Downstream,Downstream,Downstream
8080327650,8229970,Downstream,Downstream,Downstream,Downstream,Downstream,Downstream,Downstream,Downstream
8080327690,8229960,Downstream,Downstream,Downstream,Downstream,Downstream,Downstream,Downstream,Downstream
8080339110,8229804,Upstream,Downstream,Downstream,Downstream,Downstream,Downstream,Upstream,Upstream
8080339170,8229804,Upstream,Downstream,Downstream,Downstream,Downstream,Downstream,Upstream,Upstream
8080328180,8229960,Upstream,Upstream,Downstream,Downstream,Downstream,Downstream,Upstream,Downstream
8080328240,8229960,Downstream,Downstream,Downstream,Downstream,Downstream,Downstream,Downstream,Downstream
8080331110,8229922,Upstream,Downstream,Downstream,Downstream,Downstream,Downstream,Upstream,Upstream
8080331120,8229922,Upstream,Downstream,Downstream,Downstream,Downstream,Downstream,Upstream,Downstream
8080326190,8229970,Downstream,Downstream,Downstream,Downstream,Downstream,Downstream,Downstream,Downstream
8080326130,8229970,Downstream,Downstream,Downstream,Downstream,Downstream,Downstream,Downstream,Downstream
8080325290,8229940,Upstream,Upstream,Upstream,Upstream,Upstream,Upstream,Upstream,Upstream
8080325270,8229940,Upstream,Upstream,Upstream,Upstream,Upstream,Upstream,Upstream,Upstream
8080325780,8229970,Downstream,Downstream,Downstream,Downstream,Downstream,Downstream,Downstream,Downstream
8080325730,8229970,Upstream,Upstream,Upstream,Upstream,Upstream,Upstream,Upstream,Upstream
8080327830,8229960,Upstream,Upstream,Upstream,Upstream,Upstream,Upstream,Upstream,Upstream
8080327760,8229960,Upstream,Upstream,Downstream,Downstream,Downstream,Downstream,Upstream,Downstream
8080330600,8229922,Upstream,Upstream,Upstream,Upstream,Upstream,Upstream,Upstream,Upstream
8080330550,8229922,Upstream,Downstream,Downstream,Downstream,Downstream,Downstream,Upstream,Upstream
8080330620,8229922,Upstream,Upstream,Upstream,Upstream,Upstream,Upstream,Upstream,Upstream
8080340490,8229804,Upstream,Downstream,Downstream,Downstream,Downstream,Downstream,Upstream,Upstream
8080330590,8229922,Upstream,Upstream,Upstream,Upstream,Upstream,Upstream,Upstream,Upstream
8080340510,8229804,Upstream,Upstream,Upstream,Upstream,Upstream,Upstream,Upstream,Upstream
8080327660,8229960,Upstream,Upstream,Upstream,Upstream,Upstream,Upstream,Upstream,Upstream
8080327680,8229960,Upstream,Upstream,Upstream,Upstream,Upstream,Upstream,Upstream,Upstream
8080324480,8229970,Upstream,Upstream,Upstream,Upstream,Upstream,Upstream,Upstream,Upstream
8080324540,8229970,Upstream,Upstream,Upstream,Upstream,Upstream,Upstream,Upstream,Upstream
8080341020,8229804,Upstream,Upstream,Upstream,Upstream,Upstream,Upstream,Upstream,Upstream
8080341070,8229804,Upstream,Upstream,Upstream,Upstream,Upstream,Upstream,Upstream,Upstream
8080323750,8229970,Upstream,Upstream,Upstream,Upstream,Upstream,Upstream,Upstream,Upstream
8080323710,8229970,Upstream,Upstream,Upstream,Upstream,Upstream,Upstream,Upstream,Upstream
8080327110,8229960,Upstream,Upstream,Upstream,Upstream,Upstream,Upstream,Upstream,Upstream
8080327050,8229960,Upstream,Upstream,Upstream,Upstream,Upstream,Upstream,Upstream,Upstream
8080105870,8230424,Downstream,Downstream,Downstream,Downstream,Downstream,Downstream,Downstream,Downstream
8080109290,8230424,Downstream,Downstream,Downstream,Downstream,Downstream,Downstream,Downstream,Downstream
8080109340,8230424,Downstream,Downstream,Downstream,Downstream,Downstream,Downstream,Downstream,Downstream
8080111670,8230424,Upstream,Upstream,Upstream,Upstream,Upstream,Upstream,Upstream,Upstream
8080111820,8230424,Downstream,Downstream,Downstream,Downstream,Downstream,Downstream,Downstream,Downstream
8080111680,8230424,Upstream,Upstream,Upstream,Upstream,Upstream,Upstream,Upstream,Upstream
8080111830,8230424,Upstream,Upstream,Upstream,Upstream,Upstream,Upstream,Upstream,Upstream
8080116140,8230424,Upstream,Upstream,Upstream,Upstream,Upstream,Upstream,Upstream,Upstream
8080116190,8230424,Upstream,Upstream,Upstream,Upstream,Upstream,Upstream,Upstream,Upstream
8080011450,8313060,Downstream,Downstream,Downstream,Downstream,Downstream,Downstream,Downstream,Downstream
8080119390,8313060,Downstream,Downstream,Downstream,Downstream,Downstream,Downstream,Downstream,Downstream
8080119400,8313060,Downstream,Downstream,Downstream,Downstream,Downstream,Downstream,Downstream,Downstream
8080130820,8313060,Downstream,Downstream,Downstream,Downstream,Downstream,Downstream,Upstream,Upstream
8080130910,8313060,Downstream,Downstream,Downstream,Downstream,Downstream,Downstream,Downstream,Downstream
8080132580,8313060,Downstream,Downstream,Downstream,Downstream,Downstream,Downstream,Upstream,Upstream
8080132700,8313060,Upstream,Upstream,Upstream,Upstream,Upstream,Upstream,Upstream,Upstream
8080133600,8313060,Upstream,Upstream,Upstream,Upstream,Upstream,Upstream,Upstream,Upstream
8080133520,8313060,Upstream,Upstream,Upstream,Upstream,Upstream,Upstream,Upstream,Upstream
8080177260,8318901,Downstream,Downstream,Downstream,Downstream,Downstream,Downstream,Downstream,Downstream
8080178480,8318901,Downstream,Downstream,Downstream,Downstream,Downstream,Downstream,Downstream,Downstream
8080178390,8318901,Downstream,Downstream,Downstream,Downstream,Downstream,Downstream,Downstream,Downstream
8080177900,8318901,Upstream,Upstream,Upstream,Upstream,Upstream,Upstream,Upstream,Upstream
8080177760,8318901,Downstream,Downstream,Downstream,Downstream,Downstream,Downstream,Downstream,Downstream
8080175840,8318901,Upstream,Upstream,Upstream,Upstream,Upstream,Upstream,Upstream,Upstream
8080175740,8318901,Upstream,Upstream,Upstream,Upstream,Upstream,Upstream,Upstream,Upstream
8080175730,8318901,Upstream,Upstream,Upstream,Upstream,Upstream,Upstream,Upstream,Upstream
8080175830,8318901,Upstream,Upstream,Upstream,Upstream,Upstream,Upstream,Upstream,Upstream
8080201110,8324210,Downstream,Downstream,Downstream,Downstream,Downstream,Downstream,Downstream,Downstream
8080201680,8324210,Downstream,Downstream,Downstream,Downstream,Downstream,Downstream,Downstream,Downstream
8080201770,8324210,Downstream,Downstream,Downstream,Downstream,Downstream,Downstream,Downstream,Downstream
8080202400,8324210,Upstream,Upstream,Upstream,Upstream,Upstream,Upstream,Downstream,Downstream
8080202470,8324210,Downstream,Downstream,Downstream,Downstream,Downstream,Downstream,Downstream,Downstream
8080206040,8324210,Upstream,Upstream,Upstream,Upstream,Upstream,Upstream,Downstream,Downstream
8080206030,8324210,Upstream,Upstream,Upstream,Upstream,Upstream,Upstream,Upstream,Upstream
8080212300,8324210,Upstream,Upstream,Upstream,Upstream,Upstream,Upstream,Upstream,Upstream
8080212440,8324210,Upstream,Upstream,Upstream,Upstream,Upstream,Upstream,Upstream,Upstream
8080190480,8324410,Downstream,Downstream,Downstream,Downstream,Downstream,Downstream,Downstream,Downstream
8080190790,8324410,Downstream,Downstream,Downstream,Downstream,Downstream,Downstream,Downstream,Downstream
8080190950,8324410,Downstream,Downstream,Downstream,Downstream,Downstream,Downstream,Downstream,Downstream
8080190160,8324410,Upstream,Upstream,Upstream,Upstream,Upstream,Upstream,Upstream,Downstream
8080190080,8324410,Downstream,Downstream,Downstream,Downstream,Downstream,Downstream,Downstream,Downstream
8080191640,8324410,Upstream,Upstream,Upstream,Upstream,Upstream,Upstream,Upstream,Downstream
8080191530,8324410,Upstream,Upstream,Upstream,Upstream,Upstream,Upstream,Upstream,Upstream
8080193480,8324410,Upstream,Upstream,Upstream,Upstream,Upstream,Upstream,Upstream,Downstream
8080193530,8324410,Upstream,Upstream,Upstream,Upstream,Upstream,Upstream,Upstream,Downstream
8080220440,8324509,Downstream,Downstream,Downstream,Downstream,Downstream,Downstream,Downstream,Downstream
8080221930,8324509,Downstream,Downstream,Downstream,Downstream,Downstream,Downstream,Downstream,Downstream
8080221920,8324509,Downstream,Downstream,Downstream,Downstream,Downstream,Downstream,Downstream,Downstream
8080221910,8324509,Downstream,Downstream,Downstream,Downstream,Downstream,Downstream,Downstream,Downstream
8080222070,8324509,Upstream,Upstream,Upstream,Upstream,Upstream,Upstream,Upstream,Upstream
8080223820,8324509,Upstream,Upstream,Upstream,Upstream,Upstream,Upstream,Upstream,Upstream
8080223810,8324509,Upstream,Upstream,Upstream,Upstream,Upstream,Upstream,Upstream,Upstream
8080224820,8324509,Upstream,Upstream,Upstream,Upstream,Upstream,Upstream,Upstream,Upstream
8080224940,8324509,Upstream,Upstream,Upstream,Upstream,Upstream,Upstream,Upstream,Upstream
8080227070,8324600,Downstream,Downstream,Downstream,Downstream,Downstream,Downstream,Downstream,Downstream
8080228060,8324600,Downstream,Downstream,Downstream,Downstream,Downstream,Downstream,Downstream,Downstream
8080228050,8324600,Downstream,Downstream,Downstream,Downstream,Downstream,Downstream,Downstream,Downstream
8080237480,8324600,Downstream,Downstream,Downstream,Downstream,Downstream,Downstream,Downstream,Downstream
8080237490,8324600,Upstream,Upstream,Upstream,Upstream,Upstream,Upstream,Upstream,Upstream
8080239200,8324600,Upstream,Upstream,Upstream,Upstream,Upstream,Upstream,Upstream,Upstream
8080239210,8324600,Upstream,Upstream,Upstream,Upstream,Upstream,Upstream,Upstream,Upstream
8080251230,8324600,Upstream,Upstream,Upstream,Upstream,Upstream,Upstream,Upstream,Upstream
8080251370,8324600,Upstream,Upstream,Upstream,Upstream,Upstream,Upstream,Upstream,Upstream
8080281800,8324280,Downstream,Downstream,Downstream,Downstream,Downstream,Downstream,Downstream,Downstream
8080286300,8324280,Downstream,Downstream,Downstream,Downstream,Downstream,Downstream,Downstream,Downstream
8080286170,8324280,Downstream,Downstream,Downstream,Downstream,Downstream,Downstream,Downstream,Downstream
8080284960,8324280,Upstream,Upstream,Upstream,Upstream,Upstream,Upstream,Upstream,Upstream
8080285130,8324280,Downstream,Downstream,Downstream,Downstream,Downstream,Downstream,Downstream,Downstream
8080283670,8324280,Upstream,Upstream,Upstream,Upstream,Upstream,Upstream,Upstream,Upstream
8080283750,8324280,Upstream,Upstream,Upstream,Upstream,Upstream,Upstream,Upstream,Upstream
8080282750,8324280,Upstream,Upstream,Upstream,Upstream,Upstream,Upstream,Upstream,Upstream
8080282740,8324280,Upstream,Upstream,Upstream,Upstream,Upstream,Upstream,Upstream,Upstream
