HYBAS_ID_08,NEXT_DOWN,PFAF_ID,PFAF_ID_07,SUB_AREA,ele_mt_sav,DIST_SINK
1080099860,1080099260,15180901,1518090,238.2,353,333.2
1080101860,1080099860,15180902,1518090,894.3,909,355.5
1080101910,1080099860,15180903,1518090,163.1,357,355.6
1080102710,1080101910,15180905,1518090,1252.4,1121,372.4
1080102700,1080101910,15180904,1518090,419.3,924,372.6
1080105960,1080102710,15180906,1518090,782.4,1332,422.0
1080106060,1080102710,15180907,1518090,401.3,1163,422.2
1080107520,1080106060,15180909,1518090,1907.3,1784,439.9
1080107530,1080106060,15180908,1518090,1333.4,1751,439.9
2080434610,2080438130,22340961,2234096,174.4,138,954.5
2080434520,2080434610,22340963,2234096,242.1,132,969.7
2080434430,2080434610,22340962,2234096,252.1,151,969.8
2080431060,2080434520,22340964,2234096,1969.2,170,1000.2
2080431050,2080434520,22340965,2234096,266.9,152,1000.3
2080428470,2080431050,22340966,2234096,111.8,175,1026.3
2080428370,2080431050,22340967,2234096,71.9,153,1026.5
2080426510,2080428370,22340969,2234096,553.4,182,1036.4
2080426790,2080428370,22340968,2234096,166.7,178,1036.6
2080390940,2080400550,22397001,2239700,199.3,133,1404.8
2080386580,2080390940,22397003,2239700,85.3,125,1428.8
2080386860,2080390940,22397002,2239700,1480.0,179,1428.8
2080384020,2080386580,22397004,2239700,1511.8,184,1441.9
2080384030,2080386580,22397005,2239700,393.9,138,1442.1
2080378770,2080384030,22397007,2239700,652.5,152,1469.8
2080378980,2080384030,22397006,2239700,430.0,179,1469.9
2080370390,2080378770,22397009,2239700,1776.7,174,1524.0
2080370600,2080378770,22397008,2239700,1227.5,190,1524.1
2080529010,2080007120,22400821,2240082,1.6,2,19.3
2080529090,2080529010,22400822,2240082,989.6,23,20.0
2080529100,2080529010,22400823,2240082,620.4,8,20.1
2080534670,2080529100,22400824,2240082,514.1,19,54.1
2080534680,2080529100,22400825,2240082,416.6,4,54.2
2080537370,2080534680,22400826,2240082,2747.7,87,77.2
2080537450,2080534680,22400827,2240082,429.2,12,77.3
2080541420,2080537450,22400829,2240082,2377.1,262,107.2
2080541500,2080537450,22400828,2240082,1224.4,314,107.4
2080420200,2080432690,22514091,2251409,135.4,145,758.3
2080420430,2080420200,22514093,2251409,436.9,148,768.1
2080420500,2080420200,22514092,2251409,279.6,165,768.2
2080418650,2080420430,22514095,2251409,411.9,165,799.1
2080418750,2080420430,22514094,2251409,212.2,179,799.2
2080416260,2080418650,22514097,2251409,203.5,175,825.9
2080416320,2080418650,22514096,2251409,182.6,181,826.0
2080414800,2080416260,22514098,2251409,287.9,194,842.3
2080414720,2080416260,22514099,2251409,857.7,194,842.5
2080375570,2080374150,22545021,2254502,1073.2,142,1246.9
2080363480,2080371850,22544041,2254404,53.7,135,1254.7
2080363320,2080363480,22544043,2254404,781.0,141,1264.4
2080363230,2080363480,22544042,2254404,632.7,141,1264.5
2080385680,2080375570,22545023,2254502,1088.9,154,1303.1
2080385880,2080375570,22545022,2254502,554.2,180,1303.1
2080362100,2080363320,22544044,2254404,494.2,144,1306.9
2080361980,2080363320,22544045,2254404,412.8,138,1307.0
2080350310,2080363710,22590201,2259020,591.5,147,1322.0
2080356140,2080361980,22544047,2254404,412.9,154,1339.5
2080356130,2080361980,22544046,2254404,263.3,153,1339.5
2080341080,2080350390,22560601,2256060,337.4,156,1354.0
2080342850,2080350310,22590203,2259020,458.5,162,1360.8
2080342860,2080350310,22590202,2259020,563.1,159,1360.8
2080351640,2080356140,22544049,2254404,275.5,162,1362.2
2080351590,2080356140,22544048,2254404,216.4,162,1362.3
2080394070,2080385680,22545025,2254502,647.4,188,1364.7
2080394080,2080385680,22545024,2254502,649.9,194,1364.7
2080337600,2080341080,22560603,2256060,127.2,158,1377.8
2080337590,2080341080,22560602,2256060,1310.9,170,1377.9
2080337670,2080342850,22590204,2259020,342.2,171,1391.3
2080337570,2080342850,22590205,2259020,674.5,173,1391.3
2080334090,2080337600,22560605,2256060,907.0,184,1398.2
2080334040,2080337600,22560604,2256060,950.4,186,1398.3
2080369590,2080370000,22520601,2252060,265.8,153,1398.3
2080402250,2080394070,22545027,2254502,322.8,200,1413.8
2080402390,2080394070,22545026,2254502,359.1,199,1414.0
2080331590,2080337570,22590206,2259020,590.5,189,1425.7
2080331500,2080337570,22590207,2259020,228.1,175,1425.9
2080365640,2080369590,22520603,2252060,394.1,154,1430.8
2080365830,2080369590,22520602,2252060,439.9,171,1430.8
2080330500,2080331500,22590208,2259020,450.4,192,1434.5
2080330420,2080331500,22590209,2259020,1053.1,201,1434.5
2080405460,2080402250,22545028,2254502,250.0,205,1434.9
2080405470,2080402250,22545029,2254502,558.3,205,1435.1
2080333490,2080336860,22560901,2256090,137.3,168,1437.6
2080327280,2080334090,22560607,2256060,6.7,166,1441.6
2080327270,2080334090,22560606,2256060,212.0,188,1441.6
2080326680,2080327280,22560609,2256060,381.7,199,1444.6
2080326690,2080327280,22560608,2256060,687.0,198,1444.7
2080360860,2080365640,22520605,2252060,822.8,171,1454.5
2080360850,2080365640,22520604,2252060,1265.2,180,1454.5
2080334320,2080333490,22560903,2256090,284.2,182,1458.9
2080334560,2080333490,22560902,2256090,219.8,181,1458.9
2080355550,2080360860,22520606,2252060,687.8,180,1484.6
2080355410,2080360860,22520607,2252060,5.1,140,1484.7
2080354860,2080355410,22520609,2252060,1598.2,181,1488.0
2080354850,2080355410,22520608,2252060,570.7,180,1488.0
2080331950,2080334320,22560905,2256090,615.9,201,1489.3
2080331940,2080334320,22560904,2256090,257.1,198,1489.3
2080328150,2080331950,22560907,2256090,735.7,202,1537.8
2080328020,2080331950,22560906,2256090,561.2,198,1538.0
2080329690,2080328150,22560908,2256090,206.7,204,1580.9
2080329650,2080328150,22560909,2256090,364.1,216,1581.0
2080476020,2080475470,22606351,2260635,659.4,202,546.8
2080469130,2080476020,22606353,2260635,321.2,205,607.5
2080468980,2080476020,22606352,2260635,412.6,258,607.6
2080468320,2080469130,22606354,2260635,748.4,271,625.4
2080468310,2080469130,22606355,2260635,423.6,224,625.6
2080465780,2080468310,22606356,2260635,580.5,263,645.0
2080465770,2080468310,22606357,2260635,135.7,230,645.1
2080464590,2080465770,22606359,2260635,424.3,240,658.9
2080464430,2080465770,22606358,2260635,389.4,274,659.1
2080466960,2080466440,22606401,2260640,898.4,261,795.1
2080451660,2080466960,22606403,2260640,503.7,326,908.9
2080451650,2080466960,22606402,2260640,757.0,314,909.0
2080442340,2080451660,22606404,2260640,281.3,313,958.4
2080442220,2080451660,22606405,2260640,227.9,331,958.5
2080440300,2080442220,22606406,2260640,228.4,307,973.3
2080440230,2080442220,22606407,2260640,8.3,297,973.4
2080439670,2080440230,22606409,2260640,248.3,309,976.9
2080439660,2080440230,22606408,2260640,211.9,331,976.9
2080538490,2080538950,22720401,2272040,738.0,101,284.8
2080530800,2080538490,22720402,2272040,1066.2,245,329.6
2080530710,2080538490,22720403,2272040,417.9,171,329.7
2080528260,2080530710,22720405,2272040,1239.0,190,346.9
2080528140,2080530710,22720404,2272040,682.4,239,347.1
2080519820,2080528260,22720407,2272040,112.2,180,403.1
2080519750,2080528260,22720406,2272040,524.9,220,403.4
2080517700,2080519820,22720409,2272040,1882.4,235,416.3
2080517600,2080519820,22720408,2272040,644.6,228,416.4
2080557740,2080558070,22732081,2273208,65.6,65,445.7
2080557000,2080557740,22732083,2273208,208.1,96,454.1
2080556940,2080557740,22732082,2273208,677.7,269,454.1
2080556070,2080557000,22732085,2273208,346.4,200,477.5
2080555940,2080557000,22732084,2273208,1479.8,527,477.5
2080549440,2080556070,22732086,2273208,412.4,1042,540.3
2080549430,2080556070,22732087,2273208,480.0,1105,540.5
2080470990,2080474110,22710881,2271088,131.6,240,758.0
2080469120,2080470990,22710883,2271088,96.8,261,774.9
2080468960,2080470990,22710882,2271088,262.1,274,775.0
2080468950,2080469120,22710885,2271088,5.8,231,783.9
2080468790,2080469120,22710884,2271088,326.7,307,783.9
2080469110,2080468950,22710887,2271088,455.5,297,784.8
2080469280,2080468950,22710886,2271088,342.3,508,784.9
2080467610,2080469110,22710889,2271088,1295.1,730,814.4
2080467920,2080469110,22710888,2271088,522.8,587,814.4
2080555450,2080557370,22739081,2273908,1189.6,86,1252.0
2080544740,2080555450,22739083,2273908,688.7,74,1327.8
2080544870,2080555450,22739082,2273908,3220.8,162,1328.0
2080541170,2080544740,22739085,2273908,439.2,82,1372.3
2080541270,2080544740,22739084,2273908,535.9,97,1372.4
2080537280,2080541170,22739087,2273908,1663.4,204,1416.5
2080537310,2080541170,22739086,2273908,684.9,233,1416.5
2080541560,2080537280,22739088,2273908,950.0,835,1509.3
2080541650,2080537280,22739089,2273908,1122.7,759,1509.3
2080510190,2080509720,22764041,2276404,129.3,81,1647.4
2080503820,2080505310,22765041,2276504,101.4,83,1653.2
2080508500,2080510190,22764043,2276404,14.3,83,1662.7
2080508290,2080510190,22764042,2276404,7872.4,145,1662.7
2080508510,2080508500,22764045,2276404,2088.6,354,1665.9
2080508600,2080508500,22764044,2276404,779.4,108,1666.0
2080500500,2080503820,22765043,2276504,266.1,89,1674.2
2080500740,2080503820,22765042,2276504,1051.5,132,1674.2
2080514400,2080521900,22791441,2279144,21.2,99,1677.7
2080515100,2080510330,22764061,2276406,377.5,89,1683.8
2080512810,2080514400,22791443,2279144,295.7,117,1685.6
2080512820,2080514400,22791442,2279144,178.9,128,1685.6
2080514290,2080514390,22791461,2279146,176.2,142,1690.4
2080495630,2080500500,22765044,2276504,2044.3,214,1703.2
2080495620,2080500500,22765045,2276504,165.2,101,1703.4
2080508420,2080512810,22791445,2279144,228.3,120,1709.5
2080508430,2080512810,22791444,2279144,940.7,159,1709.7
2080518340,2080514290,22791463,2279146,482.0,157,1713.8
2080518070,2080514290,22791462,2279146,752.1,175,1713.8
2080516710,2080515100,22764062,2276406,758.7,192,1716.2
2080516450,2080515100,22764063,2276406,716.4,141,1716.3
2080523720,2080527770,22780501,2278050,65.8,134,1730.2
2080492440,2080495620,22765046,2276504,556.1,203,1731.5
2080492300,2080495620,22765047,2276504,105.7,121,1731.8
2080504090,2080508420,22791447,2279144,147.7,146,1735.1
2080504100,2080508420,22791446,2279144,598.7,216,1735.1
2080523910,2080523720,22780503,2278050,954.4,188,1740.5
2080523990,2080523720,22780502,2278050,630.9,278,1740.6
2080577490,2080575140,22740291,2274029,1109.6,969,1741.7
2080489960,2080492300,22765049,2276504,849.7,291,1743.4
2080489950,2080492300,22765048,2276504,350.0,201,1743.6
2080504260,2080504090,22791448,2279144,128.2,273,1746.1
2080504470,2080504090,22791449,2279144,589.1,284,1746.2
2080522540,2080518340,22791465,2279146,465.4,161,1758.4
2080522670,2080518340,22791464,2279146,606.2,210,1758.4
2080513510,2080516450,22764065,2276406,236.9,283,1759.5
2080513340,2080516450,22764064,2276406,567.0,294,1759.5
2080522400,2080522540,22791467,2279146,130.2,192,1781.7
2080522120,2080522540,22791466,2279146,127.5,168,1781.7
2080513970,2080513750,22791491,2279149,20.9,101,1785.0
2080522510,2080522400,22791468,2279146,329.4,179,1786.6
2080522380,2080522400,22791469,2279146,179.6,178,1786.7
2080515640,2080513510,22764067,2276406,344.1,475,1787.3
2080515540,2080513510,22764066,2276406,304.4,432,1787.3
2080514160,2080513970,22791492,2279149,245.0,173,1789.9
2080514380,2080513970,22791493,2279149,26.7,101,1790.0
2080514500,2080514380,22791495,2279149,627.6,163,1795.4
2080514600,2080514380,22791494,2279149,309.2,144,1795.4
2080517140,2080515640,22764068,2276406,264.3,765,1800.2
2080517370,2080515640,22764069,2276406,456.3,540,1800.3
2080533470,2080532970,22762501,2276250,190.5,341,1801.3
2080521690,2080523910,22780505,2278050,151.7,261,1802.1
2080521440,2080523910,22780504,2278050,568.6,285,1802.1
2080516100,2080514500,22791497,2279149,20.8,107,1812.7
2080516240,2080514500,22791496,2279149,221.4,138,1812.9
2080585370,2080577490,22740292,2274029,243.5,1135,1813.0
2080585400,2080577490,22740293,2274029,148.7,838,1813.2
2080532840,2080533470,22762502,2276250,407.0,771,1816.2
2080532580,2080533470,22762503,2276250,583.9,507,1816.3
2080516840,2080516100,22791499,2279149,1657.1,193,1818.0
2080516960,2080516100,22791498,2279149,234.5,158,1818.1
2080521950,2080521690,22780507,2278050,1720.4,698,1820.8
2080522110,2080521690,22780506,2278050,819.3,455,1820.8
2080509940,2080508510,22764047,2276404,25.5,623,1824.8
2080510090,2080508510,22764046,2276404,251.1,1133,1824.8
2080486470,2080500020,22791601,2279160,474.0,205,1824.9
2080586970,2080585400,22740294,2274029,347.3,1119,1829.3
2080587060,2080585400,22740295,2274029,182.3,956,1829.6
2080531320,2080532580,22762505,2276250,396.1,460,1831.1
2080531440,2080532580,22762504,2276250,352.8,1020,1831.2
2080511030,2080509940,22764048,2276404,261.4,717,1831.6
2080511140,2080509940,22764049,2276404,219.4,1014,1831.8
2080486460,2080486570,22791801,2279180,59.8,143,1833.4
2080481530,2080482460,22766041,2276604,485.4,237,1837.4
2080485160,2080486460,22791802,2279180,226.4,169,1843.3
2080485020,2080486460,22791803,2279180,10.7,162,1843.4
2080588020,2080587060,22740296,2274029,196.9,1165,1845.5
2080588070,2080587060,22740297,2274029,547.7,1261,1845.6
2080484220,2080485020,22791804,2279180,329.9,297,1846.8
2080484140,2080485020,22791805,2279180,2027.2,387,1847.0
2080529580,2080531320,22762506,2276250,1299.1,857,1853.1
2080529470,2080531320,22762507,2276250,70.2,302,1853.3
2080528920,2080529470,22762508,2276250,557.8,709,1861.7
2080528820,2080529470,22762509,2276250,340.8,560,1861.9
2080475770,2080481530,22766042,2276604,1745.7,327,1867.3
2080475760,2080481530,22766043,2276604,1176.0,274,1867.4
2080479660,2080486470,22791603,2279160,112.2,420,1868.5
2080479440,2080486470,22791602,2279160,430.5,354,1868.6
2080590520,2080588070,22740298,2274029,167.3,1481,1872.2
2080590530,2080588070,22740299,2274029,637.0,1483,1872.4
2080479940,2080479660,22791605,2279160,2561.2,284,1872.8
2080479670,2080479660,22791604,2279160,560.8,427,1872.8
2080473540,2080475760,22766045,2276604,146.6,225,1907.4
2080473620,2080475760,22766044,2276604,1380.3,411,1907.6
2080483540,2080487230,22792051,2279205,1623.1,301,1912.3
2080470320,2080473540,22766047,2276604,85.8,262,1922.7
2080470310,2080473540,22766046,2276604,302.0,384,1922.7
2080469080,2080472060,22768041,2276804,100.1,134,1929.5
2080468610,2080470320,22766048,2276604,395.7,560,1931.2
2080468620,2080470320,22766049,2276604,874.4,595,1931.3
2080489610,2080488360,22794021,2279402,1.1,114,1932.0
2080489410,2080489610,22794023,2279402,1282.7,157,1933.3
2080489600,2080489610,22794022,2279402,4572.3,190,1933.3
2080516700,2080521950,22780509,2278050,670.2,669,1933.6
2080516570,2080521950,22780508,2278050,962.6,1026,1933.8
2080466600,2080469080,22768043,2276804,126.6,107,1940.7
2080466590,2080469080,22768042,2276804,228.6,173,1940.9
2080463460,2080466600,22768044,2276804,152.6,258,1953.7
2080463280,2080466600,22768045,2276804,49.6,121,1953.8
2080473140,2080479940,22791606,2279160,323.6,396,1959.3
2080473150,2080479940,22791607,2279160,17.6,196,1959.4
2080461360,2080463280,22768046,2276804,1333.4,327,1963.7
2080461350,2080463280,22768047,2276804,999.7,320,1963.9
2080472920,2080473150,22791609,2279160,337.9,474,1964.1
2080473160,2080473150,22791608,2279160,330.3,295,1964.1
2080497610,2080510790,22780491,2278049,425.5,1003,1965.7
2080465640,2080484140,22791807,2279180,980.2,727,1969.1
2080465900,2080484140,22791806,2279180,802.0,601,1969.2
2080499110,2080497610,22780492,2278049,341.7,1212,1995.7
2080499350,2080497610,22780493,2278049,966.4,1179,1995.8
2080477000,2080488190,22797011,2279701,878.0,179,2008.8
2080460100,2080465640,22791808,2279180,291.2,822,2029.2
2080460000,2080465640,22791809,2279180,712.5,928,2029.4
2080503570,2080499350,22780494,2278049,489.4,1416,2031.9
2080503560,2080499350,22780495,2278049,255.8,1133,2032.0
2080479820,2080478820,22769231,2276923,222.3,113,2038.1
2080478250,2080477000,22797013,2279701,39.7,170,2040.9
2080478390,2080477000,22797012,2279701,584.2,450,2041.0
2080517330,2080517570,22780901,2278090,4.4,526,2042.8
2080517320,2080517330,22780903,2278090,511.9,1028,2043.2
2080517190,2080517330,22780902,2278090,543.9,1229,2043.3
2080446630,2080461350,22768049,2276804,415.7,568,2045.7
2080446500,2080461350,22768048,2276804,117.1,505,2045.8
2080477280,2080478250,22797015,2279701,641.6,265,2049.3
2080477560,2080478250,22797014,2279701,1097.2,379,2049.3
2080456080,2080483540,22792052,2279205,369.9,470,2056.9
2080456090,2080483540,22792053,2279205,407.1,445,2057.1
2080504660,2080503560,22780496,2278049,222.4,1485,2067.0
2080504940,2080503560,22780497,2278049,1247.6,1497,2067.1
2080479180,2080479820,22769233,2276923,326.7,186,2069.9
2080479240,2080479820,22769232,2276923,361.8,177,2069.9
2080464410,2080466120,22796041,2279604,3.6,155,2070.0
2080464110,2080464410,22796042,2279604,795.3,285,2072.3
2080464000,2080464410,22796043,2279604,3295.1,294,2072.3
2080453310,2080456090,22792054,2279205,161.0,492,2077.4
2080453270,2080456090,22792055,2279205,14.7,307,2077.4
2080471760,2080477280,22797017,2279701,1509.7,285,2079.3
2080471590,2080477280,22797016,2279701,609.6,260,2079.4
2080528890,2080528640,22740991,2274099,0.6,266,2082.4
2080452200,2080453270,22792056,2279205,178.9,543,2082.5
2080452210,2080453270,22792057,2279205,804.0,527,2082.6
2080528880,2080528890,22740993,2274099,155.9,351,2082.8
2080528800,2080528890,22740992,2274099,546.1,616,2083.0
2080513100,2080517320,22780905,2278090,74.8,926,2083.9
2080512940,2080517320,22780904,2278090,1034.5,1652,2084.0
2080512270,2080513100,22780907,2278090,697.8,1435,2095.5
2080512060,2080513100,22780906,2278090,1091.9,1905,2095.7
2080527530,2080528880,22740994,2274099,615.4,705,2104.8
2080527400,2080528880,22740995,2274099,61.9,380,2104.8
2080485430,2080489410,22794024,2279402,250.2,396,2106.7
2080485580,2080489410,22794025,2279402,118.1,391,2106.9
2080477030,2080479180,22769234,2276923,1161.4,676,2112.0
2080477140,2080479180,22769235,2276923,171.6,276,2112.2
2080471230,2080471760,22797019,2279701,9.1,187,2115.0
2080471330,2080471760,22797018,2279701,952.4,600,2115.1
2080525670,2080527400,22740997,2274099,420.4,797,2116.2
2080525540,2080527400,22740996,2274099,164.6,1079,2116.3
2080457600,2080464400,22796061,2279606,3.8,171,2118.0
2080457280,2080457600,22796063,2279606,342.3,224,2120.0
2080457160,2080457600,22796062,2279606,4107.5,442,2120.1
2080471090,2080471230,22797031,2279703,78.4,232,2120.4
2080478830,2080477140,22769237,2276923,144.0,296,2122.2
2080478580,2080477140,22769236,2276923,134.8,281,2122.2
2080505290,2080504940,22780499,2278049,372.9,1750,2123.6
2080505220,2080504940,22780498,2278049,373.2,1726,2123.8
2080488470,2080485580,22794027,2279402,81.5,415,2124.5
2080488510,2080485580,22794026,2279402,411.5,760,2124.6
2080448490,2080452210,22792059,2279205,0.8,340,2130.0
2080448650,2080452210,22792058,2279205,344.2,657,2130.1
2080470490,2080471090,22797033,2279703,495.4,447,2136.4
2080470410,2080471090,22797032,2279703,318.4,660,2136.5
2080480950,2080478830,22769239,2276923,238.4,371,2136.9
2080480870,2080478830,22769238,2276923,769.5,790,2137.0
2080490930,2080482340,22769701,2276970,27.3,159,2138.7
2080489230,2080488470,22794029,2279402,528.3,928,2141.4
2080488960,2080488470,22794028,2279402,118.0,835,2141.4
2080522660,2080525670,22740999,2274099,507.1,1207,2142.0
2080522870,2080525670,22740998,2274099,384.5,1161,2142.0
2080491940,2080490930,22769702,2276970,177.0,313,2144.9
2080492050,2080490930,22769703,2276970,201.0,230,2145.1
2080452570,2080457280,22796065,2279606,9.8,301,2151.7
2080452660,2080457280,22796064,2279606,590.7,436,2151.8
2080452560,2080452570,22796066,2279606,859.6,501,2152.9
2080452650,2080452570,22796067,2279606,1056.6,542,2153.1
2080494680,2080492050,22769704,2276970,464.8,249,2157.9
2080494810,2080492050,22769705,2276970,410.8,266,2158.0
2080512050,2080512270,22780909,2278090,1191.0,2136,2162.3
2080512390,2080512270,22780908,2278090,667.4,1842,2162.3
2080474880,2080470490,22797035,2279703,247.1,630,2171.7
2080475050,2080470490,22797034,2279703,590.3,480,2171.7
2080475520,2080474880,22797037,2279703,52.7,320,2177.1
2080475620,2080474880,22797036,2279703,289.7,368,2177.2
2080445420,2080464000,22796045,2279604,516.6,340,2183.6
2080445700,2080464000,22796044,2279604,612.4,333,2183.6
2080475730,2080475520,22797039,2279703,65.1,419,2185.0
2080475950,2080475520,22797038,2279703,624.4,648,2185.1
2080501740,2080494810,22769706,2276970,375.5,381,2191.9
2080501750,2080494810,22769707,2276970,8.6,252,2192.1
2080501980,2080501750,22769708,2276970,822.8,394,2194.8
2080443580,2080445420,22796047,2279604,1736.6,368,2194.9
2080443590,2080445420,22796046,2279604,1626.0,484,2194.9
2080501910,2080501750,22769709,2276970,1339.5,377,2195.0
2080435940,2080443580,22796048,2279604,584.9,443,2248.8
2080435700,2080443580,22796049,2279604,1566.3,561,2249.0
2080475160,2080476980,22797061,2279706,170.5,407,2253.3
2081140620,2080452650,22796068,2279606,146.4,631,2259.0
2080473910,2080474870,22797091,2279709,224.9,420,2267.6
2080474240,2080474870,22797081,2279708,55.8,281,2267.6
2080475720,2080474240,22797083,2279708,517.6,373,2278.5
2080475940,2080474240,22797082,2279708,363.9,444,2278.6
2080480790,2080475160,22797062,2279706,928.8,934,2281.6
2080480850,2080475160,22797063,2279706,981.0,780,2281.8
2080472510,2080473910,22797092,2279709,256.8,669,2289.2
2080472720,2080473910,22797093,2279709,50.4,298,2289.3
2080472910,2080472720,22797095,2279709,139.6,453,2293.5
2080473010,2080472720,22797094,2279709,814.4,408,2293.6
2080479430,2080475720,22797085,2279708,69.7,412,2311.4
2080479650,2080475720,22797084,2279708,496.4,807,2311.4
2080469900,2080472910,22797096,2279709,563.6,716,2312.5
2080470120,2080472910,22797097,2279709,609.6,588,2312.6
2080479420,2080479430,22797086,2279708,1258.7,623,2317.9
2080479640,2080479430,22797087,2279708,525.2,876,2317.9
2080490390,2080480850,22797065,2279706,651.0,1154,2354.1
2080490160,2080480850,22797064,2279706,870.0,1084,2354.1
2080466280,2080470120,22797099,2279709,153.8,482,2362.4
2080466110,2080470120,22797098,2279709,213.3,582,2362.4
2080488950,2080479640,22797088,2279708,254.7,932,2372.0
2080489220,2080479640,22797089,2279708,705.7,1288,2372.1
2080465610,2080466280,22799101,2279910,2.4,366,2372.5
2080465600,2080465610,22799103,2279910,45.4,378,2373.1
2080465480,2080465610,22799102,2279910,844.0,688,2373.2
2080465010,2080465600,22799105,2279910,254.5,398,2382.2
2080464840,2080465600,22799104,2279910,222.9,456,2382.2
2080463900,2080465010,22799107,2279910,304.3,369,2398.4
2080464100,2080465010,22799106,2279910,1426.2,441,2398.4
2080493370,2080490390,22797066,2279706,367.2,1314,2400.7
2080493360,2080490390,22797067,2279706,900.5,1285,2400.9
2080461120,2080463900,22799108,2279910,161.2,477,2424.9
2080460990,2080463900,22799109,2279910,31.5,354,2425.1
2080460080,2080460990,22799301,2279930,592.8,428,2431.4
2080496910,2080493360,22797069,2279706,945.4,1471,2436.2
2080496980,2080493360,22797068,2279706,286.1,1656,2436.3
2080476090,2080469240,22798041,2279804,956.0,478,2444.1
2080474220,2080475930,22798071,2279807,88.2,427,2457.7
2080457430,2080460080,22799303,2279930,27.7,366,2465.1
2080457560,2080460080,22799302,2279930,158.4,405,2465.2
2080457370,2080457430,22799304,2279930,168.0,468,2466.6
2080457550,2080457430,22799305,2279930,148.8,341,2466.7
2080474740,2080474220,22798073,2279807,789.9,486,2469.3
2080474590,2080474220,22798072,2279807,567.4,483,2469.3
2080457360,2080457550,22799306,2279930,867.8,420,2477.7
2080457270,2080457550,22799307,2279930,759.9,416,2477.9
2080485710,2080476090,22798042,2279804,1127.0,1192,2505.2
2080485720,2080476090,22798043,2279804,318.7,588,2505.3
2080488460,2080485720,22798044,2279804,430.7,1292,2520.7
2080488500,2080485720,22798045,2279804,424.7,978,2520.9
2080454380,2080457270,22799309,2279930,39.2,383,2524.8
2080454220,2080457270,22799308,2279930,2877.5,579,2524.9
2080468060,2080468070,22799241,2279924,324.0,469,2526.1
2080481300,2080474740,22798075,2279807,309.6,494,2541.4
2080481230,2080474740,22798074,2279807,322.3,521,2541.4
2080492430,2080488500,22798046,2279804,386.9,1182,2542.4
2080492830,2080488500,22798047,2279804,964.3,1366,2542.5
2080470030,2080468060,22799243,2279924,292.6,489,2558.9
2080469810,2080468060,22799242,2279924,414.6,503,2559.0
2080457140,2080454730,22799601,2279960,123.5,485,2560.6
2080485570,2080481300,22798077,2279807,868.4,821,2561.4
2080485690,2080481300,22798076,2279807,1101.3,802,2561.6
2080455790,2080457140,22799603,2279960,79.4,476,2578.2
2080456050,2080457140,22799602,2279960,142.9,473,2578.2
2080473900,2080470030,22799245,2279924,151.5,539,2582.1
2080474060,2080470030,22799244,2279924,480.2,615,2582.2
2080500480,2080492830,22798049,2279804,1800.3,1750,2586.1
2080500640,2080492830,22798048,2279804,333.7,1755,2586.2
2080474840,2080473900,22799247,2279924,293.9,563,2589.3
2080474660,2080473900,22799246,2279924,175.2,542,2589.3
2080454200,2080455790,22799605,2279960,71.7,473,2592.6
2080454210,2080455790,22799604,2279960,331.4,509,2592.6
2080454370,2080454200,22799607,2279960,50.8,482,2602.9
2080454190,2080454200,22799606,2279960,208.0,462,2603.0
2080495600,2080485570,22798079,2279807,559.2,1172,2609.8
2080495610,2080485570,22798078,2279807,346.0,1298,2609.8
2080455150,2080454370,22799608,2279960,509.3,488,2612.8
2080455190,2080454370,22799609,2279960,1657.3,483,2612.9
2080479800,2080474840,22799249,2279924,996.6,775,2619.6
2080479410,2080474840,22799248,2279924,142.8,641,2619.7
2080497830,2080495600,22798091,2279809,598.7,1367,2634.2
2080461650,2080461460,22799801,2279980,281.9,453,2646.9
2080467560,2080461650,22799803,2279980,77.5,465,2673.8
2080467360,2080461650,22799802,2279980,352.6,538,2673.9
2080501040,2080497830,22798093,2279809,708.4,1537,2676.0
2080501180,2080497830,22798092,2279809,852.5,1907,2676.2
2080470600,2080467560,22799805,2279980,1294.2,742,2687.1
2080470590,2080467560,22799804,2279980,1269.3,729,2687.1
2080502370,2080501040,22798095,2279809,696.8,1842,2729.0
2080502380,2080501040,22798094,2279809,877.6,2397,2729.0
2080470940,2080467740,22799991,2279999,587.8,585,2742.9
2080504800,2080502370,22798096,2279809,729.6,2126,2756.3
2080504920,2080502370,22798097,2279809,1519.2,2165,2756.4
2080473610,2080470940,22799993,2279999,407.3,612,2762.3
2080473750,2080470940,22799992,2279999,509.7,587,2762.3
2080474830,2080473610,22799995,2279999,945.1,635,2786.8
2080474730,2080473610,22799994,2279999,362.0,727,2786.9
2080493760,2080470600,22799806,2279980,205.2,1277,2806.8
2080493850,2080470600,22799807,2279980,31.8,1164,2807.0
2080495200,2080493850,22799808,2279980,156.5,1364,2813.9
2080495300,2080493850,22799809,2279980,1009.0,1736,2814.0
2080480060,2080474830,22799997,2279999,16.3,590,2819.8
2080480240,2080474830,22799996,2279999,439.9,663,2819.9
2080480230,2080480060,22799999,2279999,1661.7,810,2827.3
2080480050,2080480060,22799998,2279999,426.2,760,2827.4
2080515080,2080504920,22798099,2279809,796.1,2428,2842.1
2080515090,2080504920,22798098,2279809,427.6,2343,2842.3
2080520360,2080527080,21404091,2140409,9.5,507,306.9
2080520030,2080520360,21404093,2140409,877.1,1500,310.9
2080519950,2080520360,21404092,2140409,427.7,1674,311.0
2080514690,2080520030,21404095,2140409,444.0,1672,352.1
2080514680,2080520030,21404094,2140409,735.9,1816,352.1
2080513090,2080514690,21404097,2140409,19.2,1140,384.0
2080513210,2080514690,21404096,2140409,395.5,1855,384.1
2080512850,2080513090,21404098,2140409,657.2,1818,387.0
2080512800,2080513090,21404099,2140409,627.3,2015,387.1
2080548650,2080551880,21406401,2140640,450.1,103,301.1
2080545550,2080548650,21406402,2140640,1086.0,688,330.2
2080545670,2080548650,21406403,2140640,680.7,106,330.4
2080539100,2080545670,21406405,2140640,393.3,541,387.7
2080539110,2080545670,21406404,2140640,907.4,1030,387.7
2080530300,2080539100,21406406,2140640,405.1,670,443.3
2080530180,2080539100,21406407,2140640,554.4,1071,443.4
2080527240,2080530180,21406409,2140640,2615.2,1844,464.2
2080527060,2080530180,21406408,2140640,749.9,1703,464.3
2080016280,0,21601041,2160104,124.2,345,0.0
2080573590,2080016280,21601043,2160104,9.6,341,21.8
2080573580,2080016280,21601042,2160104,450.1,920,21.8
2080572970,2080573590,21601044,2160104,386.3,1451,26.1
2080572900,2080573590,21601045,2160104,23.0,658,26.2
2080572220,2080572900,21601047,2160104,429.9,1079,32.6
2080572110,2080572900,21601046,2160104,744.0,1704,32.7
2080571100,2080572220,21601049,2160104,415.9,1586,73.8
2080571210,2080572220,21601048,2160104,242.6,1382,73.8
2080574960,2080573080,21602251,2160225,244.9,417,183.8
2080572960,2080574960,21602253,2160225,1.3,320,200.7
2080572950,2080574960,21602252,2160225,375.1,745,200.7
2080572780,2080572960,21602255,2160225,443.1,623,201.7
2080572790,2080572960,21602254,2160225,675.1,977,201.8
2080569500,2080572780,21602256,2160225,908.9,1158,228.2
2080569440,2080572780,21602257,2160225,245.0,888,228.3
2080567620,2080569440,21602258,2160225,216.6,939,243.2
2080567530,2080569440,21602259,2160225,11.4,595,243.3
2080547260,2080550310,21602441,2160244,245.9,930,327.5
2080549760,2080547260,21602443,2160244,141.2,804,340.0
2080549770,2080547260,21602442,2160244,1236.8,1948,340.0
2080554640,2080549760,21602444,2160244,358.2,1111,365.6
2080554650,2080549760,21602445,2160244,90.2,938,365.7
2080554660,2080554650,21602446,2160244,372.4,1672,376.8
2080554750,2080554650,21602447,2160244,345.2,1402,377.0
2080556700,2080554750,21602448,2160244,230.1,1957,398.5
2080556780,2080554750,21602449,2160244,540.5,1731,398.6
2080525920,2080531560,21602671,2160267,1005.2,615,538.0
2080520820,2080525920,21602673,2160267,1940.7,1031,578.3
2080520910,2080525920,21602672,2160267,573.4,1250,578.4
2080527880,2080520820,21602674,2160267,678.4,2235,652.2
2080527890,2080520820,21602675,2160267,593.8,1577,652.3
2080525110,2080527890,21602676,2160267,385.9,2383,687.8
2080525120,2080527890,21602677,2160267,126.0,1374,687.9
2080524350,2080525120,21602678,2160267,252.1,2398,701.3
2080524140,2080525120,21602679,2160267,652.0,2054,701.4
2080016750,0,21603401,2160340,346.0,40,0.0
2080583010,2080016750,21603403,2160340,21.5,38,28.8
2080582900,2080016750,21603402,2160340,279.4,365,28.9
2080583360,2080583010,21603404,2160340,752.4,291,32.8
2080583280,2080583010,21603405,2160340,744.1,172,33.0
2080583750,2080583280,21603407,2160340,88.2,204,80.5
2080583680,2080583280,21603406,2160340,248.8,465,80.6
2080583140,2080583750,21603408,2160340,944.9,281,87.1
2080583270,2080583750,21603409,2160340,1848.2,760,87.3
2080614290,2080615620,21604221,2160422,151.9,202,158.6
2080610900,2080614290,21604223,2160422,55.3,202,179.2
2080610910,2080614290,21604222,2160422,786.0,279,179.2
2080609940,2080610900,21604224,2160422,3394.6,541,187.8
2080609840,2080610900,21604225,2160422,1613.8,452,187.9
2080604710,2080608500,21604281,2160428,419.1,745,239.8
2080601050,2080609840,21604226,2160422,1540.5,1298,250.3
2080600940,2080609840,21604227,2160422,608.1,723,250.3
2080600480,2080604710,21604282,2160428,229.6,828,271.3
2080600410,2080604710,21604283,2160428,247.1,846,271.4
2080598110,2080600410,21604285,2160428,497.4,1384,288.7
2080598100,2080600410,21604284,2160428,352.5,1556,288.7
2080595100,2080600940,21604229,2160422,728.1,1417,289.3
2080595000,2080600940,21604228,2160422,841.8,1643,289.3
2080594110,2080598110,21604286,2160428,107.9,1816,326.1
2080594050,2080598110,21604287,2160428,11.9,1368,326.3
2080593580,2080594050,21604289,2160428,502.7,1896,329.3
2080593590,2080594050,21604288,2160428,437.8,1891,329.5
2080017430,0,21605081,2160508,960.2,258,0.0
2080652020,2080017430,21605083,2160508,570.9,602,40.4
2080651840,2080017430,21605082,2160508,435.8,702,40.4
2080649400,2080652020,21605085,2160508,2104.0,1082,75.1
2080649270,2080652020,21605084,2160508,439.1,991,75.1
2080636220,2080649400,21605086,2160508,867.9,1365,182.3
2080636030,2080649400,21605087,2160508,478.4,1168,182.4
2080632150,2080636030,21605089,2160508,546.6,1406,210.7
2080632140,2080636030,21605088,2160508,270.2,1221,210.7
2080584600,2080578590,23214491,2321449,239.3,386,382.4
2080585520,2080584600,23214493,2321449,157.9,441,399.8
2080585660,2080584600,23214492,2321449,262.9,751,399.8
2080559130,2080559260,23214261,2321426,215.0,860,422.6
2080585960,2080585520,23214494,2321449,874.2,1489,426.7
2080586030,2080585520,23214495,2321449,38.0,576,426.7
2080558280,2080559130,23214262,2321426,309.9,716,428.5
2080558290,2080559130,23214263,2321426,980.7,935,428.7
2080586680,2080586030,23214497,2321449,59.5,738,435.7
2080586670,2080586030,23214496,2321449,134.9,1160,435.7
2080587970,2080586680,23214499,2321449,677.1,1693,446.8
2080587960,2080586680,23214498,2321449,356.0,1522,446.8
2080553820,2080558290,23214264,2321426,431.2,1149,488.8
2080553670,2080558290,23214265,2321426,103.4,960,489.0
2080552800,2080553670,23214267,2321426,472.3,1040,496.7
2080552720,2080553670,23214266,2321426,323.1,981,496.8
2080556770,2080552800,23214268,2321426,207.4,1102,533.9
2080556890,2080552800,23214269,2321426,236.4,1130,533.9
2080520310,2080519060,23229071,2322907,21.1,239,663.4
2080520800,2080520310,23229073,2322907,653.4,339,668.8
2080520810,2080520310,23229072,2322907,661.6,351,668.8
2080527210,2080520800,23229074,2322907,509.9,459,707.1
2080527320,2080520800,23229075,2322907,1630.2,507,707.2
2080541830,2080531860,23228091,2322809,394.2,609,766.3
2080535760,2080527320,23229076,2322907,691.4,722,766.3
2080535770,2080527320,23229077,2322907,1880.6,620,766.5
2080545370,2080541830,23228092,2322809,416.4,847,791.0
2080545480,2080541830,23228093,2322809,252.1,770,791.0
2080548120,2080545480,23228095,2322809,550.1,944,811.8
2080548110,2080545480,23228094,2322809,158.4,983,811.8
2080545100,2080535770,23229078,2322907,539.7,939,835.5
2080545110,2080535770,23229079,2322907,9.8,536,835.6
2080552810,2080548120,23228096,2322809,233.1,1160,842.0
2080552820,2080548120,23228097,2322809,153.6,996,842.2
2080555520,2080552820,23228099,2322809,516.9,1128,867.0
2080555510,2080552820,23228098,2322809,383.9,1210,867.0
2080420240,2080419180,23262011,2326201,1181.7,333,447.8
2080421680,2080420340,23263021,2326302,1041.3,314,454.4
2080419440,2080421680,23263022,2326302,320.0,340,504.7
2080419610,2080421680,23263023,2326302,21.2,166,504.8
2080419450,2080419610,23263024,2326302,324.5,307,509.1
2080419390,2080419610,23263025,2326302,855.1,303,509.2
2080428080,2080420240,23262012,2326201,355.4,390,525.3
2080428160,2080420240,23262013,2326201,400.8,345,525.5
2080415930,2080419390,23263027,2326302,1001.1,264,560.0
2080415920,2080419390,23263026,2326302,717.5,386,560.0
2080431750,2080428160,23262015,2326201,384.3,430,567.4
2080431660,2080428160,23262014,2326201,403.5,378,567.5
2080433520,2080431750,23262016,2326201,289.0,339,596.1
2080433740,2080431750,23262017,2326201,162.2,297,596.2
2080408600,2080415930,23263028,2326302,650.1,396,610.3
2080408610,2080415930,23263029,2326302,982.2,319,610.5
2080434630,2080433740,23262019,2326201,376.1,375,616.5
2080434470,2080433740,23262018,2326201,838.2,445,616.5
2080441280,2080439410,23267011,2326701,821.8,151,616.6
2080446220,2080441280,23267012,2326701,625.5,287,645.0
2080446320,2080441280,23267013,2326701,97.3,103,645.3
2080447840,2080446320,23267015,2326701,1980.3,215,655.9
2080447870,2080446320,23267014,2326701,668.1,213,656.1
2080457240,2080447840,23267017,2326701,0.5,111,703.2
2080457250,2080447840,23267016,2326701,700.1,533,703.2
2080457230,2080457240,23267018,2326701,649.1,218,703.6
2080457340,2080457240,23267019,2326701,47.1,115,703.8
2080428090,2080435550,23264061,2326406,1.0,158,755.6
2080427910,2080428090,23264062,2326406,618.4,430,756.5
2080427920,2080428090,23264063,2326406,797.1,360,756.6
2080469050,2080464980,23267061,2326706,464.1,185,771.0
2080473590,2080469050,23267062,2326706,311.0,484,800.1
2080473720,2080469050,23267063,2326706,108.7,180,800.1
2080462440,2080454720,23266091,2326609,19.5,311,810.1
2080462780,2080462440,23266093,2326609,324.7,408,814.4
2080462920,2080462440,23266092,2326609,199.8,530,814.6
2080476870,2080473720,23267065,2326706,108.2,181,816.6
2080476730,2080473720,23267064,2326706,585.2,616,816.7
2080479610,2080476870,23267066,2326706,316.0,419,828.4
2080479620,2080476870,23267067,2326706,183.3,201,828.5
2080421790,2080427920,23264065,2326406,174.6,438,830.5
2080422050,2080427920,23264064,2326406,292.9,329,830.5
2080465110,2080462780,23266095,2326609,1049.1,497,831.5
2080465240,2080462780,23266094,2326609,186.0,614,831.6
2080420580,2080421790,23264067,2326406,55.1,312,839.1
2080420570,2080421790,23264066,2326406,447.0,434,839.1
2080421430,2080420580,23264069,2326406,193.3,351,849.1
2080421570,2080420580,23264068,2326406,191.3,323,849.2
2080484890,2080479620,23267068,2326706,367.7,595,855.0
2080484990,2080479620,23267069,2326706,1195.2,381,855.0
2080469350,2080465110,23266097,2326609,116.5,536,878.6
2080469510,2080465110,23266096,2326609,348.1,621,878.6
2080470570,2080469350,23266099,2326609,799.7,668,894.6
2080470690,2080469350,23266098,2326609,242.5,643,894.8
2080431670,2080428880,23264081,2326408,189.7,372,935.1
2080431760,2080428880,23264091,2326409,62.8,271,935.3
2080430150,2080431670,23264082,2326408,409.5,347,943.6
2080430160,2080431670,23264083,2326408,18.0,295,943.7
2080429880,2080430160,23264085,2326408,360.2,339,945.5
2080429780,2080430160,23264084,2326408,1019.9,378,945.5
2080433560,2080431760,23264092,2326409,423.8,346,947.5
2080433660,2080431760,23264093,2326409,405.4,342,947.7
2080435180,2080433660,23264095,2326409,78.1,344,956.8
2080435170,2080433660,23264094,2326409,992.6,340,956.8
2080436990,2080435180,23264096,2326409,1040.4,458,966.0
2080437110,2080435180,23264097,2326409,1074.2,351,966.0
2080495890,2080495570,23268041,2326804,222.0,483,969.8
2080425550,2080429880,23264087,2326408,239.5,402,980.1
2080425470,2080429880,23264086,2326408,1001.8,514,980.2
2080491910,2080491630,23269051,2326905,1091.1,514,991.6
2080442040,2080437110,23264099,2326409,2205.2,417,993.6
2080442050,2080437110,23264098,2326409,1186.6,452,993.6
2080427500,2080425550,23264089,2326408,570.5,457,999.5
2080427290,2080425550,23264088,2326408,621.0,508,999.5
2080501870,2080495890,23268043,2326804,199.9,501,1005.3
2080501880,2080495890,23268042,2326804,287.8,663,1005.3
2080506610,2080501870,23268044,2326804,472.9,1050,1031.6
2080506740,2080501870,23268045,2326804,53.0,633,1031.8
2080507640,2080506740,23268047,2326804,444.1,1205,1040.1
2080507730,2080506740,23268046,2326804,442.4,1126,1040.2
2080490680,2080491910,23269052,2326905,705.7,543,1059.9
2080490790,2080491910,23269053,2326905,587.6,473,1060.1
2080508390,2080507640,23268049,2326804,994.1,1885,1062.5
2080508130,2080507640,23268048,2326804,318.3,1335,1062.5
2080492420,2080490790,23269054,2326905,836.9,570,1083.2
2080492800,2080490790,23269055,2326905,122.7,607,1083.3
2080493150,2080492800,23269056,2326905,661.6,697,1087.0
2080493230,2080492800,23269057,2326905,164.6,478,1087.2
2080494490,2080493230,23269058,2326905,1068.7,996,1096.5
2080494660,2080493230,23269059,2326905,551.1,737,1096.8
2080508840,2080506130,23268091,2326809,264.2,625,1104.5
2080510580,2080508840,23268093,2326809,332.6,833,1135.6
2080510720,2080508840,23268092,2326809,122.7,853,1135.8
2080514280,2080510580,23268095,2326809,198.2,1026,1159.2
2080514370,2080510580,23268094,2326809,1148.5,1682,1159.3
2080515270,2080514280,23268097,2326809,376.4,1551,1181.8
2080515500,2080514280,23268096,2326809,389.9,2053,1181.8
2080515180,2080515270,23268099,2326809,212.4,2370,1215.2
2080514970,2080515270,23268098,2326809,168.6,2081,1215.2
2080352840,2080347770,23270661,2327066,1664.6,51,86.7
2080358520,2080352840,23270663,2327066,541.8,41,138.4
2080358530,2080352840,23270662,2327066,7816.8,100,138.6
2080365880,2080358520,23270665,2327066,411.3,70,177.8
2080365870,2080358520,23270664,2327066,611.4,110,177.8
2080370900,2080365880,23270666,2327066,1309.1,202,216.0
2080370950,2080365880,23270667,2327066,1502.2,200,216.1
2080385660,2080370950,23270668,2327066,1199.6,319,289.1
2080385770,2080370950,23270669,2327066,976.9,274,289.1
2080393590,2080387730,23270681,2327068,578.6,303,391.0
2080393600,2080387730,23270691,2327069,419.6,310,391.2
2080398860,2080393590,23270682,2327068,3000.0,374,428.3
2080398850,2080393590,23270683,2327068,264.9,259,428.4
2080399030,2080393600,23270693,2327069,619.0,328,438.2
2080399200,2080393600,23270692,2327069,451.9,343,438.3
2080401920,2080398850,23270685,2327068,669.6,342,445.3
2080402060,2080398850,23270684,2327068,1232.1,326,445.5
2080404730,2080399030,23270695,2327069,477.6,314,492.4
2080404740,2080399030,23270694,2327069,784.0,353,492.4
2080401610,2080401920,23270686,2327068,282.0,477,501.8
2080401750,2080401920,23270687,2327068,55.2,359,501.9
2080402910,2080401750,23270689,2327068,655.9,501,510.0
2080402710,2080401750,23270688,2327068,158.9,489,510.0
2080408960,2080404730,23270697,2327069,1333.6,428,528.5
2080409070,2080404730,23270696,2327069,428.2,480,528.6
2080416790,2080408960,23270699,2327069,643.9,521,592.3
2080416690,2080408960,23270698,2327069,329.5,551,592.4
2080381550,2080379560,23285021,2328502,472.8,87,385.3
2080365990,2080363970,23282091,2328209,398.7,68,411.3
2080388790,2080381550,23285023,2328502,995.3,133,424.2
2080388930,2080381550,23285022,2328502,338.7,104,424.3
2080366980,2080365990,23282093,2328209,1178.6,63,424.4
2080366780,2080365990,23282092,2328209,348.4,62,424.4
2080383060,2080381540,23285051,2328505,463.7,92,446.4
2080394350,2080382710,23284041,2328404,182.4,108,460.8
2080394910,2080394350,23284042,2328404,402.2,140,488.6
2080395090,2080394350,23284043,2328404,6.5,111,488.8
2080390260,2080383060,23285052,2328505,297.2,115,492.1
2080390270,2080383060,23285053,2328505,1772.9,167,492.2
2080396040,2080395090,23284045,2328404,1163.3,221,492.4
2080396050,2080395090,23284044,2328404,1423.1,228,492.4
2080400420,2080388790,23285025,2328502,285.2,235,500.8
2080400430,2080388790,23285024,2328502,2965.4,502,500.9
2080375820,2080366980,23282094,2328209,571.8,68,502.3
2080400180,2080394490,23284061,2328406,545.2,205,502.5
2080375810,2080366980,23282095,2328209,551.4,56,502.5
2080402200,2080400310,23284091,2328409,361.2,274,517.5
2080405110,2080400420,23285026,2328502,520.5,411,525.2
2080405260,2080400420,23285027,2328502,878.6,363,525.5
2080379850,2080375810,23282097,2328209,2428.2,93,547.0
2080379840,2080375810,23282096,2328209,732.7,87,547.0
2080408150,2080402200,23284092,2328409,260.6,314,551.0
2080408270,2080402200,23284093,2328409,173.3,318,551.0
2080395590,2080400180,23284063,2328406,344.8,194,555.1
2080395600,2080400180,23284062,2328406,1377.0,280,555.1
2080410780,2080408270,23284095,2328409,286.3,341,565.2
2080410890,2080408270,23284094,2328409,265.0,348,565.3
2080410010,2080396040,23284046,2328404,452.6,400,571.5
2080410020,2080396040,23284047,2328404,232.5,340,571.6
2080397790,2080395590,23284064,2328406,630.8,308,576.9
2080397920,2080395590,23284065,2328406,11.8,147,577.0
2080398490,2080397920,23284067,2328406,937.5,210,580.2
2080398480,2080397920,23284066,2328406,466.1,312,580.2
2080412970,2080410780,23284096,2328409,513.7,560,587.2
2080413040,2080410780,23284097,2328409,110.9,351,587.3
2080403210,2080390270,23285054,2328505,381.7,464,592.6
2080403220,2080390270,23285055,2328505,491.3,353,592.7
2080413950,2080410020,23284048,2328404,231.5,481,593.4
2080414060,2080410020,23284049,2328404,992.2,502,593.7
2080415270,2080405260,23285029,2328502,361.0,743,599.0
2080415440,2080405260,23285028,2328502,316.1,712,599.1
2080414680,2080413040,23284099,2328409,1657.1,546,602.2
2080414770,2080413040,23284098,2328409,367.7,564,602.3
2080401390,2080398490,23284068,2328406,938.6,279,604.9
2080401630,2080398490,23284069,2328406,1087.6,390,605.0
2080405730,2080403220,23285056,2328505,275.9,302,613.9
2080405740,2080403220,23285057,2328505,443.8,382,614.0
2080407110,2080405740,23285059,2328505,588.7,380,639.3
2080407010,2080405740,23285058,2328505,264.6,375,639.4
2080393370,2080379850,23282099,2328209,879.0,264,643.9
2080393380,2080379850,23282098,2328209,737.3,187,644.0
2080416800,2080410910,23285081,2328508,1051.9,294,715.9
2080421350,2080416800,23285083,2328508,183.1,325,777.8
2080421580,2080416800,23285082,2328508,429.8,400,777.8
2080420760,2080421350,23285085,2328508,764.2,567,787.2
2080420950,2080421350,23285084,2328508,350.2,432,787.2
2080429790,2080420830,23288001,2328800,581.8,375,824.9
2080432540,2080429890,23289021,2328902,97.5,356,838.6
2080423840,2080420760,23285087,2328508,959.5,629,855.1
2080423850,2080420760,23285086,2328508,401.3,676,855.1
2080430390,2080429790,23288002,2328800,625.0,470,855.6
2080430330,2080429790,23288003,2328800,1187.7,421,855.8
2080433890,2080432540,23289023,2328902,670.2,411,858.3
2080433980,2080432540,23289022,2328902,155.0,403,858.4
2080426870,2080423840,23285089,2328508,981.0,569,898.3
2080426960,2080423840,23285088,2328508,506.4,572,898.4
2080434670,2080433890,23289024,2328902,550.0,486,904.6
2080434680,2080433890,23289025,2328902,177.8,444,904.7
2080443110,2080432530,23289041,2328904,15.3,403,917.0
2080436340,2080434680,23289027,2328902,797.2,499,919.1
2080436390,2080434680,23289026,2328902,1175.5,548,919.2
2080431770,2080430330,23288004,2328800,916.4,552,922.5
2080444150,2080443110,23289042,2328904,830.2,514,922.5
2080431850,2080430330,23288005,2328800,742.2,482,922.7
2080444310,2080443110,23289043,2328904,125.7,433,922.7
2080447630,2080444310,23289044,2328904,881.8,596,944.4
2080447620,2080444310,23289045,2328904,295.0,458,944.5
2080448340,2080443120,23289061,2328906,173.5,454,947.9
2080435470,2080431850,23288007,2328800,18.4,356,950.1
2080435570,2080431850,23288006,2328800,739.0,508,950.3
2080435930,2080435470,23288009,2328800,1835.1,533,952.9
2080436100,2080435470,23288008,2328800,2224.8,494,953.1
2080446930,2080448340,23289063,2328906,1097.9,494,957.7
2080446920,2080448340,23289062,2328906,237.2,514,957.7
2080447820,2080447620,23289047,2328904,930.5,593,963.4
2080447850,2080447620,23289046,2328904,426.1,704,963.5
2080439420,2080436340,23289028,2328902,248.7,527,972.9
2080439240,2080436340,23289029,2328902,456.7,572,973.0
2080450090,2080446930,23289065,2328906,678.8,460,1014.9
2080450100,2080446930,23289064,2328906,913.2,550,1015.1
2080452190,2080447820,23289048,2328904,151.9,1085,1018.1
2080452180,2080447820,23289049,2328904,158.7,984,1018.3
2080456420,2080450090,23289066,2328906,249.5,573,1047.8
2080456510,2080450090,23289067,2328906,293.2,510,1048.0
2080460690,2080456510,23289069,2328906,283.3,699,1071.2
2080460780,2080456510,23289068,2328906,296.5,581,1071.2
2080025110,0,24100391,2410039,487.4,14,0.0
2080025150,0,24100392,2410039,197.7,38,0.0
2080025160,0,24100393,2410039,490.0,29,0.0
2080025190,0,24100394,2410039,368.5,38,0.0
2080025200,0,24100395,2410039,350.7,12,0.0
2080025230,0,24100396,2410039,419.2,42,0.0
2080025240,0,24100397,2410039,209.6,19,0.0
2080025260,0,24100398,2410039,379.2,32,0.0
2080376600,2080362600,24222201,2422220,345.6,75,226.1
2080379570,2080376600,24222202,2422220,886.4,98,241.6
2080379700,2080376600,24222203,2422220,811.3,102,241.7
2080377070,2080376340,24222401,2422240,671.9,105,253.9
2080391040,2080379700,24222204,2422220,185.2,149,307.0
2080391170,2080379700,24222205,2422220,926.9,218,307.2
2080388320,2080377070,24222402,2422240,899.3,167,317.1
2080388330,2080377070,24222403,2422240,86.5,126,317.2
2080389760,2080388330,24222405,2422240,309.6,149,328.8
2080389750,2080388330,24222404,2422240,1067.2,305,328.8
2080350370,2080355160,24224041,2422404,279.3,92,338.4
2080390200,2080389760,24222407,2422240,1082.2,269,341.3
2080389900,2080389760,24222406,2422240,781.7,149,341.3
2080360820,2080358760,24227041,2422704,101.8,78,355.2
2080346270,2080350370,24224042,2422404,1333.2,135,361.1
2080346130,2080350370,24224043,2422404,0.2,84,361.3
2080346020,2080346130,24224045,2422404,121.4,104,361.8
2080346280,2080346130,24224044,2422404,671.3,113,361.9
2080358540,2080360820,24227043,2422704,122.1,80,369.1
2080358430,2080360820,24227042,2422704,330.5,90,369.3
2080344200,2080346020,24224046,2422404,360.0,136,371.8
2080344080,2080346020,24224047,2422404,949.4,143,372.0
2080403410,2080391170,24222206,2422220,322.1,424,374.2
2080403540,2080391170,24222207,2422220,240.6,301,374.4
2080357890,2080358540,24227044,2422704,683.1,103,378.9
2080357640,2080358540,24227045,2422704,2.2,71,379.0
2080357480,2080357640,24227047,2422704,103.7,82,380.4
2080357320,2080357640,24227046,2422704,385.7,89,380.6
2080356460,2080357480,24227049,2422704,821.5,104,395.2
2080356300,2080357480,24227048,2422704,231.5,94,395.3
2080407890,2080403540,24222209,2422220,384.7,481,397.2
2080407710,2080403540,24222208,2422220,296.0,403,397.3
2080337200,2080344080,24224049,2422404,492.4,159,415.4
2080337190,2080344080,24224048,2422404,519.3,150,415.5
2080407360,2080390200,24222409,2422240,771.9,558,435.3
2080407390,2080390200,24222408,2422240,272.3,658,435.4
2080374390,2080375440,24228001,2422800,947.7,113,487.9
2080384990,2080374390,24228002,2422800,1021.9,140,549.7
2080385110,2080374390,24228003,2422800,128.6,127,549.8
2080387590,2080385110,24228004,2422800,418.7,142,561.4
2080387760,2080385110,24228005,2422800,113.7,139,561.5
2080390510,2080387760,24228006,2422800,332.4,161,578.4
2080390500,2080387760,24228007,2422800,613.6,163,578.5
2080396820,2080390500,24228008,2422800,243.9,185,613.6
2080396830,2080390500,24228009,2422800,1016.6,198,613.7
2080361930,2080364780,24249301,2424930,665.8,109,482.2
2080359010,2080361930,24249302,2424930,791.2,128,518.5
2080359190,2080361930,24249303,2424930,1009.0,125,518.7
2080362240,2080359190,24249305,2424930,685.4,140,564.4
2080361960,2080359190,24249304,2424930,2041.1,150,564.4
2080345900,2080350220,24248061,2424806,17.2,106,573.9
2080344930,2080345900,24248063,2424806,974.3,126,579.8
2080344840,2080345900,24248062,2424806,428.3,142,580.0
2080368010,2080362240,24249306,2424930,328.9,157,607.1
2080368020,2080362240,24249307,2424930,1007.0,153,607.2
2080336670,2080344930,24248065,2424806,89.2,123,630.8
2080336680,2080344930,24248064,2424806,398.7,140,630.8
2080346320,2080346060,24248091,2424809,122.5,106,636.7
2080396530,2080394660,24244291,2424429,651.5,218,643.3
2080334750,2080336670,24248067,2424806,130.7,122,644.3
2080334610,2080336670,24248066,2424806,556.3,132,644.5
2080395260,2080388700,24244451,2424445,51.9,169,649.0
2080346650,2080346320,24248093,2424809,634.9,134,651.6
2080346700,2080346320,24248092,2424809,351.8,137,651.7
2080334210,2080334750,24248069,2424806,988.9,146,653.0
2080334020,2080334750,24248068,2424806,769.3,135,653.0
2080396420,2080395260,24244452,2424445,281.3,176,660.9
2080396570,2080395260,24244453,2424445,214.2,190,661.0
2080397450,2080396570,24244454,2424445,321.4,183,669.6
2080397550,2080396570,24244455,2424445,81.0,175,669.8
2080372330,2080368020,24249308,2424930,524.7,163,673.0
2080372560,2080368020,24249309,2424930,199.5,142,673.1
2080347450,2080346650,24248094,2424809,1831.5,160,678.6
2080347580,2080346650,24248095,2424809,1194.8,134,678.8
2080400050,2080397550,24244456,2424445,378.5,232,682.2
2080400060,2080397550,24244457,2424445,1074.1,222,682.3
2080406430,2080396530,24244292,2424429,671.5,243,689.8
2080406580,2080396530,24244293,2424429,12.0,217,689.9
2080407020,2080406580,24244294,2424429,168.8,232,692.9
2080407200,2080406580,24244295,2424429,436.2,236,693.0
2080406930,2080400060,24244458,2424445,368.8,239,717.3
2080406920,2080400060,24244459,2424445,169.8,225,717.4
2080411930,2080407200,24244296,2424429,129.6,282,719.7
2080412050,2080407200,24244297,2424429,81.0,257,719.9
2080413710,2080412050,24244299,2424429,383.4,324,732.6
2080413810,2080412050,24244298,2424429,406.3,330,732.7
2080353780,2080347580,24248097,2424809,767.8,147,741.2
2080353930,2080347580,24248096,2424809,514.5,154,741.3
2080353370,2080353780,24248098,2424809,643.3,165,780.9
2080353210,2080353780,24248099,2424809,1177.3,166,781.0
2080423860,2080422350,24244661,2424466,2251.3,253,788.6
2080426080,2080423860,24244663,2424466,2358.1,283,813.3
2080426260,2080423860,24244662,2424466,1535.8,440,813.4
2080428780,2080426080,24244665,2424466,345.6,267,914.2
2080428910,2080426080,24244664,2424466,1167.0,517,914.3
2080427970,2080428780,24244667,2424466,2.4,229,934.1
2080427710,2080428780,24244666,2424466,2113.4,320,934.2
2080427960,2080427970,24244669,2424466,1775.5,337,935.3
2080428020,2080427970,24244668,2424466,1386.2,596,935.4
2080026740,0,24250061,2425006,1074.9,17,0.0
2080318520,2080026740,24250062,2425006,6021.5,94,63.5
2080318590,2080026740,24250063,2425006,150.2,21,63.7
2080320640,2080318590,24250064,2425006,664.0,59,81.4
2080320760,2080318590,24250065,2425006,924.5,46,81.6
2080324150,2080320760,24250067,2425006,1821.4,106,125.3
2080324190,2080320760,24250066,2425006,1612.0,104,125.4
2080333050,2080324150,24250069,2425006,1250.2,147,212.7
2080333170,2080324150,24250068,2425006,597.9,163,212.8
2080311220,2080311210,24260201,2426020,1053.6,42,91.4
2080313660,2080311220,24260202,2426020,479.7,53,168.7
2080313740,2080311220,24260203,2426020,51.2,40,168.9
2080315340,2080313740,24260204,2426020,1413.6,83,185.3
2080315350,2080313740,24260205,2426020,1469.3,67,185.4
2080313170,2080310880,24260401,2426040,530.6,63,215.7
2080309140,2080313170,24260402,2426040,1148.4,107,246.5
2080309150,2080313170,24260403,2426040,399.5,56,246.7
2080320840,2080315350,24260206,2426020,589.4,104,256.7
2080320950,2080315350,24260207,2426020,170.8,108,256.9
2080307750,2080309150,24260404,2426040,775.6,69,261.4
2080307680,2080309150,24260405,2426040,1452.3,64,261.6
2080310600,2080313590,24260621,2426062,98.1,75,268.4
2080321960,2080320950,24260208,2426020,491.9,185,272.9
2080322030,2080320950,24260209,2426020,474.8,139,273.0
2080310090,2080310600,24260623,2426062,1583.8,105,286.0
2080310250,2080310600,24260622,2426062,836.9,131,286.1
2080300990,2080307680,24260406,2426040,386.1,72,307.9
2080301000,2080307680,24260407,2426040,555.0,66,308.0
2080300570,2080301000,24260409,2426040,326.8,80,339.7
2080300630,2080301000,24260408,2426040,372.4,71,339.8
2080304540,2080310090,24260625,2426062,651.1,114,340.3
2080304550,2080310090,24260624,2426062,547.8,141,340.3
2080301320,2080304540,24260627,2426062,1001.6,138,384.0
2080301160,2080304540,24260626,2426062,595.6,110,384.0
2080326350,2080320280,24260721,2426072,334.6,125,433.9
2080299270,2080301320,24260629,2426062,681.3,160,435.5
2080299130,2080301320,24260628,2426062,807.8,135,435.6
2080326060,2080326350,24260722,2426072,790.0,144,452.7
2080326010,2080326350,24260723,2426072,378.8,135,452.9
2080324470,2080326010,24260725,2426072,756.1,148,473.3
2080324430,2080326010,24260724,2426072,411.5,141,473.4
2080323010,2080324470,24260727,2426072,130.4,149,500.8
2080322900,2080324470,24260726,2426072,461.3,146,500.8
2080323380,2080323010,24260729,2426072,247.6,178,519.8
2080323530,2080323010,24260728,2426072,392.0,169,519.8
2080333580,2080333080,24260961,2426096,55.0,137,753.9
2080332680,2080333580,24260963,2426096,40.3,142,766.7
2080332520,2080333580,24260962,2426096,307.2,150,766.8
2080331820,2080332680,24260964,2426096,423.7,164,775.1
2080331740,2080332680,24260965,2426096,10.5,140,775.4
2080330830,2080331740,24260967,2426096,234.1,158,780.3
2080330760,2080331740,24260966,2426096,1328.6,225,780.5
2080328870,2080330830,24260969,2426096,1224.5,214,795.8
2080328800,2080330830,24260968,2426096,314.9,203,795.9
2080026940,0,24270201,2427020,34.2,-2,0.0
2080305030,2080026940,24270202,2427020,328.7,38,10.8
2080304890,2080026940,24270203,2427020,47.3,0,10.9
2080303660,2080304890,24270205,2427020,809.4,62,20.7
2080303670,2080304890,24270204,2427020,660.7,63,20.7
2080295420,2080303660,24270206,2427020,365.9,98,82.8
2080295550,2080303660,24270207,2427020,125.5,85,82.9
2080296830,2080295550,24270208,2427020,220.6,137,102.4
2080296950,2080295550,24270209,2427020,498.7,132,102.5
2080298900,2080298160,24280401,2428040,48.3,120,391.6
2080300010,2080298900,24280403,2428040,370.3,130,404.3
2080299900,2080298900,24280402,2428040,1548.2,138,404.3
2080300020,2080300010,24280405,2428040,828.8,140,445.4
2080299910,2080300010,24280404,2428040,1230.2,154,445.5
2080298760,2080300020,24280406,2428040,347.8,154,478.6
2080298770,2080300020,24280407,2428040,927.9,159,478.7
2080294670,2080298770,24280409,2428040,992.9,179,546.1
2080294870,2080298770,24280408,2428040,371.3,166,546.1
2080305270,2080309300,24280791,2428079,11.0,150,695.4
2080304850,2080305270,24280792,2428079,2396.7,170,698.3
2080304860,2080305270,24280793,2428079,585.5,167,698.4
2080301490,2080304860,24280794,2428079,161.9,188,755.0
2080301370,2080304860,24280795,2428079,161.3,184,755.1
2080300590,2080301370,24280797,2428079,16.5,171,769.9
2080300720,2080301370,24280796,2428079,191.5,194,770.0
2080300030,2080300590,24280901,2428090,957.6,179,773.9
2080293840,2080300030,24280903,2428090,3.3,168,820.1
2080293740,2080300030,24280902,2428090,736.5,184,820.2
2080293620,2080293840,24280905,2428090,321.7,183,821.6
2080293540,2080293840,24280904,2428090,1787.6,201,821.7
2080293750,2080293620,24280906,2428090,978.1,213,855.8
2080293550,2080293620,24280907,2428090,1241.1,222,855.9
2080282160,2080293550,24280908,2428090,524.3,237,953.8
2080282080,2080293550,24280909,2428090,687.2,249,954.0
2080027530,0,24294001,2429400,0.5,3,0.0
2080257830,2080027530,24294002,2429400,589.7,31,0.7
2080257840,2080027530,24294003,2429400,33.7,13,0.8
2080258010,2080257840,24294005,2429400,425.4,24,9.5
2080258130,2080257840,24294004,2429400,748.8,39,9.5
2080255670,2080258010,24294007,2429400,857.3,54,38.0
2080255810,2080258010,24294006,2429400,2718.5,60,38.0
2080252320,2080255670,24294009,2429400,1037.5,81,77.6
2080252270,2080255670,24294008,2429400,475.0,70,77.8
2080027660,0,24295021,2429502,291.7,14,0.0
2080251870,2080027660,24295023,2429502,128.6,15,14.4
2080251810,2080027660,24295022,2429502,301.9,32,14.5
2080252140,2080251870,24295025,2429502,28.2,13,23.8
2080252060,2080251870,24295024,2429502,740.4,46,23.9
2080252150,2080252140,24295027,2429502,9.2,13,27.1
2080252230,2080252140,24295026,2429502,182.8,23,27.2
2080251880,2080252150,24295029,2429502,634.9,55,30.4
2080252000,2080252150,24295028,2429502,927.8,37,30.5
2080027880,0,24295071,2429507,408.0,40,0.0
2080027920,0,24295072,2429507,297.8,95,0.0
2080027930,0,24295073,2429507,46.7,16,0.0
2080027940,0,24295074,2429507,332.3,92,0.0
2080027950,0,24295075,2429507,452.4,56,0.0
2080027980,0,24295076,2429507,499.7,95,0.0
2080027990,0,24295077,2429507,64.7,47,0.0
2080028010,0,24295078,2429507,503.9,84,0.0
2080028020,0,24295079,2429507,326.9,54,0.0
2080243910,2080028110,24296301,2429630,933.2,40,24.1
2080243970,2080028110,24296201,2429620,1716.3,67,24.3
2080248920,2080243910,24296303,2429630,8.6,29,78.4
2080248800,2080243910,24296302,2429630,1233.0,53,78.4
2080249220,2080248920,24296304,2429630,337.2,44,81.9
2080249290,2080248920,24296305,2429630,18.0,28,82.1
2080250030,2080249290,24296307,2429630,1.9,28,87.8
2080250040,2080249290,24296306,2429630,1084.5,43,87.8
2080250190,2080250030,24296308,2429630,1174.0,62,89.2
2080250290,2080250030,24296309,2429630,13.6,28,89.4
2080250790,2080250290,24296501,2429650,293.1,28,94.5
2080253490,2080243970,24296203,2429620,128.3,67,125.1
2080253420,2080243970,24296202,2429620,818.7,77,125.2
2080256800,2080250790,24296502,2429650,1583.0,72,138.5
2080256890,2080250790,24296503,2429650,336.8,33,138.6
2080254660,2080253490,24296205,2429620,438.9,88,142.6
2080254750,2080253490,24296204,2429620,651.5,121,142.7
2080261240,2080256890,24296504,2429650,1445.3,96,174.5
2080261250,2080256890,24296505,2429650,818.4,46,174.6
2080254460,2080254660,24296206,2429620,570.4,72,180.6
2080254520,2080254660,24296207,2429620,1184.9,92,180.8
2080262600,2080261250,24296507,2429650,1627.1,53,197.7
2080262700,2080261250,24296506,2429650,755.3,117,197.8
2080257910,2080254520,24296209,2429620,494.3,119,220.5
2080257960,2080254520,24296208,2429620,959.2,78,220.7
2080257480,2080257490,24296491,2429649,202.0,56,227.7
2080258240,2080257480,24296493,2429649,162.3,40,234.6
2080258140,2080257480,24296492,2429649,756.4,64,234.6
2080265410,2080262600,24296508,2429650,943.5,110,240.5
2080265490,2080262600,24296509,2429650,39.4,46,240.6
2080259060,2080258240,24296494,2429649,214.3,60,241.4
2080259190,2080258240,24296495,2429649,0.6,33,241.5
2080259230,2080259190,24296496,2429649,661.6,80,242.3
2080259290,2080259190,24296497,2429649,490.4,72,242.4
2080265160,2080259290,24296499,2429649,830.6,90,296.6
2080265210,2080259290,24296498,2429649,224.9,73,296.7
2080272140,2080271890,24296761,2429676,185.9,61,307.9
2080274400,2080272140,24296762,2429676,1262.5,102,336.2
2080274460,2080272140,24296763,2429676,355.3,78,336.3
2080276300,2080275080,24296901,2429690,116.1,90,379.7
2080279790,2080274460,24296765,2429676,448.5,121,385.9
2080279870,2080274460,24296764,2429676,183.6,105,386.0
2080278140,2080276300,24296902,2429690,1656.0,113,391.9
2080278210,2080276300,24296903,2429690,11.2,75,392.0
2080278590,2080278210,24296905,2429690,1646.9,126,394.5
2080278600,2080278210,24296904,2429690,509.7,145,394.5
2080285390,2080279790,24296766,2429676,131.1,144,440.8
2080285600,2080279790,24296767,2429676,5.9,140,440.9
2080285930,2080285600,24296769,2429676,198.0,173,444.0
2080286000,2080285600,24296768,2429676,158.5,162,444.1
2080288310,2080278590,24296907,2429690,86.6,154,486.9
2080288450,2080278590,24296906,2429690,526.5,161,486.9
2080287120,2080288310,24296908,2429690,830.5,198,500.6
2080287220,2080288310,24296909,2429690,1000.4,190,500.7
2080251000,2080246790,24298091,2429809,362.2,67,188.1
2080249730,2080251000,24298092,2429809,321.6,65,229.2
2080249680,2080251000,24298093,2429809,292.0,64,229.4
2080247760,2080249680,24298094,2429809,404.6,76,247.0
2080247680,2080249680,24298095,2429809,362.0,70,247.1
2080242770,2080247680,24298097,2429809,145.7,77,290.0
2080242710,2080247680,24298096,2429809,623.4,92,290.2
2080243200,2080242770,24298099,2429809,539.4,121,316.8
2080243310,2080242770,24298098,2429809,270.8,105,316.9
2080229800,2080234160,24323001,2432300,1027.2,-15,122.3
2080229660,2080229790,24322201,2432220,894.8,-15,123.7
2080225610,2080229800,24323003,2432300,211.7,-11,162.6
2080225500,2080229800,24323002,2432300,538.0,-14,162.8
2080225140,2080225610,24323005,2432300,59.7,-10,167.6
2080224990,2080225610,24323004,2432300,2613.2,77,167.8
2080224790,2080225140,24323006,2432300,1194.0,-2,170.4
2080224700,2080225140,24323007,2432300,608.9,-11,170.6
2080224050,2080224700,24323009,2432300,1033.7,-10,183.9
2080223880,2080224700,24323008,2432300,495.8,-12,184.0
2080223940,2080223770,24324121,2432412,442.8,-7,210.9
2080213020,2080229660,24322202,2432220,1013.9,-4,244.9
2080212960,2080229660,24322203,2432220,1079.6,-6,245.1
2080227130,2080226840,24324201,2432420,876.9,28,253.1
2080226720,2080227070,24324401,2432440,1410.7,75,261.2
2080210030,2080212960,24322205,2432220,1320.2,74,265.9
2080210040,2080212960,24322204,2432220,1710.2,101,265.9
2080216700,2080223940,24324122,2432412,1790.9,84,270.7
2080216630,2080223940,24324123,2432412,0.6,8,270.8
2080216520,2080216630,24324125,2432412,27.4,24,271.9
2080216510,2080216630,24324124,2432412,196.4,41,271.9
2080216030,2080216520,24324126,2432412,923.5,85,275.8
2080215980,2080216520,24324127,2432412,241.1,56,275.9
2080230460,2080227130,24324202,2432420,316.6,80,303.4
2080230510,2080227130,24324203,2432420,48.8,42,303.5
2080231040,2080230510,24324205,2432420,1186.7,58,307.5
2080231140,2080230510,24324204,2432420,353.4,57,307.6
2080209600,2080215980,24324128,2432412,528.3,132,325.2
2080209610,2080215980,24324129,2432412,493.2,108,325.3
2080200900,2080210030,24322206,2432220,731.0,145,347.7
2080200890,2080210030,24322207,2432220,1007.3,107,347.8
2080228290,2080226720,24324403,2432440,383.8,138,349.6
2080228280,2080226720,24324402,2432440,798.7,120,349.6
2080215360,2080216090,24322601,2432260,1790.5,90,366.0
2080215280,2080216090,24322701,2432270,547.8,75,366.1
2080245080,2080243040,24325091,2432509,87.5,37,378.4
2080226250,2080228290,24324404,2432440,335.2,153,378.9
2080226260,2080228290,24324405,2432440,73.5,141,379.0
2080235970,2080231040,24324207,2432420,456.6,104,385.5
2080236050,2080231040,24324206,2432420,2365.7,163,385.5
2080245890,2080245080,24325092,2432509,877.5,49,386.0
2080245960,2080245080,24325093,2432509,268.7,46,386.1
2080224740,2080226260,24324407,2432440,34.2,120,392.5
2080224590,2080226260,24324406,2432440,375.6,131,392.6
2080196940,2080200890,24322208,2432220,335.5,150,392.9
2080196860,2080200890,24322209,2432220,493.7,140,393.1
2080213730,2080215280,24322702,2432270,2337.7,92,398.7
2080213680,2080215280,24322703,2432270,539.8,79,398.9
2080224230,2080224740,24324409,2432440,1528.7,198,399.5
2080224180,2080224740,24324408,2432440,540.5,185,399.7
2080247460,2080245960,24325094,2432509,241.8,43,402.6
2080247530,2080245960,24325095,2432509,646.0,42,402.8
2080209960,2080213680,24322705,2432270,368.6,84,436.6
2080209890,2080213680,24322704,2432270,564.9,98,436.7
2080230560,2080235970,24324208,2432420,262.6,143,442.3
2080230520,2080235970,24324209,2432420,757.5,177,442.5
2080209580,2080209960,24322707,2432270,301.5,86,453.1
2080209570,2080209960,24322706,2432270,410.5,88,453.2
2080254080,2080247530,24325097,2432509,28.2,26,462.9
2080254090,2080247530,24325096,2432509,1325.3,52,463.0
2080254600,2080254080,24325099,2432509,117.8,29,470.9
2080254470,2080254080,24325098,2432509,281.0,46,470.9
2080207620,2080209580,24322708,2432270,2310.9,80,471.7
2080207540,2080209580,24322709,2432270,893.5,87,471.9
2080212540,2080215360,24322602,2432260,614.3,93,478.2
2080212470,2080215360,24322603,2432260,447.9,92,478.4
2080209420,2080212470,24322605,2432260,9.4,90,519.5
2080209430,2080212470,24322604,2432260,320.2,100,519.6
2080208960,2080209420,24322607,2432260,911.0,97,523.0
2080208950,2080209420,24322606,2432260,2578.0,108,523.1
2080203950,2080208960,24322608,2432260,404.6,113,564.0
2080203960,2080208960,24322609,2432260,583.4,111,564.1
2080194240,2080195260,24322861,2432286,132.7,87,606.5
2080193220,2080194240,24322863,2432286,33.8,79,613.9
2080193230,2080194240,24322862,2432286,4054.0,112,614.0
2080207350,2080207450,24324971,2432497,226.8,31,629.8
2080207300,2080207350,24324973,2432497,1010.9,97,633.8
2080207220,2080207350,24324972,2432497,1903.6,67,633.9
2080189150,2080193220,24322865,2432286,799.6,100,647.6
2080189140,2080193220,24322864,2432286,518.1,105,647.6
2080191490,2080200150,24322961,2432296,218.2,120,656.4
2080205290,2080207300,24324975,2432497,516.0,109,661.0
2080205210,2080207300,24324974,2432497,881.1,75,661.1
2080191570,2080191490,24322963,2432296,681.8,155,675.0
2080191500,2080191490,24322962,2432296,2172.9,172,675.2
2080275300,2080272820,24328601,2432860,2.5,67,680.9
2080275580,2080275300,24328603,2432860,1.3,70,682.9
2080275590,2080275300,24328602,2432860,821.3,149,682.9
2080275710,2080275580,24328605,2432860,178.8,81,684.3
2080275730,2080275580,24328604,2432860,604.2,148,684.5
2080187880,2080189150,24322866,2432286,1813.3,158,687.0
2080187870,2080189150,24322867,2432286,818.6,116,687.1
2080186710,2080191450,24322991,2432299,305.2,125,699.9
2080206980,2080205290,24324977,2432497,106.5,109,702.0
2080207100,2080205290,24324976,2432497,849.2,150,702.2
2080278310,2080275710,24328606,2432860,1061.3,199,707.4
2080278360,2080275710,24328607,2432860,292.2,99,707.5
2080206870,2080206980,24324979,2432497,1627.4,115,710.6
2080206780,2080206980,24324978,2432497,1955.7,123,710.8
2080192720,2080191570,24322965,2432296,319.5,160,715.1
2080192750,2080191570,24322964,2432296,1337.2,159,715.3
2080181910,2080194230,24322881,2432288,31.1,104,727.1
2080183920,2080186710,24322992,2432299,1350.1,168,729.3
2080183930,2080186710,24322993,2432299,617.7,154,729.4
2080181320,2080181910,24322882,2432288,1136.7,141,733.4
2080181310,2080181910,24322883,2432288,668.4,113,733.5
2080192760,2080192720,24322966,2432296,360.6,186,739.0
2080182320,2080187870,24322869,2432286,1226.5,164,739.1
2080182330,2080187870,24322868,2432286,413.6,165,739.2
2080192730,2080192720,24322967,2432296,285.3,167,739.2
2080279610,2080275260,24328901,2432890,462.1,101,745.9
2080282690,2080278360,24328608,2432860,362.5,180,746.2
2080282740,2080278360,24328609,2432860,2019.9,155,746.3
2080191860,2080192730,24322969,2432296,599.6,186,752.7
2080191820,2080192730,24322968,2432296,290.4,193,752.8
2080183320,2080183930,24322995,2432299,470.6,179,765.1
2080183230,2080183930,24322994,2432299,641.7,179,765.2
2080179540,2080181310,24322884,2432288,173.4,125,768.0
2080179460,2080181310,24322885,2432288,48.2,110,768.2
2080178390,2080179460,24322886,2432288,280.6,140,780.6
2080178360,2080179460,24322887,2432288,32.5,106,780.8
2080183330,2080183320,24322996,2432299,827.2,222,785.1
2080183250,2080183320,24322997,2432299,2442.4,197,785.3
2080177720,2080178360,24322889,2432288,283.5,156,786.0
2080177730,2080178360,24322888,2432288,219.9,141,786.1
2080286600,2080279610,24328902,2432890,1301.8,149,799.6
2080286630,2080279610,24328903,2432890,1021.3,140,799.9
2080260450,2080255840,24329041,2432904,70.6,143,831.4
2080260010,2080260450,24329043,2432904,304.9,149,841.5
2080260110,2080260450,24329042,2432904,1100.4,170,841.5
2080292290,2080286630,24328905,2432890,52.1,154,846.2
2080292110,2080286630,24328904,2432890,479.6,176,846.2
2080258300,2080260010,24329045,2432904,30.0,149,856.6
2080258290,2080260010,24329044,2432904,312.0,164,856.6
2080293830,2080292290,24328906,2432890,776.8,166,857.6
2080293940,2080292290,24328907,2432890,453.5,155,857.7
2080174970,2080183250,24322998,2432299,787.7,212,862.1
2080174960,2080183250,24322999,2432299,619.5,218,862.2
2080257660,2080258300,24329046,2432904,394.5,175,863.7
2080257570,2080258300,24329047,2432904,752.7,169,863.8
2080296840,2080293940,24328909,2432890,680.1,168,889.1
2080296850,2080293940,24328908,2432890,276.6,156,889.2
2080252870,2080257570,24329049,2432904,507.7,187,918.8
2080253080,2080257570,24329048,2432904,252.4,174,918.9
2080028660,0,24340011,2434001,343.4,29,0.0
2080222530,2080028660,24340012,2434001,411.2,79,42.2
2080222500,2080028660,24340013,2434001,280.1,61,42.4
2080220060,2080222500,24340014,2434001,1126.7,83,71.7
2080220050,2080222500,24340015,2434001,706.2,79,71.8
2080217690,2080220050,24340016,2434001,625.9,97,122.7
2080217680,2080220050,24340017,2434001,656.2,99,122.8
2080215150,2080217680,24340019,2434001,413.5,101,162.2
2080215250,2080217680,24340018,2434001,668.4,98,162.3
2080213670,2080215150,24340031,2434003,3.3,67,174.6
2080212200,2080213670,24340033,2434003,640.9,100,184.0
2080212210,2080213670,24340032,2434003,990.4,94,184.1
2080202870,2080212200,24340034,2434003,469.0,137,252.3
2080202880,2080212200,24340035,2434003,2043.0,111,252.4
2080194540,2080202880,24340036,2434003,696.9,119,338.5
2080194490,2080202880,24340037,2434003,10.6,92,338.7
2080194390,2080194490,24340038,2434003,910.0,115,340.5
2080194220,2080194490,24340039,2434003,213.6,102,340.7
2080193110,2080194220,24340041,2434004,454.7,106,358.2
2080190990,2080193110,24340043,2434004,260.8,110,385.0
2080191000,2080193110,24340042,2434004,838.2,111,385.1
2080187720,2080190990,24340044,2434004,1257.7,122,414.3
2080187710,2080190990,24340045,2434004,168.6,103,414.4
2080188020,2080191260,24340091,2434009,153.1,115,415.0
2080187640,2080188020,24340093,2434009,449.9,137,421.1
2080187580,2080188020,24340092,2434009,481.9,123,421.3
2080186280,2080187710,24340046,2434004,162.5,137,430.4
2080186230,2080187710,24340047,2434004,91.8,117,430.6
2080184920,2080186230,24340048,2434004,252.4,157,443.3
2080184850,2080186230,24340049,2434004,338.4,135,443.5
2080189070,2080187640,24340095,2434009,32.4,156,454.8
2080189130,2080187640,24340094,2434009,283.5,166,455.0
2080188880,2080189070,24340096,2434009,155.1,184,459.9
2080188820,2080189070,24340097,2434009,426.3,143,460.1
2080187430,2080188820,24340099,2434009,721.8,159,473.7
2080187420,2080188820,24340098,2434009,268.1,169,473.8
2080029130,0,24351091,2435109,1130.3,18,0.0
2080029170,0,24351092,2435109,641.8,34,0.0
2080029180,0,24351093,2435109,911.1,8,0.0
2080029220,0,24351094,2435109,490.7,18,0.0
2080029230,0,24351095,2435109,389.4,11,0.0
2080029240,0,24351096,2435109,1110.0,41,0.0
2080029250,0,24351097,2435109,297.5,15,0.0
2080029280,0,24351098,2435109,271.1,21,0.0
2080029290,0,24351099,2435109,361.7,19,0.0
2080211950,2080216080,24352041,2435204,107.5,118,131.6
2080210690,2080211950,24352043,2435204,188.9,96,140.6
2080210700,2080211950,24352042,2435204,216.6,116,140.6
2080212100,2080212050,24352061,2435206,669.9,104,143.1
2080208820,2080210690,24352045,2435204,158.6,108,157.2
2080208830,2080210690,24352044,2435204,365.1,128,157.3
2080207090,2080208820,24352046,2435204,481.5,114,169.5
2080206970,2080208820,24352047,2435204,343.5,115,169.7
2080215350,2080212100,24352063,2435206,246.8,106,176.7
2080215340,2080212100,24352062,2435206,630.4,115,176.8
2080205270,2080206970,24352049,2435204,695.9,142,185.2
2080205280,2080206970,24352048,2435204,462.9,154,185.2
2080216610,2080215350,24352064,2435206,4338.3,111,187.4
2080216690,2080215350,24352065,2435206,975.1,97,187.6
2080202990,2080212060,24352091,2435209,238.9,131,226.8
2080201310,2080202990,24352093,2435209,674.8,138,238.8
2080201260,2080202990,24352092,2435209,816.1,156,239.0
2080220910,2080216690,24352067,2435206,114.9,96,246.9
2080220920,2080216690,24352066,2435206,747.8,107,247.0
2080221470,2080220910,24352068,2435206,185.5,123,262.1
2080221540,2080220910,24352069,2435206,470.1,120,262.4
2080199610,2080201310,24352094,2435209,175.9,124,268.2
2080199620,2080201310,24352095,2435209,531.0,143,268.3
2080195860,2080199620,24352097,2435209,70.4,154,308.7
2080195870,2080199620,24352096,2435209,322.0,186,308.7
2080195320,2080195860,24352099,2435209,216.6,188,312.9
2080195310,2080195860,24352098,2435209,289.5,162,313.1
2080029510,0,24354001,2435400,92.7,9,0.0
2080187960,2080029510,24354002,2435400,438.0,26,18.6
2080188000,2080029510,24354003,2435400,30.4,11,18.9
2080188410,2080188000,24354004,2435400,374.5,61,31.1
2080188420,2080188000,24354005,2435400,1401.4,53,31.2
2080194360,2080188420,24354007,2435400,484.3,113,116.4
2080194350,2080188420,24354006,2435400,697.1,116,116.5
2080196450,2080194360,24354008,2435400,457.8,118,139.9
2080196520,2080194360,24354009,2435400,460.8,144,140.1
2080029570,0,24356001,2435600,593.4,29,0.0
2080186450,2080029570,24356003,2435600,92.8,28,49.9
2080186440,2080029570,24356002,2435600,215.2,38,50.0
2080187480,2080186450,24356004,2435600,660.8,67,58.8
2080187570,2080186450,24356005,2435600,101.4,35,59.0
2080189120,2080187570,24356007,2435600,100.7,44,73.7
2080189010,2080187570,24356006,2435600,1636.8,112,73.8
2080191120,2080189120,24356009,2435600,949.6,118,93.1
2080191130,2080189120,24356008,2435600,636.5,101,93.2
2080029650,0,24357061,2435706,467.9,21,0.0
2080179530,2080029650,24357062,2435706,569.5,91,32.4
2080179630,2080029650,24357063,2435706,27.2,48,32.6
2080180050,2080179630,24357064,2435706,248.4,74,36.6
2080180060,2080179630,24357065,2435706,219.1,80,36.7
2080183400,2080180060,24357066,2435706,689.2,134,71.5
2080183500,2080180060,24357067,2435706,1149.3,155,71.8
2080189850,2080183500,24357069,2435706,455.3,182,154.4
2080189840,2080183500,24357068,2435706,515.9,185,154.5
2080029750,0,24358001,2435800,203.5,28,0.0
2080171040,2080029750,24358002,2435800,563.8,78,9.3
2080171050,2080029750,24358003,2435800,818.7,65,9.3
2080174600,2080171050,24358004,2435800,576.8,108,67.7
2080174610,2080171050,24358005,2435800,161.9,79,67.8
2080176010,2080174610,24358006,2435800,395.7,103,86.3
2080176070,2080174610,24358007,2435800,498.8,111,86.5
2080177700,2080176070,24358009,2435800,892.2,133,109.2
2080177710,2080176070,24358008,2435800,529.9,138,109.3
2080029790,0,24359021,2435902,355.7,44,0.0
2080170800,2080029790,24359023,2435902,6.2,47,35.2
2080170840,2080029790,24359022,2435902,199.9,69,35.4
2080170810,2080170800,24359025,2435902,1153.7,103,39.0
2080170720,2080170800,24359024,2435902,467.8,89,39.2
2080175190,2080170810,24359026,2435902,665.7,135,113.2
2080175240,2080170810,24359027,2435902,743.0,151,113.5
2081036810,2080175240,24359028,2435902,185.1,150,154.8
2080170000,2080164390,24360071,2436007,74.3,119,144.7
2080170060,2080164390,24360061,2436006,1093.9,160,144.9
2080169640,2080170000,24360073,2436007,1403.2,175,157.3
2080169610,2080170000,24360072,2436007,428.9,162,157.6
2080172320,2080170060,24360062,2436006,669.5,168,208.0
2080172380,2080170060,24360063,2436006,1756.9,184,208.2
2080166920,2080169640,24360074,2436007,758.6,193,216.7
2080166860,2080169640,24360075,2436007,196.4,188,217.0
2080165370,2080166860,24360076,2436007,574.8,225,237.5
2080165380,2080166860,24360077,2436007,1.1,145,237.6
2080165390,2080165380,24360078,2436007,906.2,196,237.8
2080165310,2080165380,24360079,2436007,891.4,202,238.1
2080172850,2080172380,24360065,2436006,206.7,163,249.5
2080172840,2080172380,24360064,2436006,633.8,191,249.5
2080172870,2080172850,24360066,2436006,1479.8,210,266.1
2080172800,2080172850,24360067,2436006,694.9,186,266.3
2080171060,2080172800,24360069,2436006,1342.0,212,286.3
2080170960,2080172800,24360068,2436006,678.0,200,286.6
2080029980,0,24370041,2437004,461.9,43,0.0
2080156710,2080029980,24370043,2437004,1533.2,106,31.0
2080156680,2080029980,24370042,2437004,6749.4,157,31.2
2080157120,2080156710,24370045,2437004,925.0,204,117.8
2080157160,2080156710,24370044,2437004,3101.6,203,118.1
2080154060,2080157120,24370046,2437004,1774.4,262,183.9
2080154150,2080157120,24370047,2437004,642.9,238,184.1
2080154280,2080154150,24370049,2437004,901.8,258,232.9
2080154200,2080154150,24370048,2437004,388.5,259,233.2
2080142460,2080146270,24380301,2438030,157.3,106,120.1
2080142970,2080142460,24380302,2438030,3343.9,192,138.9
2080143030,2080142460,24380303,2438030,987.6,164,139.1
2080144670,2080143030,24380305,2438030,33.0,191,184.8
2080144730,2080143030,24380304,2438030,357.4,183,185.0
2080144680,2080144670,24380307,2438030,400.0,222,192.7
2080144740,2080144670,24380306,2438030,420.2,214,192.8
2080143190,2080144680,24380309,2438030,233.5,196,212.4
2080143180,2080144680,24380308,2438030,572.8,193,212.4
2080135880,2080141180,24380601,2438060,171.3,209,292.1
2080135380,2080135880,24380603,2438060,1118.5,194,299.4
2080135280,2080135880,24380602,2438060,317.4,209,299.6
2080134070,2080135400,24380821,2438082,220.3,203,330.2
2080132810,2080134070,24380823,2438082,307.2,229,361.7
2080132800,2080134070,24380822,2438082,307.4,247,361.8
2080131460,2080135380,24380604,2438060,667.8,199,371.6
2080131410,2080135380,24380605,2438060,1.7,188,371.9
2080131160,2080131410,24380607,2438060,163.4,197,373.2
2080131170,2080131410,24380606,2438060,1387.6,229,373.4
2080130950,2080132810,24380824,2438082,1356.8,279,384.8
2080130910,2080132810,24380825,2438082,77.6,224,384.9
2080129740,2080130910,24380826,2438082,571.1,279,397.3
2080129750,2080130910,24380827,2438082,230.7,257,397.4
2080129430,2080131160,24380609,2438060,458.1,255,400.7
2080129380,2080131160,24380608,2438060,316.0,284,400.9
2080129080,2080129750,24380829,2438082,901.1,256,410.2
2080128990,2080129750,24380828,2438082,798.3,265,410.4
2080144710,2080030100,24420301,2442030,38.6,69,67.3
2080144720,2080030100,24420201,2442020,401.1,91,67.4
2080143400,2080144710,24420303,2442030,438.2,104,77.8
2080143390,2080144710,24420302,2442030,393.4,156,77.9
2080143120,2080144720,24420202,2442020,401.2,107,100.0
2080143060,2080144720,24420203,2442020,145.7,96,100.2
2080142440,2080143060,24420205,2442020,64.2,81,114.8
2080142430,2080143060,24420204,2442020,853.5,152,114.8
2080140210,2080143400,24420304,2442030,872.5,173,114.9
2080140220,2080143400,24420305,2442030,587.6,128,115.0
2080141820,2080142440,24420206,2442020,228.0,127,120.0
2080141760,2080142440,24420207,2442020,116.5,107,120.3
2080140940,2080141760,24420209,2442020,844.2,158,130.8
2080141000,2080141760,24420208,2442020,383.3,146,131.0
2080137160,2080140220,24420307,2442030,106.3,127,147.5
2080137170,2080140220,24420306,2442030,949.2,180,147.5
2080135750,2080137160,24420309,2442030,47.3,150,163.5
2080135740,2080137160,24420308,2442030,166.3,177,163.5
2080132720,2080134660,24420601,2442060,1012.2,273,234.9
2080132710,2080134660,24420701,2442070,1627.0,297,235.0
2080128330,2080132720,24420603,2442060,63.5,305,288.7
2080128310,2080132720,24420602,2442060,209.3,363,288.9
2080127560,2080128330,24420604,2442060,528.8,406,302.3
2080127550,2080128330,24420605,2442060,1413.3,411,302.4
2080128700,2080132710,24420702,2442070,1456.3,423,309.0
2080128750,2080132710,24420703,2442070,1338.4,371,309.2
2080123680,2080125810,24420491,2442049,109.9,312,343.6
2080123190,2080123680,24420492,2442049,368.0,387,351.8
2080123120,2080123680,24420493,2442049,987.9,372,352.0
2080123780,2080127550,24420607,2442060,651.4,562,375.2
2080123770,2080127550,24420606,2442060,722.9,542,375.2
2080125910,2080128750,24420705,2442070,0.8,308,384.8
2080126000,2080128750,24420704,2442070,1577.5,764,384.8
2080125880,2080125910,24420707,2442070,216.0,434,385.5
2080125800,2080125910,24420706,2442070,524.3,548,385.7
2080121990,2080123120,24420494,2442049,337.7,422,387.4
2080121980,2080123120,24420495,2442049,328.3,404,387.5
2080121920,2080121980,24420497,2442049,1638.2,561,395.5
2080121970,2080121980,24420496,2442049,629.7,418,395.7
2080124240,2080125880,24420708,2442070,556.3,557,414.4
2080124230,2080125880,24420709,2442070,386.2,632,414.5
2080121390,2080123780,24420608,2442060,839.6,682,424.1
2080121370,2080123780,24420609,2442060,650.5,737,424.3
2080119290,2080121920,24420498,2442049,423.1,701,482.9
2080119250,2080121920,24420499,2442049,485.1,689,483.1
2080030170,0,24433001,2443300,278.7,17,0.0
2080030180,0,24433002,2443300,474.8,121,0.0
2080030190,0,24433003,2443300,169.7,16,0.0
2080030200,0,24433004,2443300,364.4,103,0.0
2080030210,0,24433005,2443300,53.1,40,0.0
2080030220,0,24433006,2443300,4427.8,250,0.0
2080030230,0,24433007,2443300,88.2,19,0.0
2080030240,0,24433008,2443300,429.2,41,0.0
2080030250,0,24433009,2443300,335.5,14,0.0
2080143290,2080147070,24434041,2443404,1297.8,291,113.1
2080140920,2080143290,24434043,2443404,179.8,309,177.8
2080140960,2080143290,24434042,2443404,2515.4,477,178.0
2080139820,2080140920,24434045,2443404,562.2,396,197.9
2080139790,2080140920,24434044,2443404,783.0,473,198.1
2080137780,2080139820,24434047,2443404,344.0,532,242.5
2080137760,2080139820,24434046,2443404,2284.8,919,242.7
2080138230,2080137780,24434049,2443404,1536.0,841,262.6
2080138310,2080137780,24434048,2443404,630.8,677,262.8
2080030340,0,24435021,2443502,1413.7,166,0.0
2080150750,2080030340,24435022,2443502,1255.8,308,67.0
2080150660,2080030340,24435023,2443502,178.1,214,67.2
2080150320,2080150660,24435025,2443502,670.5,297,77.0
2080150270,2080150660,24435024,2443502,1839.2,375,77.3
2080148690,2080150320,24435026,2443502,1470.3,416,132.0
2080148610,2080150320,24435027,2443502,398.4,414,132.2
2080145980,2080148610,24435028,2443502,560.2,494,186.7
2080145930,2080148610,24435029,2443502,4371.3,709,186.9
2080030420,0,24435061,2443506,697.5,198,0.0
2080157520,2080030420,24435063,2443506,654.4,330,73.7
2080157470,2080030420,24435062,2443506,417.1,359,73.9
2080155750,2080157520,24435064,2443506,293.2,383,123.0
2080155640,2080157520,24435065,2443506,519.5,373,123.1
2080153280,2080155640,24435066,2443506,360.1,463,156.9
2080153180,2080155640,24435067,2443506,167.9,409,157.1
2080151990,2080153180,24435069,2443506,351.1,472,174.6
2080151930,2080153180,24435068,2443506,262.0,439,174.8
2080160610,2080161180,24436051,2443605,1432.1,398,91.0
2080152800,2080160610,24436053,2443605,241.7,451,213.2
2080152810,2080160610,24436052,2443605,534.3,455,213.2
2080149430,2080152800,24436054,2443605,200.9,435,244.9
2080149390,2080152800,24436055,2443605,55.7,448,245.2
2080149130,2080149390,24436057,2443605,27.0,407,246.7
2080149140,2080149390,24436056,2443605,278.1,465,246.7
2080148930,2080149130,24436058,2443605,551.2,491,248.6
2080148920,2080149130,24436059,2443605,113.0,410,248.7
2080175680,2080030650,24438021,2443802,2006.2,254,33.4
2080175640,2080030650,24438031,2443803,1031.3,207,33.5
2080169600,2080175640,24438033,2443803,178.9,229,96.2
2080169540,2080175640,24438032,2443803,322.4,266,96.4
2080167820,2080169600,24438035,2443803,436.0,252,121.3
2080167810,2080169600,24438034,2443803,339.8,251,121.4
2080165540,2080167820,24438036,2443803,637.2,296,147.9
2080165530,2080167820,24438037,2443803,647.3,269,148.0
2080163780,2080175680,24438022,2443802,598.0,434,185.7
2080163740,2080175680,24438023,2443802,419.7,306,185.9
2080162600,2080165530,24438038,2443803,328.8,317,186.8
2080162590,2080165530,24438039,2443803,900.3,320,186.8
2080162040,2080163740,24438025,2443802,4184.1,492,207.9
2080161960,2080163740,24438024,2443802,646.0,371,208.1
2080155230,2080162040,24438026,2443802,973.2,715,354.1
2080155150,2080162040,24438027,2443802,416.9,652,354.2
2080151820,2080155150,24438029,2443802,2163.6,766,387.9
2080151830,2080155150,24438028,2443802,1089.1,778,387.9
2080030820,0,24439061,2443906,983.2,227,0.0
2080177680,2080030820,24439062,2443906,225.1,286,77.0
2080177570,2080030820,24439063,2443906,6.0,227,77.2
2080177450,2080177570,24439064,2443906,257.8,362,79.5
2080177420,2080177570,24439065,2443906,1104.3,339,79.7
2080171300,2080177420,24439066,2443906,213.9,372,158.8
2080171210,2080177420,24439067,2443906,93.1,371,158.9
2080170230,2080171210,24439069,2443906,437.3,451,173.3
2080170110,2080171210,24439068,2443906,373.2,439,173.4
2080182180,2080185670,24440401,2444040,241.8,247,62.1
2080179270,2080182180,24440403,2444040,158.1,262,100.6
2080179260,2080182180,24440402,2444040,515.3,284,100.7
2080176810,2080179270,24440405,2444040,12.9,258,123.3
2080176880,2080179270,24440404,2444040,223.0,292,123.5
2080175720,2080176810,24440407,2444040,366.3,303,131.7
2080175730,2080176810,24440406,2444040,3253.6,433,131.8
2080172760,2080175720,24440408,2444040,1801.8,467,164.5
2080172680,2080175720,24440409,2444040,1913.3,546,164.6
2080184200,2080186130,24450251,2445025,176.7,330,193.1
2080184130,2080186130,24450241,2445024,51.7,310,193.3
2080184070,2080184130,24450242,2445024,2147.5,536,198.4
2080184020,2080184130,24450243,2445024,1142.8,375,198.6
2080183900,2080184200,24450252,2445025,765.5,423,219.6
2080184010,2080184200,24450253,2445025,37.9,322,219.8
2080184410,2080184010,24450255,2445025,7.3,307,224.9
2080184420,2080184010,24450254,2445025,435.2,355,225.0
2080185380,2080184410,24450256,2445025,527.4,364,232.4
2080185450,2080184410,24450257,2445025,126.0,313,232.6
2080185800,2080185450,24450259,2445025,86.2,317,236.4
2080185910,2080185450,24450258,2445025,1751.2,405,236.7
2080176060,2080184020,24450244,2445024,256.5,471,269.1
2080176000,2080184020,24450245,2445024,418.4,544,269.4
2080174940,2080176000,24450246,2445024,719.5,687,283.2
2080174860,2080176000,24450247,2445024,713.4,571,283.4
2080183890,2080184590,24450291,2445029,515.6,576,293.1
2080183850,2080184590,24450281,2445028,605.2,521,293.3
2080172130,2080174860,24450248,2445024,480.2,655,318.9
2080172050,2080174860,24450249,2445024,471.1,603,319.1
2080180340,2080183850,24450283,2445028,178.2,483,336.0
2080180330,2080183850,24450282,2445028,707.1,551,336.1
2080182450,2080183890,24450292,2445029,169.9,545,339.1
2080182440,2080183890,24450293,2445029,42.4,476,339.3
2080182400,2080182440,24450294,2445029,396.5,628,346.0
2080182430,2080182440,24450295,2445029,135.8,570,346.2
2080178450,2080180340,24450284,2445028,164.8,615,350.2
2080178460,2080180340,24450285,2445028,534.3,581,350.3
2080183990,2080182430,24450297,2445029,227.2,706,359.2
2080184000,2080182430,24450296,2445029,195.6,690,359.3
2080184580,2080183990,24450299,2445029,664.0,760,372.5
2080184640,2080183990,24450298,2445029,455.2,978,372.7
2080175100,2080178460,24450287,2445028,2.4,433,380.6
2080175090,2080178460,24450286,2445028,378.7,614,380.7
2080174470,2080175100,24450288,2445028,193.8,574,385.3
2080174480,2080175100,24450289,2445028,326.4,636,385.4
2080196660,2080198860,24450441,2445044,344.7,314,73.1
2080194730,2080196660,24450443,2445044,124.9,274,86.8
2080194740,2080196660,24450442,2445044,405.3,282,86.9
2080192120,2080194730,24450444,2445044,620.6,346,108.2
2080192110,2080194730,24450445,2445044,645.5,338,108.3
2080190620,2080192110,24450447,2445044,218.2,347,157.5
2080190580,2080192110,24450446,2445044,380.0,354,157.7
2080191240,2080190620,24450449,2445044,492.9,344,175.1
2080191300,2080190620,24450448,2445044,963.3,370,175.3
2080202580,2080201470,24450891,2445089,98.8,407,251.9
2080201710,2080202580,24450892,2445089,834.2,557,260.4
2080201700,2080202580,24450893,2445089,26.2,386,260.5
2080201640,2080201700,24450894,2445089,912.8,672,264.3
2080201560,2080201700,24450895,2445089,279.2,551,264.5
2080200510,2080201560,24450896,2445089,735.1,686,280.7
2080200460,2080201560,24450897,2445089,1142.5,638,280.9
2080197090,2080200460,24450899,2445089,1537.6,804,337.3
2080196990,2080200460,24450898,2445089,774.5,831,337.5
2080031420,0,24450901,2445090,308.5,34,0.0
2080031430,0,24450902,2445090,463.0,123,0.0
2080031440,0,24450903,2445090,229.0,22,0.0
2080031450,0,24450904,2445090,1586.4,224,0.0
2080031460,0,24450905,2445090,28.0,29,0.0
2080031470,0,24450906,2445090,2010.5,146,0.0
2080031480,0,24450907,2445090,235.3,31,0.0
2080226310,2080227550,24460041,2446004,586.9,259,227.2
2080226240,2080227550,24460051,2446005,95.3,209,227.3
2080224680,2080226240,24460052,2446005,126.2,268,240.7
2080224550,2080226240,24460053,2446005,325.3,238,240.8
2080222700,2080224550,24460054,2446005,1041.0,268,259.7
2080222690,2080224550,24460055,2446005,59.4,176,259.8
2080221910,2080222690,24460056,2446005,321.9,270,268.1
2080221850,2080222690,24460057,2446005,215.3,246,268.3
2080227910,2080226310,24460043,2446004,636.7,290,272.9
2080228020,2080226310,24460042,2446004,367.1,325,272.9
2080221060,2080221850,24460058,2446005,345.4,301,276.3
2080221030,2080221850,24460059,2446005,226.4,193,276.4
2080226750,2080227910,24460044,2446004,2232.6,380,298.6
2080226820,2080227910,24460045,2446004,1487.0,372,298.8
2080220940,2080226820,24460046,2446004,283.5,496,387.0
2080220900,2080226820,24460047,2446004,570.2,534,387.1
2080209040,2080211400,24460091,2446009,738.2,562,420.8
2080214610,2080220900,24460049,2446004,1095.7,721,437.7
2080214550,2080220900,24460048,2446004,1280.4,559,437.9
2080205480,2080209040,24460093,2446009,88.3,561,463.8
2080205460,2080209040,24460092,2446009,1008.8,783,463.9
2080205070,2080205480,24460094,2446009,283.2,726,476.9
2080205140,2080205480,24460095,2446009,13.6,564,477.1
2080205260,2080205140,24460097,2446009,192.8,676,481.0
2080205380,2080205140,24460096,2446009,187.9,739,481.3
2080206080,2080205260,24460099,2446009,233.4,731,490.5
2080206130,2080205260,24460098,2446009,148.7,806,490.7
2080242160,2080031740,24472021,2447202,106.5,28,31.0
2080239940,2080242160,24472022,2447202,277.2,29,50.3
2080239880,2080242160,24472023,2447202,419.7,33,50.4
2080237550,2080239880,24472024,2447202,1162.5,52,81.9
2080237440,2080239880,24472025,2447202,174.4,40,82.1
2080236420,2080237440,24472026,2447202,759.4,37,94.2
2080236380,2080237440,24472027,2447202,60.1,30,94.4
2080235760,2080236380,24472028,2447202,358.4,53,104.5
2080235680,2080236380,24472029,2447202,715.1,36,104.7
2080241350,2080240750,24472061,2447206,1015.6,45,118.0
2080241450,2080241290,24472091,2447209,711.8,72,132.6
2080245070,2080241350,24472063,2447206,6.1,24,179.6
2080245140,2080241350,24472062,2447206,276.3,53,179.7
2080245060,2080245070,24472065,2447206,886.8,56,182.9
2080245130,2080245070,24472064,2447206,767.5,50,183.1
2080235200,2080241450,24472092,2447209,308.6,161,199.6
2080235190,2080241450,24472093,2447209,905.8,178,199.7
2080245250,2080245060,24472067,2447206,579.0,121,242.6
2080245260,2080245060,24472066,2447206,205.3,77,242.6
2080232000,2080235190,24472095,2447209,223.2,231,255.9
2080232070,2080235190,24472094,2447209,206.3,246,256.0
2080230970,2080232000,24472097,2447209,289.6,268,277.1
2080230900,2080232000,24472096,2447209,383.3,263,277.3
2080247620,2080245250,24472069,2447206,253.7,131,280.5
2080247670,2080245250,24472068,2447206,284.8,143,280.6
2080230730,2080230970,24472098,2447209,187.0,331,298.6
2080230610,2080230970,24472099,2447209,112.0,290,298.8
2080031750,0,24473001,2447300,2541.1,31,0.0
2080031860,0,24473002,2447300,557.6,44,0.0
2080031870,0,24473003,2447300,441.4,22,0.0
2080031880,0,24473004,2447300,383.1,42,0.0
2080031890,0,24473005,2447300,10.8,13,0.0
2080031900,0,24473006,2447300,3892.2,64,0.0
2080031910,0,24473008,2447300,346.0,58,0.0
2080031920,0,24473007,2447300,680.6,64,0.0
2080032230,0,24475021,2447502,90.2,32,0.0
2080275130,2080032230,24475023,2447502,761.7,122,12.4
2080275070,2080032230,24475022,2447502,264.4,77,12.5
2080272280,2080275130,24475024,2447502,713.4,206,77.7
2080272240,2080275130,24475025,2447502,1.5,105,78.0
2080272130,2080272240,24475026,2447502,711.2,195,78.9
2080272120,2080272240,24475027,2447502,672.0,199,79.0
2080271190,2080272120,24475029,2447502,764.9,243,128.9
2080271080,2080272120,24475028,2447502,541.7,229,128.9
2080032670,0,24476001,2447600,248.9,62,0.0
2080296040,2080032670,24476003,2447600,434.8,25,9.8
2080296030,2080032670,24476002,2447600,394.3,96,9.8
2080292260,2080296040,24476004,2447600,455.9,135,37.1
2080292140,2080296040,24476005,2447600,15.8,24,37.2
2080291610,2080292140,24476006,2447600,882.1,90,43.0
2080291550,2080292140,24476007,2447600,1007.9,112,43.1
2080285140,2080291550,24476009,2447600,876.4,161,102.8
2080285130,2080291550,24476008,2447600,262.5,151,102.8
2080033010,0,24478001,2447800,1161.7,125,0.0
2080283800,2080033010,24478003,2447800,325.5,158,77.0
2080283730,2080033010,24478002,2447800,2080.5,175,77.1
2080276800,2080283800,24478005,2447800,148.3,167,129.6
2080277020,2080283800,24478004,2447800,545.3,189,129.6
2080273970,2080276800,24478007,2447800,77.0,185,154.2
2080273960,2080276800,24478006,2447800,470.0,218,154.2
2080273170,2080273970,24478009,2447800,1032.1,238,165.3
2080273010,2080273970,24478008,2447800,434.5,250,165.3
2080033320,0,24480101,2448010,949.0,77,0.0
2080260440,2080033320,24480102,2448010,282.2,75,58.3
2080260350,2080033320,24480103,2448010,702.4,70,58.5
2080255190,2080260350,24480104,2448010,1011.8,99,111.3
2080255130,2080260350,24480105,2448010,0.9,44,111.5
2080255070,2080255130,24480106,2448010,863.3,100,112.2
2080255080,2080255130,24480107,2448010,16.7,44,112.3
2080254510,2080255080,24480108,2448010,365.1,58,117.6
2080254420,2080255080,24480109,2448010,0.1,44,117.8
2080250960,2080251320,24480601,2448060,745.5,60,170.8
2080243860,2080250960,24480602,2448060,1107.7,138,228.2
2080243700,2080250960,24480603,2448060,558.5,117,228.3
2080236840,2080243700,24480605,2448060,120.0,166,292.6
2080236830,2080243700,24480604,2448060,953.3,296,292.7
2080235670,2080236840,24480606,2448060,257.2,196,304.7
2080235580,2080236840,24480607,2448060,518.1,196,304.8
2080232110,2080235580,24480609,2448060,852.9,315,332.5
2080232060,2080235580,24480608,2448060,852.4,300,332.6
2080033330,0,24490001,2449000,1838.9,53,0.0
2080033400,0,24490002,2449000,1351.6,140,0.0
2080033410,0,24490003,2449000,722.4,40,0.0
2080033430,0,24490004,2449000,153.6,78,0.0
2080033440,0,24490005,2449000,378.3,28,0.0
2080033450,0,24490006,2449000,265.6,79,0.0
2080033460,0,24490007,2449000,188.3,36,0.0
2080033470,0,24490008,2449000,1309.5,142,0.0
2080033490,0,25102101,2510210,521.3,91,0.0
2080241610,2080033490,25102103,2510210,65.1,97,37.8
2080241720,2080033490,25102102,2510210,468.2,158,37.9
2080240660,2080241610,25102105,2510210,569.9,172,46.3
2080240520,2080241610,25102104,2510210,239.3,172,46.6
2080236220,2080240660,25102106,2510210,1201.6,330,95.9
2080236160,2080240660,25102107,2510210,59.5,181,96.2
2080234130,2080236160,25102108,2510210,202.8,171,111.8
2080234140,2080236160,25102109,2510210,278.3,181,111.9
2080231800,2080234140,25102301,2510230,455.2,234,137.7
2080230240,2080231800,25102302,2510230,828.8,323,158.2
2080230250,2080231800,25102303,2510230,502.9,264,158.3
2080229310,2080230250,25102304,2510230,301.1,303,201.9
2080229230,2080230250,25102305,2510230,559.1,267,202.1
2080225660,2080229230,25102307,2510230,1294.1,325,230.9
2080225670,2080229230,25102306,2510230,1648.1,403,230.9
2080218680,2080225660,25102309,2510230,26.2,289,301.8
2080218670,2080225660,25102308,2510230,678.5,777,301.9
2080217540,2080218680,25102401,2510240,11.9,282,310.7
2080217120,2080217540,25102402,2510240,318.6,408,315.2
2080217050,2080217540,25102403,2510240,30.2,299,315.4
2080216460,2080217050,25102404,2510240,1412.1,621,321.6
2080216360,2080217050,25102405,2510240,400.4,491,321.9
2080210860,2080216360,25102406,2510240,725.2,784,361.4
2080210850,2080216360,25102407,2510240,402.0,595,361.6
2080207410,2080208520,25102291,2510229,199.1,799,377.5
2080204800,2080210850,25102409,2510240,607.4,870,406.1
2080204790,2080210850,25102408,2510240,246.6,706,406.2
2080205470,2080207410,25102292,2510229,419.7,1310,408.8
2080205520,2080207410,25102293,2510229,23.5,673,409.0
2080205720,2080205520,25102295,2510229,195.6,1010,413.6
2080205810,2080205520,25102294,2510229,336.3,1217,413.8
2080205860,2080205720,25102297,2510229,790.0,1276,439.1
2080205940,2080205720,25102296,2510229,841.5,1434,439.3
2080201460,2080207600,25102901,2510290,361.1,760,443.8
2080199330,2080201460,25102903,2510290,668.4,821,464.5
2080199280,2080201460,25102902,2510290,409.1,885,464.6
2080204760,2080205860,25102298,2510229,341.3,1276,472.6
2080204710,2080205860,25102299,2510229,969.9,1303,472.8
2080196270,2080199330,25102904,2510290,327.5,895,501.6
2080196280,2080199330,25102905,2510290,20.9,757,501.7
2080196120,2080196280,25102906,2510290,210.9,895,504.9
2080196060,2080196280,25102907,2510290,167.8,822,505.1
2080195130,2080196060,25102908,2510290,213.6,774,514.6
2080195010,2080196060,25102909,2510290,911.5,832,514.7
2080033500,0,25103001,2510300,339.7,28,0.0
2080033530,0,25103002,2510300,718.9,120,0.0
2080033540,0,25103003,2510300,635.7,91,0.0
2080033570,0,25103004,2510300,305.2,337,0.0
2080033580,0,25103005,2510300,302.8,288,0.0
2080033610,0,25103006,2510300,184.8,326,0.0
2080033620,0,25103007,2510300,456.2,153,0.0
2080033650,0,25103008,2510300,279.6,371,0.0
2080033660,0,25103009,2510300,24.6,230,0.0
2080235170,2080235660,25104041,2510404,1313.3,619,41.2
2080231370,2080235180,25104061,2510406,389.8,319,80.2
2080228060,2080231370,25104063,2510406,323.7,371,114.9
2080228180,2080231370,25104062,2510406,193.3,385,115.0
2080226230,2080228060,25104065,2510406,593.4,445,131.4
2080226220,2080228060,25104064,2510406,203.3,499,131.4
2080225710,2080235170,25104043,2510404,359.2,805,149.1
2080225770,2080235170,25104042,2510404,235.5,908,149.1
2080223430,2080225710,25104045,2510404,358.3,864,168.8
2080223380,2080225710,25104044,2510404,981.4,1182,169.0
2080221840,2080226230,25104066,2510406,962.1,815,172.6
2080221780,2080226230,25104067,2510406,191.1,604,172.7
2080224460,2080223430,25104047,2510404,171.2,875,192.4
2080224340,2080223430,25104046,2510404,268.1,1079,192.4
2080219620,2080221780,25104068,2510406,336.5,873,193.0
2080219530,2080221780,25104069,2510406,612.3,949,193.2
2080225650,2080224460,25104049,2510404,607.6,1245,210.8
2080225480,2080224460,25104048,2510404,837.9,1271,210.8
2080033680,0,25105001,2510500,143.4,152,0.0
2080033690,0,25105002,2510500,182.5,236,0.0
2080033700,0,25105003,2510500,323.0,33,0.0
2080033710,0,25105004,2510500,362.2,98,0.0
2080033720,0,25105005,2510500,237.4,34,0.0
2080033730,0,25105006,2510500,5729.8,817,0.0
2080033740,0,25105007,2510500,3.9,36,0.0
2080033750,0,25105008,2510500,494.6,286,0.0
2080033760,0,25105009,2510500,265.1,73,0.0
2080244230,2080033770,25106021,2510602,713.9,312,44.1
2080242820,2080244230,25106023,2510602,244.1,502,102.0
2080242800,2080244230,25106022,2510602,347.7,691,102.1
2080241440,2080242820,25106025,2510602,272.0,783,141.9
2080241590,2080242820,25106024,2510602,213.7,987,141.9
2080239750,2080241440,25106027,2510602,201.7,859,157.7
2080239860,2080241440,25106026,2510602,918.1,1054,157.8
2080238120,2080239750,25106029,2510602,566.0,1148,173.7
2080238130,2080239750,25106028,2510602,149.3,1180,173.7
2080033850,0,25107201,2510720,106.3,67,0.0
2080257170,2080033850,25107202,2510720,203.3,177,13.4
2080257080,2080033850,25107203,2510720,577.7,225,13.6
2080251180,2080257080,25107205,2510720,264.1,346,70.6
2080251170,2080257080,25107204,2510720,506.1,616,70.6
2080249270,2080251180,25107206,2510720,1052.3,677,90.7
2080249210,2080251180,25107207,2510720,418.6,485,90.8
2080246190,2080249210,25107208,2510720,175.4,682,122.9
2080246140,2080249210,25107209,2510720,720.3,698,123.0
2080033890,0,25107401,2510740,684.0,274,0.0
2080254710,2080033890,25107402,2510740,203.4,537,59.8
2080254650,2080033890,25107403,2510740,1548.8,724,59.9
2080243470,2080254650,25107405,2510740,120.5,951,178.1
2080243430,2080254650,25107404,2510740,404.3,1078,178.4
2080241490,2080243470,25107406,2510740,252.9,1120,194.9
2080241430,2080243470,25107407,2510740,102.7,1055,195.1
2080240240,2080241430,25107408,2510740,158.0,1058,207.3
2080240190,2080241430,25107409,2510740,313.9,1089,207.4
2080034040,0,25107571,2510757,811.1,262,0.0
2080034110,0,25107572,2510757,724.9,466,0.0
2080034120,0,25107573,2510757,2882.5,324,0.0
2080034340,0,25107574,2510757,559.6,768,0.0
2080034350,0,25107575,2510757,1267.3,558,0.0
2080034420,0,25107576,2510757,1442.9,951,0.0
2080034430,0,25107577,2510757,6619.3,614,0.0
2080034690,0,25107578,2510757,1018.6,1171,0.0
2080034700,0,25107579,2510757,4676.3,380,0.0
2080034940,0,25107591,2510759,6538.6,685,0.0
2080035190,0,25107592,2510759,1135.7,1247,0.0
2080035200,0,25107593,2510759,7433.2,826,0.0
2080035470,0,25107594,2510759,1398.8,638,0.0
2080035480,0,25107595,2510759,12707.2,637,0.0
2080035930,0,25107596,2510759,1161.3,1125,0.0
2080035940,0,25107597,2510759,4566.6,562,0.0
2080036110,0,25107598,2510759,1307.8,643,0.0
2080036120,0,25107599,2510759,3956.8,208,0.0
2080036280,0,25107601,2510760,17.5,196,0.0
2080184350,2080036280,25107603,2510760,129.6,210,1.3
2080184340,2080036280,25107602,2510760,310.9,390,1.4
2080186100,2080184350,25107605,2510760,480.8,418,18.1
2080186180,2080184350,25107604,2510760,307.1,469,18.3
2080189810,2080186100,25107607,2510760,292.7,602,55.9
2080189800,2080186100,25107606,2510760,310.5,875,56.0
2080192170,2080189810,25107608,2510760,1830.0,1110,83.1
2080192180,2080189810,25107609,2510760,1397.8,951,83.2
2080036340,0,25107801,2510780,141.8,164,0.0
2080185600,2080036340,25107803,2510780,134.7,357,14.8
2080185610,2080036340,25107802,2510780,362.0,479,14.9
2080187910,2080185600,25107804,2510780,532.4,633,32.7
2080187920,2080185600,25107805,2510780,137.6,407,32.8
2080188750,2080187920,25107807,2510780,998.1,677,49.0
2080188800,2080187920,25107806,2510780,499.0,833,49.2
2080190400,2080188750,25107809,2510780,347.4,906,97.3
2080190410,2080188750,25107808,2510780,436.0,826,97.5
2080036490,0,25107991,2510799,2203.3,237,0.0
2080036580,0,25107992,2510799,327.5,270,0.0
2080036590,0,25107993,2510799,143.1,164,0.0
2080036600,0,25107994,2510799,533.9,299,0.0
2080036610,0,25107995,2510799,1594.1,207,0.0
2080036670,0,25107996,2510799,578.2,272,0.0
2080036680,0,25107997,2510799,53.7,115,0.0
2080036690,0,25107998,2510799,464.6,231,0.0
2080036700,0,25107999,2510799,92.9,159,0.0
2080036710,0,25108001,2510800,116.8,164,0.0
2080168030,2080036710,25108003,2510800,94.5,183,8.2
2080168060,2080036710,25108002,2510800,346.1,354,8.4
2080167570,2080168030,25108005,2510800,165.9,250,20.2
2080167530,2080168030,25108004,2510800,694.7,296,20.4
2080167900,2080167570,25108006,2510800,1630.5,532,37.8
2080167850,2080167570,25108007,2510800,1097.2,407,37.9
2080164560,2080167850,25108008,2510800,508.2,486,81.9
2080164520,2080167850,25108009,2510800,1903.5,609,82.1
2080036930,0,25109201,2510920,90.4,330,0.0
2080152060,2080036930,25109202,2510920,276.1,530,13.3
2080152070,2080036930,25109203,2510920,350.9,467,13.4
2080154260,2080152070,25109204,2510920,1006.3,607,34.5
2080154270,2080152070,25109205,2510920,497.4,503,34.6
2080153740,2080154270,25109207,2510920,0.8,220,70.2
2080153810,2080154270,25109206,2510920,776.1,808,70.3
2080153750,2080153740,25109208,2510920,235.3,671,71.0
2080153820,2080153740,25109209,2510920,889.6,721,71.1
2080037080,0,25109701,2510970,2204.1,342,0.0
2080037120,0,25109702,2510970,351.6,854,0.0
2080037130,0,25109703,2510970,834.5,328,0.0
2080037170,0,25109704,2510970,1205.2,652,0.0
2080037180,0,25109705,2510970,30.8,123,0.0
2080037190,0,25109706,2510970,217.3,318,0.0
2080037200,0,25109707,2510970,174.2,277,0.0
2080037210,0,25109708,2510970,224.7,536,0.0
2080037220,0,25109709,2510970,245.9,369,0.0
2080037540,0,25109971,2510997,162.6,553,0.0
2080037550,0,25109972,2510997,160.8,750,0.0
2080037560,0,25109973,2510997,119.7,545,0.0
2080037570,0,25109974,2510997,238.6,824,0.0
2080037580,0,25109975,2510997,188.6,441,0.0
2080037610,0,25109976,2510997,140.3,517,0.0
2080037620,0,25109977,2510997,6172.1,209,0.0
2080037760,0,25109978,2510997,212.0,372,0.0
2080037770,0,25109979,2510997,846.3,454,0.0
2080037820,0,25109991,2510999,541.2,288,0.0
2080037850,0,25109992,2510999,155.1,416,0.0
2080037860,0,25109993,2510999,133.3,279,0.0
2080037870,0,25109994,2510999,110.5,393,0.0
2080037880,0,25109995,2510999,336.0,170,0.0
2080037910,0,25109996,2510999,155.9,197,0.0
2080037920,0,25109997,2510999,1318.6,244,0.0
2080037980,0,25109998,2510999,117.9,220,0.0
2080038000,0,25210201,2521020,407.9,267,0.0
2080118230,2080038000,25210202,2521020,1236.4,597,14.9
2080118240,2080038000,25210203,2521020,231.0,370,15.0
2080118700,2080118240,25210205,2521020,252.9,536,35.5
2080118720,2080118240,25210204,2521020,362.6,757,35.7
2080118710,2080118700,25210207,2521020,157.4,562,54.7
2080118680,2080118700,25210206,2521020,896.1,608,54.9
2080119670,2080118710,25210208,2521020,257.9,745,81.1
2080119700,2080118710,25210209,2521020,829.2,806,81.3
2080038530,0,25210511,2521051,3.6,28,0.0
2080038540,0,25210512,2521051,236.9,375,0.0
2080038550,0,25210513,2521051,10.5,79,0.0
2080038560,0,25210514,2521051,235.3,425,0.0
2080038570,0,25210515,2521051,170.2,297,0.0
2080038580,0,25210516,2521051,169.9,406,0.0
2080038590,0,25210517,2521051,2233.4,266,0.0
2080038650,0,25210518,2521051,120.0,375,0.0
2080038660,0,25210519,2521051,89.1,289,0.0
2080117020,2080116110,25210641,2521064,243.2,263,191.9
2080117150,2080117020,25210642,2521064,246.3,333,213.4
2080117180,2080117020,25210643,2521064,113.9,286,213.6
2080117210,2080117180,25210644,2521064,2336.9,403,225.3
2080117240,2080117180,25210645,2521064,584.1,314,225.5
2080118040,2080117240,25210647,2521064,361.0,367,266.5
2080118070,2080117240,25210646,2521064,508.9,375,266.6
2080118400,2080118040,25210649,2521064,482.8,412,301.0
2080118390,2080118040,25210648,2521064,294.4,431,301.1
2080039030,0,25210701,2521070,1177.9,274,0.0
2080039100,0,25210702,2521070,363.8,286,0.0
2080039110,0,25210703,2521070,555.6,264,0.0
2080039140,0,25210704,2521070,409.5,326,0.0
2080039150,0,25210705,2521070,862.5,182,0.0
2080039180,0,25210706,2521070,411.7,287,0.0
2080039190,0,25210707,2521070,586.2,193,0.0
2080039240,0,25210708,2521070,728.3,297,0.0
2080039250,0,25210709,2521070,1836.9,188,0.0
2080039350,0,25210801,2521080,242.0,118,0.0
2080116470,2080039350,25210802,2521080,476.6,241,20.3
2080116480,2080039350,25210803,2521080,182.4,156,20.5
2080116570,2080116480,25210805,2521080,276.2,175,33.1
2080116580,2080116480,25210804,2521080,301.6,126,33.4
2080116710,2080116570,25210806,2521080,426.9,249,55.2
2080116740,2080116570,25210807,2521080,201.8,215,55.4
2080116990,2080116740,25210808,2521080,198.6,288,80.2
2080117000,2080116740,25210809,2521080,503.2,226,80.4
2080116950,2080039390,25220031,2522003,416.0,88,24.1
2080117350,2080116950,25220032,2522003,299.0,143,42.1
2080117360,2080116950,25220033,2522003,570.3,139,42.3
2080117620,2080117360,25220035,2522003,138.4,92,69.7
2080117610,2080117360,25220034,2522003,336.3,127,69.8
2080118300,2080117620,25220036,2522003,271.2,160,91.3
2080118290,2080117620,25220037,2522003,268.3,129,91.4
2080118540,2080118290,25220039,2522003,247.0,135,101.9
2080118570,2080118290,25220038,2522003,264.9,147,102.1
2080119460,2080119490,25220071,2522007,302.8,124,147.1
2080119440,2080119490,25220061,2522006,784.5,138,147.3
2080118790,2080119440,25220062,2522006,2010.0,145,162.8
2080118780,2080119440,25220063,2522006,198.1,107,162.9
2080118470,2080118780,25220065,2522006,154.7,145,172.0
2080118420,2080118780,25220064,2522006,675.9,156,172.2
2080120030,2080119460,25220072,2522007,520.9,238,179.6
2080120040,2080119460,25220073,2522007,647.9,189,179.9
2080118270,2080118470,25220066,2522006,1569.4,271,205.4
2080118280,2080118470,25220067,2522006,650.6,229,205.6
2080121460,2080120040,25220075,2522007,208.0,277,218.3
2080121470,2080120040,25220074,2522007,453.4,290,218.4
2080121680,2080121460,25220077,2522007,462.8,301,236.8
2080121710,2080121460,25220076,2522007,264.8,277,236.9
2080119040,2080118280,25220068,2522006,714.9,263,239.7
2080119070,2080118280,25220069,2522006,1343.5,278,239.8
2080122640,2080121680,25220079,2522007,339.8,307,261.5
2080122690,2080121680,25220078,2522007,166.0,273,261.8
2080121080,2080121090,25240061,2524006,821.9,156,103.1
2080123510,2080121080,25240063,2524006,349.2,207,164.3
2080123500,2080121080,25240062,2524006,785.2,219,164.3
2080124000,2080123510,25240064,2524006,1139.2,225,173.3
2080123990,2080123510,25240065,2524006,163.6,113,173.4
2080124920,2080123990,25240067,2524006,122.1,138,191.3
2080125000,2080123990,25240066,2524006,1984.7,205,191.5
2080124680,2080124920,25240068,2524006,826.9,201,206.7
2080124640,2080124920,25240069,2524006,1749.6,259,206.9
2080040610,0,25255061,2525506,51.0,20,0.0
2080139590,2080040610,25255063,2525506,499.6,62,10.5
2080139600,2080040610,25255062,2525506,748.5,108,10.6
2080137250,2080139590,25255065,2525506,2501.6,171,37.2
2080137240,2080139590,25255064,2525506,663.2,81,37.3
2080130200,2080137250,25255067,2525506,2.9,141,119.8
2080130210,2080137250,25255066,2525506,900.7,252,119.8
2080128740,2080130200,25255069,2525506,486.4,244,135.5
2080128730,2080130200,25255068,2525506,632.7,380,135.6
2080129920,2080132050,25256041,2525604,176.9,219,55.8
2080128930,2080129920,25256043,2525604,1121.3,216,80.3
2080128880,2080129920,25256042,2525604,421.7,352,80.5
2080129350,2080128930,25256045,2525604,192.1,195,124.9
2080129310,2080128930,25256044,2525604,767.6,236,125.1
2080129450,2080129350,25256047,2525604,349.5,250,138.8
2080129440,2080129350,25256046,2525604,355.2,196,139.0
2080131210,2080129450,25256048,2525604,409.5,291,170.0
2080131360,2080129450,25256049,2525604,856.8,333,170.2
2080164120,2080162970,25260451,2526045,18.3,83,173.9
2080163950,2080164120,25260452,2526045,1068.1,149,177.3
2080163890,2080164120,25260453,2526045,248.4,107,177.5
2080161850,2080163890,25260454,2526045,139.2,145,197.8
2080161770,2080163890,25260455,2526045,588.7,117,198.0
2080159450,2080161770,25260457,2526045,17.9,95,228.6
2080159380,2080161770,25260456,2526045,1081.0,142,228.8
2080159510,2080159450,25260459,2526045,263.1,134,239.7
2080159560,2080159450,25260458,2526045,1004.0,160,239.9
2080145620,2080146360,25260901,2526090,20.4,191,337.3
2080145700,2080145620,25260902,2526090,656.3,273,344.2
2080145610,2080145620,25260903,2526090,22.5,182,344.4
2080145310,2080145610,25260904,2526090,229.1,247,350.3
2080145250,2080145610,25260905,2526090,280.6,242,350.5
2080143490,2080145250,25260907,2526090,1150.7,261,380.4
2080143420,2080145250,25260906,2526090,1062.2,280,380.6
2080147660,2080143490,25260908,2526090,484.4,262,442.5
2080147650,2080143490,25260909,2526090,494.9,256,442.6
2080041420,0,26120101,2612010,781.1,49,0.0
2080176920,2080041420,26120102,2612010,323.2,103,31.8
2080177010,2080041420,26120103,2612010,8.5,16,32.0
2080177290,2080177010,26120104,2612010,429.1,81,35.2
2080177350,2080177010,26120105,2612010,326.5,32,35.5
2080179850,2080177350,26120106,2612010,3819.3,75,80.8
2080179910,2080177350,26120107,2612010,460.9,40,81.0
2080183690,2080179910,26120109,2612010,28.1,9,114.7
2080183630,2080179910,26120108,2612010,249.5,59,114.7
2080224250,2080214760,26120981,2612098,133.6,111,506.7
2080226100,2080224250,26120983,2612098,144.9,113,518.7
2080226180,2080224250,26120982,2612098,958.4,125,518.9
2080226280,2080226100,26120985,2612098,344.3,141,524.7
2080226190,2080226100,26120984,2612098,377.8,154,524.8
2080226370,2080226280,26120986,2612098,225.6,169,552.5
2080226420,2080226280,26120987,2612098,52.2,157,552.6
2080226480,2080226420,26120988,2612098,470.8,176,561.2
2080226630,2080226420,26120989,2612098,906.3,181,561.2
2080188990,2080191630,26148041,2614804,185.6,106,1038.6
2080190340,2080188990,26148042,2614804,270.9,121,1057.9
2080190360,2080188990,26148043,2614804,1012.7,130,1058.1
2080188150,2080190360,26148044,2614804,997.3,155,1134.2
2080188200,2080190360,26148045,2614804,92.6,141,1134.3
2080188610,2080188200,26148046,2614804,705.6,168,1145.7
2080188710,2080188200,26148047,2614804,1056.1,139,1145.9
2080244260,2080244380,26146601,2614660,59.7,114,1191.5
2080244250,2080244260,26146603,2614660,382.2,137,1199.1
2080244170,2080244260,26146602,2614660,128.9,118,1199.2
2080192510,2080188710,26148049,2614804,558.2,135,1204.1
2080192460,2080188710,26148048,2614804,388.7,141,1204.3
2080244910,2080244250,26146605,2614660,377.7,151,1232.0
2080245000,2080244250,26146604,2614660,1105.5,174,1232.1
2080243050,2080244910,26146606,2614660,659.2,168,1272.6
2080243150,2080244910,26146607,2614660,327.3,185,1272.7
2080041870,0,26150301,2615030,324.5,17,0.0
2080041880,0,26150302,2615030,627.5,85,0.0
2080041890,0,26150303,2615030,455.2,71,0.0
2080041920,0,26150304,2615030,531.7,105,0.0
2080041930,0,26150305,2615030,955.5,90,0.0
2080041980,0,26150306,2615030,1930.2,108,0.0
2080041990,0,26150307,2615030,759.7,55,0.0
2080042040,0,26150308,2615030,1069.3,68,0.0
2080042050,0,26150309,2615030,316.1,39,0.0
2080170180,2080169940,26160431,2616043,272.4,50,240.0
2080171440,2080170180,26160432,2616043,398.6,118,260.1
2080171550,2080170180,26160433,2616043,170.6,54,260.3
2080173940,2080171550,26160435,2616043,55.3,83,290.4
2080173930,2080171550,26160434,2616043,858.0,142,290.4
2080174250,2080173940,26160436,2616043,336.6,146,294.8
2080174310,2080173940,26160437,2616043,129.1,81,295.0
2080174910,2080174310,26160438,2616043,678.0,149,303.1
2080174980,2080174310,26160439,2616043,1035.2,115,303.3
2080171100,2080167710,26186051,2618605,89.1,64,596.1
2080172470,2080171100,26186053,2618605,1061.9,103,608.0
2080172460,2080171100,26186052,2618605,188.3,106,608.0
2080177370,2080172470,26186054,2618605,222.9,115,658.2
2080177400,2080172470,26186055,2618605,62.0,90,658.3
2080178120,2080177400,26186056,2618605,1440.9,167,663.8
2080178170,2080177400,26186057,2618605,290.4,104,664.0
2080180040,2080178170,26186059,2618605,21.2,89,685.3
2080180030,2080178170,26186058,2618605,1425.6,140,685.4
2080052380,0,23302401,2330240,188.2,160,0.0
2080270280,2080052380,23302402,2330240,135.7,337,25.1
2080270370,2080052380,23302403,2330240,187.2,276,25.4
2080271580,2080270370,23302405,2330240,203.9,316,45.1
2080271590,2080270370,23302404,2330240,522.8,520,45.1
2080273340,2080271580,23302407,2330240,440.3,445,72.3
2080273150,2080271580,23302406,2330240,279.1,457,72.3
2080275460,2080273340,23302409,2330240,758.4,513,99.6
2080275520,2080273340,23302408,2330240,228.1,614,99.7
2080056250,0,24100031,2410003,326.4,17,0.0
2080056260,0,24100032,2410003,794.2,38,0.0
2080056270,0,24100033,2410003,445.7,14,0.0
2080056300,0,24100034,2410003,423.1,29,0.0
2080056310,0,24100035,2410003,52.0,5,0.0
2080056320,0,24100036,2410003,583.5,33,0.0
2080056330,0,24100037,2410003,4044.6,21,0.0
2080056580,0,24100038,2410003,292.0,22,0.0
2080056590,0,24100039,2410003,543.6,26,0.0
2080056990,0,24290001,2429000,3094.8,17,0.0
2080057120,0,24290002,2429000,1111.2,16,0.0
2080057300,0,27102001,2710200,19.2,14,0.0
2080166170,2080057300,27102002,2710200,512.9,304,4.5
2080166090,2080057300,27102003,2710200,80.5,73,4.8
2080166050,2080166090,27102004,2710200,602.0,309,5.2
2080166060,2080166090,27102005,2710200,21.9,14,5.3
2080165790,2080166060,27102007,2710200,437.4,248,13.3
2080165640,2080166060,27102006,2710200,464.0,295,13.3
2080164840,2080165790,27102008,2710200,383.5,627,51.8
2080164740,2080165790,27102009,2710200,1131.3,722,52.0
2080057990,0,27103401,2710340,235.8,300,0.0
2080154560,2080057990,27103402,2710340,375.4,512,22.5
2080154570,2080057990,27103403,2710340,201.4,487,22.6
2080156150,2080154570,27103404,2710340,407.1,798,40.3
2080156190,2080154570,27103405,2710340,18.9,197,40.5
2080156440,2080156190,27103407,2710340,640.7,789,46.4
2080156550,2080156190,27103406,2710340,853.0,731,46.6
2080159980,2080156440,27103408,2710340,200.8,788,102.2
2080160040,2080156440,27103409,2710340,343.5,925,102.3
2080058000,0,27103501,2710350,20.7,66,0.0
2080058010,0,27103502,2710350,487.1,679,0.0
2080058020,0,27103503,2710350,1811.4,468,0.0
2080058130,0,27103504,2710350,741.7,691,0.0
2080058140,0,27103505,2710350,159.5,561,0.0
2080058150,0,27103506,2710350,1345.8,734,0.0
2080058160,0,27103507,2710350,100.1,250,0.0
2080058170,0,27103508,2710350,1218.4,683,0.0
2080058180,0,27103509,2710350,669.1,430,0.0
2080058240,0,27103601,2710360,243.5,291,0.0
2080151980,2080058240,27103602,2710360,175.2,491,30.7
2080152050,2080058240,27103603,2710360,342.8,393,30.8
2080156290,2080152050,27103604,2710360,280.3,739,69.5
2080156300,2080152050,27103605,2710360,801.5,640,69.6
2080160150,2080156300,27103606,2710360,420.2,979,116.3
2080160140,2080156300,27103607,2710360,90.5,708,116.4
2080161260,2080160140,27103609,2710360,581.4,1073,130.3
2080161250,2080160140,27103608,2710360,172.1,859,130.4
2080058320,0,27104001,2710400,2165.7,395,0.0
2080155210,2080058320,27104003,2710400,1304.4,584,84.3
2080155220,2080058320,27104002,2710400,548.5,560,84.4
2080159040,2080155210,27104005,2710400,355.1,674,129.4
2080159050,2080155210,27104004,2710400,657.9,929,129.5
2080160690,2080159040,27104007,2710400,417.1,825,149.6
2080160750,2080159040,27104006,2710400,604.9,1202,149.7
2080161880,2080160690,27104009,2710400,1043.4,1122,170.8
2080161950,2080160690,27104008,2710400,453.3,1195,171.1
2080058330,0,27105101,2710510,1481.7,135,0.0
2080058400,0,27105102,2710510,364.2,277,0.0
2080058410,0,27105103,2710510,567.1,339,0.0
2080058460,0,27105104,2710510,568.7,393,0.0
2080058470,0,27105105,2710510,1224.3,226,0.0
2080058500,0,27105106,2710510,726.5,501,0.0
2080058510,0,27105107,2710510,210.7,293,0.0
2080058540,0,27105108,2710510,1135.7,516,0.0
2080058550,0,27105109,2710510,255.8,402,0.0
2080058580,0,27105401,2710540,17.7,53,0.0
2080153460,2080058580,27105402,2710540,298.3,272,4.8
2080153450,2080058580,27105403,2710540,413.2,187,4.9
2080157660,2080153450,27105404,2710540,178.5,563,45.8
2080157650,2080153450,27105405,2710540,180.6,282,45.9
2080158430,2080157650,27105407,2710540,547.9,432,56.9
2080158450,2080157650,27105406,2710540,522.1,530,57.0
2080160700,2080158430,27105409,2710540,830.5,774,91.9
2080160760,2080158430,27105408,2710540,322.0,649,92.1
2080058590,0,27105501,2710550,1994.2,406,0.0
2080058700,0,27105502,2710550,421.0,403,0.0
2080058710,0,27105503,2710550,1336.6,472,0.0
2080058800,0,27105504,2710550,542.6,610,0.0
2080058810,0,27105505,2710550,454.9,363,0.0
2080058840,0,27105506,2710550,355.5,927,0.0
2080058850,0,27105507,2710550,1325.9,635,0.0
2080058940,0,27105508,2710550,1106.0,1067,0.0
2080058950,0,27105509,2710550,402.3,349,0.0
2080058970,0,27105701,2710570,370.4,37,0.0
2080058980,0,27105702,2710570,765.0,623,0.0
2080058990,0,27105703,2710570,0.6,0,0.0
2080059000,0,27105704,2710570,430.6,469,0.0
2080059010,0,27105705,2710570,326.3,107,0.0
2080059040,0,27105706,2710570,802.9,793,0.0
2080059050,0,27105707,2710570,52.2,264,0.0
2080059060,0,27105708,2710570,376.6,277,0.0
2080059070,0,27105709,2710570,264.9,34,0.0
2080059110,0,27105901,2710590,77.0,13,0.0
2080059120,0,27105902,2710590,909.1,493,0.0
2080059130,0,27105903,2710590,421.0,35,0.0
2080059160,0,27105904,2710590,136.9,315,0.0
2080059170,0,27105905,2710590,263.0,199,0.0
2080059200,0,27105906,2710590,153.4,589,0.0
2080059210,0,27105907,2710590,557.6,442,0.0
2080059220,0,27105908,2710590,1088.0,666,0.0
2080059230,0,27105909,2710590,400.7,15,0.0
2080059310,0,27108001,2710800,15.2,65,0.0
2080174830,2080059310,27108002,2710800,1188.7,337,1.7
2080174840,2080059310,27108003,2710800,255.6,59,1.8
2080173500,2080174840,27108004,2710800,677.4,294,33.3
2080173510,2080174840,27108005,2710800,164.3,83,33.4
2080172200,2080173510,27108007,2710800,1416.8,479,47.9
2080172110,2080173510,27108006,2710800,821.3,604,48.1
2080166940,2080172200,27108008,2710800,835.6,778,113.2
2080166930,2080172200,27108009,2710800,394.5,823,113.3
2080400150,2080401210,28281601,2828160,90.0,51,819.3
2080398100,2080400150,28281603,2828160,33.6,30,831.4
2080398000,2080400150,28281602,2828160,2272.1,90,831.6
2080397260,2080398100,28281605,2828160,1060.1,55,839.0
2080397250,2080398100,28281604,2828160,361.5,90,839.0
2080387500,2080397260,28281606,2828160,1269.4,110,897.1
2080387400,2080397260,28281607,2828160,1006.7,97,897.3
2080379910,2080387400,28281609,2828160,855.0,133,951.9
2080379810,2080387400,28281608,2828160,582.1,136,952.0
2080377880,2080384250,28284301,2828430,230.2,131,1363.8
2080377280,2080377880,28284302,2828430,640.9,186,1384.4
2080377290,2080377880,28284303,2828430,490.0,153,1384.5
2080379670,2080377290,28284304,2828430,184.5,176,1418.3
2080379520,2080377290,28284305,2828430,14.1,126,1418.4
2080379170,2080379520,28284306,2828430,446.4,196,1425.0
2080379180,2080379520,28284307,2828430,470.5,165,1425.1
2080381060,2080379180,28284309,2828430,399.2,178,1457.5
2080380880,2080379180,28284308,2828430,455.8,218,1457.5
2080345780,2080347110,28289901,2828990,655.6,395,2028.2
2080339770,2080345780,28289903,2828990,346.7,404,2067.9
2080339760,2080345780,28289902,2828990,1576.0,553,2068.0
2080337160,2080339770,28289905,2828990,483.4,446,2093.1
2080337170,2080339770,28289904,2828990,488.9,433,2093.2
2080331630,2080337160,28289906,2828990,596.7,481,2130.3
2080331560,2080337160,28289907,2828990,288.0,488,2130.5
2080327720,2080331560,28289908,2828990,788.5,651,2158.3
2080327730,2080331560,28289909,2828990,1568.1,585,2158.4
2080342140,2080347360,28317021,2831702,330.4,81,1474.8
2080339650,2080342140,28317023,2831702,902.2,98,1503.9
2080339640,2080342140,28317022,2831702,4327.0,134,1504.0
2080334930,2080339650,28317024,2831702,330.5,125,1546.0
2080334680,2080339650,28317025,2831702,857.6,115,1546.1
2080330430,2080334680,28317026,2831702,1489.8,153,1599.1
2080330370,2080334680,28317027,2831702,494.2,135,1599.3
2080327950,2080330370,28317029,2831702,2335.6,192,1622.1
2080327940,2080330370,28317028,2831702,387.3,165,1622.1
2080336790,2080336520,28316291,2831629,416.5,135,1672.9
2080323120,2080325710,28318061,2831806,927.6,114,1703.0
2080339020,2080336790,28316293,2831629,494.2,151,1703.1
2080338960,2080336790,28316292,2831629,255.0,177,1703.2
2080341030,2080339020,28316295,2831629,455.8,156,1729.3
2080340840,2080339020,28316294,2831629,365.9,195,1729.3
2080315300,2080323120,28318063,2831806,258.0,123,1759.7
2080315490,2080323120,28318062,2831806,270.6,135,1759.7
2080344140,2080341030,28316296,2831629,145.1,196,1764.3
2080344310,2080341030,28316297,2831629,0.7,105,1764.4
2080344320,2080344310,28316299,2831629,896.2,194,1765.1
2080344400,2080344310,28316298,2831629,460.8,188,1765.1
2080313770,2080315300,28318064,2831806,406.3,145,1777.4
2080313720,2080315300,28318065,2831806,119.2,117,1777.5
2080312070,2080313720,28318067,2831806,338.8,139,1791.9
2080311960,2080313720,28318066,2831806,140.6,154,1792.0
2080309560,2080310900,28330101,2833010,343.5,72,1799.5
2080311410,2080312070,28318068,2831806,153.5,151,1817.2
2080311250,2080312070,28318069,2831806,552.5,151,1817.3
2080304350,2080309560,28330103,2833010,241.8,109,1839.8
2080304490,2080309560,28330102,2833010,177.2,134,1839.9
2080300750,2080304350,28330104,2833010,135.5,82,1865.6
2080300660,2080304350,28330105,2833010,22.9,113,1865.7
2080300430,2080300660,28330106,2833010,2785.5,133,1868.0
2080300350,2080300660,28330107,2833010,286.0,114,1868.1
2080293310,2080293190,28350041,2835004,452.6,89,2212.6
2080290290,2080293310,28350042,2835004,399.1,92,2236.2
2080290220,2080293310,28350043,2835004,3168.5,111,2236.4
2080288980,2080291840,28361001,2836100,28.7,69,2301.2
2080288590,2080288980,28361003,2836100,596.6,83,2307.6
2080288480,2080288980,28361002,2836100,1546.5,114,2307.7
2080285760,2080288590,28361005,2836100,1997.5,104,2336.9
2080285770,2080288590,28361004,2836100,1911.1,127,2336.9
2080277190,2080290220,28350044,2835004,390.9,140,2350.8
2080276940,2080290220,28350045,2835004,43.9,132,2350.9
2080276660,2080276940,28350046,2835004,455.7,143,2353.7
2080276580,2080276940,28350047,2835004,409.9,139,2354.0
2080274880,2080276580,28350048,2835004,415.2,142,2372.3
2080274790,2080276580,28350049,2835004,471.0,148,2372.4
2080279540,2080285760,28361006,2836100,444.8,122,2387.8
2080279490,2080285760,28361007,2836100,747.2,118,2388.0
2080277400,2080279490,28361008,2836100,493.0,126,2403.8
2080277350,2080279490,28361009,2836100,865.7,102,2404.0
2080264790,2080266270,28330861,2833086,1.4,95,2427.2
2080264800,2080264790,28330862,2833086,1154.8,137,2428.0
2080264730,2080264790,28330863,2833086,725.3,120,2428.2
2080309490,2080304260,28324181,2832418,70.4,101,2468.4
2080262410,2080264730,28330865,2833086,60.3,120,2476.1
2080262550,2080264730,28330864,2833086,414.0,136,2476.1
2080309620,2080309490,28324182,2832418,306.8,162,2481.2
2080309720,2080309490,28324183,2832418,24.6,107,2481.3
2080261580,2080262410,28330867,2833086,211.8,133,2485.4
2080261530,2080262410,28330866,2833086,239.4,135,2485.6
2080310210,2080309720,28324184,2832418,436.3,179,2489.0
2080310400,2080309720,28324185,2832418,1094.3,164,2489.1
2080300270,2080299430,28370401,2837040,375.1,101,2499.0
2080260430,2080261580,28330868,2833086,263.0,145,2501.7
2080260510,2080261580,28330869,2833086,378.5,143,2501.8
2080316240,2080315760,28340441,2834044,485.0,164,2503.3
2080301460,2080300340,28370601,2837060,338.5,100,2512.0
2080265640,2080266620,28362021,2836202,627.7,119,2513.1
2080319670,2080316240,28340443,2834044,70.0,151,2526.2
2080319660,2080316240,28340442,2834044,375.2,176,2526.2
2080298290,2080300270,28370403,2837040,304.1,127,2531.7
2080298230,2080300270,28370402,2837040,1432.4,130,2531.9
2080321080,2080319670,28340445,2834044,699.0,174,2535.1
2080321090,2080319670,28340444,2834044,602.9,197,2535.1
2080315870,2080310400,28324186,2832418,382.7,203,2543.0
2080316060,2080310400,28324187,2832418,410.0,193,2543.2
2080302560,2080301460,28370602,2837060,2715.4,147,2543.6
2080302620,2080301460,28370603,2837060,1211.9,132,2543.7
2080318870,2080316060,28324188,2832418,290.5,219,2560.9
2080318940,2080316060,28324189,2832418,937.5,236,2561.0
2080260550,2080265640,28362022,2836202,585.2,143,2571.7
2080260500,2080265640,28362023,2836202,19.0,119,2571.8
2080298910,2080298290,28370404,2837040,312.9,155,2572.4
2080299000,2080298290,28370405,2837040,600.2,146,2572.6
2080325510,2080321080,28340447,2834044,296.1,190,2575.8
2080325520,2080321080,28340446,2834044,272.9,216,2575.8
2080260080,2080260500,28362025,2836202,69.6,118,2576.8
2080260040,2080260500,28362024,2836202,568.1,132,2577.0
2080259470,2080260080,28362026,2836202,1974.0,159,2585.4
2080259460,2080260080,28362027,2836202,301.8,135,2585.5
2080327670,2080325510,28340449,2834044,768.5,207,2589.8
2080327800,2080325510,28340448,2834044,253.2,210,2590.0
2080305410,2080302620,28370605,2837060,631.2,138,2595.3
2080305480,2080302620,28370604,2837060,371.8,161,2595.4
2080255620,2080259460,28362029,2836202,1265.5,177,2621.5
2080255540,2080259460,28362028,2836202,875.6,176,2621.6
2080305220,2080305410,28370607,2837060,304.8,142,2635.2
2080305300,2080305410,28370606,2837060,561.2,163,2635.3
2080291280,2080292340,28370291,2837029,685.3,136,2656.6
2080306140,2080305220,28370609,2837060,1339.9,179,2661.3
2080306250,2080305220,28370608,2837060,307.1,165,2661.4
2080251790,2080251150,28330891,2833089,389.5,145,2682.9
2080320990,2080318990,28324441,2832444,18.2,128,2699.2
2080320540,2080320990,28324443,2832444,528.1,189,2705.5
2080320420,2080320990,28324442,2832444,6238.7,338,2705.5
2080294520,2080291280,28370293,2837029,837.9,139,2705.9
2080294290,2080291280,28370292,2837029,1445.1,168,2705.9
2080249120,2080251790,28330892,2833089,591.0,173,2719.4
2080249070,2080251790,28330893,2833089,328.5,167,2719.6
2080320880,2080320540,28324445,2832444,973.0,365,2736.9
2080321110,2080320540,28324444,2832444,430.8,344,2736.9
2080297820,2080294520,28370294,2837029,1414.0,129,2744.0
2080297810,2080294520,28370295,2837029,3072.1,145,2744.1
2080246270,2080249070,28330894,2833089,1056.2,186,2749.9
2080246230,2080249070,28330895,2833089,1341.5,183,2750.0
2080241850,2080246230,28330896,2833089,613.6,198,2790.0
2080241760,2080246230,28330897,2833089,17.0,164,2790.2
2080241470,2080241760,28330898,2833089,511.2,192,2794.8
2080241410,2080241760,28330899,2833089,736.0,200,2794.9
2080297590,2080297810,28370297,2837029,1062.1,138,2805.2
2080297330,2080297810,28370296,2837029,1986.4,176,2805.2
2080323910,2080320880,28324446,2832444,640.7,629,2829.3
2080323930,2080320880,28324447,2832444,67.0,470,2829.4
2080324850,2080323930,28324449,2832444,1678.6,638,2838.9
2080324860,2080323930,28324448,2832444,1054.1,689,2838.9
2080297960,2080297590,28370298,2837029,2024.9,177,2847.5
2080297950,2080297590,28370299,2837029,3056.6,181,2847.6
2080322960,2080321440,28395001,2839500,67.5,93,2912.6
2080322620,2080322960,28395003,2839500,2330.0,133,2931.9
2080322690,2080322960,28395002,2839500,997.7,151,2931.9
2080350010,2080337060,28324481,2832448,40.9,234,2945.5
2080350340,2080350010,28324483,2832448,648.3,274,2951.6
2080350100,2080350010,28324482,2832448,403.4,302,2951.7
2080349210,2080350340,28324485,2832448,408.0,462,3000.0
2080349100,2080350340,28324484,2832448,821.0,494,3000.1
2080316480,2080322620,28395004,2839500,1594.7,141,3014.2
2080316390,2080322620,28395005,2839500,14.6,96,3014.4
2080315220,2080316390,28395007,2839500,1206.9,119,3021.3
2080315230,2080316390,28395006,2839500,1031.7,118,3021.3
2080347660,2080349210,28324487,2832448,201.0,492,3047.6
2080347860,2080349210,28324486,2832448,221.3,583,3047.6
2080344810,2080347660,28324488,2832448,308.2,576,3070.4
2080344800,2080347660,28324489,2832448,758.4,588,3070.5
2080311320,2080315220,28395009,2839500,340.3,131,3120.8
2080311230,2080315220,28395008,2839500,1239.6,135,3121.1
2080312460,2080310820,28397021,2839702,1501.2,166,3163.5
2080321040,2080312460,28397023,2839702,48.0,166,3263.1
2080320970,2080312460,28397022,2839702,338.0,181,3263.2
2080321200,2080321040,28397025,2839702,33.7,173,3271.3
2080321270,2080321040,28397024,2839702,275.1,193,3271.4
2080321540,2080321200,28397027,2839702,134.8,191,3275.9
2080321420,2080321200,28397026,2839702,267.5,198,3275.9
2080263900,2080265540,28366481,2836648,37.9,134,3280.1
2080263250,2080263900,28366482,2836648,1235.2,166,3287.7
2080263260,2080263900,28366483,2836648,23.8,132,3287.8
2080322190,2080321540,28397029,2839702,571.2,219,3293.5
2080322230,2080321540,28397028,2839702,299.7,203,3293.6
2080263560,2080263260,28366485,2836648,298.4,154,3293.9
2080263650,2080263260,28366484,2836648,449.3,154,3294.0
2080261280,2080263560,28366487,2836648,252.3,161,3334.0
2080261190,2080263560,28366486,2836648,484.7,191,3334.2
2080262530,2080261280,28366488,2836648,180.3,164,3353.6
2080262470,2080261280,28366489,2836648,234.8,170,3353.8
2080248700,2080247010,28329991,2832999,940.6,247,3517.3
2080251380,2080248700,28329992,2832999,295.9,260,3545.4
2080251390,2080248700,28329993,2832999,360.8,248,3545.5
2080253040,2080251390,28329995,2832999,18.8,221,3565.8
2080253110,2080251390,28329994,2832999,359.3,259,3565.9
2080253470,2080253040,28329997,2832999,98.1,243,3571.0
2080253580,2080253040,28329996,2832999,368.2,260,3571.1
2080255020,2080253470,28329998,2832999,395.4,262,3586.0
2080255010,2080253470,28329999,2832999,1191.9,266,3586.1
2080070250,0,28470071,2847007,468.4,342,0.0
2080070280,0,28470072,2847007,402.0,545,0.0
2080070290,0,28470073,2847007,1131.7,814,0.0
2080070340,0,28470074,2847007,598.0,1396,0.0
2080070350,0,28470075,2847007,83.8,116,0.0
2080070360,0,28470076,2847007,301.0,1270,0.0
2080070370,0,28470077,2847007,502.8,633,0.0
2080070400,0,28470078,2847007,365.1,1189,0.0
2080070410,0,28470079,2847007,193.5,639,0.0
2080855780,2080856790,29210991,2921099,118.6,2031,321.9
2080855500,2080855780,29210993,2921099,107.1,1866,330.6
2080855600,2080855780,29210992,2921099,276.4,2205,330.7
2080854660,2080855500,29210995,2921099,411.2,2057,342.7
2080854450,2080855500,29210994,2921099,500.2,2356,342.7
2080854270,2080854660,29210997,2921099,150.0,2138,369.6
2080854170,2080854660,29210996,2921099,533.5,2481,369.8
2080854020,2080854270,29210999,2921099,1005.5,2493,373.9
2080854100,2080854270,29210998,2921099,763.2,2236,373.9
2080098580,2080017430,21605080,2160508,98.0,1269,0.0
3080198630,3080194170,31210801,3121080,824.5,48,251.3
3080191230,3080198630,31210802,3121080,586.1,95,308.2
3080191080,3080198630,31210803,3121080,66.7,34,308.5
3080188390,3080191080,31210804,3121080,847.3,371,324.4
3080188400,3080191080,31210805,3121080,43.9,43,324.5
3080187880,3080188400,31210807,3121080,1.8,27,330.7
3080187700,3080188400,31210806,3121080,372.3,306,330.9
3080187890,3080187880,31210809,3121080,1593.7,362,332.7
3080188040,3080187880,31210808,3121080,261.0,73,332.9
3080435980,3080443080,31243831,3124383,999.2,67,2223.0
3080429600,3080435980,31243833,3124383,892.7,79,2299.2
3080429960,3080435980,31243832,3124383,281.2,83,2299.2
3080460330,3080458330,31246201,3124620,122.8,58,2341.6
3080427860,3080429600,31243834,3124383,570.5,93,2367.4
3080427870,3080429600,31243835,3124383,26.4,73,2367.5
3080457780,3080460330,31246202,3124620,941.7,82,2368.8
3080457640,3080460330,31246203,3124620,1452.9,90,2369.1
3080427720,3080427870,31243837,3124383,30.1,69,2378.8
3080427880,3080427870,31243836,3124383,1604.7,94,2379.0
3080427600,3080427720,31243839,3124383,265.0,78,2383.7
3080427730,3080427720,31243838,3124383,307.3,95,2383.9
3080453050,3080456640,31244511,3124451,752.6,70,2426.9
3080443090,3080457640,31246204,3124620,1861.7,124,2459.4
3080443100,3080457640,31246205,3124620,202.1,100,2459.5
3080441610,3080443100,31246206,3124620,1245.3,115,2483.1
3080441530,3080443100,31246207,3124620,301.6,110,2483.3
3080449400,3080453050,31244513,3124451,190.9,74,2485.4
3080449220,3080453050,31244512,3124451,674.7,82,2485.5
3080449120,3080449400,31244515,3124451,1060.5,80,2505.7
3080449030,3080449400,31244514,3124451,679.8,87,2505.8
3080436910,3080441530,31246209,3124620,2188.0,136,2512.4
3080436730,3080441530,31246208,3124620,670.1,134,2512.5
3080449980,3080449120,31244516,3124451,1248.2,91,2571.4
3080450210,3080449120,31244517,3124451,9.0,60,2571.5
3080450980,3080450210,31244519,3124451,748.0,83,2574.8
3080450990,3080450210,31244518,3124451,678.6,99,2574.8
3080528980,3080515430,31293411,3129341,10.1,71,2673.3
3080528990,3080528980,31293412,3129341,184.6,132,2676.1
3080529100,3080528980,31293413,3129341,254.7,97,2676.2
3080534390,3080529100,31293414,3129341,179.7,126,2706.5
3080534520,3080529100,31293415,3129341,101.2,86,2706.7
3080535230,3080534520,31293417,3129341,1068.1,108,2720.3
3080535150,3080534520,31293416,3129341,552.9,130,2720.5
3080523990,3080517780,31248211,3124821,6689.5,144,2766.4
3080537160,3080535230,31293419,3129341,240.1,103,2768.7
3080537030,3080535230,31293418,3129341,486.3,130,2768.8
3080451380,3080451390,31262801,3126280,1084.4,120,2809.7
3080451750,3080451380,31262803,3126280,479.6,124,2862.0
3080451860,3080451380,31262802,3126280,3093.5,258,2862.1
3080545710,3080523990,31248212,3124821,893.2,200,2888.6
3080545840,3080523990,31248213,3124821,421.1,144,2888.8
3080448210,3080451750,31262804,3126280,326.8,181,2894.2
3080448130,3080451750,31262805,3126280,287.5,171,2894.3
3080549140,3080545840,31248214,3124821,1501.8,183,2902.7
3080549150,3080545840,31248215,3124821,2311.0,187,2902.8
3080443670,3080448130,31262806,3126280,294.8,166,2917.8
3080443550,3080448130,31262807,3126280,684.7,228,2917.9
3080441580,3080443550,31262809,3126280,819.9,467,2974.6
3080441910,3080443550,31262808,3126280,306.5,383,2974.6
3080560240,3080549150,31248217,3124821,2870.4,201,2999.8
3080560310,3080549150,31248216,3124821,1144.7,222,3000.1
3080577220,3080566240,31248341,3124834,3252.2,196,3054.4
3080574270,3080560240,31248218,3124821,1828.1,212,3094.5
3080574010,3080560240,31248219,3124821,2533.3,241,3094.6
3080542990,3080530230,31249461,3124946,484.4,220,3107.5
3080539010,3080533480,31249651,3124965,2.0,118,3146.1
3080539210,3080539010,31249652,3124965,988.8,193,3148.3
3080539330,3080539010,31249653,3124965,4.9,122,3148.4
3080574370,3080577100,31294131,3129413,225.8,104,3150.6
3080540110,3080539330,31249654,3124965,282.9,167,3152.4
3080540250,3080539330,31249655,3124965,325.4,159,3152.6
3080552500,3080542990,31249462,3124946,496.7,281,3161.2
3080552590,3080542990,31249463,3124946,8.8,199,3161.4
3080553400,3080552590,31249464,3124946,1126.0,265,3164.6
3080553390,3080552590,31249465,3124946,23.1,216,3164.7
3080575110,3080574370,31294133,3129413,895.8,105,3168.0
3080575210,3080574370,31294132,3129413,487.8,107,3168.1
3080554100,3080553390,31249466,3124946,400.0,235,3173.1
3080553890,3080553390,31249467,3124946,872.0,240,3173.2
3080544310,3080540250,31249657,3124965,109.4,147,3178.1
3080544530,3080540250,31249656,3124965,1351.1,272,3178.2
3080545590,3080544310,31249659,3124965,142.6,162,3188.4
3080545380,3080544310,31249658,3124965,463.4,210,3188.4
3080572310,3080575110,31294134,3129413,574.8,106,3207.0
3080572320,3080575110,31294135,3129413,715.1,104,3207.1
3080572050,3080577220,31248342,3124834,866.6,209,3218.1
3080572030,3080577220,31248343,3124834,2971.7,210,3218.3
3080568330,3080572320,31294137,3129413,170.2,102,3241.6
3080568190,3080572320,31294136,3129413,828.9,106,3241.7
3080565560,3080568330,31294138,3129413,607.1,108,3263.3
3080565430,3080568330,31294139,3129413,10.9,97,3263.5
3080576780,3080572030,31248345,3124834,1817.8,210,3304.1
3080576890,3080572030,31248344,3124834,1751.7,250,3304.3
3080606700,3080605600,31248261,3124826,472.8,290,3365.5
3080583540,3080576780,31248346,3124834,1424.2,266,3393.8
3080583620,3080576780,31248347,3124834,407.7,212,3394.1
3080612620,3080606700,31248262,3124826,274.1,356,3412.6
3080612750,3080606700,31248263,3124826,928.8,358,3412.8
3080606710,3080606550,31248281,3124828,179.4,358,3418.7
3080588250,3080583620,31248349,3124834,1370.9,299,3426.5
3080588260,3080583620,31248348,3124834,3833.8,285,3426.6
3080608040,3080606710,31248283,3124828,658.0,466,3435.3
3080607730,3080606710,31248282,3124828,3597.4,780,3435.5
3080608660,3080608040,31248284,3124828,785.2,863,3468.3
3080608670,3080608040,31248285,3124828,132.5,461,3468.5
3080618910,3080612750,31248264,3124826,2263.8,511,3469.0
3080619010,3080612750,31248265,3124826,301.9,369,3469.1
3080609390,3080608670,31248287,3124828,1881.4,858,3485.7
3080609620,3080608670,31248286,3124828,501.8,728,3485.7
3080605310,3080611950,31248431,3124843,1257.1,189,3504.1
3080624580,3080619010,31248267,3124826,979.9,478,3521.9
3080624620,3080619010,31248266,3124826,975.1,465,3521.9
3080614310,3080609390,31248288,3124828,1103.4,886,3556.6
3080614190,3080609390,31248289,3124828,853.9,998,3556.8
3080601130,3080605310,31248433,3124843,331.4,191,3594.9
3080601040,3080605310,31248432,3124843,446.3,251,3595.0
3080630770,3080624580,31248268,3124826,622.6,632,3597.2
3080630550,3080624580,31248269,3124826,1440.9,627,3597.3
3080602100,3080601130,31248435,3124843,777.2,213,3625.9
3080602110,3080601130,31248434,3124843,1164.1,259,3625.9
3080605160,3080602100,31248436,3124843,638.0,257,3675.8
3080605240,3080602100,31248437,3124843,214.7,206,3675.9
3080607590,3080605240,31248438,3124843,126.4,226,3693.7
3080607600,3080605240,31248439,3124843,5.3,169,3693.8
3080635830,3080636040,31248761,3124876,211.2,179,3715.3
3080639090,3080635830,31248763,3124876,190.1,216,3740.9
3080638970,3080635830,31248762,3124876,635.5,271,3741.1
3080642740,3080639090,31248765,3124876,511.0,355,3762.5
3080642750,3080639090,31248764,3124876,296.0,496,3762.5
3080645110,3080642740,31248766,3124876,259.2,531,3794.0
3080645190,3080642740,31248767,3124876,1070.3,708,3794.1
3080651490,3080645190,31248769,3124876,2152.0,1245,3848.5
3080651320,3080645190,31248768,3124876,271.3,824,3848.6
3080657170,3080656290,31248691,3124869,1703.3,654,3910.3
3080548960,3080550510,31249971,3124997,404.2,308,3967.6
3080658590,3080657170,31248692,3124869,887.8,861,3974.6
3080658690,3080657170,31248693,3124869,1281.3,1083,3974.8
3080646880,3080638990,31248851,3124885,97.6,546,4001.4
3080549250,3080548960,31249972,3124997,552.6,318,4006.6
3080549340,3080548960,31249973,3124997,3659.6,389,4006.8
3080648450,3080646880,31248853,3124885,1541.3,986,4013.7
3080648550,3080646880,31248852,3124885,1184.3,1204,4013.7
3080664000,3080658690,31248695,3124869,704.7,1404,4028.1
3080664070,3080658690,31248694,3124869,618.4,1560,4028.3
3080665180,3080664000,31248697,3124869,1180.6,1388,4053.1
3080665260,3080664000,31248696,3124869,1084.9,1670,4053.1
3080654440,3080648450,31248854,3124885,480.0,1537,4077.3
3080654580,3080648450,31248855,3124885,5.9,620,4077.5
3080655110,3080654580,31248857,3124885,201.2,1373,4080.3
3080655100,3080654580,31248856,3124885,477.7,1594,4080.3
3080656800,3080655110,31248858,3124885,595.1,1628,4091.4
3080656910,3080655110,31248859,3124885,416.6,1493,4091.5
3080667120,3080665180,31248699,3124869,431.4,1586,4101.4
3080666910,3080665180,31248698,3124869,792.9,1328,4101.4
3080568950,3080549340,31249975,3124997,1977.1,403,4146.0
3080568840,3080549340,31249974,3124997,531.4,406,4146.1
3080573900,3080568950,31249976,3124997,449.5,446,4228.7
3080574150,3080568950,31249977,3124997,62.4,386,4228.8
3080574770,3080574150,31249979,3124997,768.5,464,4237.0
3080574860,3080574150,31249978,3124997,469.0,470,4237.1
3080723840,3080722420,31299741,3129974,99.1,511,5138.6
3080722810,3080723840,31299743,3129974,82.0,579,5159.1
3080722740,3080723840,31299742,3129974,928.7,1115,5159.2
3080722820,3080722810,31299745,3129974,1178.6,724,5164.4
3080722670,3080722810,31299744,3129974,413.9,712,5164.4
3080721590,3080722820,31299746,3129974,577.8,1240,5219.2
3080721580,3080722820,31299747,3129974,525.4,1166,5219.3
3080717420,3080721580,31299749,3129974,988.1,2392,5259.3
3080717350,3080721580,31299748,3129974,341.8,2331,5259.5
3080002000,0,31320101,3132010,707.6,11,0.0
3080217650,3080002000,31320102,3132010,222.0,24,73.1
3080217660,3080002000,31320103,3132010,109.5,8,73.2
3080220370,3080217660,31320104,3132010,4861.2,26,83.7
3080220440,3080217660,31320105,3132010,266.5,22,83.8
3080222090,3080220440,31320106,3132010,159.0,11,90.5
3080222220,3080220440,31320107,3132010,182.6,16,90.7
3080224380,3080222220,31320108,3132010,182.2,14,101.2
3080224500,3080222220,31320109,3132010,253.2,13,101.3
3080220890,3080216990,32221201,3222120,60.4,214,791.7
3080219000,3080220890,32221202,3222120,1644.0,443,804.0
3080218850,3080220890,32221203,3222120,91.1,248,804.2
3080217230,3080218850,32221204,3222120,688.8,387,812.9
3080217100,3080218850,32221205,3222120,6.4,116,813.1
3080216460,3080217100,32221207,3222120,439.8,280,815.6
3080216340,3080217100,32221206,3222120,700.6,303,815.7
3080213820,3080216460,32221208,3222120,2886.3,362,853.0
3080213660,3080216460,32221209,3222120,2214.4,332,853.2
3080274280,3080273790,32227081,3222708,657.9,403,1562.9
3080283790,3080274280,32227083,3222708,2564.6,426,1595.0
3080283780,3080274280,32227082,3222708,3441.9,447,1595.1
3080257160,3080259300,32228211,3222821,837.4,430,1643.3
3080291650,3080283790,32227085,3222708,1669.8,436,1674.5
3080291770,3080283790,32227084,3222708,828.0,576,1674.7
3080250460,3080257160,32228212,3222821,713.2,551,1679.0
3080250450,3080257160,32228213,3222821,894.4,461,1679.0
3080244300,3080250450,32228215,3222821,54.5,360,1720.7
3080244090,3080250450,32228214,3222821,364.5,523,1720.9
3080243620,3080244300,32228217,3222821,455.0,464,1728.7
3080243750,3080244300,32228216,3222821,246.9,546,1728.9
3080301160,3080291650,32227086,3222708,940.0,570,1740.6
3080301170,3080291650,32227087,3222708,664.5,396,1740.7
3080239030,3080243620,32228219,3222821,211.8,435,1750.0
3080238920,3080243620,32228218,3222821,265.6,560,1750.3
3080302780,3080301170,32227089,3222708,2657.9,405,1763.2
3080302610,3080301170,32227088,3222708,898.5,386,1763.5
3080453470,3080460530,32258031,3225803,121.0,339,1816.2
3080483880,3080482680,32271001,3227100,494.2,173,1817.4
3080451410,3080453470,32258032,3225803,338.6,426,1833.0
3080451300,3080453470,32258033,3225803,34.1,305,1833.2
3080450480,3080451300,32258035,3225803,775.8,401,1841.5
3080450470,3080451300,32258034,3225803,904.0,486,1841.5
3080481620,3080483880,32271003,3227100,289.6,159,1846.8
3080481420,3080483880,32271002,3227100,1892.3,336,1846.9
3080482870,3080481620,32271005,3227100,81.3,120,1864.4
3080482700,3080481620,32271004,3227100,463.3,241,1864.5
3080447130,3080450480,32258037,3225803,258.6,381,1866.6
3080446970,3080450480,32258036,3225803,640.4,463,1866.7
3080483750,3080482870,32271007,3227100,87.9,198,1875.9
3080483890,3080482870,32271006,3227100,226.1,172,1876.0
3080483580,3080483750,32271009,3227100,205.9,163,1879.8
3080483380,3080483750,32271008,3227100,336.1,281,1879.8
3080446700,3080447130,32258039,3225803,20.9,297,1894.5
3080446980,3080447130,32258038,3225803,1053.2,493,1894.5
3080541110,3080540910,32272451,3227245,284.3,285,2483.8
3080546940,3080541110,32272453,3227245,116.0,263,2513.2
3080547070,3080541110,32272452,3227245,1054.2,377,2513.3
3080548440,3080546940,32272454,3227245,117.1,330,2524.9
3080548430,3080546940,32272455,3227245,125.6,315,2525.0
3080548280,3080548430,32272457,3227245,644.1,314,2529.7
3080548420,3080548430,32272456,3227245,241.0,375,2529.8
3080551240,3080548280,32272459,3227245,41.0,314,2581.6
3080551050,3080548280,32272458,3227245,249.5,358,2581.8
3080624900,3080624540,32266501,3226650,0.5,387,2700.3
3080624910,3080624900,32266502,3226650,159.8,712,2700.7
3080625070,3080624900,32266503,3226650,102.7,609,2700.9
3080628430,3080625070,32266504,3226650,394.2,778,2720.6
3080628520,3080625070,32266505,3226650,173.2,679,2720.7
3080630350,3080628520,32266507,3226650,417.6,872,2736.5
3080630450,3080628520,32266506,3226650,2371.7,1013,2736.6
3080642780,3080632510,32267401,3226740,558.9,1231,2888.8
3080643050,3080642780,32267403,3226740,262.1,1145,2927.9
3080643180,3080642780,32267402,3226740,377.5,1390,2928.0
3080641580,3080643050,32267405,3226740,1522.0,1192,2944.9
3080641830,3080643050,32267404,3226740,378.4,1271,2945.0
3080638020,3080641580,32267406,3226740,376.1,1112,2978.4
3080637850,3080641580,32267407,3226740,1391.0,1339,2978.5
3080632900,3080637850,32267409,3226740,1258.8,1486,3021.7
3080632910,3080637850,32267408,3226740,537.1,1458,3021.7
3080568390,3080567270,32274251,3227425,2170.2,498,3188.3
3080458220,3080452380,32229871,3222987,230.9,419,3241.4
3080460920,3080458220,32229872,3222987,305.6,429,3253.3
3080461040,3080458220,32229873,3222987,434.3,401,3253.4
3080466710,3080461040,32229874,3222987,584.4,452,3282.7
3080466860,3080461040,32229875,3222987,697.7,424,3282.8
3080582710,3080568390,32274252,3227425,448.8,530,3307.6
3080582800,3080568390,32274253,3227425,456.8,537,3307.7
3080586750,3080582800,32274254,3227425,1499.6,566,3339.5
3080586850,3080582800,32274255,3227425,94.8,512,3339.6
3080477160,3080466860,32229877,3222987,203.4,397,3340.1
3080477150,3080466860,32229876,3222987,263.1,458,3340.1
3080588140,3080586850,32274257,3227425,99.7,527,3360.6
3080587970,3080586850,32274256,3227425,589.4,527,3360.6
3080481490,3080477160,32229878,3222987,762.3,486,3364.4
3080481670,3080477160,32229879,3222987,838.6,450,3364.6
3080590480,3080588140,32274259,3227425,827.9,506,3377.9
3080590620,3080588140,32274258,3227425,630.0,545,3378.0
3080606020,3080604510,32275171,3227517,30.5,399,3394.0
3080608830,3080606020,32275173,3227517,89.5,404,3407.6
3080608820,3080606020,32275172,3227517,497.0,475,3407.6
3080611730,3080608830,32275175,3227517,8.5,394,3422.9
3080611720,3080608830,32275174,3227517,284.8,529,3422.9
3080612550,3080611730,32275176,3227517,260.3,494,3428.6
3080612630,3080611730,32275177,3227517,171.1,476,3428.6
3080618670,3080612630,32275178,3227517,1670.6,545,3459.0
3080618740,3080612630,32275179,3227517,158.0,519,3459.1
3080641980,3080641600,32268481,3226848,428.7,1303,3552.8
3080646350,3080641980,32268483,3226848,59.9,1314,3581.1
3080646360,3080641980,32268482,3226848,619.1,1558,3581.1
3080647320,3080646350,32268485,3226848,240.4,1403,3588.1
3080647400,3080646350,32268484,3226848,553.2,1691,3588.2
3080648330,3080647320,32268486,3226848,297.2,1801,3608.8
3080648340,3080647320,32268487,3226848,82.8,1522,3609.0
3080648200,3080648340,32268488,3226848,220.0,1713,3624.3
3080647980,3080648340,32268489,3226848,525.6,1758,3624.4
3080650550,3080649550,32275841,3227584,272.3,549,3695.3
3080651960,3080650550,32275843,3227584,15.7,449,3709.8
3080652030,3080650550,32275842,3227584,334.7,587,3709.9
3080652020,3080651960,32275845,3227584,10.7,449,3713.8
3080652160,3080651960,32275844,3227584,1308.0,1372,3713.9
3080652150,3080652020,32275847,3227584,701.7,718,3716.6
3080652010,3080652020,32275846,3227584,522.8,677,3716.7
3080652460,3080652150,32275848,3227584,1393.5,779,3735.5
3080652570,3080652150,32275849,3227584,1191.4,1348,3735.7
3080624730,3080626110,32276401,3227640,502.5,451,3942.7
3080625160,3080624730,32276402,3227640,705.8,874,3993.2
3080625170,3080624730,32276403,3227640,293.2,666,3993.3
3080614240,3080616770,32276611,3227661,319.2,449,4016.3
3080624550,3080625170,32276404,3227640,303.8,1112,4024.8
3080624410,3080625170,32276405,3227640,1084.2,953,4024.8
3080614250,3080614240,32276613,3227661,356.3,462,4045.0
3080614090,3080614240,32276612,3227661,487.8,582,4045.1
3080614340,3080614250,32276614,3227661,416.8,720,4077.8
3080614100,3080614250,32276615,3227661,64.1,519,4077.9
3080622480,3080624410,32276407,3227640,798.8,1107,4082.4
3080622340,3080624410,32276406,3227640,795.7,1146,4082.5
3080613840,3080614100,32276617,3227661,2058.5,873,4084.3
3080613950,3080614100,32276616,3227661,386.6,745,4084.3
3080621980,3080622480,32276409,3227640,1159.5,1267,4143.3
3080621890,3080622480,32276408,3227640,671.9,1241,4143.4
3080608710,3080613840,32276618,3227661,372.8,881,4147.5
3080608620,3080613840,32276619,3227661,5.7,470,4147.7
3080680250,3080685780,32278501,3227850,92.1,903,4419.3
3080678810,3080680250,32278502,3227850,500.6,1091,4440.6
3080678820,3080680250,32278503,3227850,161.3,988,4440.7
3080548610,3080550540,32276801,3227680,358.2,543,4454.7
3080548460,3080550540,32276901,3227690,599.7,780,4454.9
3080677930,3080678820,32278504,3227850,231.7,980,4455.1
3080677880,3080678820,32278505,3227850,359.6,1032,4455.3
3080676580,3080677880,32278506,3227850,353.5,1160,4473.2
3080676460,3080677880,32278507,3227850,1287.6,1078,4473.4
3080548470,3080548610,32276802,3227680,269.7,770,4498.8
3080548620,3080548610,32276803,3227680,143.7,864,4498.9
3080541140,3080548460,32276902,3227690,316.8,761,4507.8
3080540940,3080548460,32276903,3227690,761.3,657,4508.0
3080552790,3080548620,32276804,3227680,1909.5,1357,4523.1
3080552970,3080548620,32276805,3227680,27.0,839,4523.2
3080673750,3080676460,32278509,3227850,2.9,817,4526.7
3080673590,3080676460,32278508,3227850,157.1,1123,4526.8
3080553660,3080552970,32276807,3227680,851.5,1147,4531.1
3080553520,3080552970,32276806,3227680,777.2,1335,4531.3
3080540320,3080540940,32276905,3227690,98.9,546,4551.6
3080540160,3080540940,32276904,3227690,2003.3,1103,4551.7
3080541280,3080540320,32276907,3227690,832.1,986,4567.9
3080541540,3080540320,32276906,3227690,1205.5,1222,4567.9
3080563630,3080553660,32276809,3227680,502.1,1552,4592.9
3080563640,3080553660,32276808,3227680,554.6,1583,4592.9
3080538370,3080541280,32276909,3227690,1110.6,1405,4627.9
3080538490,3080541280,32276908,3227690,1036.1,1464,4628.1
3080406650,3080403520,34256031,3425603,81.9,301,2205.4
3080409040,3080406650,34256032,3425603,459.5,425,2222.4
3080409240,3080406650,34256033,3425603,610.2,389,2222.6
3080414010,3080409240,34256035,3425603,666.9,404,2242.9
3080414130,3080409240,34256034,3425603,383.8,435,2243.1
3080415550,3080414010,34256036,3425603,590.1,449,2278.4
3080415720,3080414010,34256037,3425603,570.7,447,2278.5
3080421510,3080415720,34256039,3425603,358.4,485,2321.5
3080421520,3080415720,34256038,3425603,414.5,488,2321.5
3080411570,3080402820,34271001,3427100,313.3,207,2418.4
3080410800,3080409790,34245101,3424510,29.0,156,2421.4
3080410790,3080410800,34245102,3424510,1574.8,259,2427.1
3080411060,3080410800,34245103,3424510,117.6,171,2427.1
3080412210,3080411570,34271003,3427100,29.7,152,2439.6
3080412020,3080411570,34271002,3427100,507.6,296,2439.7
3080414930,3080411060,34245104,3424510,781.8,253,2442.7
3080415110,3080411060,34245105,3424510,2079.0,249,2442.9
3080412750,3080412210,34271004,3427100,1745.8,339,2444.4
3080413090,3080412210,34271005,3427100,43.4,140,2444.5
3080414250,3080413090,34271007,3427100,356.1,224,2450.4
3080413990,3080413090,34271006,3427100,637.5,333,2450.4
3080418540,3080414250,34271009,3427100,287.0,247,2470.7
3080418650,3080414250,34271008,3427100,471.6,307,2470.8
3080427800,3080415110,34245107,3424510,705.9,255,2506.3
3080427550,3080415110,34245106,3424510,1205.8,290,2506.3
3080435390,3080427800,34245109,3424510,428.7,273,2539.3
3080435080,3080427800,34245108,3424510,1696.7,292,2539.3
3080423340,3080425500,34274011,3427401,155.5,319,2684.2
3080424610,3080423340,34274013,3427401,285.2,307,2710.8
3080424700,3080423340,34274012,3427401,502.1,561,2710.9
3080421220,3080424610,34274015,3427401,652.5,358,2737.2
3080421230,3080424610,34274014,3427401,272.7,471,2737.2
3080417140,3080421220,34274017,3427401,232.6,429,2774.9
3080416770,3080421220,34274016,3427401,305.4,437,2775.0
3080419690,3080417140,34274019,3427401,684.2,475,2793.8
3080419680,3080417140,34274018,3427401,1109.9,433,2793.8
3080464610,3080461230,34249111,3424911,629.4,511,3158.6
3080461560,3080464610,34249113,3424911,659.6,522,3196.6
3080461350,3080464610,34249112,3424911,794.9,546,3196.8
3080458830,3080461560,34249115,3424911,42.7,392,3225.2
3080459090,3080461560,34249114,3424911,602.1,679,3225.2
3080457270,3080458830,34249116,3424911,910.8,488,3230.4
3080457120,3080458830,34249117,3424911,8.4,331,3230.7
3080456560,3080457120,34249119,3424911,389.4,425,3233.7
3080456700,3080457120,34249118,3424911,254.6,518,3233.8
3080503210,3080499650,34293501,3429350,279.3,638,3509.8
3080501620,3080503210,34293502,3429350,784.1,919,3526.4
3080501630,3080503210,34293503,3429350,486.9,763,3526.5
3080521320,3080520520,34248901,3424890,70.6,853,3535.6
3080494540,3080494650,34286101,3428610,156.4,338,3546.6
3080523750,3080521320,34248902,3424890,1440.4,907,3551.3
3080523430,3080521320,34248903,3424890,726.2,995,3551.3
3080499220,3080501630,34293505,3429350,301.9,849,3554.9
3080499400,3080501630,34293504,3429350,420.8,950,3554.9
3080499610,3080494540,34286103,3428610,509.7,401,3571.2
3080499620,3080494540,34286102,3428610,298.6,467,3571.2
3080494210,3080499220,34293507,3429350,1473.4,980,3579.7
3080494010,3080499220,34293506,3429350,314.3,1143,3579.9
3080530270,3080523430,34248905,3424890,680.1,932,3594.8
3080530360,3080523430,34248904,3424890,1214.7,1046,3594.9
3080509100,3080499610,34286105,3428610,242.6,508,3608.8
3080509110,3080499610,34286104,3428610,269.7,507,3608.8
3080510590,3080509100,34286107,3428610,11.1,343,3622.7
3080510360,3080509100,34286106,3428610,1957.8,487,3622.7
3080511340,3080510590,34286109,3428610,111.4,348,3627.6
3080511440,3080510590,34286108,3428610,1510.3,516,3627.8
3080502380,3080494210,34293509,3429350,704.2,888,3628.5
3080502590,3080494210,34293508,3429350,1613.5,1110,3628.8
3080540500,3080530270,34248907,3424890,152.4,900,3647.5
3080540580,3080530270,34248906,3424890,1823.2,1084,3647.7
3080542190,3080540500,34248909,3424890,2013.2,994,3657.8
3080541860,3080540500,34248908,3424890,387.8,960,3657.9
3080555250,3080546960,34295061,3429506,499.2,799,3922.1
3080559650,3080555250,34295063,3429506,378.8,1054,3951.0
3080559760,3080555250,34295062,3429506,340.6,1020,3951.1
3080561440,3080559650,34295065,3429506,117.2,1082,3974.6
3080561670,3080559650,34295064,3429506,633.8,1393,3974.8
3080561100,3080561440,34295067,3429506,444.0,1314,3989.4
3080561190,3080561440,34295066,3429506,449.4,1602,3989.6
3080558440,3080561100,34295069,3429506,681.3,1665,4020.6
3080558620,3080561100,34295068,3429506,600.0,1634,4020.6
3080548020,3080544000,34289201,3428920,700.1,682,4027.6
3080555870,3080548020,34289202,3428920,285.9,850,4072.0
3080555880,3080548020,34289203,3428920,35.9,644,4072.1
3080556870,3080555880,34289204,3428920,384.7,892,4078.4
3080556970,3080555880,34289205,3428920,205.5,811,4078.6
3080559470,3080556970,34289206,3428920,450.6,958,4091.9
3080559590,3080556970,34289207,3428920,413.9,893,4092.0
3080564080,3080559590,34289208,3428920,370.2,995,4111.6
3080564180,3080559590,34289209,3428920,787.6,955,4111.9
3080581920,3080576820,34289701,3428970,1646.0,730,4218.4
3080595840,3080581920,34289703,3428970,99.3,677,4311.3
3080595730,3080581920,34289702,3428970,247.8,846,4311.3
3080598240,3080595840,34289704,3428970,3200.8,883,4327.1
3080598350,3080595840,34289705,3428970,536.5,717,4327.1
3080602040,3080598350,34289706,3428970,2588.9,751,4370.6
3080602170,3080598350,34289707,3428970,133.6,695,4370.8
3080603550,3080602170,34289709,3428970,99.5,594,4378.6
3080603610,3080602170,34289708,3428970,240.4,831,4378.9
3080162220,3080159210,35124411,3512441,3.3,136,675.3
3080162600,3080162220,35124413,3512441,477.6,289,677.3
3080162610,3080162220,35124412,3512441,625.2,351,677.4
3080171060,3080162600,35124414,3512441,333.2,338,718.0
3080171120,3080162600,35124415,3512441,255.7,282,718.2
3080175790,3080171120,35124417,3512441,360.9,333,739.5
3080175800,3080171120,35124416,3512441,745.8,369,739.6
3080177000,3080175790,35124418,3512441,238.8,316,758.2
3080177110,3080175790,35124419,3512441,375.7,321,758.4
3080267360,3080268900,35149231,3514923,178.7,727,1316.8
3080262030,3080267360,35149233,3514923,189.6,752,1334.7
3080262040,3080267360,35149232,3514923,638.3,875,1334.8
3080258520,3080262030,35149235,3514923,681.7,951,1350.9
3080258530,3080262030,35149234,3514923,345.6,978,1350.9
3080254910,3080258520,35149237,3514923,462.9,974,1374.5
3080254780,3080258520,35149236,3514923,447.2,1095,1374.7
3080252840,3080254910,35149239,3514923,200.0,972,1390.3
3080252670,3080254910,35149238,3514923,479.4,1176,1390.5
3080181070,3080178280,35182291,3518229,1907.9,398,405.0
3080183250,3080181070,35182292,3518229,2427.6,546,446.4
3080183500,3080181070,35182293,3518229,708.5,422,446.6
3080152040,3080152390,35182911,3518291,463.5,403,452.3
3080151210,3080152040,35182913,3518291,944.0,599,462.5
3080151050,3080152040,35182912,3518291,752.7,525,462.6
3080186060,3080183500,35182294,3518229,1892.9,642,468.9
3080185890,3080183500,35182295,3518229,22.2,305,469.1
3080185490,3080185890,35182297,3518229,3150.9,511,474.4
3080185600,3080185890,35182296,3518229,4228.7,784,474.6
3080154940,3080151210,35182915,3518291,25.0,293,511.9
3080154950,3080151210,35182914,3518291,667.0,660,511.9
3080156280,3080154940,35182917,3518291,343.9,598,519.8
3080156100,3080154940,35182916,3518291,686.9,735,519.8
3080160500,3080156280,35182919,3518291,276.0,534,538.2
3080160490,3080156280,35182918,3518291,290.5,627,538.3
3080188600,3080185490,35182298,3518229,1631.8,610,540.6
3080188530,3080185490,35182299,3518229,5331.0,734,540.8
3080323760,3080320900,35189711,3518971,404.1,320,1468.2
3080336200,3080323760,35189713,3518971,1332.2,443,1514.5
3080336210,3080323760,35189712,3518971,1794.7,656,1514.6
3080333290,3080336200,35189714,3518971,357.1,610,1612.5
3080333070,3080336200,35189715,3518971,556.5,498,1612.8
3080329490,3080333070,35189717,3518971,58.1,468,1644.1
3080329330,3080333070,35189716,3518971,991.7,597,1644.3
3080329320,3080329490,35189719,3518971,16.6,611,1653.1
3080329150,3080329490,35189718,3518971,1644.3,650,1653.3
3080349720,3080344840,35189761,3518976,1434.9,820,1735.9
3080357900,3080349720,35189762,3518976,2307.3,792,1778.0
3080358030,3080349720,35189763,3518976,2297.4,914,1778.2
3080367500,3080360400,35189781,3518978,1473.1,836,1833.7
3080373220,3080358030,35189764,3518976,2563.3,916,1843.8
3080373230,3080358030,35189765,3518976,393.5,838,1843.9
3080376460,3080373230,35189766,3518976,959.1,908,1867.6
3080376550,3080373230,35189767,3518976,1709.0,931,1867.8
3080379920,3080367500,35189783,3518978,602.8,891,1899.3
3080379930,3080367500,35189782,3518978,505.2,851,1899.4
3080385630,3080379920,35189784,3518978,556.6,863,1923.7
3080385820,3080379920,35189785,3518978,10.0,595,1923.9
3080386010,3080385820,35189786,3518978,645.7,941,1927.8
3080386150,3080385820,35189787,3518978,269.2,767,1928.1
3080394130,3080376550,35189769,3518976,937.4,1038,1932.5
3080394300,3080376550,35189768,3518976,808.5,989,1932.8
3080390100,3080386150,35189788,3518978,749.0,984,1952.7
3080390090,3080386150,35189789,3518978,1554.5,838,1952.8
3080250860,3080248710,35414771,3541477,800.1,71,384.0
3080251990,3080250860,35414773,3541477,0.2,77,480.8
3080252100,3080250860,35414772,3541477,145.0,208,480.9
3080251980,3080251990,35414775,3541477,25.8,108,481.0
3080251860,3080251990,35414774,3541477,1010.6,454,481.2
3080252460,3080251980,35414777,3541477,94.6,260,487.2
3080252570,3080251980,35414776,3541477,180.8,195,487.4
3080251850,3080252460,35414778,3541477,1380.9,337,494.5
3080251700,3080252460,35414779,3541477,159.2,264,494.7
3080553830,3080551900,35424601,3542460,175.1,83,288.4
3080554330,3080553830,35424603,3542460,639.4,282,291.3
3080554030,3080553830,35424602,3542460,3781.9,932,291.3
3080557920,3080554330,35424604,3542460,814.3,550,314.0
3080558070,3080554330,35424605,3542460,68.1,87,314.2
3080559840,3080558070,35424607,3542460,553.0,232,323.7
3080559830,3080558070,35424606,3542460,704.4,785,323.8
3080567820,3080559840,35424609,3542460,843.0,724,365.5
3080567970,3080559840,35424608,3542460,878.1,466,365.7
3080584150,3080586920,31201491,3120149,1214.7,114,127.8
3080577780,3080584150,31201493,3120149,1673.3,132,217.1
3080577720,3080584150,31201492,3120149,430.9,130,217.2
3080570480,3080577780,31201495,3120149,526.4,135,306.5
3080570280,3080577780,31201494,3120149,270.3,135,306.6
3080567030,3080570480,31201497,3120149,1627.8,140,334.7
3080566840,3080570480,31201496,3120149,169.2,138,334.8
3080560850,3080567030,31201499,3120149,907.9,146,405.9
3080560770,3080567030,31201498,3120149,190.4,143,405.9
3080623560,3080623540,31204551,3120455,844.7,124,36.5
3080619800,3080623560,31204552,3120455,685.4,160,81.1
3080619810,3080623560,31204553,3120455,97.2,133,81.2
3080619490,3080619810,31204555,3120455,53.5,133,85.9
3080619380,3080619810,31204554,3120455,379.2,185,86.1
3080618810,3080619490,31204557,3120455,530.5,139,91.3
3080618690,3080619490,31204556,3120455,212.8,140,91.4
3080024470,3080496490,31290311,3129031,1.0,52,0.0
3080603450,3080024470,31290312,3129031,326.7,103,0.1
3080603310,3080024470,31290314,3129031,2328.3,97,0.2
3080603510,3080024470,31290313,3129031,373.8,93,0.3
3080948250,3080603510,31290315,3129031,148.4,90,15.9
3080608120,3080948250,31290317,3129031,3.0,60,28.0
3080608250,3080948250,31290316,3129031,979.3,128,28.1
3080608110,3080608120,31290318,3129031,1982.9,138,29.1
3080608240,3080608120,31290319,3129031,1591.6,185,29.1
4080152350,4080153750,42249641,4224964,178.5,434,2801.0
4080149970,4080152350,42249643,4224964,698.4,549,2825.6
4080149980,4080152350,42249642,4224964,1200.4,604,2825.6
4080148510,4080149970,42249644,4224964,377.4,647,2875.2
4080148560,4080149970,42249645,4224964,385.1,659,2875.4
4080149490,4080148560,42249646,4224964,2390.0,775,2899.9
4080149550,4080148560,42249647,4224964,1173.3,704,2900.0
4080154890,4080149550,42249648,4224964,530.2,781,2962.6
4080154970,4080149550,42249649,4224964,925.1,805,2962.8
4080116950,4080116780,42287061,4228706,519.9,660,3428.4
4080119320,4080116950,42287062,4228706,686.4,787,3464.2
4080119380,4080116950,42287063,4228706,282.2,717,3464.3
4080120090,4080119380,42287065,4228706,209.5,700,3481.6
4080120050,4080119380,42287064,4228706,904.0,780,3481.8
4080121370,4080120090,42287067,4228706,2267.8,791,3499.4
4080121420,4080120090,42287066,4228706,2087.0,745,3499.6
4080123650,4080121370,42287069,4228706,952.6,904,3568.7
4080123810,4080121370,42287068,4228706,686.0,888,3568.7
4080037060,0,41200111,4120011,1074.0,280,0.0
4080037120,0,41200112,4120011,501.7,229,0.0
4080037130,0,41200113,4120011,933.2,281,0.0
4080037180,0,41200114,4120011,722.3,274,0.0
4080037190,0,41200115,4120011,1021.4,326,0.0
4080037240,0,41200116,4120011,1618.7,422,0.0
4080037250,0,41200117,4120011,1150.7,325,0.0
4080037320,0,41200118,4120011,454.8,413,0.0
4080037330,0,41200119,4120011,373.3,269,0.0
4080037340,0,41200121,4120012,1648.6,324,0.0
4080343370,4080037340,41200123,4120012,15.4,6,23.2
4080343530,4080037340,41200122,4120012,1205.4,185,23.2
4080343260,4080343370,41200124,4120012,1166.7,365,26.4
4080342900,4080343370,41200125,4120012,1735.9,164,26.5
4080329050,4080342900,41200127,4120012,610.6,301,85.3
4080329060,4080342900,41200126,4120012,2637.9,495,85.3
4080324770,4080329050,41200129,4120012,3726.9,576,103.6
4080324690,4080329050,41200128,4120012,1662.2,287,103.8
4080037350,0,41200131,4120013,1036.2,320,0.0
4080037430,0,41200132,4120013,275.6,127,0.0
4080037440,0,41200133,4120013,25.6,55,0.0
4080037450,0,41200134,4120013,470.6,212,0.0
4080037460,0,41200135,4120013,165.5,102,0.0
4080037470,0,41200136,4120013,420.8,197,0.0
4080037480,0,41200137,4120013,864.0,176,0.0
4080037540,0,41200138,4120013,370.3,285,0.0
4080037550,0,41200139,4120013,206.8,66,0.0
4080037560,0,41200141,4120014,49.4,33,0.0
4080271990,4080037560,41200143,4120014,920.9,103,3.9
4080271840,4080037560,41200142,4120014,619.3,59,4.0
4080281650,4080271990,41200145,4120014,1186.5,318,61.1
4080281640,4080271990,41200144,4120014,304.3,323,61.1
4080295550,4080281650,41200146,4120014,715.8,403,137.9
4080295540,4080281650,41200147,4120014,379.7,212,138.0
4080302080,4080295540,41200149,4120014,752.3,505,161.5
4080302070,4080295540,41200148,4120014,638.7,242,161.5
4080037570,0,41200151,4120015,4938.6,173,0.0
4080037830,0,41200152,4120015,1230.1,400,0.0
4080037840,0,41200153,4120015,433.5,168,0.0
4080037870,0,41200154,4120015,1480.9,537,0.0
4080037880,0,41200155,4120015,766.8,149,0.0
4080037930,0,41200156,4120015,1942.4,397,0.0
4080037940,0,41200157,4120015,191.1,72,0.0
4080037950,0,41200158,4120015,1385.0,252,0.0
4080037960,0,41200159,4120015,6939.7,162,0.0
4080038460,0,41200181,4120018,421.3,73,0.0
4080352170,4080038460,41200183,4120018,959.7,151,28.3
4080352180,4080038460,41200182,4120018,2842.5,377,28.3
4080349700,4080352170,41200185,4120018,9.0,38,50.4
4080350130,4080352170,41200184,4120018,613.3,627,50.4
4080349690,4080349700,41200187,4120018,135.1,113,53.9
4080349500,4080349700,41200186,4120018,707.8,701,53.9
4080349350,4080349690,41200189,4120018,2033.2,563,59.5
4080349140,4080349690,41200188,4120018,681.8,434,59.6
4080038470,0,41200191,4120019,464.2,78,0.0
4080038520,0,41200192,4120019,565.4,491,0.0
4080038530,0,41200193,4120019,2528.3,308,0.0
4080038730,0,41200194,4120019,665.3,641,0.0
4080038740,0,41200195,4120019,993.3,348,0.0
4080038810,0,41200196,4120019,1340.1,581,0.0
4080038820,0,41200197,4120019,27.9,24,0.0
4080038830,0,41200198,4120019,1230.2,403,0.0
4080038840,0,41200199,4120019,6362.2,227,0.0
4080043560,0,41301391,4130139,1236.7,319,0.0
4080043650,0,41301392,4130139,2437.2,249,0.0
4080043660,0,41301393,4130139,4371.1,174,0.0
4080043830,0,41301394,4130139,1072.6,347,0.0
4080043840,0,41301395,4130139,14.6,11,0.0
4080043850,0,41301396,4130139,2049.7,405,0.0
4080043860,0,41301397,4130139,3102.0,393,0.0
4080043980,0,41301398,4130139,951.3,628,0.0
4080043990,0,41301399,4130139,3109.8,268,0.0
4080491870,4080494220,46180701,4618070,219.9,1707,1956.7
4080488020,4080491870,46180702,4618070,458.2,2791,1978.8
4080488030,4080491870,46180703,4618070,0.5,1231,1979.0
4080488040,4080488030,46180704,4618070,1763.7,3078,1979.4
4080488210,4080488030,46180705,4618070,1255.1,2280,1979.6
4080483670,4080488210,46180707,4618070,539.0,2518,2055.8
4080483530,4080488210,46180706,4618070,1368.5,3080,2056.0
4080482200,4080483670,46180709,4618070,310.9,2807,2091.1
4080482030,4080483670,46180708,4618070,1230.7,3416,2091.1
4080480370,4080482200,46180801,4618080,1173.1,3592,2113.3
4080483410,4080480370,46180803,4618080,769.4,4185,2167.3
4080483680,4080480370,46180802,4618080,337.1,4640,2167.3
4080482910,4080483410,46180805,4618080,294.3,4179,2208.0
4080482830,4080483410,46180804,4618080,1363.0,4697,2208.0
4080484880,4080482910,46180806,4618080,480.1,4738,2220.2
4080484890,4080482910,46180807,4618080,2.7,3250,2220.4
4080485370,4080484890,46180809,4618080,836.7,4824,2221.9
4080485380,4080484890,46180808,4618080,1622.5,4674,2222.0
7080695490,7080696750,77221601,7722160,203.3,367,450.4
7080692270,7080695490,77221602,7722160,953.3,621,471.7
7080692130,7080695490,77221603,7722160,745.6,606,471.9
7080693990,7080695610,77221801,7722180,231.1,330,487.8
7080691680,7080693990,77221802,7722180,944.2,638,503.3
7080691590,7080693990,77221803,7722180,866.0,517,503.4
7080681560,7080692130,77221605,7722160,43.2,895,536.6
7080681710,7080692130,77221604,7722160,367.5,824,536.7
7080681170,7080681560,77221606,7722160,311.5,1038,539.8
7080681060,7080681560,77221607,7722160,706.9,1229,539.8
7080684270,7080691590,77221804,7722180,398.4,919,547.7
7080684190,7080691590,77221805,7722180,559.3,959,547.8
7080690850,7080694150,77222301,7722230,128.4,545,566.1
7080689160,7080690850,77222302,7722230,501.6,1060,577.1
7080689080,7080690850,77222303,7722230,2066.4,992,577.3
7080679980,7080684190,77221807,7722180,969.2,1311,579.1
7080679900,7080684190,77221806,7722180,630.7,1337,579.2
7080676580,7080681060,77221608,7722160,163.5,1589,584.7
7080676470,7080681060,77221609,7722160,237.0,1588,584.8
7080674820,7080679980,77221809,7722180,676.6,1555,617.6
7080674720,7080679980,77221808,7722180,462.3,1434,617.6
7080688390,7080690970,77222231,7722223,58.2,840,630.6
7080688070,7080688390,77222232,7722223,304.7,1513,637.1
7080688400,7080688390,77222233,7722223,257.4,1059,637.2
7080688840,7080688400,77222234,7722223,492.9,1183,647.9
7080688850,7080688400,77222235,7722223,97.4,832,648.0
7080689450,7080688850,77222237,7722223,237.2,1173,660.8
7080689540,7080688850,77222236,7722223,532.0,1256,661.0
7080675860,7080689080,77222304,7722230,885.7,1599,676.2
7080675780,7080689080,77222305,7722230,697.1,1465,676.3
7080688490,7080689450,77222239,7722223,405.8,1296,681.9
7080688480,7080689450,77222238,7722223,730.3,1558,681.9
7080671160,7080675780,77222307,7722230,94.5,1177,713.7
7080671090,7080675780,77222306,7722230,766.8,1882,713.8
7080669630,7080671160,77222309,7722230,201.1,1217,725.6
7080669570,7080671160,77222308,7722230,1131.6,1725,725.6
7080687150,7080686230,77222291,7722229,713.4,1778,765.9
7080662960,7080667020,77222701,7722270,399.3,1469,778.0
7080621130,7080620790,77234701,7723470,441.0,774,799.9
7080661610,7080662960,77222702,7722270,254.3,1772,803.6
7080661870,7080662960,77222703,7722270,1.3,1279,803.8
7080661950,7080661870,77222705,7722270,177.2,1402,804.7
7080661740,7080661870,77222704,7722270,599.0,1707,804.7
7080690510,7080687150,77222293,7722229,950.6,2141,810.5
7080690410,7080687150,77222292,7722229,571.7,2311,810.8
7080690610,7080687150,77222294,7722229,151.1,1907,810.8
7080662950,7080661950,77222707,7722270,310.9,1448,826.1
7080663050,7080661950,77222706,7722270,598.1,1619,826.2
7080617340,7080621130,77234702,7723470,537.1,1323,834.0
7080617240,7080621130,77234703,7723470,414.1,979,834.0
7080662260,7080662950,77222708,7722270,819.0,1542,834.5
7080662150,7080662950,77222709,7722270,852.3,1577,834.5
7080613280,7080617240,77234704,7723470,680.5,1344,856.7
7080613070,7080617240,77234705,7723470,1703.3,1318,856.9
7080702460,7080703090,77228001,7722800,399.5,1478,880.2
7081136050,7080690510,77222295,7722229,194.3,2513,883.3
7080610390,7080610430,77234291,7723429,658.9,1208,884.5
7080687160,7081136050,77222297,7722229,6.0,2342,894.9
7080687170,7081136050,77222296,7722229,155.9,2535,894.9
7080686820,7080687160,77222299,7722229,285.9,2685,898.4
7080686760,7080687160,77222298,7722229,158.5,2684,898.6
7080607730,7080610390,77234293,7723429,9.0,996,914.3
7080607900,7080610390,77234292,7723429,215.4,1458,914.3
7080697920,7080702460,77228003,7722800,751.6,1732,918.8
7080607740,7080607730,77234295,7723429,104.5,1246,918.8
7080607410,7080607730,77234294,7723429,844.4,1856,918.8
7080697850,7080702460,77228002,7722800,1592.9,2025,919.0
7080600060,7080613070,77234706,7723470,345.6,1522,931.3
7080600000,7080613070,77234708,7723470,286.5,1649,931.4
7080600010,7080613070,77234707,7723470,2397.8,1672,931.5
7080607750,7080607740,77234297,7723429,201.4,1391,932.4
7080607420,7080607740,77234296,7723429,248.0,1779,932.4
7080608470,7080607750,77234299,7723429,1053.1,1909,949.0
7080608400,7080607750,77234298,7723429,934.6,2231,949.0
7080697760,7080697920,77228004,7722800,246.8,1916,954.0
7080697660,7080697920,77228005,7722800,1564.3,2017,954.2
7080627380,7080629520,77238001,7723800,599.8,1818,1007.2
7080688410,7080697660,77228006,7722800,1690.0,2323,1021.4
7080688250,7080697660,77228007,7722800,332.4,2108,1021.6
7080623790,7080627380,77238003,7723800,213.5,1511,1030.0
7080624060,7080627380,77238002,7723800,542.2,1645,1030.1
7080621350,7080623790,77238004,7723800,727.9,2241,1042.1
7080621270,7080623790,77238005,7723800,140.1,1502,1042.1
7080685110,7080688250,77228009,7722800,388.9,2493,1047.4
7080684890,7080688250,77228008,7722800,354.7,2359,1047.4
7080617700,7080621270,77238007,7723800,299.5,1711,1059.7
7080617690,7080621270,77238006,7723800,760.7,1520,1059.7
7080615590,7080617700,77238008,7723800,1711.4,1836,1070.6
7080615500,7080617700,77238009,7723800,1105.1,1816,1070.7
7080639670,7080632220,77240201,7724020,969.8,1552,1207.1
7080635210,7080639670,77240203,7724020,159.5,1554,1232.8
7080635110,7080639670,77240202,7724020,381.9,1664,1232.8
7080615510,7080619680,77250021,7725002,545.9,1765,1235.2
7080634540,7080635210,77240205,7724020,285.1,1627,1245.8
7080634400,7080635210,77240204,7724020,638.6,1732,1245.9
7080633650,7080634540,77240206,7724020,435.5,1717,1268.0
7080633200,7080634540,77240207,7724020,4.9,1557,1268.1
7080612220,7080615510,77250022,7725002,1243.2,1875,1270.0
7080612100,7080615510,77250023,7725002,288.5,1526,1270.1
7080633210,7080633200,77240209,7724020,1883.8,1943,1270.8
7080633060,7080633200,77240208,7724020,1617.4,1901,1270.9
7080606530,7080612100,77250025,7725002,294.5,1760,1298.7
7080606540,7080612100,77250024,7725002,276.9,1835,1298.7
7080602230,7080606530,77250027,7725002,252.0,1954,1324.3
7080602220,7080606530,77250026,7725002,265.4,2102,1324.3
7080599790,7080602230,77250029,7725002,285.5,2176,1338.8
7080599800,7080602230,77250028,7725002,170.9,2135,1339.0
7080605100,7080607990,77270021,7727002,1337.0,1548,1347.9
7080598960,7080605100,77270023,7727002,114.2,1618,1396.4
7080599080,7080605100,77270022,7727002,568.5,1829,1396.6
7080597450,7080598960,77270024,7727002,668.5,1879,1408.7
7080597400,7080598960,77270025,7727002,824.2,1882,1408.8
7080662440,7080662160,77240701,7724070,484.3,1664,1423.3
7080595400,7080597400,77270027,7727002,462.6,2121,1426.7
7080595310,7080597400,77270026,7727002,452.6,2531,1426.9
7080665830,7080662440,77240703,7724070,269.8,1646,1444.5
7080665930,7080662440,77240702,7724070,2430.4,1925,1444.6
7080594930,7080595400,77270028,7727002,567.0,2399,1450.0
7080594810,7080595400,77270029,7727002,249.2,2663,1450.1
7080666620,7080665830,77240704,7724070,261.8,1754,1463.7
7080666630,7080665830,77240705,7724070,540.8,1709,1463.9
7080591970,7080593900,77270081,7727008,2160.6,1580,1469.4
7080667670,7080666630,77240706,7724070,286.9,1809,1480.7
7080667560,7080666630,77240707,7724070,1.7,1644,1480.9
7080667460,7080667560,77240709,7724070,194.5,1701,1482.3
7080667350,7080667560,77240708,7724070,458.6,1829,1482.3
7080668050,7080667460,77240901,7724090,203.9,1747,1497.7
7080668760,7080668200,77240821,7724082,8.8,1707,1516.5
7080667570,7080668050,77240903,7724090,388.1,1819,1518.0
7080667360,7080668050,77240902,7724090,796.3,1934,1518.0
7080669350,7080668760,77240823,7724082,768.3,1978,1520.3
7080669340,7080668760,77240822,7724082,363.6,2009,1520.3
7080664240,7080667570,77240905,7724090,1666.4,2029,1551.1
7080664530,7080667570,77240904,7724090,1653.0,2149,1551.2
7080579440,7080591970,77270082,7727008,4030.2,1964,1551.8
7080579520,7080591970,77270083,7727008,493.4,1627,1551.8
7080675450,7080669350,77240824,7724082,584.3,2261,1561.9
7080675510,7080669350,77240825,7724082,96.6,2012,1561.9
7080676220,7080675510,77240827,7724082,75.1,2122,1567.3
7080676210,7080675510,77240826,7724082,218.9,2298,1567.3
7080580860,7080579520,77270084,7727008,496.2,1841,1574.4
7080580710,7080579520,77270085,7727008,325.9,1608,1574.6
7080678620,7080676220,77240829,7724082,436.1,2494,1583.4
7080678610,7080676220,77240828,7724082,398.0,2645,1583.4
7080582030,7080580710,77270087,7727008,1741.5,2353,1593.3
7080582140,7080580710,77270086,7727008,539.2,1870,1593.3
7080657160,7080664240,77240907,7724090,252.1,2156,1615.3
7080657020,7080664240,77240906,7724090,607.9,2249,1615.4
7080657550,7080657160,77240909,7724090,920.6,2265,1631.8
7080657370,7080657160,77240908,7724090,351.4,2280,1631.8
7080581140,7080582030,77270089,7727008,476.9,2706,1652.0
7080581070,7080582030,77270088,7727008,1056.9,2667,1652.0
7080570810,7080585110,77291021,7729102,1270.5,1512,1668.7
7080569290,7080573050,77280301,7728030,8.9,1335,1678.7
7080568640,7080569290,77280303,7728030,771.0,1636,1682.2
7080568630,7080569290,77280302,7728030,624.6,1600,1682.3
7080570450,7080570810,77291022,7729102,522.2,1809,1699.2
7080570270,7080570810,77291023,7729102,1202.1,1705,1699.3
7080565800,7080568640,77280304,7728030,531.6,1823,1702.3
7080566070,7080568640,77280305,7728030,681.7,2023,1702.4
7080619360,7080618130,77260601,7726060,695.8,1872,1705.3
7080563010,7080566070,77280306,7728030,694.8,1864,1722.2
7080562920,7080566070,77280307,7728030,724.2,1632,1722.4
7080560680,7080570660,77291041,7729104,785.4,1672,1730.1
7080560090,7080562920,77280308,7728030,1151.5,1887,1750.0
7080560200,7080562920,77280309,7728030,1185.0,1684,1750.1
7080579970,7080573060,77280241,7728024,169.8,1914,1762.2
7080611140,7080619360,77260602,7726060,572.5,2519,1766.3
7080611130,7080619360,77260603,7726060,298.8,2086,1766.5
7080580880,7080579970,77280243,7728024,235.8,1827,1773.5
7080580720,7080579970,77280242,7728024,406.7,2313,1773.5
7080556820,7080560680,77291043,7729104,347.1,1829,1776.4
7080556600,7080560680,77291042,7729104,764.0,2001,1776.4
7080562750,7080570270,77291024,7729102,673.0,1886,1777.8
7080562600,7080570270,77291025,7729102,177.2,1715,1777.9
7080561580,7080562600,77291026,7729102,633.8,2351,1789.4
7080561460,7080562600,77291027,7729102,0.5,1643,1789.6
7080561320,7080561460,77291029,7729102,891.0,2368,1790.0
7080561310,7080561460,77291028,7729102,870.3,2433,1790.2
7080563440,7080560200,77280501,7728050,635.4,1775,1790.8
7080563580,7080560200,77280411,7728041,669.9,2068,1790.8
7080583870,7080580880,77280245,7728024,62.5,1837,1791.9
7080583990,7080580880,77280244,7728024,461.1,2084,1792.0
7080605780,7080611130,77260604,7726060,158.8,2495,1795.8
7080605690,7080611130,77260605,7726060,202.6,2515,1795.9
7080584000,7080583870,77280247,7728024,269.9,2168,1799.6
7080584220,7080583870,77280246,7728024,769.7,2285,1799.6
7080555110,7080556820,77291044,7729104,532.1,1792,1800.8
7080555020,7080556820,77291045,7729104,883.1,1962,1800.9
7080602870,7080605690,77260607,7726060,296.6,2802,1811.8
7080602860,7080605690,77260606,7726060,451.5,2924,1811.8
7080566850,7080563580,77280413,7728041,174.7,1790,1814.7
7080566630,7080563580,77280412,7728041,311.4,2308,1814.8
7080584680,7080584000,77280248,7728024,299.3,2599,1825.6
7080584820,7080584000,77280249,7728024,1366.2,2875,1825.7
7080560400,7080563440,77280502,7728050,1531.3,2507,1830.2
7080560290,7080563440,77280503,7728050,284.2,1722,1830.2
7080569140,7080566850,77280414,7728041,435.5,2324,1831.8
7080569020,7080566850,77280415,7728041,183.8,1833,1832.0
7080549980,7080555020,77291047,7729104,658.3,2352,1833.7
7080550260,7080555020,77291046,7729104,243.6,2343,1833.9
7080598700,7080602870,77260609,7726060,662.2,3491,1837.5
7080598620,7080602870,77260608,7726060,220.5,3272,1837.5
7080557520,7080560290,77280505,7728050,1219.2,2201,1848.8
7080571330,7080569020,77280417,7728041,142.9,1764,1848.8
7080557430,7080560290,77280504,7728050,1299.9,2235,1849.0
7080571380,7080569020,77280416,7728041,558.3,2337,1849.0
7080571650,7080571330,77280419,7728041,127.5,1664,1860.1
7080571840,7080571330,77280418,7728041,689.4,2189,1860.1
7080545200,7080549980,77291049,7729104,462.2,2616,1868.6
7080544990,7080549980,77291048,7729104,264.6,2503,1868.7
7080571450,7080571650,77280421,7728042,18.6,1563,1869.4
7080572280,7080571450,77280423,7728042,47.5,1592,1874.8
7080572380,7080571450,77280422,7728042,505.8,2164,1875.0
7080573390,7080572280,77280425,7728042,1133.5,2226,1883.6
7080573400,7080572280,77280424,7728042,199.0,1779,1883.6
7080538960,7080539340,77295001,7729500,335.0,1479,1887.2
7080570830,7080571390,77280451,7728045,11.8,1740,1895.5
7080552610,7080557520,77280507,7728050,360.1,2018,1900.2
7080552480,7080557520,77280506,7728050,523.3,2318,1900.3
7080571760,7080570830,77280452,7728045,497.5,2419,1901.2
7080571850,7080570830,77280453,7728045,519.4,2440,1901.3
7080552140,7080552610,77280509,7728050,961.9,2515,1916.7
7080552250,7080552610,77280508,7728050,526.7,2457,1916.8
7080533880,7080538960,77295002,7729500,320.3,1690,1924.5
7080533890,7080538960,77295003,7729500,468.9,1558,1924.7
7080583680,7080573390,77280427,7728042,17.1,2218,1941.5
7080583430,7080573390,77280426,7728042,295.5,2893,1941.5
7080552010,7080552140,77280601,7728060,230.5,2382,1945.8
7080585190,7080583680,77280429,7728042,383.5,3043,1947.7
7080585180,7080583680,77280428,7728042,263.8,2800,1947.8
7080578280,7080571850,77280455,7728045,914.2,2940,1952.4
7080578350,7080571850,77280454,7728045,592.4,2938,1952.5
7080554410,7080552010,77280603,7728060,19.9,1991,1960.4
7080554330,7080552010,77280602,7728060,223.3,2569,1960.4
7080555230,7080554410,77280605,7728060,130.1,2159,1965.5
7080555350,7080554410,77280604,7728060,936.5,2897,1965.6
7080531990,7080533890,77295005,7729500,35.2,1491,1966.0
7080531980,7080533890,77295004,7729500,1024.1,2364,1966.0
7080531170,7080531990,77295006,7729500,441.9,1822,1971.2
7080531010,7080531990,77295007,7729500,7.2,1468,1971.3
7080530430,7080531010,77295008,7729500,653.1,2233,1973.5
7080530440,7080531010,77295009,7729500,957.3,2031,1973.7
7080549350,7080552020,77280901,7728090,2713.0,2706,1975.3
7080577800,7080578280,77280457,7728045,73.0,2577,1976.5
7080577970,7080578280,77280456,7728045,1152.2,3188,1976.6
7080556610,7080555230,77280607,7728060,22.9,2508,1984.1
7080556680,7080555230,77280606,7728060,118.3,2652,1984.3
7080578070,7080577800,77280458,7728045,1017.0,3110,1985.8
7080577810,7080577800,77280459,7728045,952.5,2773,1986.0
7080556530,7080556610,77280609,7728060,764.9,3088,1986.4
7080556620,7080556610,77280608,7728060,1308.0,3149,1986.6
7080538660,7080538560,77292091,7729209,386.3,2023,2062.8
7080540330,7080549350,77280903,7728090,2.0,2256,2074.1
7080540180,7080549350,77280902,7728090,805.9,2616,2074.1
7080540190,7080540330,77280905,7728090,649.0,2702,2074.9
7080540480,7080540330,77280904,7728090,1745.4,3134,2074.9
7080541050,7080538660,77292093,7729209,426.0,2203,2087.4
7080540910,7080538660,77292092,7729209,199.3,2147,2087.5
7080539920,7080540190,77280906,7728090,591.9,2996,2095.8
7080540040,7080540190,77280907,7728090,312.2,2675,2095.9
7080528860,7080527230,77296031,7729603,614.9,1916,2102.0
7080528820,7080527230,77296021,7729602,264.3,1935,2102.1
7080540770,7080541050,77292094,7729209,257.9,2268,2105.8
7080540920,7080541050,77292095,7729209,77.5,2222,2106.0
7080542910,7080540920,77292097,7729209,315.7,2531,2118.9
7080542990,7080540920,77292096,7729209,149.4,2617,2119.0
7080538500,7080540040,77280909,7728090,1231.1,3002,2119.7
7080538570,7080540040,77280908,7728090,782.9,2972,2119.9
7080525640,7080528820,77296023,7729602,1878.6,1993,2121.1
7080525500,7080528820,77296022,7729602,699.6,1994,2121.2
7080542200,7080542910,77292099,7729209,468.5,3006,2133.5
7080542100,7080542910,77292098,7729209,666.9,2914,2133.5
7080527330,7080528860,77296032,7729603,235.1,2016,2141.5
7080527410,7080528860,77296033,7729603,2.8,1815,2141.7
7080527570,7080527410,77296034,7729603,225.6,2022,2143.4
7080527580,7080527410,77296035,7729603,25.1,1898,2143.6
7080527970,7080527580,77296036,7729603,612.1,2051,2148.0
7080528140,7080527580,77296037,7729603,691.8,2044,2148.2
7080530570,7080528140,77296039,7729603,79.7,1998,2185.6
7080530710,7080528140,77296038,7729603,620.4,2266,2185.6
7080515420,7080525640,77296025,7729602,712.9,2047,2198.6
7080515250,7080525640,77296024,7729602,1543.4,2045,2198.6
7080514890,7080515420,77296027,7729602,999.7,2097,2223.1
7080515020,7080515420,77296026,7729602,2820.9,2432,2223.3
7080507940,7080514890,77296028,7729602,1038.9,2085,2263.4
7080507760,7080514890,77296029,7729602,561.0,2236,2263.5
7080500640,7080499940,77298081,7729808,124.9,1956,2293.0
7080500450,7080500640,77298083,7729808,159.4,1986,2304.7
7080500260,7080500640,77298082,7729808,378.4,2026,2304.7
7080494410,7080502150,77299041,7729904,152.9,1974,2313.5
7080494330,7080502150,77299051,7729905,12.8,1918,2313.6
7080493750,7080494330,77299053,7729905,141.5,1958,2317.1
7080493660,7080494330,77299052,7729905,1194.9,2079,2317.3
7080501600,7080500450,77298084,7729808,2501.7,2176,2319.1
7080501680,7080500450,77298085,7729808,239.0,1995,2319.3
7080491940,7080494410,77299043,7729904,24.0,1991,2338.8
7080492220,7080494410,77299042,7729904,192.4,2044,2338.8
7080505740,7080501680,77298087,7729808,527.4,2312,2339.9
7080505820,7080501680,77298086,7729808,1185.0,2479,2340.1
7080490780,7080493750,77299054,7729905,537.0,2133,2345.3
7080490620,7080493750,77299055,7729905,130.3,2025,2345.5
7080490160,7080491940,77299045,7729904,7.0,1994,2348.0
7080490150,7080491940,77299044,7729904,706.6,2073,2348.0
7080489870,7080490160,77299047,7729904,170.7,2021,2351.5
7080490040,7080490160,77299046,7729904,365.3,2068,2351.5
7080488500,7080490620,77299056,7729905,604.4,2382,2360.7
7080488350,7080490620,77299057,7729905,364.4,2142,2360.9
7080487890,7080489870,77299049,7729904,1122.4,2315,2365.0
7080487900,7080489870,77299048,7729904,1849.2,2227,2365.1
7080484630,7080488350,77299058,7729905,514.4,2499,2383.1
7080484490,7080488350,77299059,7729905,892.8,2228,2383.3
7080517550,7080505740,77298089,7729808,174.3,3158,2408.7
7080517650,7080505740,77298088,7729808,155.1,3259,2408.9
7080476630,7080477380,77299081,7729908,493.6,2176,2433.5
7080476510,7080477380,77299091,7729909,67.1,2145,2433.7
7080473200,7080476510,77299093,7729909,264.6,2196,2447.7
7080473540,7080476510,77299092,7729909,619.4,2449,2447.7
7080472570,7080476630,77299083,7729908,69.9,2186,2462.5
7080472760,7080476630,77299082,7729908,932.8,2539,2462.7
7080471350,7080472570,77299084,7729908,358.4,2922,2468.4
7080471240,7080472570,77299085,7729908,23.9,2159,2468.6
7080470570,7080471240,77299086,7729908,391.2,2782,2474.4
7080470560,7080471240,77299087,7729908,50.5,2203,2474.6
7080468220,7080473200,77299095,7729909,206.0,2271,2477.0
7080468290,7080473200,77299094,7729909,458.9,2446,2477.1
7080469600,7080470560,77299089,7729908,559.2,2517,2483.5
7080469490,7080470560,77299088,7729908,361.6,2800,2483.6
7080465860,7080468220,77299097,7729909,529.3,2631,2498.3
7080465850,7080468220,77299096,7729909,355.4,2450,2498.4
7080457690,7080465860,77299098,7729909,146.2,2819,2543.7
7080457540,7080465860,77299099,7729909,553.8,3025,2543.8
7080012590,0,77416001,7741600,191.2,24,0.0
7080686390,7080012590,77416002,7741600,239.1,528,19.5
7080686330,7080012590,77416003,7741600,197.1,228,19.6
7080683720,7080686330,77416005,7741600,761.8,494,53.4
7080683710,7080686330,77416004,7741600,3264.2,966,53.4
7080688170,7080683720,77416006,7741600,359.6,560,109.8
7080688050,7080683720,77416007,7741600,141.0,490,109.8
7080686200,7080688050,77416009,7741600,1106.1,1038,124.7
7080686190,7080688050,77416008,7741600,241.2,518,124.7
7080587130,7080588070,77442201,7744220,237.2,-2,43.5
7080587260,7080588070,77442301,7744230,338.5,-3,43.7
7080588590,7080587260,77442302,7744230,335.7,23,55.7
7080588670,7080587260,77442303,7744230,140.9,-3,55.9
7080583790,7080587130,77442203,7744220,36.4,2,64.8
7080583630,7080587130,77442202,7744220,286.8,15,64.8
7080590070,7080588670,77442305,7744230,150.5,13,70.8
7080589940,7080588670,77442304,7744230,1411.4,439,70.8
7080583190,7080583790,77442204,7744220,2420.5,575,73.4
7080583280,7080583790,77442205,7744220,8.9,3,73.5
7080584070,7080583280,77442207,7744220,590.6,135,77.3
7080583800,7080583280,77442206,7744220,896.9,341,77.3
7080591140,7080590070,77442306,7744230,1177.4,85,77.4
7080591260,7080590070,77442307,7744230,446.6,80,77.5
7080574760,7080578530,77444001,7744400,5.5,9,109.3
7080574380,7080574760,77444002,7744400,651.6,55,111.6
7080574640,7080574760,77444003,7744400,505.7,50,111.7
7080597540,7080591260,77442309,7744230,285.2,295,115.9
7080597350,7080591260,77442308,7744230,3299.8,1284,116.0
7080598410,7080597540,77442401,7744240,92.2,19,125.7
7080598060,7080598410,77442403,7744240,1562.8,595,148.6
7080598030,7080598410,77442402,7744240,563.8,116,148.6
7080572050,7080574640,77444004,7744400,2198.4,1302,158.4
7080571900,7080574640,77444005,7744400,121.6,285,158.5
7080603670,7080598590,77442601,7744260,2.6,22,163.9
7080603600,7080603670,77442603,7744260,194.1,38,166.3
7080603730,7080603670,77442602,7744260,178.1,37,166.4
7080580150,7080584070,77442208,7744220,398.0,1256,169.2
7080580010,7080584070,77442209,7744220,966.7,1941,169.4
7080567260,7080571900,77444007,7744400,479.5,1024,186.3
7080567150,7080571900,77444006,7744400,901.4,1318,186.3
7080561850,7080566480,77446041,7744604,77.6,35,187.0
7080601420,7080603600,77442605,7744260,694.2,402,204.9
7080601360,7080603600,77442604,7744260,268.8,143,204.9
7080559660,7080561850,77446043,7744604,53.4,169,208.6
7080559550,7080561850,77446042,7744604,278.9,513,208.6
7080559560,7080559660,77446044,7744604,227.3,739,224.1
7080559450,7080559660,77446045,7744604,58.2,381,224.2
7080564660,7080567260,77444009,7744400,819.6,1737,225.4
7080564470,7080567260,77444008,7744400,297.3,1676,225.4
7080558020,7080559450,77446047,7744604,78.7,568,236.3
7080558180,7080559450,77446046,7744604,919.7,1518,236.3
7080556500,7080558020,77446049,7744604,1269.8,1501,249.3
7080556450,7080558020,77446048,7744604,544.5,1441,249.5
7080592570,7080598060,77442404,7744240,390.4,1728,265.1
7080592700,7080598060,77442405,7744240,23.9,728,265.3
7080617620,7080613230,77442801,7744280,1587.5,298,266.3
7080593480,7080592700,77442406,7744240,395.5,1763,274.9
7080593230,7080592700,77442407,7744240,101.1,1296,275.0
7080598250,7080601420,77442607,7744260,238.4,915,282.6
7080598240,7080601420,77442606,7744260,320.0,985,282.6
7080592140,7080593230,77442409,7744240,1284.6,2617,285.0
7080592040,7080593230,77442408,7744240,615.7,2183,285.2
7080597550,7080598250,77442609,7744260,1080.0,2365,307.3
7080597630,7080598250,77442608,7744260,627.8,1886,307.5
7080548690,7080552940,77449301,7744930,456.9,494,308.1
7080547320,7080548690,77449303,7744930,609.9,107,317.2
7080547250,7080548690,77449302,7744930,532.1,278,317.2
7080543120,7080547320,77449305,7744930,249.1,325,348.9
7080543130,7080547320,77449304,7744930,602.0,1190,348.9
7080541750,7080543120,77449307,7744930,2948.6,515,359.8
7080541920,7080543120,77449306,7744930,780.5,930,359.8
7080609060,7080617620,77442803,7744280,260.0,1382,403.9
7080608960,7080617620,77442802,7744280,332.6,1516,403.9
7080607270,7080609060,77442804,7744280,340.9,2406,422.4
7080607160,7080609060,77442805,7744280,701.8,1889,422.6
7080531670,7080541750,77449308,7744930,971.6,1220,430.9
7080531660,7080541750,77449309,7744930,4.8,123,431.0
7080530980,7080531660,77449501,7744950,96.0,280,434.3
7080529200,7080530980,77449503,7744950,18.3,136,441.7
7080529210,7080530980,77449502,7744950,322.3,689,441.7
7080528790,7080529200,77449505,7744950,300.0,209,445.5
7080528690,7080529200,77449504,7744950,1121.8,680,445.6
7080601680,7080607160,77442807,7744280,260.9,2263,454.9
7080601560,7080607160,77442806,7744280,847.8,2700,455.1
7080527790,7080528790,77449506,7744950,687.4,763,459.3
7080527730,7080528790,77449507,7744950,482.8,480,459.3
7080604080,7080601680,77442809,7744280,677.5,3133,482.6
7080603960,7080601680,77442808,7744280,256.4,2996,482.6
7080521560,7080527730,77449509,7744950,22.8,396,501.1
7080521460,7080527730,77449508,7744950,1365.9,1142,501.1
7080521470,7080521560,77449701,7744970,29.2,440,506.9
7080521480,7080521470,77449703,7744970,639.1,854,512.5
7080521420,7080521470,77449702,7744970,266.9,746,512.6
7080515320,7080521480,77449705,7744970,339.3,1150,568.7
7080515210,7080521480,77449704,7744970,173.5,1158,568.8
7080515220,7080515320,77449707,7744970,130.5,1064,601.4
7080515390,7080515320,77449706,7744970,465.1,1271,601.4
7080516450,7080515220,77449709,7744970,95.1,1063,613.2
7080516570,7080515220,77449708,7744970,1543.3,1657,613.4
7080014050,0,77470001,7747000,117.8,115,0.0
7080014070,0,77470002,7747000,143.6,230,0.0
7080014080,0,77470003,7747000,284.5,157,0.0
7080014110,0,77470004,7747000,1311.5,796,0.0
7080014120,0,77470005,7747000,209.0,228,0.0
7080014150,0,77470006,7747000,135.5,301,0.0
7080014160,0,77470007,7747000,33.5,173,0.0
7080014170,0,77470008,7747000,719.9,575,0.0
7080014180,0,77470009,7747000,58.4,130,0.0
7080511360,7080014200,77480201,7748020,763.6,834,62.6
7080518750,7080511360,77480203,7748020,80.1,636,106.9
7080518900,7080511360,77480202,7748020,2394.0,1087,107.0
7080519650,7080518750,77480204,7748020,610.0,1170,121.0
7080519760,7080518750,77480205,7748020,473.6,965,121.1
7080521400,7080519760,77480207,7748020,1201.2,1038,165.2
7080521340,7080519760,77480206,7748020,389.7,1341,165.3
7080520280,7080521400,77480208,7748020,353.7,1345,231.2
7080520120,7080521400,77480209,7748020,1389.9,1485,231.2
7080494970,7080496400,77480701,7748070,48.7,881,258.1
7080493610,7080494970,77480703,7748070,519.9,1063,267.3
7080493540,7080494970,77480702,7748070,259.7,1145,267.5
7080491430,7080493610,77480704,7748070,554.7,1379,285.8
7080491510,7080493610,77480705,7748070,750.8,1320,286.0
7080486660,7080491510,77480706,7748070,230.0,1591,337.5
7080486670,7080491510,77480707,7748070,783.0,1317,337.7
7080479600,7080486670,77480708,7748070,1459.4,1542,410.3
7080479500,7080486670,77480709,7748070,99.7,1388,410.5
7080476350,7080479500,77480901,7748090,283.3,1478,429.6
7080476020,7080479500,77480801,7748080,226.1,1410,429.6
7080475230,7080476350,77480902,7748090,107.7,1478,456.7
7080475290,7080476350,77480903,7748090,835.6,1467,456.9
7080470430,7080476020,77480802,7748080,190.6,1487,459.6
7080470370,7080476020,77480803,7748080,177.7,1455,459.7
7080469090,7080470370,77480805,7748080,342.2,1435,472.2
7080468970,7080470370,77480804,7748080,1322.3,1605,472.3
7080466390,7080469090,77480806,7748080,186.9,1483,496.8
7080466450,7080469090,77480807,7748080,74.7,1406,497.0
7080465710,7080466450,77480808,7748080,353.6,1590,506.9
7080465920,7080466450,77480809,7748080,625.3,1587,507.1
7080479170,7080475290,77480904,7748090,1447.9,1635,512.6
7080479020,7080475290,77480905,7748090,450.9,1533,512.7
7080472740,7080479020,77480906,7748090,140.8,1645,556.2
7080472670,7080479020,77480907,7748090,166.0,1587,556.4
7080470380,7080472670,77480909,7748090,375.0,1843,572.5
7080470310,7080472670,77480908,7748090,349.4,1734,572.7
7080478980,7080480080,78100291,7810029,244.1,558,208.8
7080474220,7080478980,78100292,7810029,146.9,833,232.3
7080474230,7080478980,78100293,7810029,29.6,664,232.5
7080473600,7080474230,78100294,7810029,345.8,958,237.8
7080473730,7080474230,78100295,7810029,21.6,633,238.0
7080473740,7080473730,78100297,7810029,147.7,866,243.7
7080473920,7080473730,78100296,7810029,634.5,1082,243.8
7080472080,7080473740,78100299,7810029,958.1,1445,260.9
7080472200,7080473740,78100298,7810029,673.7,1426,261.1
7080458840,7080449740,78100661,7810066,365.0,281,167.2
7080458100,7080458840,78100662,7810066,532.2,812,208.2
7080457990,7080458840,78100663,7810066,61.5,461,208.3
7080457030,7080457990,78100664,7810066,253.6,798,218.3
7080457110,7080457990,78100665,7810066,206.8,743,218.5
7080456950,7080457110,78100667,7810066,412.0,1039,246.1
7080456680,7080457110,78100666,7810066,584.5,961,246.1
7080458500,7080456950,78100669,7810066,883.4,1550,274.5
7080458490,7080456950,78100668,7810066,205.1,1388,274.5
7080381490,7080014930,78210021,7821002,51.0,126,55.7
7080381030,7080381490,78210023,7821002,306.0,193,60.4
7080380920,7080381490,78210022,7821002,330.0,403,60.5
7080375630,7080381030,78210024,7821002,1313.5,671,87.4
7080375480,7080381030,78210025,7821002,1000.4,214,87.5
7080369590,7080375480,78210027,7821002,388.7,513,145.8
7080369470,7080375480,78210026,7821002,400.6,651,145.8
7080371170,7080369590,78210028,7821002,1122.9,1165,189.7
7080371080,7080369590,78210029,7821002,1520.0,1082,189.9
7080393600,7080392700,78230061,7823006,322.0,550,245.0
7080389730,7080393600,78230062,7823006,312.5,552,271.1
7080389610,7080393600,78230063,7823006,12.2,370,271.3
7080389050,7080389610,78230064,7823006,719.6,771,275.5
7080388870,7080389610,78230065,7823006,292.4,780,275.7
7080395340,7080395950,78240011,7824001,499.7,533,285.4
7080420130,7080415090,78220061,7822006,116.3,100,286.4
7080383850,7080388870,78230066,7823006,339.8,956,304.7
7080383840,7080388870,78230067,7823006,3.3,534,304.8
7080421690,7080420130,78220063,7822006,235.9,188,305.3
7080421950,7080420130,78220062,7822006,2677.1,623,305.3
7080383550,7080383840,78230069,7823006,1156.0,1280,306.4
7080383740,7080383840,78230068,7823006,323.5,799,306.5
7080418900,7080421690,78220064,7822006,310.4,822,345.3
7080419030,7080421690,78220065,7822006,323.0,694,345.5
7080406010,7080395340,78240013,7824001,42.0,502,350.0
7080406160,7080395340,78240012,7824001,518.6,742,350.1
7080406830,7080406010,78240014,7824001,1056.8,908,356.4
7080407030,7080406010,78240015,7824001,25.4,442,356.5
7080408540,7080407030,78240016,7824001,385.9,788,363.7
7080408530,7080407030,78240017,7824001,70.9,586,363.8
7080409500,7080408530,78240019,7824001,479.4,731,369.2
7080409490,7080408530,78240018,7824001,179.2,724,369.3
7080421440,7080419030,78220067,7822006,19.2,874,385.0
7080421610,7080419030,78220066,7822006,141.7,989,385.1
7080421190,7080421440,78220069,7822006,585.3,1239,388.3
7080421140,7080421440,78220068,7822006,333.3,1140,388.5
7080436990,7080430100,78220091,7822009,73.7,237,392.2
7080437090,7080430100,78220081,7822008,87.2,144,392.3
7080438100,7080436990,78220093,7822009,781.0,591,407.4
7080437780,7080436990,78220092,7822009,460.2,466,407.4
7080439520,7080437090,78220083,7822008,117.6,318,411.2
7080439790,7080437090,78220082,7822008,1713.0,596,411.2
7080441010,7080439520,78220084,7822008,651.2,688,425.5
7080441090,7080439520,78220085,7822008,34.1,273,425.7
7080386560,7080388070,78250601,7825060,40.8,142,430.6
7080442020,7080441090,78220087,7822008,267.6,605,432.1
7080442150,7080441090,78220086,7822008,134.3,570,432.3
7080388190,7080386560,78250602,7825060,561.6,377,438.7
7080388380,7080386560,78250603,7825060,500.4,398,438.8
7080390590,7080388380,78250605,7825060,1127.2,404,450.9
7080390780,7080388380,78250604,7825060,1186.0,856,451.1
7080425040,7080417880,78240061,7824006,119.2,854,455.8
7080446300,7080442020,78220089,7822008,638.8,1208,467.9
7080446370,7080442020,78220088,7822008,1684.2,1221,468.0
7080428510,7080425040,78240062,7824006,799.0,1271,470.3
7080428520,7080425040,78240063,7824006,151.6,862,470.4
7080382460,7080386330,78250801,7825080,295.7,313,473.8
7080436050,7080438100,78220095,7822009,31.1,591,475.8
7080435790,7080438100,78220094,7822009,238.4,937,475.8
7080430410,7080428520,78240065,7824006,1161.8,1241,483.8
7080430400,7080428520,78240064,7824006,408.8,1254,483.8
7080435590,7080436050,78220097,7822009,52.0,770,484.9
7080435680,7080436050,78220096,7822009,553.1,1225,485.1
7080435470,7080435590,78220099,7822009,917.8,1285,494.3
7080435690,7080435590,78220098,7822009,384.7,1396,494.3
7080394810,7080390590,78250606,7825060,743.6,925,497.9
7080394610,7080390590,78250607,7825060,16.4,379,498.1
7080383190,7080382460,78250803,7825080,262.8,274,501.6
7080383420,7080382460,78250802,7825080,2323.9,618,501.6
7080394340,7080394610,78250609,7825060,1828.9,875,502.0
7080394530,7080394610,78250608,7825060,512.9,945,502.0
7080431000,7080425220,78240091,7824009,488.1,1139,503.9
7080432360,7080431000,78240093,7824009,243.9,1121,524.0
7080432090,7080431000,78240092,7824009,897.4,1329,524.0
7080376230,7080383190,78250805,7825080,128.8,362,537.6
7080376070,7080383190,78250804,7825080,322.0,429,537.8
7080437330,7080432360,78240095,7824009,876.5,1306,555.5
7080437410,7080432360,78240094,7824009,561.1,1391,555.6
7080376080,7080376230,78250807,7825080,373.4,616,556.8
7080375780,7080376230,78250806,7825080,251.4,554,556.8
7080420000,7080420710,78250241,7825024,316.0,1109,561.2
7080443680,7080430410,78240066,7824006,1685.3,1560,562.6
7080443690,7080430410,78240067,7824006,486.3,1545,562.8
7080448390,7080443690,78240069,7824006,1003.1,1539,584.3
7080448560,7080443690,78240068,7824006,1214.6,1487,584.4
7080426370,7080420000,78250243,7825024,290.0,1196,589.3
7080426360,7080420000,78250242,7825024,763.4,1373,589.3
7080375250,7080376080,78250808,7825080,166.2,887,589.5
7080375490,7080376080,78250809,7825080,425.1,1101,589.6
7080428080,7080426370,78250245,7825024,693.0,1248,601.2
7080428160,7080426370,78250244,7825024,1578.7,1461,601.3
7080437010,7080437330,78240097,7824009,688.2,1350,610.2
7080436870,7080437330,78240096,7824009,850.2,1546,610.3
7080437420,7080437010,78240098,7824009,1336.0,1380,629.8
7080437560,7080437010,78240099,7824009,2554.7,1417,630.0
7080429490,7080428080,78250247,7825024,188.6,1242,641.1
7080429430,7080428080,78250246,7825024,291.9,1393,641.2
7080429440,7080429490,78250249,7825024,1039.9,1521,656.5
7080429500,7080429490,78250248,7825024,309.1,1597,656.8
7080367220,7080375110,78261261,7826126,10.1,393,676.2
7080367210,7080367220,78261262,7826126,299.5,940,682.3
7080367010,7080367220,78261263,7826126,122.2,563,682.4
7080364310,7080367010,78261265,7826126,95.8,956,705.1
7080364410,7080367010,78261264,7826126,775.7,1351,705.2
7080362070,7080364310,78261267,7826126,335.2,1163,721.9
7080362370,7080364310,78261266,7826126,349.3,1416,721.9
7080345990,7080348310,78261601,7826160,485.6,749,727.6
7080345900,7080348310,78261701,7826170,320.8,749,727.7
7080357690,7080362070,78261269,7826126,520.9,1436,746.5
7080357480,7080362070,78261268,7826126,375.2,1318,746.5
7080340590,7080345900,78261702,7826170,1070.1,1290,752.8
7080340600,7080345900,78261703,7826170,316.7,606,752.9
7080343400,7080345990,78261602,7826160,345.9,1216,754.6
7080343310,7080345990,78261603,7826160,283.8,779,754.7
7080342830,7080343310,78261605,7826160,296.2,1239,766.1
7080342980,7080343310,78261604,7826160,551.3,1524,766.1
7080370490,7080370910,78270641,7827064,202.8,806,783.2
7080337150,7080340600,78261705,7826170,339.0,667,786.4
7080337140,7080340600,78261704,7826170,2411.3,1349,786.4
7080388740,7080381900,78291011,7829101,29.8,737,793.5
7080337620,7080342830,78261606,7826160,495.8,1335,799.3
7080337510,7080342830,78261607,7826160,31.8,685,799.4
7080390050,7080388740,78291012,7829101,2194.5,1478,799.5
7080389920,7080388740,78291013,7829101,1600.7,1243,799.6
7080367400,7080370490,78270643,7827064,792.9,941,800.6
7080367320,7080370490,78270642,7827064,449.5,990,800.7
7080336980,7080337510,78261609,7826160,699.8,1319,806.9
7080337130,7080337510,78261608,7826160,283.3,1249,807.0
7080330710,7080337150,78261801,7826180,381.6,804,819.8
7080380430,7080370620,78270661,7827066,26.9,586,838.5
7080381910,7080380430,78270662,7827066,498.5,971,846.5
7080382100,7080380430,78270663,7827066,661.0,1098,846.5
7080362210,7080367400,78270644,7827064,1077.8,1343,847.0
7080362220,7080367400,78270645,7827064,1497.3,1238,847.2
7080327100,7080330710,78261803,7826180,349.6,976,851.8
7080327340,7080330710,78261802,7826180,227.2,1430,851.8
7080323710,7080327100,78261804,7826180,284.7,1309,870.1
7080323590,7080327100,78261805,7826180,27.4,624,870.4
7080380570,7080380290,78270681,7827068,563.3,1311,876.5
7080380440,7080380290,78270691,7827069,591.5,1287,876.7
7080322500,7080323590,78261806,7826180,632.6,1467,877.0
7080322370,7080323590,78261807,7826180,115.2,767,877.1
7080319360,7080322370,78261809,7826180,1285.3,1595,891.9
7080319220,7080322370,78261808,7826180,1377.0,1611,892.0
7080389630,7080382100,78270665,7827066,707.5,1566,892.5
7080389930,7080382100,78270664,7827066,293.1,1778,892.5
7080383050,7080380570,78270683,7827068,528.8,1469,907.6
7080383210,7080380570,78270682,7827068,614.5,1663,907.6
7080374860,7080380440,78270692,7827069,231.8,1368,913.6
7080374870,7080380440,78270693,7827069,465.5,1491,913.7
7080366920,7080362220,78270647,7827064,240.4,1401,922.1
7080367040,7080362220,78270646,7827064,554.1,1416,922.3
7080413520,7080389920,78291014,7829101,774.0,1302,924.4
7080413530,7080389920,78291015,7829101,198.6,1220,924.5
7080389640,7080389630,78270667,7827066,25.7,1427,929.5
7080389940,7080389630,78270666,7827066,185.8,1740,929.5
7080390150,7080389640,78270669,7827066,425.6,1619,935.2
7080390070,7080389640,78270668,7827066,233.3,1497,935.4
7080380730,7080383050,78270684,7827068,944.0,1696,940.8
7080380940,7080383050,78270685,7827068,185.0,1482,940.9
7080364930,7080366920,78270649,7827064,971.8,1578,941.7
7080364840,7080366920,78270648,7827064,521.9,1590,941.9
7080416940,7080413530,78291017,7829101,54.9,1084,944.3
7080416950,7080413530,78291016,7829101,456.8,1544,944.3
7080371430,7080374870,78270695,7827069,87.8,1415,951.0
7080371660,7080374870,78270694,7827069,135.4,1744,951.0
7080418450,7080416940,78291018,7829101,164.3,1451,952.2
7080418550,7080416940,78291019,7829101,80.0,1047,952.3
7080307750,7080312610,78262021,7826202,197.9,757,952.9
7080383640,7080380940,78270686,7827068,467.0,1780,954.9
7080383760,7080380940,78270687,7827068,547.8,1615,955.0
7080371300,7080371430,78270696,7827069,183.8,1828,962.0
7080371190,7080371430,78270697,7827069,286.3,1533,962.2
7080420280,7080418550,78291021,7829102,230.0,1106,963.8
7080388400,7080383760,78270688,7827068,338.6,1890,977.8
7080388590,7080383760,78270689,7827068,1003.6,1905,977.8
7080420260,7080420280,78291023,7829102,1023.6,1082,978.0
7080420150,7080420280,78291022,7829102,515.6,1616,978.1
7080306830,7080307750,78262023,7826202,820.2,1261,979.1
7080306920,7080307750,78262022,7826202,768.3,1380,979.2
7080370270,7080371190,78270699,7827069,632.8,1855,982.9
7080370160,7080371190,78270698,7827069,440.4,1776,983.0
7080402940,7080401160,78280201,7828020,372.2,1738,1004.4
7080299920,7080306830,78262025,7826202,1382.3,1475,1031.0
7080300110,7080306830,78262024,7826202,1058.7,1827,1031.0
7080409100,7080402940,78280203,7828020,235.1,1851,1036.1
7080409230,7080402940,78280202,7828020,113.0,2146,1036.3
7080414480,7080420260,78291024,7829102,225.8,1295,1037.9
7080414330,7080420260,78291025,7829102,309.4,1141,1038.1
7080434160,7080430430,78291061,7829106,628.6,1023,1051.4
7080412230,7080409100,78280204,7828020,635.9,2051,1059.1
7080412420,7080409100,78280205,7828020,3.0,1317,1059.3
7080412750,7080412420,78280207,7828020,193.6,2005,1060.8
7080412740,7080412420,78280206,7828020,927.7,1946,1060.8
7080411900,7080414330,78291026,7829102,482.0,1536,1065.5
7080412080,7080414330,78291027,7829102,360.6,1351,1065.6
7080437950,7080434150,78291081,7829108,98.6,699,1075.1
7080432200,7080434160,78291063,7829106,541.6,1007,1076.4
7080432210,7080434160,78291062,7829106,731.2,1106,1076.4
7080294610,7080299920,78262027,7826202,625.4,1224,1076.8
7080294430,7080299920,78262026,7826202,776.7,1411,1076.8
7080413940,7080412750,78280209,7828020,559.1,2181,1083.2
7080413650,7080412750,78280208,7828020,334.6,2248,1083.3
7080294590,7080294610,78262029,7826202,1819.9,1571,1088.1
7080294580,7080294610,78262028,7826202,1796.4,1351,1088.2
7080439820,7080437950,78291083,7829108,1066.0,881,1088.4
7080439530,7080437950,78291082,7829108,394.7,958,1088.4
7080415910,7080412080,78291029,7829102,1099.6,1416,1089.2
7080416070,7080412080,78291028,7829102,164.0,1328,1089.3
7080405220,7080402200,78280401,7828040,346.9,2007,1107.4
7080313960,7080315970,78265041,7826504,1022.5,1071,1115.1
7080425730,7080432200,78291065,7829106,82.6,1504,1116.2
7080425510,7080432200,78291064,7829106,265.5,1357,1116.2
7080425520,7080425730,78291067,7829106,638.6,1370,1117.3
7080425880,7080425730,78291066,7829106,552.8,1239,1117.3
7080410490,7080405220,78280402,7828040,1535.2,2109,1135.4
7080410500,7080405220,78280403,7828040,500.7,2044,1135.5
7080441680,7080439820,78291084,7829108,887.9,1369,1139.8
7080441810,7080439820,78291085,7829108,657.2,1309,1140.0
7080420840,7080425520,78291068,7829106,285.5,1411,1149.4
7080420720,7080425520,78291069,7829106,626.9,1444,1149.6
7080415800,7080410500,78280404,7828040,1023.5,2254,1161.4
7080415920,7080410500,78280405,7828040,136.9,1958,1161.5
7080304910,7080313960,78265043,7826504,149.3,987,1164.7
7080304780,7080313960,78265042,7826504,522.6,1199,1164.8
7080418380,7080415920,78280406,7828040,921.2,2290,1176.2
7080418370,7080415920,78280407,7828040,2097.5,2161,1176.3
7080305410,7080306840,78266101,7826610,249.1,1041,1181.3
7080304900,7080304910,78265045,7826504,1551.6,1109,1185.9
7080304770,7080304910,78265044,7826504,2035.7,1375,1186.1
7080437430,7080441810,78291087,7829108,1028.9,1679,1188.1
7080437440,7080441810,78291086,7829108,3089.3,1859,1188.1
7080304920,7080305410,78266102,7826610,1291.3,1437,1203.1
7080305020,7080305410,78266103,7826610,285.3,1154,1203.3
7080346010,7080340620,78264061,7826406,714.3,927,1216.9
7080309090,7080305020,78266104,7826610,354.9,1404,1223.5
7080309080,7080305020,78266105,7826610,555.4,1000,1223.6
7080298200,7080305280,78269111,7826911,1630.1,1255,1227.1
7080305550,7080304900,78265047,7826504,928.2,1143,1234.0
7080305560,7080304900,78265046,7826504,604.7,1266,1234.0
7080450990,7080451290,78294091,7829409,21.4,1180,1239.8
7080452140,7080446570,78292091,7829209,383.6,1211,1240.4
7080295790,7080298300,78268201,7826820,148.7,1045,1242.7
7080348860,7080346130,78264091,7826409,568.9,1060,1246.7
7080452220,7080450990,78294092,7829409,174.1,1365,1247.7
7080452230,7080450990,78294093,7829409,1070.5,1616,1247.8
7080292340,7080295790,78268202,7826820,832.2,1622,1262.0
7080292200,7080295790,78268203,7826820,1277.1,1512,1262.1
7080428850,7080418370,78280408,7828040,372.2,2292,1264.5
7080422440,7080437430,78291088,7829108,423.3,1875,1264.7
7080428960,7080418370,78280409,7828040,490.2,2162,1264.7
7080422290,7080437430,78291089,7829108,942.1,1833,1264.9
7080421620,7080408080,78280901,7828090,478.7,2016,1268.0
7080317950,7080309080,78266106,7826610,229.6,1141,1269.6
7080318100,7080309080,78266107,7826610,453.2,1028,1269.7
7080301280,7080305550,78265049,7826504,2204.8,1432,1271.3
7080301270,7080305550,78265048,7826504,1903.2,1361,1271.3
7080343320,7080346010,78264062,7826406,769.2,1244,1272.3
7080343230,7080346010,78264063,7826406,36.1,865,1272.4
7080445280,7080452140,78292092,7829209,398.7,1411,1275.8
7080445140,7080452140,78292093,7829209,29.1,1172,1276.0
7080342180,7080343230,78264064,7826406,440.8,1109,1279.0
7080342060,7080343230,78264065,7826406,453.7,1091,1279.3
7080444900,7080445140,78292095,7829209,179.3,1287,1282.0
7080445130,7080445140,78292094,7829209,409.9,1333,1282.0
7080466690,7080466140,78298001,7829800,93.5,807,1286.3
7080466540,7080466140,78299101,7829910,15.7,807,1286.5
7080350560,7080348860,78264093,7826409,81.5,1095,1289.1
7080350400,7080348860,78264092,7826409,149.2,1223,1289.2
7080425230,7080421620,78280902,7828090,388.0,2264,1289.3
7080425340,7080421620,78280903,7828090,236.7,1971,1289.3
7080465720,7080466540,78299102,7829910,1138.7,1094,1291.1
7080465730,7080466540,78299103,7829910,1608.8,1000,1291.2
7080323280,7080318100,78266108,7826610,363.3,1015,1292.3
7080323360,7080318100,78266109,7826610,509.9,829,1292.4
7080467640,7080466690,78298003,7829800,1048.9,1166,1296.2
7080467730,7080466690,78298002,7829800,1536.0,1356,1296.2
7080443700,7080444900,78292096,7829209,360.7,1479,1299.1
7080443430,7080444900,78292097,7829209,67.3,1425,1299.2
7080351400,7080350560,78264094,7826409,362.6,1394,1299.3
7080351410,7080350560,78264095,7826409,40.5,1056,1299.4
7080428000,7080425340,78280905,7828090,334.3,2090,1300.3
7080428010,7080425340,78280904,7828090,444.2,2127,1300.3
7080468820,7080468140,78296051,7829605,224.8,1219,1300.6
7080442790,7080443430,78292099,7829209,582.8,1681,1303.6
7080442780,7080443430,78292098,7829209,389.6,1541,1303.6
7080287030,7080298200,78269112,7826911,500.4,1327,1304.8
7080287040,7080298200,78269113,7826911,138.3,1320,1305.0
7080289830,7080295800,78268401,7826840,655.4,1456,1305.4
7080350940,7080351410,78264096,7826409,171.7,1339,1307.1
7080350950,7080351410,78264097,7826409,197.4,1247,1307.2
7080340490,7080342060,78264067,7826406,493.6,1206,1309.1
7080340780,7080342060,78264066,7826406,255.2,1323,1309.1
7080454940,7080452230,78294095,7829409,929.2,1968,1315.5
7080455140,7080452230,78294094,7829409,351.6,1899,1315.6
7080284610,7080287040,78269114,7826911,581.4,1309,1316.0
7080284550,7080287040,78269115,7826911,192.3,1139,1316.2
7080351140,7080350950,78264099,7826409,1215.1,1498,1319.5
7080350960,7080350950,78264098,7826409,286.9,1391,1319.6
7080281480,7080292200,78268205,7826820,91.4,1607,1319.7
7080281490,7080292200,78268204,7826820,214.6,1649,1319.7
7080280560,7080281480,78268206,7826820,237.1,1371,1324.8
7080280470,7080281480,78268207,7826820,94.1,1349,1325.0
7080433100,7080428000,78280906,7828090,1410.3,2455,1329.5
7080433300,7080428000,78280907,7828090,884.1,2369,1329.7
7080471580,7080468820,78296053,7829605,251.2,1432,1333.5
7080471400,7080468820,78296052,7829605,466.0,1492,1333.5
7080327640,7080323360,78266301,7826630,1137.8,810,1335.0
7080283770,7080289830,78268402,7826840,453.1,1701,1335.6
7080283620,7080289830,78268403,7826840,289.4,1457,1335.7
7080278120,7080280470,78268208,7826820,219.8,1808,1337.4
7080278010,7080280470,78268209,7826820,266.5,1588,1337.7
7080281470,7080284550,78269116,7826911,533.3,1633,1338.1
7080281350,7080284550,78269117,7826911,1735.0,1258,1338.3
7080467310,7080465730,78299105,7829910,344.5,1131,1341.6
7080467380,7080465730,78299104,7829910,1154.9,1160,1341.7
7080335030,7080340490,78264068,7826406,370.0,1186,1347.2
7080476190,7080467640,78298005,7829800,170.3,1315,1347.4
7080475940,7080467640,78298004,7829800,1321.6,1671,1347.4
7080334900,7080340490,78264069,7826406,258.1,1276,1347.4
7080279620,7080283620,78268404,7826840,639.7,1955,1354.2
7080279440,7080283620,78268405,7826840,873.8,1675,1354.3
7080466990,7080467310,78299107,7829910,582.0,1176,1355.5
7080467100,7080467310,78299106,7829910,500.4,1133,1355.6
7080478550,7080476190,78298007,7829800,413.0,1481,1362.4
7080478540,7080476190,78298006,7829800,1553.1,1733,1362.6
7080476920,7080471580,78296054,7829605,845.8,1647,1363.4
7080477040,7080471580,78296055,7829605,65.8,1458,1363.4
7080432920,7080433300,78280909,7828090,1603.7,2362,1368.8
7080432800,7080433300,78280908,7828090,487.5,2438,1368.9
7080465580,7080466990,78299109,7829910,646.8,990,1374.3
7080465370,7080466990,78299108,7829910,653.0,1376,1374.5
7080450330,7080454940,78294096,7829409,274.2,2356,1374.7
7080451020,7080454940,78294097,7829409,39.4,2131,1374.8
7080478730,7080477040,78296056,7829605,874.0,1661,1375.2
7080478820,7080477040,78296057,7829605,15.4,1441,1375.3
7080274600,7080279440,78268407,7826840,487.2,1677,1377.0
7080274590,7080279440,78268406,7826840,1709.7,1656,1377.2
7080479800,7080478820,78296058,7829605,806.3,1706,1378.4
7080479810,7080478820,78296059,7829605,264.2,1561,1378.6
7080450060,7080451020,78294099,7829409,292.0,2384,1379.2
7080450720,7080451020,78294098,7829409,222.2,2141,1379.2
7080482650,7080478550,78298009,7829800,1449.1,1944,1382.1
7080482660,7080478550,78298008,7829800,1223.1,1910,1382.3
7080325440,7080327640,78266302,7826630,831.8,1133,1387.9
7080325580,7080327640,78266303,7826630,88.3,819,1388.1
7080270330,7080281350,78269118,7826911,447.5,1532,1394.1
7080270320,7080281350,78269119,7826911,709.5,1287,1394.3
7080327120,7080325580,78266304,7826630,585.9,914,1396.3
7080327130,7080325580,78266305,7826630,3091.4,1232,1396.4
7080269020,7080274600,78268408,7826840,413.0,1924,1403.9
7080268940,7080274600,78268409,7826840,1533.4,1823,1404.1
7080468670,7080465580,78299201,7829920,160.0,1048,1413.3
7080484070,7080479810,78296061,7829606,374.8,1602,1415.6
7080466720,7080468670,78299203,7829920,12.5,1072,1431.3
7080466730,7080468670,78299202,7829920,2779.7,1667,1431.3
7080466150,7080466720,78299205,7829920,1135.0,1399,1435.2
7080466000,7080466720,78299204,7829920,253.4,1342,1435.2
7080472210,7080468880,78299401,7829940,773.6,1422,1437.3
7080483950,7080484070,78296062,7829606,1160.0,1687,1444.4
7080484080,7080484070,78296063,7829606,240.6,1557,1444.6
7080484720,7080484080,78296064,7829606,679.2,1744,1458.9
7080484860,7080484080,78296065,7829606,832.4,1649,1459.1
7080480700,7080472210,78299402,7829940,421.8,1770,1485.1
7080480850,7080472210,78299403,7829940,60.9,1401,1485.3
7080481850,7080480850,78299405,7829940,564.0,1722,1492.2
7080481650,7080480850,78299404,7829940,548.5,1560,1492.3
7080489800,7080484860,78296067,7829606,827.6,1990,1508.1
7080489670,7080484860,78296066,7829606,977.4,1722,1508.1
7080342670,7080327130,78266307,7826630,164.3,1253,1516.0
7080342740,7080327130,78266306,7826630,376.7,1364,1516.2
7080457280,7080466150,78299206,7829920,1858.3,1712,1525.9
7080457290,7080466150,78299207,7829920,1292.2,2060,1526.0
7080342990,7080342670,78266309,7826630,857.2,1238,1527.1
7080342840,7080342670,78266308,7826630,1655.5,1392,1527.2
7080492080,7080481850,78299406,7829940,878.4,1830,1547.5
7080492200,7080481850,78299407,7829940,767.1,1871,1547.7
7080322520,7080316910,78268591,7826859,881.7,1247,1567.3
7080498950,7080489800,78296069,7829606,164.9,2084,1570.8
7080499110,7080489800,78296068,7829606,244.7,2041,1570.8
7080347990,7080342990,78266501,7826650,341.5,1243,1577.0
7080348000,7080342990,78266411,7826641,162.2,1323,1577.2
7080448420,7080457290,78299208,7829920,249.1,2334,1580.2
7080448200,7080457290,78299209,7829920,622.6,2458,1580.3
7080497920,7080492200,78299409,7829940,1201.5,2055,1581.1
7080498040,7080492200,78299408,7829940,762.5,1945,1581.3
7080347900,7080348000,78266413,7826641,349.5,1270,1596.1
7080347830,7080348000,78266412,7826641,286.4,1062,1596.1
7080475110,7080473510,78299561,7829956,453.5,1562,1608.3
7080349770,7080347990,78266502,7826650,942.7,1396,1614.8
7080349890,7080347990,78266503,7826650,1228.3,1432,1614.8
7080312000,7080322520,78268592,7826859,357.3,1492,1616.0
7080311930,7080322520,78268593,7826859,206.2,1415,1616.2
7080223480,7080236570,78269301,7826930,187.6,1458,1620.0
7080223370,7080236570,78269201,7826920,83.0,1481,1620.1
7080349090,7080347900,78266414,7826641,995.1,1470,1620.4
7080348970,7080347900,78266415,7826641,13.7,854,1620.6
7080222890,7080223370,78269202,7826920,972.2,1886,1623.8
7080222760,7080223370,78269203,7826920,416.7,1655,1623.8
7080348120,7080348970,78266417,7826641,120.1,936,1625.1
7080348130,7080348970,78266416,7826641,679.8,1249,1625.1
7080478830,7080475110,78299563,7829956,257.8,1434,1628.5
7080478840,7080475110,78299562,7829956,256.4,1696,1628.5
7080309800,7080311930,78268594,7826859,205.6,1370,1629.6
7080309710,7080311930,78268595,7826859,111.3,1160,1629.8
7080307770,7080309710,78268596,7826859,1169.0,1288,1639.9
7080307560,7080309710,78268597,7826859,639.3,1206,1640.1
7080225280,7080223480,78269302,7826930,262.6,1827,1640.5
7080225390,7080223480,78269303,7826930,187.1,1593,1640.7
7080219510,7080222760,78269204,7826920,279.1,1859,1642.9
7080219270,7080222760,78269205,7826920,247.0,1523,1643.0
7080482340,7080478830,78299565,7829956,49.6,1483,1645.0
7080482120,7080478830,78299564,7829956,302.8,1680,1645.0
7080345580,7080348120,78266418,7826641,459.6,1170,1646.3
7080345500,7080348120,78266419,7826641,39.5,884,1646.5
7080483200,7080482340,78299566,7829956,347.8,1866,1649.2
7080483250,7080482340,78299567,7829956,349.2,1567,1649.3
7080227670,7080225390,78269304,7826930,261.1,1890,1658.5
7080227760,7080225390,78269305,7826930,276.3,1838,1658.7
7080303430,7080307560,78268599,7826859,140.2,961,1660.6
7080303740,7080307560,78268598,7826859,849.5,1438,1660.6
7080215850,7080219270,78269206,7826920,633.4,1878,1663.4
7080215730,7080219270,78269207,7826920,239.0,1502,1663.6
7080228780,7080227760,78269306,7826930,632.5,1958,1665.0
7080228900,7080227760,78269307,7826930,428.1,1644,1665.2
7080486430,7080483250,78299569,7829956,1312.3,1905,1666.3
7080486440,7080483250,78299568,7829956,427.3,1803,1666.3
7080356940,7080349890,78266505,7826650,163.3,1279,1671.5
7080357210,7080349890,78266504,7826650,677.4,1582,1671.5
7080301180,7080303430,78268701,7826870,142.2,875,1673.0
7080301390,7080303430,78268601,7826860,58.0,1027,1673.0
7080212530,7080215730,78269209,7826920,1246.7,1662,1683.2
7080212540,7080215730,78269208,7826920,305.4,1868,1683.2
7080299240,7080301180,78268702,7826870,243.0,1301,1684.5
7080299060,7080301180,78268703,7826870,33.9,814,1684.6
7080298710,7080299060,78268705,7826870,302.5,1049,1688.6
7080298600,7080299060,78268704,7826870,128.5,1042,1688.6
7080299660,7080301390,78268602,7826860,856.1,1701,1690.3
7080299600,7080301390,78268603,7826860,720.2,1513,1690.5
7080357620,7080356940,78266507,7826650,27.8,1132,1694.4
7080357730,7080356940,78266506,7826650,205.8,1503,1694.5
7080234180,7080228900,78269309,7826930,1.7,747,1699.6
7080234320,7080228900,78269308,7826930,566.3,2002,1699.7
7080234330,7080234180,78269501,7826950,249.1,1323,1700.1
7080356670,7080357620,78266509,7826650,670.6,1314,1702.4
7080356560,7080357620,78266508,7826650,477.8,1469,1702.5
7080294440,7080298710,78268707,7826870,359.3,1108,1714.3
7080294330,7080298710,78268706,7826870,1562.5,1769,1714.4
7080239750,7080234330,78269502,7826950,1163.1,1868,1729.0
7080239760,7080234330,78269503,7826950,238.6,1560,1729.2
7080361120,7080356670,78266601,7826660,322.9,1351,1737.7
7080290900,7080294440,78268708,7826870,196.3,1747,1738.6
7080290820,7080294440,78268709,7826870,15.0,808,1738.8
7080290130,7080290820,78268901,7826890,793.5,1150,1742.8
7080240700,7080239760,78269505,7826950,36.1,1381,1747.4
7080240580,7080239760,78269504,7826950,392.4,1650,1747.5
7080240710,7080240700,78269506,7826950,352.3,1840,1749.9
7080240880,7080240700,78269507,7826950,114.4,1170,1750.0
7080364320,7080361120,78266602,7826660,706.3,1592,1758.6
7080364420,7080361120,78266603,7826660,409.7,1450,1758.8
7080360890,7080361000,78266801,7826680,987.7,1469,1760.9
7080287600,7080299600,78268604,7826860,636.7,1786,1761.0
7080287420,7080299600,78268605,7826860,324.6,1731,1761.2
7080242990,7080240880,78269509,7826950,211.7,1520,1763.8
7080242750,7080240880,78269508,7826950,745.4,1853,1763.8
7080283910,7080287420,78268607,7826860,546.7,1814,1778.2
7080283920,7080287420,78268606,7826860,611.3,1975,1778.2
7080283340,7080290130,78268903,7826890,879.0,1673,1779.6
7080283350,7080290130,78268902,7826890,741.8,1717,1779.6
7080368400,7080364420,78266605,7826660,243.0,1636,1779.7
7080368600,7080364420,78266604,7826660,444.5,1630,1779.8
7080371100,7080368400,78266606,7826660,517.3,1412,1792.9
7080371200,7080368400,78266607,7826660,2253.1,1785,1793.1
7080278660,7080283340,78268904,7826890,888.0,1903,1804.4
7080278460,7080283340,78268905,7826890,326.7,1467,1804.6
7080322140,7080326890,78266491,7826649,1395.1,1553,1808.9
7080321920,7080326890,78266481,7826648,137.0,1156,1808.9
7080358280,7080360890,78266803,7826680,253.9,1516,1814.8
7080358270,7080360890,78266802,7826680,1004.9,1556,1814.8
7080274970,7080283910,78268609,7826860,491.7,2052,1821.0
7080274960,7080283910,78268608,7826860,169.5,2135,1821.0
7080319670,7080321920,78266483,7826648,406.0,1501,1822.0
7080319680,7080321920,78266482,7826648,2934.2,1719,1822.1
7080446330,7080446690,78299801,7829980,954.1,1652,1832.0
7080356950,7080358280,78266805,7826680,111.9,1511,1832.2
7080356780,7080358280,78266804,7826680,429.1,1720,1832.4
7080272040,7080278460,78268907,7826890,259.3,1653,1840.3
7080272050,7080278460,78268906,7826890,1462.6,1885,1840.5
7080357740,7080356950,78266806,7826680,832.7,1863,1843.4
7080357860,7080356950,78266807,7826680,155.7,1567,1843.5
7080314720,7080319670,78266485,7826648,2083.5,1622,1847.6
7080314730,7080319670,78266484,7826648,212.9,1467,1847.6
7080256650,7080246020,78269901,7826990,15.2,1093,1847.7
7080257720,7080256650,78269903,7826990,678.3,1454,1852.3
7080257710,7080256650,78269902,7826990,368.6,1931,1852.3
7080442560,7080446330,78299803,7829980,274.6,1567,1854.7
7080442700,7080446330,78299802,7829980,2315.8,2043,1854.8
7080268850,7080272040,78268909,7826890,2705.4,1879,1855.9
7080268860,7080272040,78268908,7826890,730.3,1921,1855.9
7080360230,7080357860,78266809,7826680,1286.4,1769,1858.0
7080360320,7080357860,78266808,7826680,916.7,1667,1858.2
7080386110,7080371200,78266608,7826660,1052.6,1926,1861.9
7080386250,7080371200,78266609,7826660,1445.8,1987,1862.0
7080440880,7080442560,78299805,7829980,24.4,1539,1872.9
7080440790,7080442560,78299804,7829980,431.6,1799,1873.1
7080439660,7080440880,78299806,7829980,1481.5,2170,1881.9
7080439540,7080440880,78299807,7829980,1704.0,1923,1882.1
7080333970,7080322140,78266492,7826649,484.4,1833,1882.7
7080334130,7080322140,78266493,7826649,110.1,1578,1882.9
7080265530,7080257720,78269905,7826990,9.6,1023,1892.2
7080265620,7080257720,78269904,7826990,592.3,1738,1892.4
7080265870,7080265530,78269907,7826990,120.5,1423,1894.6
7080265860,7080265530,78269906,7826990,630.4,2072,1894.7
7080336480,7080334130,78266494,7826649,272.1,1845,1897.4
7080336490,7080334130,78266495,7826649,718.1,1841,1897.6
7080305860,7080314720,78266487,7826648,204.0,1628,1901.1
7080305720,7080314720,78266486,7826648,226.8,1708,1901.2
7080267300,7080265870,78269909,7826990,1348.1,1619,1901.9
7080267290,7080265870,78269908,7826990,673.7,1993,1901.9
7080303440,7080305860,78266488,7826648,244.0,1784,1914.3
7080303330,7080305860,78266489,7826648,679.3,1772,1914.3
7080342750,7080336490,78266496,7826649,221.2,1995,1931.9
7080342850,7080336490,78266497,7826649,449.0,1902,1932.1
7080346420,7080342850,78266499,7826649,335.5,1936,1953.0
7080346530,7080342850,78266498,7826649,310.9,2010,1953.1
7080429350,7080439540,78299808,7829980,489.4,2074,1965.5
7080429210,7080439540,78299809,7829980,780.2,2211,1965.7
7080452240,7080457400,78299991,7829999,617.7,2357,2031.4
7080444780,7080452240,78299993,7829999,12.9,2074,2072.5
7080445040,7080452240,78299992,7829999,278.0,2618,2072.5
7080444180,7080444780,78299994,7829999,987.3,2676,2076.5
7080444100,7080444780,78299995,7829999,0.9,2064,2076.7
7080444010,7080444100,78299996,7829999,412.1,2492,2077.7
7080444000,7080444100,78299997,7829999,942.5,2392,2077.8
7080436350,7080444000,78299998,7829999,444.2,2488,2131.8
7080436200,7080444000,78299999,7829999,741.4,2531,2132.0
7080016000,0,78310601,7831060,105.2,47,0.0
7080334600,7080016000,78310603,7831060,64.4,85,20.7
7080334450,7080016000,78310602,7831060,407.8,232,20.8
7080336740,7080334600,78310604,7831060,2178.5,848,32.8
7080336800,7080334600,78310605,7831060,240.5,147,33.0
7080341710,7080336800,78310606,7831060,335.4,531,64.0
7080341790,7080336800,78310607,7831060,489.6,516,64.2
7080344510,7080341790,78310609,7831060,446.1,996,85.0
7080344280,7080341790,78310608,7831060,264.7,877,85.0
7080016090,0,78310801,7831080,1115.2,378,0.0
7080317550,7080016090,78310803,7831080,123.7,649,82.5
7080317410,7080016090,78310802,7831080,750.7,1025,82.6
7080319210,7080317550,78310804,7831080,1890.0,1143,97.8
7080319120,7080317550,78310805,7831080,258.1,835,98.0
7080317560,7080319120,78310806,7831080,478.6,1248,116.3
7080317420,7080319120,78310807,7831080,973.3,1225,116.6
7080311990,7080317420,78310808,7831080,568.8,1568,160.3
7080311920,7080317420,78310809,7831080,2024.7,1361,160.5
7080300090,7080301940,78321061,7832106,40.6,334,93.4
7080299340,7080300090,78321062,7832106,389.6,818,99.7
7080299350,7080300090,78321063,7832106,718.8,619,99.8
7080292970,7080299350,78321065,7832106,2994.4,1211,136.9
7080292980,7080299350,78321064,7832106,519.8,1067,136.9
7080273110,7080292970,78321067,7832106,82.8,1012,262.6
7080272980,7080292970,78321066,7832106,655.4,1462,262.7
7080272910,7080273110,78321069,7832106,2120.7,1534,273.1
7080273100,7080273110,78321068,7832106,850.6,1437,273.1
7080269970,7080274860,78322201,7832220,777.1,1193,295.8
7080261460,7080263320,78323061,7832306,257.3,1216,325.9
7080261880,7080269780,78322401,7832240,140.8,875,336.6
7080261890,7080269780,78322501,7832250,157.2,1175,336.7
7080277480,7080269970,78322203,7832220,124.6,1000,337.4
7080277470,7080269970,78322202,7832220,748.5,1373,337.4
7080260990,7080261890,78322503,7832250,328.5,924,347.0
7080260940,7080261890,78322502,7832250,163.7,1141,347.1
7080277670,7080277480,78322205,7832220,82.7,975,350.1
7080277490,7080277480,78322204,7832220,1182.9,1347,350.1
7080258170,7080261460,78323063,7832306,572.4,1581,350.6
7080258000,7080261460,78323062,7832306,690.9,1747,350.7
7080278320,7080277670,78322207,7832220,459.6,1181,356.9
7080278450,7080277670,78322206,7832220,845.2,1247,356.9
7080257310,7080261880,78322403,7832240,424.3,1217,358.9
7080257570,7080261880,78322402,7832240,650.1,1379,359.1
7080261760,7080260990,78322505,7832250,470.0,946,369.7
7080261620,7080260990,78322504,7832250,1471.7,1257,369.8
7080253400,7080257310,78322405,7832240,383.5,1272,377.1
7080253410,7080257310,78322404,7832240,494.1,1196,377.1
7080276820,7080278320,78322209,7832220,2175.6,1242,379.8
7080277030,7080278320,78322208,7832220,827.3,1256,379.8
7080250470,7080253400,78322407,7832240,377.1,1062,390.8
7080250310,7080253400,78322406,7832240,358.7,1286,390.9
7080262070,7080261760,78322507,7832250,54.3,645,393.8
7080262180,7080261760,78322506,7832250,288.3,1140,393.9
7080257560,7080258170,78323065,7832306,126.7,1505,401.3
7080257400,7080258170,78323064,7832306,761.5,1785,401.4
7080262500,7080262070,78322508,7832250,454.3,1271,402.0
7080262650,7080262070,78322509,7832250,175.9,639,402.2
7080257390,7080257560,78323067,7832306,66.6,1463,414.3
7080257300,7080257560,78323066,7832306,584.2,1873,414.4
7080258800,7080257390,78323068,7832306,685.9,1791,421.8
7080258790,7080257390,78323069,7832306,985.7,1823,421.9
7080247420,7080250470,78322408,7832240,914.0,1273,423.6
7080247270,7080250470,78322409,7832240,1289.3,1144,423.8
7080257320,7080263330,78322801,7832280,402.0,1105,494.3
7080252740,7080257320,78322803,7832280,480.9,983,520.6
7080252730,7080257320,78322802,7832280,222.6,1088,520.6
7080236930,7080242490,78322661,7832266,876.8,1266,546.1
7080237320,7080237070,78322691,7832269,1634.2,1253,555.6
7080245270,7080252740,78322804,7832280,489.7,1311,558.4
7080245180,7080252740,78322805,7832280,751.0,1153,558.5
7080228550,7080236930,78322662,7832266,4707.1,1539,586.7
7080228890,7080236930,78322663,7832266,327.6,1169,586.9
7080226330,7080224330,78324091,7832409,96.4,1064,598.0
7080226450,7080224330,78324081,7832408,689.4,1258,598.2
7080236700,7080245180,78322806,7832280,151.7,1642,610.1
7080236560,7080245180,78322807,7832280,293.7,1343,610.1
7080229770,7080228890,78322665,7832266,681.0,1225,610.6
7080229610,7080228890,78322664,7832266,524.9,1428,610.7
7080228540,7080226330,78324092,7832409,301.7,1269,612.9
7080228770,7080226330,78324093,7832409,191.1,1159,613.1
7080230470,7080229770,78322667,7832266,58.2,884,631.6
7080230520,7080229770,78322666,7832266,423.9,1306,631.8
7080201510,7080205990,78325061,7832506,667.9,818,634.8
7080230540,7080236560,78322808,7832280,144.6,1662,635.6
7080230530,7080236560,78322809,7832280,384.3,1555,635.8
7080232530,7080228770,78324094,7832409,234.3,1334,637.6
7080232580,7080228770,78324095,7832409,851.1,1484,637.8
7080235710,7080226450,78324082,7832408,273.7,1594,640.3
7080230660,7080230470,78322668,7832266,1078.2,1118,640.4
7080235840,7080226450,78324083,7832408,381.0,1469,640.5
7080230790,7080230470,78322669,7832266,1657.5,1129,640.6
7080223690,7080237320,78322692,7832269,284.3,1515,667.0
7080223700,7080237320,78322693,7832269,11.9,971,667.2
7080223280,7080223700,78322694,7832269,293.9,1731,669.6
7080223200,7080223700,78322695,7832269,326.8,1559,669.7
7080244180,7080235840,78324084,7832408,249.1,1966,684.7
7080244250,7080235840,78324085,7832408,204.4,1814,684.9
7080219680,7080223200,78322697,7832269,383.7,1611,687.2
7080219920,7080223200,78322696,7832269,274.6,1874,687.2
7080243390,7080232580,78324097,7832409,269.0,1714,687.6
7080243080,7080232580,78324096,7832409,315.8,1621,687.7
7080208510,7080201510,78325062,7832506,1567.1,937,688.6
7080208520,7080201510,78325063,7832506,449.4,951,688.7
7080248020,7080244250,78324086,7832408,482.2,2009,700.6
7080248080,7080244250,78324087,7832408,19.5,1469,700.7
7080246670,7080243390,78324098,7832409,238.7,1823,703.0
7080246680,7080243390,78324099,7832409,908.6,1865,703.1
7080249340,7080248080,78324088,7832408,321.9,2056,706.4
7080249490,7080248080,78324089,7832408,477.9,2081,706.5
7080214740,7080219680,78322698,7832269,414.3,1700,711.9
7080214730,7080219680,78322699,7832269,936.8,1707,712.1
7080210200,7080208520,78325065,7832506,354.5,954,726.1
7080210150,7080208520,78325064,7832506,3258.5,1464,726.3
7080214220,7080210200,78325067,7832506,368.6,951,760.2
7080214320,7080210200,78325066,7832506,2861.3,1232,760.4
7080213350,7080214220,78325069,7832506,1122.3,1450,786.5
7080213140,7080214220,78325068,7832506,1403.6,1465,786.5
7080178720,7080177760,78328201,7832820,36.5,689,822.4
7080174580,7080177910,78329201,7832920,413.2,712,823.9
7080180170,7080178720,78328202,7832820,222.7,767,831.2
7080180260,7080178720,78328203,7832820,205.5,768,831.4
7080183450,7080180260,78328205,7832820,997.4,837,850.7
7080183280,7080180260,78328204,7832820,209.6,889,850.7
7080169800,7080174580,78329203,7832920,122.2,743,865.2
7080169670,7080174580,78329202,7832920,392.3,824,865.3
7080176450,7080178710,78328501,7832850,43.3,754,881.2
7080176340,7080178710,78328411,7832841,444.1,776,881.4
7080171470,7080169800,78329205,7832920,452.2,808,882.4
7080171630,7080169800,78329204,7832920,401.3,784,882.4
7080176570,7080176450,78328503,7832850,23.2,721,887.1
7080176640,7080176450,78328502,7832850,690.9,883,887.2
7080176890,7080176570,78328505,7832850,55.7,722,893.3
7080176950,7080176570,78328504,7832850,190.8,868,893.4
7080171730,7080173970,78329601,7832960,138.4,665,894.2
7080188100,7080183450,78328207,7832820,342.9,894,904.3
7080188000,7080183450,78328206,7832820,343.0,953,904.5
7080176630,7080176890,78328506,7832850,431.1,1061,904.5
7080176560,7080176890,78328507,7832850,371.1,742,904.6
7080170480,7080171730,78329603,7832960,481.9,916,912.9
7080170300,7080171730,78329602,7832960,413.3,900,913.0
7080166460,7080171470,78329207,7832920,541.7,831,915.5
7080166360,7080171470,78329206,7832920,758.6,854,915.6
7080174890,7080171990,78329801,7832980,1238.0,925,916.3
7080172310,7080176340,78328412,7832841,186.3,785,920.3
7080172300,7080176340,78328413,7832841,703.3,800,920.4
7080175700,7080176560,78328509,7832850,682.6,800,923.4
7080175800,7080176560,78328508,7832850,642.4,856,923.6
7080187870,7080188100,78328209,7832820,1011.3,1053,932.8
7080187760,7080188100,78328208,7832820,213.4,1036,932.9
7080169680,7080170480,78329605,7832960,1122.2,1267,949.5
7080169490,7080170480,78329604,7832960,2073.6,1343,949.5
7080164580,7080166460,78329209,7832920,869.3,962,952.7
7080164940,7080166460,78329208,7832920,481.3,839,952.7
7080174100,7080175700,78328601,7832860,590.9,898,976.1
7080165720,7080172300,78328414,7832841,626.5,841,991.1
7080165590,7080172300,78328415,7832841,135.3,848,991.2
7080165070,7080165590,78328417,7832841,25.9,813,995.9
7080165160,7080165590,78328416,7832841,220.5,875,996.0
7080174940,7080174100,78328603,7832860,38.5,800,1000.0
7080174880,7080174100,78328602,7832860,1864.3,930,1000.2
7080164420,7080165070,78328419,7832841,143.0,783,1000.6
7080164570,7080165070,78328418,7832841,412.7,968,1000.7
7080176130,7080174940,78328604,7832860,355.1,1040,1012.0
7080176220,7080174940,78328605,7832860,343.7,903,1012.2
7080186420,7080174890,78329803,7832980,200.9,1140,1028.3
7080186170,7080174890,78329802,7832980,633.4,1415,1028.3
7080176470,7080169680,78329607,7832960,439.6,1537,1032.2
7080176370,7080169680,78329606,7832960,349.7,1620,1032.3
7080189810,7080186420,78329804,7832980,381.1,1185,1045.2
7080189960,7080186420,78329805,7832980,333.3,1174,1045.4
7080176550,7080176220,78328607,7832860,985.1,898,1048.2
7080176620,7080176220,78328606,7832860,619.5,925,1048.4
7080179420,7080176470,78329609,7832960,261.8,1713,1059.8
7080179520,7080176470,78329608,7832960,232.9,1602,1059.9
7080194070,7080189960,78329807,7832980,72.4,1041,1069.2
7080194160,7080189960,78329806,7832980,338.2,1398,1069.2
7080195700,7080194070,78329809,7832980,272.7,1403,1081.8
7080195790,7080194070,78329808,7832980,128.2,1209,1081.9
7080176330,7080176550,78328609,7832860,1307.2,1038,1106.2
7080176120,7080176550,78328608,7832860,382.6,981,1106.2
7080190200,7080189390,78328801,7832880,24.0,872,1106.8
7080190310,7080190200,78328803,7832880,115.6,945,1112.3
7080190500,7080190200,78328802,7832880,1862.0,1145,1112.4
7080190810,7080190310,78328804,7832880,1720.9,1258,1127.4
7080190880,7080190310,78328805,7832880,1065.6,1040,1127.6
7080150070,7080156030,78328491,7832849,904.9,1103,1133.1
7080195580,7080194430,78329991,7832999,682.7,1522,1169.6
7080143240,7080150070,78328493,7832849,870.1,1044,1185.4
7080143340,7080150070,78328492,7832849,142.3,1162,1185.4
7080194940,7080190880,78328807,7832880,449.5,1110,1197.5
7080195060,7080190880,78328806,7832880,604.7,1258,1197.6
7080199490,7080195580,78329993,7832999,15.7,1009,1213.4
7080199340,7080195580,78329992,7832999,251.0,1855,1213.7
7080199950,7080199490,78329995,7832999,261.5,1760,1217.7
7080199940,7080199490,78329994,7832999,287.6,1878,1217.7
7080139340,7080143240,78328495,7832849,137.7,971,1218.8
7080139260,7080143240,78328494,7832849,276.8,1202,1218.9
7080193400,7080194940,78328808,7832880,479.8,1253,1223.8
7080193330,7080194940,78328809,7832880,850.7,1131,1224.0
7080201610,7080199950,78329997,7832999,861.9,1781,1229.6
7080201720,7080199950,78329996,7832999,528.5,1526,1229.7
7080137970,7080139340,78328496,7832849,292.3,1269,1230.1
7080137900,7080139340,78328497,7832849,163.2,919,1230.2
7080136060,7080137900,78328499,7832849,465.2,1138,1249.0
7080136070,7080137900,78328498,7832849,269.7,1206,1249.0
7080202920,7080201610,78329998,7832999,460.6,1975,1286.4
7080203110,7080201610,78329999,7832999,1039.3,1922,1286.6
7080016370,0,78331021,7833102,22.4,578,0.0
7080287690,7080016370,78331023,7833102,50.4,610,4.8
7080287790,7080016370,78331022,7833102,385.2,1120,4.8
7080286370,7080287690,78331025,7833102,157.6,824,11.7
7080286380,7080287690,78331024,7833102,1041.2,1297,11.7
7080283750,7080286370,78331026,7833102,340.0,1368,29.3
7080283760,7080286370,78331027,7833102,249.3,1062,29.4
7080278440,7080283760,78331029,7833102,1271.6,1485,58.3
7080278300,7080283760,78331028,7833102,346.4,1554,58.4
7080016850,0,78332001,7833200,117.0,678,0.0
7080253990,7080016850,78332003,7833200,57.2,1108,15.6
7080253880,7080016850,78332002,7833200,265.2,1698,15.6
7080253250,7080253990,78332004,7833200,269.2,1689,19.6
7080253120,7080253990,78332005,7833200,1044.3,1458,19.8
7080245920,7080253120,78332007,7833200,1875.9,1708,64.2
7080245700,7080253120,78332006,7833200,1833.2,1720,64.4
7080941770,7080245920,78332008,7833200,285.0,1492,138.0
7080017140,0,78334001,7833400,250.1,793,0.0
7080246660,7080017140,78334003,7833400,1305.0,1470,25.2
7080246650,7080017140,78334002,7833400,937.3,1575,25.2
7080233940,7080246660,78334004,7833400,827.2,1615,88.0
7080233950,7080246660,78334005,7833400,564.3,1594,88.2
7080230900,7080233950,78334007,7833400,450.4,1445,115.1
7080231080,7080233950,78334006,7833400,278.4,1852,115.1
7080226790,7080230900,78334009,7833400,665.2,1426,152.8
7080227070,7080230900,78334008,7833400,561.8,1519,152.8
7080017290,0,78335051,7833505,1775.2,232,0.0
7080017380,0,78335052,7833505,353.6,1042,0.0
7080017390,0,78335053,7833505,500.6,431,0.0
7080017410,0,78335054,7833505,299.5,730,0.0
7080017420,0,78335055,7833505,674.6,192,0.0
7080017460,0,78335056,7833505,479.9,729,0.0
7080017470,0,78335057,7833505,117.8,507,0.0
7080017490,0,78335058,7833505,390.4,896,0.0
7080017500,0,78335059,7833505,1588.6,582,0.0
7080017930,0,78336001,7833600,766.0,1029,0.0
7080216160,7080017930,78336003,7833600,748.1,1293,24.8
7080216410,7080017930,78336002,7833600,277.4,1314,24.8
7080217180,7080216160,78336005,7833600,608.3,1371,60.6
7080217260,7080216160,78336004,7833600,958.5,1642,60.7
7080217510,7080217180,78336006,7833600,535.4,1323,90.6
7080217630,7080217180,78336007,7833600,769.3,1474,90.8
7080221310,7080217630,78336008,7833600,350.2,1358,136.4
7080221390,7080217630,78336009,7833600,344.6,1650,136.4
7080018020,0,78338001,7833800,1100.3,1171,0.0
7080207870,7080018020,78338003,7833800,181.6,916,58.1
7080208090,7080018020,78338002,7833800,742.1,1360,58.1
7080205090,7080207870,78338005,7833800,2306.5,1312,77.4
7080204980,7080207870,78338004,7833800,1557.3,1112,77.5
7080214300,7080205090,78338006,7833800,740.4,1438,181.3
7080214430,7080205090,78338007,7833800,67.9,1120,181.4
7080215580,7080214430,78338009,7833800,669.7,1258,191.4
7080215410,7080214430,78338008,7833800,401.8,1388,191.5
7080019010,0,78340101,7834010,616.8,698,0.0
7080168430,7080019010,78340103,7834010,23.2,413,26.3
7080168320,7080019010,78340102,7834010,522.0,884,26.4
7080168330,7080168430,78340105,7834010,87.3,628,32.7
7080168550,7080168430,78340104,7834010,577.1,917,32.7
7080167080,7080168330,78340107,7834010,432.3,773,43.7
7080167000,7080168330,78340106,7834010,462.3,991,43.8
7080165220,7080167080,78340108,7834010,577.2,652,72.9
7080165040,7080167080,78340109,7834010,457.7,790,73.0
7080162660,7080163190,78340401,7834040,322.3,826,100.7
7080162570,7080163190,78340501,7834050,47.6,557,100.9
7080161660,7080162570,78340503,7834050,1325.9,959,108.6
7080161880,7080162570,78340502,7834050,224.2,946,108.7
7080164890,7080162660,78340403,7834040,34.7,780,137.4
7080165050,7080162660,78340402,7834040,965.8,1227,137.5
7080164230,7080164890,78340404,7834040,276.8,1266,145.3
7080164150,7080164890,78340405,7834040,579.6,1135,145.5
7080153300,7080161660,78340505,7834050,560.0,941,167.0
7080153290,7080161660,78340504,7834050,202.6,1149,167.1
7080157770,7080164150,78340407,7834040,276.4,1138,185.5
7080157590,7080164150,78340406,7834040,127.1,1212,185.5
7080151160,7080153300,78340507,7834050,161.0,632,193.7
7080151050,7080153300,78340506,7834050,821.1,929,193.8
7080157780,7080157770,78340409,7834040,327.3,1214,207.1
7080157870,7080157770,78340408,7834040,162.4,1323,207.2
7080151170,7080151160,78340509,7834050,302.1,687,213.3
7080151300,7080151160,78340508,7834050,707.8,1087,213.3
7080148370,7080151170,78340701,7834070,118.3,611,235.0
7080146740,7080148370,78340703,7834070,0.6,246,249.5
7080146730,7080148370,78340702,7834070,2082.5,853,249.5
7080146640,7080146740,78340704,7834070,279.4,1149,250.3
7080146580,7080146740,78340705,7834070,496.1,883,250.5
7080019190,0,78360011,7836001,1011.7,796,0.0
7080148770,7080019190,78360012,7836001,464.8,885,46.9
7080148690,7080019190,78360013,7836001,440.6,541,47.1
7080145990,7080148690,78360015,7836001,154.5,636,69.4
7080145890,7080148690,78360014,7836001,362.7,1079,69.5
7080144230,7080145990,78360016,7836001,246.9,947,81.1
7080144240,7080145990,78360017,7836001,22.1,274,81.2
7080143640,7080144240,78360018,7836001,462.3,801,85.4
7080143650,7080144240,78360019,7836001,48.5,533,85.5
7080108050,7080108420,78380401,7838040,198.0,773,248.0
7080105690,7080108050,78380403,7838040,790.8,1067,273.6
7080105680,7080108050,78380402,7838040,577.4,1226,273.7
7080102450,7080105690,78380404,7838040,219.9,1090,325.8
7080102460,7080105690,78380405,7838040,221.0,1164,325.9
7080108980,7080107450,78380601,7838060,740.9,1299,341.9
7080101390,7080102460,78380407,7838040,434.6,1249,343.2
7080101380,7080102460,78380406,7838040,201.5,1325,343.2
7080098710,7080101390,78380408,7838040,294.2,1374,379.1
7080098720,7080101390,78380409,7838040,666.5,1313,379.2
7080112840,7080108980,78380603,7838060,22.1,1225,392.1
7080112670,7080108980,78380602,7838060,367.7,1559,392.2
7080113130,7080112840,78380605,7838060,2.6,985,396.4
7080113050,7080112840,78380604,7838060,862.3,1603,396.5
7080113330,7080113130,78380606,7838060,204.9,1601,398.0
7080113340,7080113130,78380607,7838060,288.2,1450,398.1
7080115680,7080113340,78380609,7838060,877.9,1528,422.4
7080115610,7080113340,78380608,7838060,213.0,1608,422.5
7080020510,0,78390501,7839050,286.5,1039,0.0
7080020540,0,78390502,7839050,898.4,1169,0.0
7080020550,0,78390503,7839050,967.0,551,0.0
7080020590,0,78390504,7839050,293.6,875,0.0
7080020600,0,78390505,7839050,231.3,517,0.0
7080020630,0,78390506,7839050,854.5,1092,0.0
7080020640,0,78390507,7839050,1.7,9,0.0
7080020650,0,78390508,7839050,997.9,922,0.0
7080020660,0,78390509,7839050,259.1,665,0.0
7080021620,0,71140101,7114010,1974.7,103,0.0
7080099400,7080021620,71140103,7114010,76.0,150,124.0
7080099300,7080021620,71140102,7114010,292.0,155,124.1
7080099670,7080099400,71140105,7114010,377.2,188,136.6
7080099600,7080099400,71140104,7114010,505.8,179,136.7
7080098890,7080099670,71140106,7114010,1476.2,242,177.1
7080098940,7080099670,71140107,7114010,586.6,232,177.3
7080099290,7080098940,71140109,7114010,71.0,238,213.6
7080099510,7080098940,71140108,7114010,486.1,289,213.6
7080111080,7080106570,71181181,7118118,3.2,147,153.7
7080111220,7080111080,71181183,7118118,466.1,206,155.7
7080111120,7080111080,71181182,7118118,431.9,206,155.7
7080112910,7080111220,71181185,7118118,587.6,209,203.8
7080112820,7080111220,71181184,7118118,1619.7,248,203.8
7080115240,7080112910,71181187,7118118,352.4,219,235.7
7080115370,7080112910,71181186,7118118,447.4,221,235.7
7080114770,7080115240,71181189,7118118,771.1,264,254.1
7080114850,7080115240,71181188,7118118,184.9,232,254.2
7080135300,7080142610,71182201,7118220,907.5,396,1123.5
7080134910,7080135300,71182202,7118220,827.2,415,1172.5
7080134780,7080135300,71182203,7118220,142.1,385,1172.6
7080133460,7080134780,71182204,7118220,260.4,437,1186.3
7080133400,7080134780,71182205,7118220,14.1,381,1186.5
7080133200,7080133400,71182206,7118220,272.2,447,1188.2
7080133140,7080133400,71182207,7118220,346.9,419,1188.3
7080130780,7080133140,71182209,7118220,359.3,459,1212.0
7080130790,7080133140,71182208,7118220,565.4,424,1212.0
7080139370,7080141410,71185201,7118520,546.3,435,1328.2
7080113880,7080114730,71182631,7118263,166.1,339,1352.3
7080133860,7080139370,71185203,7118520,179.4,459,1382.5
7080133810,7080139370,71185202,7118520,697.5,499,1382.6
7080115410,7080113880,71182633,7118263,92.0,344,1382.9
7080115470,7080113880,71182632,7118263,503.2,350,1383.1
7080115690,7080115410,71182635,7118263,4.6,343,1391.2
7080115650,7080115410,71182634,7118263,1573.6,397,1391.3
7080115820,7080115690,71182636,7118263,177.7,364,1393.8
7080115870,7080115690,71182637,7118263,241.9,363,1394.0
7080134700,7080133860,71185204,7118520,583.5,528,1408.1
7080134600,7080133860,71185205,7118520,748.6,529,1408.3
7080137710,7080140020,71185601,7118560,312.7,438,1448.2
7080134840,7080137710,71185602,7118560,734.6,502,1478.0
7080134770,7080137710,71185603,7118560,482.4,469,1478.1
7080120330,7080118940,71182691,7118269,127.9,375,1485.2
7080126310,7080134600,71185206,7118520,294.5,535,1485.6
7080126260,7080134600,71185207,7118520,8.1,525,1485.7
7080126210,7080126260,71185208,7118520,469.2,538,1488.1
7080126160,7080126260,71185209,7118520,1010.2,530,1488.3
7080121380,7080120330,71182693,7118269,420.9,409,1497.4
7080121460,7080120330,71182692,7118269,876.8,402,1497.5
7080130110,7080134770,71185605,7118560,151.7,499,1520.0
7080130100,7080134770,71185604,7118560,577.4,512,1520.0
7080128170,7080130110,71185606,7118560,579.5,530,1542.7
7080128180,7080130110,71185607,7118560,565.1,526,1542.8
7080124950,7080121380,71182695,7118269,4.7,399,1547.2
7080124820,7080121380,71182694,7118269,415.4,462,1547.2
7080125030,7080124950,71182697,7118269,8.0,402,1548.7
7080124940,7080124950,71182696,7118269,324.5,467,1548.7
7080125460,7080125030,71182698,7118269,638.8,491,1552.6
7080125470,7080125030,71182699,7118269,1646.0,446,1552.7
7080126240,7080128180,71185608,7118560,828.5,536,1561.2
7080126200,7080128180,71185609,7118560,936.2,554,1561.3
7080144740,7080134520,71187001,7118700,91.3,426,1618.9
7080144730,7080144640,71186021,7118602,41.6,423,1621.0
7080145910,7080144730,71186022,7118602,280.4,432,1628.2
7080145900,7080144730,71186023,7118602,177.7,430,1628.3
7080147120,7080144740,71187002,7118700,766.4,457,1638.2
7080147230,7080144740,71187003,7118700,10.5,428,1638.4
7080147750,7080147230,71187004,7118700,837.5,472,1642.3
7080147850,7080147230,71187005,7118700,430.0,446,1642.4
7080146000,7080145900,71186024,7118602,877.0,445,1649.9
7080146080,7080145900,71186025,7118602,593.3,443,1650.0
7080148790,7080146080,71186027,7118602,105.8,431,1674.4
7080148890,7080146080,71186026,7118602,1472.5,523,1674.6
7080154520,7080147850,71187006,7118700,3014.3,477,1690.9
7080154620,7080147850,71187007,7118700,209.2,460,1691.2
7080150170,7080148790,71186028,7118602,423.2,452,1693.9
7080150270,7080148790,71186029,7118602,1280.1,517,1694.0
7080160890,7080154620,71187009,7118700,4.7,455,1727.1
7080160680,7080154620,71187008,7118700,127.0,473,1727.2
7080134370,7080137980,71186091,7118609,79.0,422,1737.3
7080134300,7080137980,71186081,7118608,1.0,415,1737.5
7080134290,7080134300,71186083,7118608,831.0,445,1738.0
7080134230,7080134300,71186082,7118608,606.2,462,1738.1
7080135350,7080134370,71186092,7118609,415.8,513,1746.6
7080135450,7080134370,71186093,7118609,230.5,441,1746.7
7080131230,7080134290,71186085,7118608,89.3,453,1773.9
7080131240,7080134290,71186084,7118608,1667.4,463,1773.9
7080139000,7080135450,71186094,7118609,1712.7,549,1774.1
7080138990,7080135450,71186095,7118609,781.3,536,1774.2
7080131300,7080131230,71186087,7118608,290.7,476,1794.4
7080131220,7080131230,71186086,7118608,748.7,475,1794.5
7080131490,7080131300,71186089,7118608,541.6,524,1819.3
7080131550,7080131300,71186088,7118608,218.7,504,1819.4
7080137800,7080138990,71186096,7118609,177.6,581,1834.6
7080137680,7080138990,71186097,7118609,612.6,544,1834.8
7080170140,7080168960,71189701,7118970,1913.5,544,1843.0
7080139680,7080137680,71186098,7118609,452.6,640,1869.7
7080139810,7080137680,71186099,7118609,783.7,620,1869.8
7080113180,7080107910,71182901,7118290,260.4,456,1904.9
7080113170,7080113180,71182903,7118290,1139.6,495,1932.8
7080113250,7080113180,71182902,7118290,1026.9,497,1932.9
7080169590,7080170140,71189703,7118970,600.8,578,1951.4
7080169700,7080170140,71189702,7118970,455.1,616,1951.5
7080166670,7080169590,71189705,7118970,120.1,545,1982.9
7080166740,7080169590,71189704,7118970,961.0,581,1983.0
7080165900,7080166670,71189707,7118970,149.3,543,1987.4
7080165910,7080166670,71189706,7118970,747.4,610,1987.4
7080114980,7080113170,71182904,7118290,529.3,541,2005.4
7080114990,7080113170,71182905,7118290,293.5,509,2005.6
7080166120,7080165900,71189708,7118970,572.3,601,2010.8
7080166380,7080165900,71189709,7118970,619.5,586,2011.0
7080115960,7080114990,71182907,7118290,186.0,517,2027.1
7080116040,7080114990,71182906,7118290,409.7,514,2027.2
7080116650,7080115960,71182909,7118290,632.6,543,2044.0
7080116580,7080115960,71182908,7118290,408.2,550,2044.2
7080021990,0,71190081,7119008,288.7,34,0.0
7080111680,7080021990,71190082,7119008,324.2,78,53.2
7080111710,7080021990,71190083,7119008,27.7,50,53.4
7080112470,7080111710,71190085,7119008,41.6,54,63.0
7080112530,7080111710,71190084,7119008,1227.6,73,63.2
7080113030,7080112470,71190086,7119008,1806.1,111,75.1
7080113020,7080112470,71190087,7119008,102.1,68,75.2
7080114650,7080113020,71190089,7119008,1292.3,179,104.3
7080114540,7080113020,71190088,7119008,439.4,125,104.3
7080127110,7080123490,71211061,7121106,252.7,101,114.1
7080127210,7080123490,71211071,7121107,290.1,111,114.2
7080125990,7080127110,71211063,7121106,12.9,98,134.7
7080126000,7080127110,71211062,7121106,102.1,125,134.7
7080128690,7080127210,71211073,7121107,346.1,133,136.6
7080128780,7080127210,71211072,7121107,275.3,147,136.7
7080125660,7080125990,71211065,7121106,17.4,98,138.5
7080125840,7080125990,71211064,7121106,352.0,132,138.5
7080125430,7080125660,71211067,7121106,598.3,145,143.2
7080125350,7080125660,71211066,7121106,453.4,155,143.3
7080129010,7080128690,71211075,7121107,304.5,145,151.2
7080129120,7080128690,71211074,7121107,1186.8,162,151.3
7080129110,7080129010,71211077,7121107,122.2,145,180.1
7080129170,7080129010,71211076,7121107,817.1,160,180.2
7080129160,7080129110,71211078,7121107,962.6,166,187.0
7080129230,7080129110,71211079,7121107,570.7,171,187.2
7080125420,7080125430,71211069,7121106,581.9,197,221.6
7080125340,7080125430,71211068,7121106,984.4,197,221.8
7080133220,7080132870,71212021,7121202,782.6,210,325.9
7080133630,7080133220,71212023,7121202,825.3,234,377.5
7080133550,7080133220,71212022,7121202,2145.2,242,377.7
7080134480,7080133630,71212025,7121202,237.1,267,460.6
7080134470,7080133630,71212024,7121202,729.6,263,460.7
7080132120,7080134480,71212026,7121202,714.4,285,485.4
7080132110,7080134480,71212027,7121202,31.7,262,485.5
7080131620,7080132110,71212029,7121202,522.2,292,490.0
7080131660,7080132110,71212028,7121202,448.3,283,490.3
7080175650,7080173210,71217041,7121704,66.0,220,642.8
7080177840,7080175650,71217043,7121704,201.1,222,657.4
7080177850,7080175650,71217042,7121704,181.3,225,657.5
7080181310,7080177840,71217045,7121704,343.6,224,684.6
7080181050,7080177840,71217044,7121704,1549.5,241,684.7
7080184700,7080181310,71217047,7121704,1474.0,247,705.7
7080184450,7080181310,71217046,7121704,150.3,230,705.7
7080187570,7080184700,71217049,7121704,914.8,282,827.5
7080187690,7080184700,71217048,7121704,156.5,274,827.5
7080224340,7080220090,71223601,7122360,18.1,215,902.0
7080226130,7080224340,71223603,7122360,1287.5,223,910.1
7080226120,7080224340,71223602,7122360,1268.5,228,910.2
7080231030,7080224350,71223901,7122390,351.3,220,937.3
7080238650,7080231030,71223902,7122390,1427.6,224,971.1
7080238660,7080231030,71223903,7122390,283.6,227,971.2
7080241920,7080238660,71223905,7122390,149.3,219,986.6
7080241930,7080238660,71223904,7122390,3101.6,271,986.7
7080243430,7080226130,71223604,7122360,161.7,229,996.1
7080243510,7080226130,71223605,7122360,14.5,225,996.3
7080244400,7080243510,71223606,7122360,216.7,239,1001.4
7080244390,7080243510,71223607,7122360,164.7,231,1001.6
7080247020,7080241920,71223906,7122390,386.2,219,1009.1
7080247310,7080241920,71223907,7122390,137.4,226,1009.2
7080247000,7080244390,71223609,7122360,581.8,264,1014.0
7080247010,7080244390,71223608,7122360,591.0,252,1014.0
7080250640,7080247310,71223909,7122390,35.6,220,1023.2
7080250650,7080247310,71223908,7122390,2120.9,307,1023.3
7080245390,7080239690,71222301,7122230,745.9,248,1042.0
7080240450,7080245390,71222303,7122230,1226.5,255,1079.2
7080240460,7080245390,71222302,7122230,938.3,261,1079.2
7080235540,7080240450,71222305,7122230,457.4,252,1114.2
7080235670,7080240450,71222304,7122230,898.0,259,1114.3
7080226100,7080235540,71222307,7122230,228.9,255,1157.3
7080226110,7080235540,71222306,7122230,1233.5,261,1157.3
7080278150,7080271650,71224161,7122416,52.3,277,1165.0
7080279110,7080278150,71224163,7122416,542.2,283,1169.4
7080278890,7080278150,71224162,7122416,359.2,298,1169.6
7080234760,7080226100,71222309,7122230,112.6,254,1193.3
7080234770,7080226100,71222308,7122230,458.4,261,1193.3
7080285600,7080279110,71224164,7122416,1439.1,325,1206.7
7080285680,7080279110,71224165,7122416,353.3,313,1206.8
7080293630,7080285680,71224166,7122416,596.6,346,1256.5
7080293770,7080285680,71224167,7122416,1.7,316,1256.7
7080293860,7080293770,71224169,7122416,872.2,342,1257.9
7080293980,7080293770,71224168,7122416,251.0,338,1258.0
7080297300,7080291410,71226161,7122616,6.2,234,1263.2
7080297160,7080297300,71226162,7122616,700.2,305,1265.3
7080297030,7080297300,71226163,7122616,86.9,234,1265.5
7080295230,7080297030,71226164,7122616,1030.8,292,1275.7
7080295010,7080297030,71226165,7122616,303.6,239,1275.7
7080276840,7080277170,71224211,7122421,174.0,331,1278.7
7080302030,7080299140,71226201,7122620,770.8,257,1294.6
7080291640,7080295010,71226167,7122616,626.6,263,1295.6
7080291520,7080295010,71226166,7122616,694.1,270,1295.7
7080273250,7080276840,71224213,7122421,655.7,349,1296.4
7080273240,7080276840,71224212,7122421,514.4,366,1296.4
7080272080,7080273250,71224214,7122421,1837.3,379,1324.8
7080272150,7080273250,71224215,7122421,772.0,345,1325.0
7080301400,7080302030,71226203,7122620,2032.1,321,1348.1
7080301200,7080302030,71226202,7122620,495.9,312,1348.1
7080293010,7080291640,71226169,7122616,705.4,380,1360.9
7080293020,7080291640,71226168,7122616,207.1,430,1360.9
7080276640,7080272150,71224217,7122421,90.7,331,1371.7
7080276720,7080272150,71224216,7122421,310.5,375,1371.8
7080276850,7080276640,71224218,7122421,353.1,388,1378.6
7080276650,7080276640,71224219,7122421,107.0,343,1378.7
7080319450,7080310440,71226541,7122654,139.2,243,1391.5
7080274130,7080276650,71224221,7122422,1195.3,366,1392.7
7080274040,7080276650,71224231,7122423,337.4,345,1392.9
7080320330,7080319450,71226543,7122654,145.2,249,1406.5
7080320120,7080319450,71226542,7122654,420.1,275,1406.7
7080323020,7080320600,71226591,7122659,13.3,241,1409.9
7080199390,7080200510,71222601,7122260,864.2,264,1410.3
7080323730,7080323020,71226593,7122659,110.9,243,1414.0
7080323720,7080323020,71226592,7122659,120.6,245,1414.0
7080321070,7080320330,71226545,7122654,25.0,251,1419.4
7080321190,7080320330,71226544,7122654,339.7,279,1419.5
7080269990,7080274040,71224232,7122423,111.0,370,1422.2
7080269910,7080274040,71224233,7122423,16.8,331,1422.4
7080320760,7080321070,71226546,7122654,1058.4,350,1425.5
7080320830,7080321070,71226547,7122654,673.2,424,1425.6
7080269290,7080269910,71224234,7122423,286.5,358,1426.6
7080269170,7080269910,71224235,7122423,50.0,359,1426.8
7080267950,7080269170,71224236,7122423,1122.7,385,1433.6
7080267960,7080269170,71224237,7122423,358.2,357,1433.7
7080279150,7080274130,71224222,7122422,487.1,405,1437.4
7080327650,7080323730,71226594,7122659,1757.6,322,1437.5
7080279160,7080274130,71224223,7122422,906.9,372,1437.6
7080327740,7080323730,71226595,7122659,177.1,247,1437.6
7080307150,7080301400,71226205,7122620,139.5,323,1446.8
7080306880,7080301400,71226204,7122620,538.5,344,1446.8
7080330410,7080327740,71226597,7122659,101.3,250,1453.7
7080308630,7080307150,71226207,7122620,161.4,325,1453.7
7080330120,7080327740,71226596,7122659,817.0,264,1453.8
7080308640,7080307150,71226206,7122620,512.8,329,1453.8
7080195460,7080199390,71222602,7122260,509.9,286,1456.7
7080195390,7080199390,71222603,7122260,4.6,263,1456.9
7080195260,7080195390,71222604,7122260,459.0,270,1459.1
7080195150,7080195390,71222605,7122260,34.2,264,1459.3
7080310770,7080308630,71226208,7122620,586.8,352,1465.8
7080310780,7080308630,71226209,7122620,659.0,360,1465.9
7080193990,7080195150,71222607,7122260,1036.0,353,1468.7
7080333170,7080330410,71226598,7122659,301.5,280,1468.8
7080193860,7080195150,71222606,7122260,374.6,287,1468.8
7080333310,7080330410,71226599,7122659,24.1,253,1468.9
7080265810,7080267960,71224238,7122423,1642.4,386,1469.6
7080265750,7080267960,71224239,7122423,38.6,358,1469.7
7080264400,7080265750,71224241,7122424,253.5,364,1476.6
7080285100,7080279160,71224225,7122422,312.3,370,1494.5
7080285190,7080279160,71224224,7122422,2495.7,391,1494.7
7080260240,7080264400,71224243,7122424,35.0,361,1500.9
7080260250,7080264400,71224242,7122424,3207.8,404,1500.9
7080259080,7080260240,71224244,7122424,352.2,383,1507.4
7080258950,7080260240,71224245,7122424,569.4,390,1507.6
7080284440,7080285100,71224227,7122422,12.9,363,1511.2
7080284310,7080285100,71224226,7122422,440.3,404,1511.3
7080284560,7080284440,71224229,7122422,2478.0,410,1516.1
7080284490,7080284440,71224228,7122422,466.1,395,1516.2
7080255580,7080258950,71224246,7122424,362.8,391,1530.8
7080255510,7080258950,71224247,7122424,204.6,373,1531.0
7080345810,7080342590,71226741,7122674,296.2,275,1533.3
7080200920,7080193990,71222609,7122260,536.7,490,1552.4
7080201040,7080193990,71222608,7122260,284.6,348,1552.5
7080253330,7080255510,71224249,7122424,2197.8,405,1552.9
7080253570,7080255510,71224248,7122424,950.7,391,1552.9
7080349350,7080345940,71226761,7122676,146.1,265,1554.3
7080334810,7080337780,71226641,7122664,30.5,316,1555.1
7080284060,7080289200,71228201,7122820,170.0,460,1555.7
7080335890,7080334810,71226642,7122664,160.6,350,1560.7
7080335680,7080334810,71226643,7122664,6.3,319,1560.8
7080335800,7080335680,71226645,7122664,84.8,331,1563.0
7080335900,7080335680,71226644,7122664,146.6,352,1563.1
7080345930,7080345810,71226743,7122674,116.1,300,1565.5
7080345800,7080345810,71226742,7122674,439.9,316,1565.7
7080206150,7080203300,71222961,7122296,76.0,372,1568.2
7080352720,7080349350,71226763,7122676,40.5,267,1572.3
7080352800,7080349350,71226762,7122676,466.9,301,1572.4
7080336250,7080335800,71226646,7122664,1651.3,383,1573.6
7080336100,7080335800,71226647,7122664,713.7,354,1573.8
7080207640,7080206150,71222962,7122296,300.5,398,1576.1
7080207650,7080206150,71222963,7122296,302.1,432,1576.2
7080290680,7080289500,71229201,7122920,1659.8,463,1579.1
7080344730,7080345930,71226745,7122674,86.8,320,1580.7
7080344850,7080345930,71226744,7122674,1096.0,373,1580.9
7080352080,7080352720,71226765,7122676,820.4,330,1582.8
7080352360,7080352720,71226764,7122676,785.8,336,1582.8
7080227590,7080221240,71222891,7122289,334.9,471,1586.0
7080279630,7080284060,71228202,7122820,359.3,565,1588.6
7080279460,7080284060,71228203,7122820,958.8,572,1588.7
7080209980,7080207650,71222965,7122296,318.4,441,1591.6
7080210090,7080207650,71222964,7122296,518.9,529,1591.8
7080342910,7080344730,71226746,7122674,723.6,398,1595.7
7080343130,7080344730,71226747,7122674,514.2,429,1595.8
7080318150,7080313030,71224401,7122440,505.9,359,1596.8
7080359570,7080356500,71226921,7122692,110.3,273,1607.5
7080317700,7080318020,71224701,7122470,230.4,346,1608.6
7080317870,7080318020,71224601,7122460,137.8,341,1608.7
7080211660,7080209980,71222966,7122296,722.2,454,1618.2
7080211760,7080209980,71222967,7122296,128.4,467,1618.3
7080228960,7080227590,71222893,7122289,95.3,488,1618.6
7080229140,7080227590,71222892,7122289,277.7,485,1618.6
7080360630,7080359570,71226923,7122692,23.7,274,1621.8
7080360640,7080359570,71226922,7122692,285.5,285,1621.8
7080228160,7080228960,71222895,7122289,859.8,539,1622.4
7080228030,7080228960,71222894,7122289,268.2,528,1622.5
7080321470,7080317870,71224602,7122460,283.4,372,1626.9
7080321580,7080317870,71224603,7122460,378.2,364,1627.0
7080361170,7080360630,71226924,7122692,357.1,313,1627.2
7080361310,7080360630,71226925,7122692,10.3,275,1627.3
7080364140,7080356710,71226821,7122682,529.8,290,1628.3
7080350470,7080352080,71226767,7122676,285.6,378,1629.1
7080350330,7080352080,71226766,7122676,442.4,376,1629.1
7080362130,7080361310,71226926,7122692,569.4,313,1631.2
7080362290,7080361310,71226927,7122692,1386.4,349,1631.3
7080314600,7080317700,71224703,7122470,195.0,342,1639.0
7080314530,7080317700,71224702,7122470,3888.6,379,1639.1
7080215630,7080211760,71222968,7122296,272.0,562,1642.1
7080215620,7080211760,71222969,7122296,762.7,576,1642.2
7080326710,7080318150,71224402,7122440,988.9,377,1646.1
7080326790,7080318150,71224403,7122440,744.7,386,1646.3
7080337310,7080336100,71226648,7122664,178.1,416,1647.8
7080337320,7080336100,71226649,7122664,563.4,435,1648.0
7080271370,7080279460,71228205,7122820,733.1,601,1649.5
7080271210,7080279460,71228204,7122820,877.6,654,1649.6
7080349040,7080350470,71226769,7122676,983.5,459,1650.2
7080349230,7080350470,71226768,7122676,482.4,443,1650.2
7080314920,7080314600,71224705,7122470,39.4,338,1650.3
7080315000,7080314600,71224704,7122470,831.0,359,1650.4
7080314610,7080314820,71224821,7122482,533.2,357,1660.5
7080326310,7080321580,71224604,7122460,578.6,401,1662.1
7080326300,7080321580,71224605,7122460,856.2,398,1662.2
7080219410,7080228160,71222897,7122289,19.9,520,1666.1
7080219600,7080228160,71222896,7122289,288.8,564,1666.3
7080218770,7080219410,71222899,7122289,347.2,609,1669.0
7080219010,7080219410,71222898,7122289,470.5,621,1669.1
7080373600,7080364140,71226823,7122682,1559.5,317,1675.6
7080373590,7080364140,71226822,7122682,800.4,307,1675.6
7080279750,7080270640,71224291,7122429,4.7,362,1680.4
7080279470,7080270640,71224281,7122428,377.7,389,1680.5
7080280200,7080279750,71224293,7122429,920.4,398,1682.9
7080280190,7080279750,71224292,7122429,1050.6,399,1682.9
7080376890,7080364260,71226841,7122684,214.0,293,1691.3
7080332480,7080326790,71224404,7122440,329.7,409,1692.3
7080332600,7080326790,71224405,7122440,729.3,408,1692.3
7080309600,7080314610,71224822,7122482,1140.5,406,1697.5
7080309610,7080314610,71224823,7122482,152.9,365,1697.6
7080380990,7080376890,71226842,7122684,790.9,310,1710.8
7080381080,7080376890,71226843,7122684,601.0,308,1710.9
7080263370,7080271370,71228206,7122820,255.6,629,1715.6
7080263210,7080271370,71228207,7122820,36.9,588,1715.7
7080276660,7080279470,71224282,7122428,382.3,403,1716.9
7080276740,7080279470,71224283,7122428,456.8,395,1717.1
7080361540,7080362290,71226929,7122692,1029.1,384,1717.4
7080361430,7080362290,71226928,7122692,395.4,384,1717.6
7080333000,7080326300,71224607,7122460,82.2,397,1721.2
7080332870,7080326300,71224606,7122460,190.2,409,1721.4
7080262110,7080263210,71228208,7122820,341.3,619,1721.7
7080262290,7080263210,71228209,7122820,315.2,621,1721.8
7080311020,7080309610,71224824,7122482,1191.9,426,1723.8
7080310860,7080309610,71224825,7122482,259.6,389,1724.0
7080284670,7080280200,71224295,7122429,645.7,415,1724.1
7080284660,7080280200,71224294,7122429,739.0,419,1724.1
7080334940,7080333000,71224608,7122460,1459.8,425,1735.2
7080334950,7080333000,71224609,7122460,808.6,416,1735.4
7080276750,7080276740,71224284,7122428,269.5,415,1741.5
7080276860,7080276740,71224285,7122428,89.2,390,1741.7
7080279860,7080290680,71229203,7122920,563.6,606,1745.5
7080279990,7080290680,71229202,7122920,352.1,622,1745.6
7080308160,7080310860,71224826,7122482,299.1,408,1747.5
7080307990,7080310860,71224827,7122482,1313.3,410,1747.6
7080338630,7080332600,71224407,7122440,519.6,417,1749.2
7080338800,7080332600,71224406,7122440,460.7,423,1749.2
7080288650,7080284670,71224296,7122429,957.9,437,1751.1
7080288660,7080284670,71224297,7122429,425.3,428,1751.2
7080277930,7080276860,71224286,7122428,586.6,412,1751.6
7080277940,7080276860,71224287,7122428,736.7,425,1751.7
7080391600,7080381080,71226844,7122684,875.0,338,1754.1
7080391610,7080381080,71226845,7122684,409.1,314,1754.3
7080316050,7080314180,71229601,7122960,36.0,442,1758.1
7080267450,7080269450,71228531,7122853,256.5,541,1759.1
7080379130,7080373600,71226825,7122682,232.4,340,1759.7
7080378880,7080373600,71226824,7122682,458.7,362,1759.8
7080277160,7080279860,71229205,7122920,370.9,606,1764.8
7080277070,7080279860,71229204,7122920,400.4,596,1764.9
7080316060,7080316050,71229602,7122960,1381.3,469,1766.8
7080315920,7080316050,71229603,7122960,55.2,444,1767.0
7080255130,7080256030,71228431,7122843,665.3,515,1769.5
7080314500,7080315920,71229604,7122960,616.2,572,1776.4
7080314510,7080315920,71229605,7122960,185.9,473,1776.5
7080292250,7080288660,71224298,7122429,763.6,461,1780.5
7080292260,7080288660,71224299,7122429,3383.1,462,1780.7
7080381070,7080379130,71226827,7122682,4.3,342,1781.1
7080381170,7080379130,71226826,7122682,319.7,398,1781.3
7080387640,7080391610,71226847,7122684,3.5,303,1783.4
7080381270,7080381070,71226829,7122682,1726.9,409,1783.5
7080387780,7080391610,71226846,7122684,1125.0,332,1783.6
7080381060,7080381070,71226828,7122682,311.0,373,1783.6
7080387650,7080387640,71226849,7122684,623.3,342,1784.7
7080387790,7080387640,71226848,7122684,339.2,330,1784.7
7080315160,7080314510,71229606,7122960,996.4,586,1788.6
7080315270,7080314510,71229607,7122960,138.9,454,1788.6
7080280280,7080277940,71224289,7122428,369.8,433,1789.9
7080280420,7080277940,71224288,7122428,795.9,435,1790.1
7080267650,7080267450,71228533,7122853,408.1,560,1790.6
7080267720,7080267450,71228532,7122853,397.1,595,1790.6
7080339090,7080338630,71224408,7122440,407.3,420,1791.6
7080339260,7080338630,71224409,7122440,674.9,416,1791.7
7080315400,7080315270,71229609,7122960,643.7,530,1803.2
7080315280,7080315270,71229608,7122960,294.7,513,1803.2
7080247440,7080255130,71228433,7122843,295.8,522,1805.2
7080247450,7080255130,71228432,7122843,456.1,583,1805.2
7080275300,7080277160,71229206,7122920,989.8,695,1814.9
7080275150,7080277160,71229207,7122920,31.2,613,1815.1
7080299310,7080307990,71224829,7122482,1223.6,448,1817.8
7080299190,7080307990,71224828,7122482,254.5,446,1817.9
7080274760,7080275150,71229208,7122920,700.8,679,1820.1
7080274660,7080275150,71229209,7122920,428.2,660,1820.1
7080265740,7080267650,71228535,7122853,208.0,538,1823.1
7080265790,7080267650,71228534,7122853,1113.0,604,1823.2
7080244270,7080247440,71228435,7122843,145.1,496,1826.2
7080244520,7080247440,71228434,7122843,421.4,519,1826.3
7080264540,7080265740,71228537,7122853,700.8,584,1840.3
7080264380,7080265740,71228536,7122853,555.6,588,1840.4
7080240740,7080244270,71228437,7122843,7.7,449,1845.3
7080240610,7080244270,71228436,7122843,281.2,584,1845.5
7080240160,7080240740,71228439,7122843,116.0,529,1848.0
7080240380,7080240740,71228438,7122843,439.4,491,1848.0
7080353740,7080356700,71226971,7122697,751.6,431,1851.5
7080329420,7080323400,71224991,7122499,415.8,421,1856.8
7080329540,7080323400,71224981,7122498,222.2,421,1857.0
7080267420,7080264540,71228538,7122853,449.5,652,1874.6
7080267210,7080264540,71228539,7122853,483.9,587,1874.7
7080333580,7080329540,71224982,7122498,263.5,439,1882.2
7080333730,7080329540,71224983,7122498,114.3,435,1882.3
7080330770,7080329420,71224992,7122499,697.9,488,1883.9
7080330680,7080329420,71224993,7122499,397.9,458,1884.1
7080335940,7080333730,71224985,7122498,33.2,442,1897.2
7080335930,7080333730,71224984,7122498,191.1,448,1897.2
7080337420,7080335940,71224987,7122498,87.1,455,1904.4
7080337590,7080335940,71224986,7122498,976.9,517,1904.5
7080343990,7080353740,71226972,7122697,220.6,453,1907.3
7080343890,7080353740,71226973,7122697,143.3,431,1907.5
7080341980,7080343890,71226974,7122697,253.1,444,1920.5
7080341830,7080343890,71226975,7122697,158.6,445,1920.7
7080335170,7080337420,71224988,7122498,197.9,467,1923.0
7080335280,7080337420,71224989,7122498,1120.8,510,1923.2
7080326560,7080330680,71224995,7122499,55.3,442,1930.0
7080326650,7080330680,71224994,7122499,429.3,505,1930.1
7080339250,7080341830,71226977,7122697,2196.1,459,1935.5
7080339080,7080341830,71226976,7122697,186.8,455,1935.5
7080325810,7080326560,71224997,7122499,126.7,461,1936.2
7080326000,7080326560,71224996,7122499,571.8,522,1936.2
7080243420,7080240280,71228481,7122848,23.8,483,1940.7
7080243490,7080240280,71228491,7122849,1.7,478,1940.9
7080243720,7080243490,71228493,7122849,354.8,497,1942.0
7080243710,7080243490,71228492,7122849,524.5,582,1942.0
7080243260,7080243420,71228483,7122848,171.1,522,1947.2
7080243410,7080243420,71228482,7122848,208.7,556,1947.2
7080323980,7080325810,71224999,7122499,823.9,488,1956.4
7080324090,7080325810,71224998,7122499,316.1,473,1956.5
7080263970,7080261190,71250601,7125060,1110.0,779,1959.9
7080247280,7080243720,71228494,7122849,174.9,522,1960.3
7080247430,7080243720,71228495,7122849,2.4,491,1960.5
7080243110,7080243260,71228485,7122848,77.8,526,1960.9
7080243250,7080243260,71228484,7122848,247.3,607,1961.0
7080247720,7080247430,71228496,7122849,557.6,534,1962.3
7080247730,7080247430,71228497,7122849,305.6,511,1962.4
7080241910,7080243110,71228486,7122848,433.5,601,1968.1
7080241740,7080243110,71228487,7122848,837.2,543,1968.3
7080252080,7080247730,71228499,7122849,803.0,572,1983.0
7080252090,7080247730,71228498,7122849,351.8,522,1983.0
7080234890,7080241740,71228489,7122848,1013.8,554,2011.3
7080234750,7080241740,71228488,7122848,245.2,577,2011.6
7080264650,7080263060,71228801,7122880,14.7,539,2024.1
7080265720,7080264650,71228803,7122880,1015.2,606,2029.7
7080265710,7080264650,71228802,7122880,1024.9,574,2029.7
7080277780,7080263970,71250603,7125060,560.9,851,2049.4
7080277890,7080263970,71250602,7125060,212.3,870,2049.6
7080334640,7080339250,71226979,7122697,143.2,478,2073.9
7080334550,7080339250,71226978,7122697,387.1,490,2074.0
7080209380,7080204790,71244041,7124404,39.4,647,2083.0
7080282420,7080277780,71250605,7125060,311.1,890,2087.9
7080282520,7080277780,71250604,7125060,342.2,909,2088.0
7080271050,7080266350,71228941,7122894,188.0,579,2091.1
7080209010,7080209380,71244043,7124404,101.4,662,2091.3
7080209080,7080209380,71244042,7124404,990.8,697,2091.4
7080271170,7080271050,71228943,7122894,670.8,609,2099.3
7080271350,7080271050,71228942,7122894,235.6,654,2099.4
7080274640,7080265720,71228804,7122880,305.4,580,2099.6
7080274650,7080265720,71228805,7122880,14.7,574,2099.7
7080274890,7080274650,71228806,7122880,197.7,648,2102.9
7080275140,7080274650,71228807,7122880,124.6,591,2103.0
7080206120,7080209010,71244045,7124404,343.1,683,2109.6
7080206020,7080209010,71244044,7124404,214.2,683,2109.8
7080276150,7080275140,71228808,7122880,171.7,606,2111.5
7080276210,7080275140,71228809,7122880,844.6,621,2111.7
7080285240,7080282420,71250607,7125060,17.2,881,2122.1
7080285390,7080282420,71250606,7125060,581.2,931,2122.3
7080302720,7080304000,71229961,7122996,243.4,572,2123.1
7080268220,7080271170,71228945,7122894,241.1,593,2125.5
7080268450,7080271170,71228944,7122894,434.0,655,2125.5
7080285470,7080285240,71250609,7125060,452.3,1018,2128.4
7080285660,7080285240,71250608,7125060,356.0,994,2128.4
7080206470,7080206120,71244047,7124404,75.4,683,2132.6
7080206250,7080206120,71244046,7124404,1186.8,691,2132.6
7080266490,7080268220,71228946,7122894,379.9,637,2138.3
7080266340,7080268220,71228947,7122894,645.7,605,2138.4
7080305960,7080302720,71229963,7122996,21.9,575,2145.2
7080306030,7080302720,71229962,7122996,160.3,642,2145.3
7080306210,7080305960,71229965,7122996,502.4,623,2150.5
7080306290,7080305960,71229964,7122996,732.1,642,2150.6
7080209070,7080206470,71244048,7124404,148.8,696,2153.3
7080209000,7080206470,71244049,7124404,392.2,707,2153.5
7080264760,7080266340,71228948,7122894,162.0,676,2179.0
7080264510,7080266340,71228949,7122894,634.2,663,2179.2
7080296710,7080302650,71229991,7122999,857.3,585,2180.3
7080304650,7080306210,71229966,7122996,172.3,657,2180.5
7080304540,7080306210,71229967,7122996,1347.2,644,2180.7
7080289070,7080296710,71229993,7122999,556.2,576,2224.9
7080289180,7080296710,71229992,7122999,354.3,589,2224.9
7080284720,7080289070,71229994,7122999,311.4,576,2253.3
7080284620,7080289070,71229995,7122999,233.3,573,2253.5
7080281380,7080284620,71229997,7122999,571.0,590,2271.5
7080281370,7080284620,71229996,7122999,244.4,578,2271.5
7080293850,7080304540,71229968,7122996,490.0,701,2273.4
7080293760,7080304540,71229969,7122996,325.6,659,2273.6
7080181530,7080178730,71247061,7124706,405.1,676,2284.9
7080285590,7080281380,71229999,7122999,609.6,621,2318.7
7080285740,7080281380,71229998,7122999,238.1,604,2318.7
7080182740,7080181530,71247063,7124706,103.9,678,2321.0
7080182630,7080181530,71247062,7124706,305.1,701,2321.1
7080185430,7080182740,71247065,7124706,288.4,685,2341.0
7080185510,7080182740,71247064,7124706,534.5,711,2341.1
7080182870,7080185430,71247066,7124706,373.6,701,2359.5
7080183000,7080185430,71247067,7124706,196.7,704,2359.7
7080182620,7080183000,71247068,7124706,186.0,717,2378.8
7080182860,7080183000,71247069,7124706,1033.6,751,2378.8
7080202930,7080192980,71248001,7124800,132.6,939,2555.6
7080204110,7080202930,71248003,7124800,340.7,1007,2565.5
7080204260,7080202930,71248002,7124800,1150.4,1185,2565.6
7080201520,7080204110,71248004,7124800,537.5,1159,2595.6
7080201620,7080204110,71248005,7124800,555.6,1063,2595.7
7080217670,7080210080,71249041,7124904,18.6,1002,2636.7
7080290660,7080284030,71280041,7128004,22.5,918,2637.1
7080218300,7080217670,71249042,7124904,861.5,1261,2640.6
7080218310,7080217670,71249043,7124904,435.3,1101,2640.7
7080291210,7080290660,71280043,7128004,21.1,915,2641.7
7080291350,7080290660,71280042,7128004,276.1,1031,2641.8
7080291810,7080291210,71280044,7128004,788.6,1116,2646.3
7080291980,7080291210,71280045,7128004,714.7,1100,2646.3
7080205790,7080201620,71248007,7124800,380.2,1279,2650.6
7080205910,7080201620,71248006,7124800,1394.4,1658,2650.7
7080286810,7080290350,71280061,7128006,670.8,1000,2665.8
7080205100,7080205790,71248009,7124800,2063.9,2137,2698.8
7080204870,7080205790,71248008,7124800,491.6,1847,2698.8
7080225470,7080218310,71249045,7124904,656.3,1559,2703.8
7080225290,7080218310,71249044,7124904,172.8,1415,2703.9
7080287610,7080286560,71280091,7128009,914.5,1169,2708.3
7080293140,7080286810,71280063,7128006,271.7,1088,2712.2
7080293150,7080286810,71280062,7128006,1268.8,1340,2712.2
7080300230,7080291980,71280047,7128004,83.8,1221,2720.8
7080300220,7080291980,71280046,7128004,331.7,1428,2720.8
7080224630,7080217980,71260601,7126060,272.2,932,2731.8
7080301690,7080300230,71280048,7128004,323.1,1297,2732.5
7080301840,7080300230,71280049,7128004,1337.4,1702,2732.6
7080224620,7080224750,71260901,7126090,82.0,941,2733.8
7080295970,7080293140,71280065,7128006,75.4,1188,2745.5
7080295890,7080293140,71280064,7128006,185.4,1266,2745.5
7080221950,7080224630,71260603,7126060,49.7,927,2747.1
7080222140,7080224630,71260602,7126060,251.2,963,2747.1
7080220910,7080221950,71260604,7126060,176.9,963,2754.1
7080220810,7080221950,71260605,7126060,205.3,951,2754.2
7080225100,7080225470,71249046,7124904,137.6,1697,2755.2
7080225240,7080225470,71249047,7124904,221.9,1899,2755.3
7080225480,7080224620,71260902,7126090,676.8,1098,2759.8
7080225660,7080224620,71260903,7126090,311.0,1067,2759.9
7080292080,7080287610,71280093,7128009,188.2,1255,2760.1
7080292210,7080287610,71280092,7128009,428.2,1312,2760.2
7080298610,7080295970,71280066,7128006,296.6,1622,2761.3
7080298730,7080295970,71280067,7128006,403.8,1436,2761.3
7080217890,7080220810,71260607,7126060,603.3,978,2771.3
7080217760,7080220810,71260606,7126060,830.8,994,2771.5
7080229620,7080225240,71249049,7124904,589.2,2291,2777.7
7080229780,7080225240,71249048,7124904,128.7,2184,2777.9
7080291030,7080292080,71280095,7128009,26.3,1191,2778.0
7080291200,7080292080,71280094,7128009,1232.7,1625,2778.0
7080221230,7080217190,71249091,7124909,272.9,1915,2780.6
7080229090,7080225660,71260905,7126090,443.5,1199,2782.4
7080228990,7080225660,71260904,7126090,874.9,1424,2782.6
7080290920,7080291030,71280096,7128009,1019.9,1554,2783.1
7080290830,7080291030,71280097,7128009,1245.8,1613,2783.3
7080259730,7080259970,71290061,7129006,96.5,1044,2785.7
7080304220,7080298730,71280069,7128006,392.6,1869,2797.8
7080261920,7080259730,71290062,7129006,1593.2,1491,2797.9
7080304130,7080298730,71280068,7128006,159.2,1899,2797.9
7080261930,7080259730,71290063,7129006,56.3,1048,2798.0
7080224940,7080221230,71249092,7124909,516.5,2289,2799.8
7080225090,7080221230,71249093,7124909,404.4,1999,2799.9
7080233510,7080229090,71260907,7126090,992.2,1582,2801.5
7080233670,7080229090,71260906,7126090,508.0,1427,2801.6
7080264630,7080261930,71290064,7129006,267.5,1192,2811.2
7080264640,7080261930,71290065,7129006,190.7,1115,2811.3
7080210230,7080217890,71260608,7126060,193.4,993,2813.6
7080210170,7080217890,71260609,7126060,230.4,995,2813.8
7080227430,7080225090,71249095,7124909,12.8,1580,2829.8
7080227440,7080225090,71249094,7124909,309.5,2214,2829.8
7080253130,7080259660,71290091,7129009,1448.5,1346,2831.8
7080227680,7080227430,71249096,7124909,421.6,2189,2832.4
7080227420,7080227430,71249097,7124909,260.7,2154,2832.5
7080282500,7080290830,71280098,7128009,340.0,1949,2843.7
7080282490,7080290830,71280099,7128009,344.3,2003,2843.8
7080268360,7080264640,71290067,7129006,589.5,1548,2844.6
7080268550,7080264640,71290066,7129006,491.1,1438,2844.7
7080224530,7080227420,71249099,7124909,296.9,2212,2851.0
7080224420,7080227420,71249098,7124909,271.1,2310,2851.2
7080236460,7080233510,71260909,7126090,990.2,2161,2865.3
7080236590,7080233510,71260908,7126090,650.4,2141,2865.5
7080248200,7080253130,71290092,7129009,717.5,1658,2894.3
7080248370,7080253130,71290093,7129009,392.0,1405,2894.4
7080271030,7080268360,71290069,7129006,500.1,2019,2898.1
7080271160,7080268360,71290068,7129006,235.0,1987,2898.1
7080251870,7080248370,71290095,7129009,485.4,1810,2928.8
7080251970,7080248370,71290094,7129009,955.8,2051,2928.8
7080249750,7080251870,71290097,7129009,18.0,1588,2971.7
7080249620,7080251870,71290096,7129009,944.1,2124,2971.9
7080249740,7080249750,71290099,7129009,2208.5,2141,2979.1
7080249900,7080249750,71290098,7129009,736.3,2095,2979.3
7080146980,7080137520,71327001,7132700,1963.5,157,262.9
7080149780,7080149180,71326041,7132604,726.3,169,286.8
7080156280,7080149780,71326042,7132604,414.8,187,346.4
7080156390,7080149780,71326043,7132604,59.4,182,346.6
7080158100,7080156390,71326045,7132604,412.0,186,356.0
7080158110,7080156390,71326044,7132604,962.4,197,356.0
7080150730,7080146980,71327003,7132700,46.4,165,369.1
7080150630,7080146980,71327002,7132700,566.9,175,369.2
7080152140,7080150730,71327005,7132700,417.3,177,377.2
7080152250,7080150730,71327004,7132700,331.5,179,377.4
7080162340,7080158100,71326047,7132604,1590.9,217,383.2
7080162330,7080158100,71326046,7132604,830.9,206,383.3
7080156690,7080152140,71327006,7132700,792.5,190,419.6
7080156740,7080152140,71327007,7132700,0.2,178,419.8
7080156860,7080156740,71327009,7132700,1545.1,188,420.3
7080156870,7080156740,71327008,7132700,1073.1,203,420.3
7080171650,7080162340,71326048,7132604,1217.0,239,458.6
7080171660,7080162340,71326049,7132604,1083.7,243,458.8
7080198650,7080192900,71349041,7134904,201.4,283,591.5
7080202350,7080198650,71349043,7134904,308.1,307,616.4
7080202340,7080198650,71349042,7134904,803.5,314,616.4
7080206530,7080202350,71349044,7134904,125.3,313,640.9
7080206540,7080202350,71349045,7134904,82.7,313,641.1
7080208120,7080206540,71349047,7134904,26.8,308,649.5
7080208130,7080206540,71349046,7134904,148.3,318,649.5
7080209140,7080208120,71349048,7134904,274.0,329,654.7
7080209150,7080208120,71349049,7134904,848.4,336,654.8
7080152640,7080150030,71352501,7135250,631.5,77,33.8
7080152650,7080150030,71352401,7135240,1499.7,93,33.8
7080157030,7080152640,71352503,7135250,320.5,89,65.2
7080157150,7080152640,71352502,7135250,724.8,101,65.3
7080159230,7080157030,71352504,7135250,1848.5,117,93.6
7080159080,7080157030,71352505,7135250,573.1,100,93.8
7080167450,7080152650,71352403,7135240,298.8,101,119.4
7080167460,7080152650,71352402,7135240,376.9,118,119.4
7080160050,7080159080,71352506,7135250,782.8,112,121.9
7080159970,7080159080,71352507,7135250,2850.8,109,122.1
7080173430,7080167450,71352405,7135240,9.6,95,152.5
7080173500,7080167450,71352404,7135240,1243.4,115,152.6
7080173640,7080173430,71352406,7135240,1657.2,119,155.4
7080173800,7080173430,71352407,7135240,921.0,115,155.5
7080180330,7080173800,71352409,7135240,521.1,129,211.9
7080180550,7080173800,71352408,7135240,272.7,127,211.9
7080166560,7080159970,71352509,7135250,52.0,99,233.7
7080166290,7080159970,71352508,7135250,799.1,111,233.7
7080177120,7080175540,71352671,7135267,932.9,171,309.7
7080186210,7080177120,71352673,7135267,92.7,185,385.2
7080186350,7080177120,71352672,7135267,272.5,218,385.3
7080186810,7080186210,71352675,7135267,648.3,204,396.2
7080186960,7080186210,71352674,7135267,270.0,234,396.3
7080187070,7080186810,71352677,7135267,319.7,201,426.1
7080187230,7080186810,71352676,7135267,537.8,231,426.2
7080183980,7080187070,71352679,7135267,220.8,214,454.6
7080183870,7080187070,71352678,7135267,315.9,211,454.8
7080206170,7080205830,71352971,7135297,164.1,238,554.2
7080205130,7080206170,71352973,7135297,3195.5,264,572.4
7080205250,7080206170,71352972,7135297,675.6,283,572.5
7080202850,7080205130,71352975,7135297,1345.2,291,657.3
7080202680,7080205130,71352974,7135297,801.3,290,657.5
7080211050,7080202850,71352976,7135297,651.8,348,706.7
7080211090,7080202850,71352977,7135297,57.9,285,706.8
7080212440,7080211090,71352978,7135297,526.0,315,715.7
7080212580,7080211090,71352979,7135297,1231.9,350,715.8
7080210450,7080198160,71356551,7135655,572.6,180,340.0
7080219870,7080210450,71356552,7135655,399.7,184,401.3
7080220020,7080210450,71356553,7135655,908.9,202,401.4
7080219740,7080210450,71356554,7135655,244.4,182,401.5
7080222670,7080220020,71356555,7135655,120.0,202,438.1
7080222800,7080222670,71356557,7135655,513.0,222,446.1
7080223030,7080222670,71356556,7135655,403.5,229,446.1
7080224080,7080222800,71356559,7135655,18.6,220,481.9
7080223860,7080222800,71356558,7135655,445.2,237,481.9
7080222910,7080220590,71356601,7135660,8.5,249,611.4
7080223010,7080220590,71356701,7135670,848.0,300,611.6
7080223330,7080222910,71356603,7135660,90.7,265,614.4
7080223420,7080222910,71356602,7135660,420.4,290,614.6
7080221620,7080223330,71356604,7135660,623.5,313,629.3
7080221500,7080223330,71356605,7135660,1257.7,282,629.5
7080228850,7080223010,71356702,7135670,1189.0,350,672.8
7080228670,7080223010,71356703,7135670,45.2,307,673.0
7080228200,7080228670,71356705,7135670,90.0,310,683.4
7080228350,7080228670,71356704,7135670,268.3,317,683.4
7080220410,7080221500,71356607,7135660,462.3,303,691.4
7080220510,7080221500,71356606,7135660,852.0,325,691.5
7080227230,7080228200,71356707,7135670,379.2,326,692.6
7080227130,7080228200,71356706,7135670,187.6,323,692.7
7080218420,7080220410,71356608,7135660,896.4,323,710.2
7080218330,7080220410,71356609,7135660,2156.2,339,710.4
7080231720,7080227230,71356709,7135670,43.2,339,745.4
7080231620,7080227230,71356708,7135670,203.3,350,745.5
7080257230,7080255780,71366501,7136650,11.3,95,312.5
7080258300,7080257230,71366502,7136650,1179.2,151,317.0
7080258410,7080257230,71366503,7136650,572.9,104,317.1
7080264010,7080258410,71366504,7136650,320.7,138,348.4
7080264290,7080258410,71366505,7136650,490.6,116,348.5
7080267970,7080264290,71366507,7136650,25.3,95,366.3
7080268110,7080264290,71366506,7136650,801.2,154,366.4
7080268990,7080267970,71366509,7136650,128.1,101,372.9
7080269110,7080267970,71366508,7136650,563.8,158,373.0
7080270660,7080268990,71366601,7136660,7.7,98,382.5
7080270960,7080270810,71366801,7136680,334.3,117,383.6
7080270820,7080270660,71366602,7136660,3442.0,146,385.4
7080270970,7080270660,71366603,7136660,7.6,99,385.6
7080271870,7080270970,71366605,7136660,82.7,107,390.7
7080271720,7080270970,71366604,7136660,472.3,157,390.8
7080275580,7080270960,71366803,7136680,590.7,167,410.7
7080275570,7080270960,71366802,7136680,1488.1,242,410.7
7080275590,7080271870,71366606,7136660,790.4,182,411.4
7080275710,7080271870,71366607,7136660,2772.0,283,411.7
7080237270,7080237280,71369101,7136910,889.8,180,421.6
7080275920,7080271090,71366921,7136692,346.7,150,423.6
7080279530,7080275580,71366805,7136680,370.8,208,433.0
7080279350,7080275580,71366804,7136680,641.3,204,433.1
7080278250,7080275920,71366923,7136692,385.1,177,439.7
7080278370,7080275920,71366922,7136692,275.0,195,439.9
7080233370,7080237270,71369102,7136910,1717.5,249,460.2
7080233560,7080237270,71369103,7136910,259.7,196,460.3
7080285550,7080279530,71366807,7136680,1971.7,300,464.9
7080285540,7080279530,71366806,7136680,2072.4,332,464.9
7080279040,7080278250,71366925,7136692,926.0,235,465.8
7080278900,7080278250,71366924,7136692,484.5,219,465.9
7080239920,7080233560,71369105,7136910,717.1,236,494.3
7080239800,7080233560,71369104,7136910,1027.4,246,494.4
7080249240,7080237740,71368051,7136805,2121.5,281,500.0
7080287570,7080279040,71366927,7136692,271.1,248,520.9
7080287640,7080279040,71366926,7136692,532.2,321,521.0
7080243860,7080239920,71369107,7136910,967.4,276,530.5
7080243620,7080239920,71369106,7136910,778.2,261,530.5
7080287810,7080287570,71366928,7136692,209.7,295,539.9
7080287750,7080287570,71366929,7136692,951.6,305,540.0
7080301760,7080285550,71366809,7136680,897.5,350,562.8
7080301870,7080285550,71366808,7136680,548.4,348,562.9
7080245480,7080243860,71369109,7136910,215.1,275,604.9
7080245640,7080243860,71369108,7136910,1292.3,314,605.0
7080311760,7080275710,71366609,7136660,536.5,406,629.2
7080311560,7080275710,71366608,7136660,327.4,395,629.2
7080260640,7080249240,71368052,7136805,529.8,337,672.3
7080260630,7080249240,71368053,7136805,119.5,322,672.5
7080261080,7080260630,71368055,7136805,125.2,340,691.5
7080260880,7080260630,71368054,7136805,495.2,345,691.5
7080261070,7080261080,71368057,7136805,1183.0,354,710.1
7080261330,7080261080,71368056,7136805,424.3,340,710.1
7080256960,7080261070,71368059,7136805,365.6,357,779.5
7080256850,7080261070,71368058,7136805,611.0,363,779.5
7080260770,7080256960,71368061,7136806,349.8,366,804.1
7080265970,7080260770,71368063,7136806,1.3,353,841.5
7080266050,7080260770,71368062,7136806,838.0,377,841.7
7080266040,7080265970,71368064,7136806,246.6,367,842.3
7080266160,7080265970,71368065,7136806,137.3,360,842.5
7080270170,7080266160,71368066,7136806,207.3,380,862.6
7080270260,7080266160,71368067,7136806,276.1,377,862.6
7080272860,7080270260,71368069,7136806,258.1,412,880.1
7080272850,7080270260,71368068,7136806,476.1,418,880.3
7080245440,7080251000,71369801,7136980,494.8,402,1025.1
7080240470,7080245440,71369802,7136980,289.2,419,1049.1
7080240390,7080245440,71369803,7136980,157.6,409,1049.3
7080237690,7080240390,71369804,7136980,305.0,421,1062.7
7080237700,7080240390,71369805,7136980,144.8,408,1062.9
7080235560,7080237700,71369806,7136980,303.3,409,1072.4
7080235440,7080237700,71369807,7136980,64.3,403,1072.5
7080233180,7080235440,71369809,7136980,937.8,420,1083.6
7080233170,7080235440,71369808,7136980,369.7,421,1083.6
7080250410,7080250050,71381061,7138106,421.4,31,30.0
7080250560,7080250250,71381081,7138108,107.5,29,36.4
7080252580,7080250670,71383001,7138300,18.9,18,47.5
7080254070,7080250410,71381062,7138106,453.0,44,48.8
7080254180,7080250410,71381063,7138106,215.1,42,48.8
7080253070,7080252580,71383003,7138300,77.4,26,52.5
7080253000,7080252580,71383002,7138300,2818.9,72,52.6
7080255300,7080253070,71383005,7138300,190.8,38,65.5
7080255080,7080253070,71383004,7138300,802.6,47,65.5
7080248060,7080250560,71381083,7138108,38.4,39,68.1
7080248260,7080250560,71381082,7138108,643.9,69,68.1
7080259910,7080254180,71381065,7138106,23.6,43,75.9
7080259920,7080254180,71381064,7138106,1379.3,199,75.9
7080246400,7080248060,71381084,7138108,425.4,60,79.5
7080246590,7080248060,71381085,7138108,1066.5,79,79.6
7080262560,7080259910,71381067,7138106,437.5,93,87.7
7080262570,7080259910,71381066,7138106,2054.1,238,87.7
7080262150,7080255300,71384011,7138401,131.7,61,108.4
7080267800,7080262560,71381068,7138106,454.2,219,115.9
7080267790,7080262560,71381069,7138106,1539.4,254,116.1
7080264300,7080262150,71384012,7138401,214.5,91,146.1
7080264450,7080262150,71384013,7138401,595.9,91,146.3
7080250550,7080246590,71381086,7138108,380.2,115,161.1
7080250230,7080246590,71381087,7138108,71.6,101,161.2
7080251200,7080250230,71381089,7138108,1162.4,141,172.2
7080250890,7080250230,71381088,7138108,342.0,107,172.2
7080269120,7080264450,71384014,7138401,944.0,140,184.9
7080269300,7080264450,71384015,7138401,18.7,89,185.1
7080269600,7080269300,71384017,7138401,3.0,81,187.1
7080269740,7080269300,71384016,7138401,414.9,115,187.3
7080269730,7080269600,71384019,7138401,12.4,84,188.7
7080269460,7080269600,71384018,7138401,541.3,125,188.7
7080284520,7080262320,71386001,7138600,1177.5,220,247.3
7080287980,7080284470,71388011,7138801,86.9,218,265.5
7080288890,7080287980,71388012,7138801,616.8,236,275.8
7080289040,7080287980,71388013,7138801,60.5,221,275.9
7080291670,7080289040,71388015,7138801,357.3,235,291.8
7080291660,7080289040,71388014,7138801,789.5,239,291.8
7080292150,7080284520,71386002,7138600,908.1,233,292.9
7080292300,7080284520,71386003,7138600,294.8,222,293.0
7080297190,7080292300,71386005,7138600,1763.4,272,321.1
7080297340,7080292300,71386004,7138600,719.6,257,321.3
7080299640,7080291670,71388016,7138801,560.3,278,337.7
7080299690,7080291670,71388017,7138801,827.7,276,337.8
7080297330,7080283820,71384091,7138409,486.2,271,378.9
7080312940,7080298370,71382071,7138207,242.6,284,392.9
7080310450,7080299690,71388018,7138801,315.8,282,395.5
7080310510,7080299690,71388019,7138801,135.2,280,395.6
7080301420,7080297330,71384092,7138409,694.1,295,404.9
7080301430,7080297330,71384093,7138409,289.2,289,405.0
7080311030,7080297190,71386006,7138600,617.7,330,406.1
7080311080,7080297190,71386007,7138600,141.0,318,406.2
7080310810,7080312940,71382072,7138207,537.9,299,409.9
7080310900,7080312940,71382073,7138207,592.5,284,410.1
7080317720,7080311080,71386009,7138600,1571.0,395,439.4
7080317710,7080311080,71386008,7138600,1735.2,398,439.6
7080309120,7080301430,71384095,7138409,290.3,312,446.0
7080308950,7080301430,71384094,7138409,1013.4,350,446.0
7080309330,7080310900,71382075,7138207,778.6,282,453.2
7080309230,7080310900,71382074,7138207,1297.7,307,453.3
7080312180,7080309120,71384097,7138409,975.9,346,469.0
7080312350,7080309120,71384096,7138409,673.7,349,469.1
7080312710,7080309330,71382076,7138207,424.4,305,477.5
7080312720,7080309330,71382077,7138207,693.6,286,477.6
7080313430,7080312720,71382079,7138207,336.6,276,503.9
7080313310,7080312720,71382078,7138207,776.6,290,504.0
7080322890,7080312180,71384098,7138409,591.1,366,547.2
7080323040,7080312180,71384099,7138409,882.9,417,547.4
7080280970,7080278530,72110661,7211066,210.9,253,157.4
7080282130,7080280970,72110662,7211066,2838.1,291,175.8
7080282120,7080280970,72110663,7211066,835.4,266,175.9
7080282820,7080282120,72110665,7211066,1666.9,278,210.9
7080282620,7080282120,72110664,7211066,1071.0,283,210.9
7080294510,7080282820,72110666,7211066,2353.9,301,275.0
7080294680,7080282820,72110667,7211066,21.6,271,275.2
7080295370,7080294680,72110669,7211066,1513.3,308,278.2
7080295360,7080294680,72110668,7211066,760.0,309,278.2
7080303920,7080303170,72110691,7211069,746.7,299,307.5
7080310170,7080303920,72110692,7211069,456.4,312,346.0
7080310180,7080303920,72110693,7211069,723.6,314,346.1
7080318200,7080310180,72110694,7211069,309.5,329,397.5
7080318370,7080310180,72110695,7211069,374.8,317,397.7
7080325390,7080318370,72110697,7211069,245.8,327,433.1
7080325380,7080318370,72110696,7211069,355.8,316,433.1
7080327510,7080325390,72110699,7211069,1293.1,324,453.3
7080327610,7080325390,72110698,7211069,967.7,319,453.3
7080284340,7080278400,72120501,7212050,107.6,263,247.8
7080284980,7080284340,72120503,7212050,6.5,249,260.8
7080284850,7080284340,72120502,7212050,513.6,262,260.9
7080285210,7080284980,72120504,7212050,1459.5,279,263.3
7080285310,7080284980,72120505,7212050,725.9,271,263.5
7080294400,7080285310,72120506,7212050,407.0,297,320.8
7080294410,7080285310,72120507,7212050,370.7,283,321.0
7080295620,7080294410,72120509,7212050,10.8,267,332.3
7080295730,7080294410,72120508,7212050,305.9,290,332.5
7080295390,7080295620,72120701,7212070,964.3,317,335.6
7080300730,7080295390,72120703,7212070,753.8,299,379.3
7080300550,7080295390,72120702,7212070,733.1,312,379.4
7080306070,7080300730,72120704,7212070,703.3,367,422.2
7080306160,7080300730,72120705,7212070,178.0,309,422.4
7080309150,7080306160,72120707,7212070,158.9,318,439.7
7080309140,7080306160,72120706,7212070,702.6,312,439.7
7080312520,7080309150,72120709,7212070,179.2,310,461.9
7080312530,7080309150,72120708,7212070,1705.0,384,461.9
7080245520,7080242150,72140501,7214050,438.4,342,379.4
7080247910,7080245520,72140502,7214050,1653.7,371,435.6
7080247850,7080245520,72140503,7214050,912.3,375,435.8
7080243330,7080247850,72140504,7214050,359.9,431,503.7
7080243450,7080247850,72140505,7214050,364.7,385,503.8
7080252830,7080243450,72140506,7214050,1275.3,401,547.8
7080252840,7080243450,72140507,7214050,356.1,395,547.9
7080253090,7080252840,72140508,7214050,1499.2,396,570.1
7080253100,7080252840,72140509,7214050,2.0,371,570.3
7080024920,0,72150021,7215002,235.1,40,0.0
7080240050,7080024920,72150023,7215002,113.6,65,28.6
7080239930,7080024920,72150022,7215002,524.6,114,28.7
7080240800,7080240050,72150025,7215002,194.8,85,38.0
7080240930,7080240050,72150024,7215002,961.9,151,38.1
7080239410,7080240800,72150026,7215002,1027.9,211,73.2
7080239530,7080240800,72150027,7215002,1288.4,191,73.4
7080231850,7080239530,72150029,7215002,2381.4,250,161.0
7080231640,7080239530,72150028,7215002,1342.9,240,161.0
7080199900,7080197940,72180661,7218066,403.1,392,523.5
7080204200,7080199900,72180663,7218066,654.9,406,557.6
7080204210,7080199900,72180662,7218066,2266.6,471,557.6
7080209800,7080204200,72180664,7218066,208.1,418,591.4
7080209810,7080204200,72180665,7218066,330.6,432,591.5
7080211250,7080209810,72180667,7218066,358.2,455,614.7
7080211120,7080209810,72180666,7218066,185.2,456,614.7
7080210800,7080211250,72180669,7218066,730.1,485,648.0
7080210630,7080211250,72180668,7218066,216.8,487,648.1
7080150330,7080025860,72192201,7219220,525.3,182,35.0
7080153090,7080150330,72192203,7219220,323.8,198,59.5
7080153160,7080150330,72192202,7219220,380.4,192,59.7
7080155080,7080153090,72192205,7219220,18.7,171,88.1
7080155000,7080153090,72192204,7219220,827.6,250,88.2
7080155290,7080155080,72192207,7219220,1123.6,300,94.1
7080155340,7080155080,72192206,7219220,1481.4,267,94.2
7080159730,7080155290,72192208,7219220,318.4,336,221.6
7080159740,7080155290,72192209,7219220,451.8,353,221.7
7080135710,7080026040,72194031,7219403,25.8,150,16.1
7080136540,7080135710,72194032,7219403,230.9,256,23.4
7080136550,7080135710,72194033,7219403,692.7,254,23.5
7080140950,7080136550,72194035,7219403,470.3,312,115.1
7080141020,7080136550,72194034,7219403,734.5,303,115.3
7080142560,7080140950,72194036,7219403,561.2,334,187.1
7080142680,7080140950,72194037,7219403,474.8,339,187.3
7080144800,7080142680,72194039,7219403,103.0,341,241.8
7080144850,7080142680,72194038,7219403,776.9,362,241.9
7080109290,7080107620,72240801,7224080,338.3,219,237.1
7080107960,7080109290,72240802,7224080,383.0,263,270.4
7080107880,7080109290,72240803,7224080,560.3,231,270.6
7080107090,7080107880,72240805,7224080,108.4,228,307.3
7080107180,7080107880,72240804,7224080,371.1,247,307.3
7080106900,7080107090,72240807,7224080,1127.6,231,321.7
7080106830,7080107090,72240806,7224080,494.6,228,321.8
7080109700,7080106900,72240809,7224080,452.7,260,390.2
7080109690,7080106900,72240808,7224080,338.3,260,390.2
7080146300,7080148560,72316091,7231609,14.9,201,104.9
7080145880,7080146300,72316093,7231609,552.2,456,109.6
7080145790,7080146300,72316092,7231609,400.1,365,109.7
7080145510,7080145880,72316094,7231609,329.3,556,168.0
7080145370,7080145880,72316095,7231609,745.8,512,168.2
7080146070,7080145370,72316097,7231609,260.4,522,195.6
7080146110,7080145370,72316096,7231609,302.4,570,195.7
7080147470,7080146070,72316098,7231609,307.4,537,216.7
7080147550,7080146070,72316099,7231609,708.2,522,216.9
7080205070,7080200360,72340161,7234016,261.6,352,138.8
7080207860,7080205070,72340162,7234016,180.3,433,160.8
7080208050,7080205070,72340163,7234016,777.3,413,160.9
7080213400,7080208050,72340165,7234016,271.6,395,214.0
7080213250,7080208050,72340164,7234016,289.3,417,214.0
7080215320,7080213400,72340167,7234016,296.8,389,230.3
7080215400,7080213400,72340166,7234016,281.2,384,230.3
7080213330,7080215320,72340169,7234016,284.0,420,260.5
7080213320,7080215320,72340168,7234016,164.6,410,260.5
7080190990,7080191280,72340441,7234044,76.7,487,438.8
7080190980,7080190990,72340443,7234044,466.2,521,448.1
7080191060,7080190990,72340442,7234044,443.4,554,448.2
7080188180,7080190980,72340445,7234044,274.8,485,482.7
7080188170,7080190980,72340444,7234044,1607.8,552,482.8
7080184510,7080188180,72340446,7234044,395.9,489,501.6
7080184390,7080188180,72340447,7234044,0.2,475,501.7
7080184380,7080184390,72340448,7234044,1385.2,524,502.0
7080184230,7080184390,72340449,7234044,941.6,528,502.1
7080032360,0,72350541,7235054,690.3,154,0.0
7080210380,7080032360,72350543,7235054,282.2,226,42.6
7080210300,7080032360,72350542,7235054,363.5,241,42.7
7080210950,7080210380,72350545,7235054,160.3,212,60.0
7080211020,7080210380,72350544,7235054,646.8,265,60.0
7080210940,7080210950,72350546,7235054,361.0,337,78.2
7080211010,7080210950,72350547,7235054,12.9,204,78.4
7080211290,7080211010,72350549,7235054,774.5,374,81.0
7080211460,7080211010,72350548,7235054,327.1,310,81.2
7080032690,0,72350601,7235060,432.2,200,0.0
7080235610,7080032690,72350603,7235060,2071.4,348,30.0
7080235820,7080032690,72350602,7235060,1205.1,367,30.1
7080222580,7080235610,72350605,7235060,137.4,355,116.2
7080222210,7080235610,72350604,7235060,575.3,399,116.2
7080223360,7080222580,72350606,7235060,709.4,383,132.3
7080223270,7080222580,72350607,7235060,71.8,343,132.5
7080220980,7080223270,72350608,7235060,565.7,421,144.6
7080220890,7080223270,72350609,7235060,1362.1,389,144.8
7080222190,7080227290,72360091,7236009,484.1,429,291.1
7080217380,7080222190,72360093,7236009,943.2,419,327.6
7080217620,7080222190,72360092,7236009,280.3,442,327.6
7080212130,7080217380,72360094,7236009,233.4,441,405.4
7080212270,7080217380,72360095,7236009,268.5,442,405.6
7080212250,7080212270,72360097,7236009,898.0,450,421.9
7080212120,7080212270,72360096,7236009,465.3,463,422.0
7080210930,7080212250,72360099,7236009,737.1,569,486.7
7080210660,7080212250,72360098,7236009,259.4,508,486.8
7080033460,0,72390801,7239080,1427.7,418,0.0
7080253680,7080033460,72390802,7239080,2220.1,641,97.4
7080253670,7080033460,72390803,7239080,1091.1,589,97.5
7080242190,7080253670,72390805,7239080,13.5,597,182.3
7080242180,7080253670,72390804,7239080,576.0,630,182.3
7080241440,7080242190,72390806,7239080,780.5,653,185.7
7080241370,7080242190,72390807,7239080,668.8,614,185.8
7080231510,7080241370,72390808,7239080,314.2,643,241.7
7080231760,7080241370,72390809,7239080,504.4,678,241.8
7080034330,0,72408101,7240810,231.0,156,0.0
7080325940,7080034330,72408103,7240810,76.4,144,23.3
7080325950,7080034330,72408102,7240810,2104.8,548,23.3
7080325830,7080325940,72408105,7240810,50.5,163,33.4
7080325930,7080325940,72408104,7240810,795.6,478,33.5
7080325410,7080325830,72408106,7240810,789.1,438,41.1
7080325100,7080325830,72408107,7240810,774.1,251,41.3
7080322650,7080325100,72408108,7240810,1421.9,473,86.3
7080322480,7080325100,72408109,7240810,1691.5,376,86.4
7080320860,7080322480,72408301,7240830,256.9,128,119.1
7080321100,7080322480,72408201,7240820,241.4,225,119.1
7080320390,7080320860,72408302,7240830,2225.2,469,131.6
7080320680,7080320860,72408303,7240830,1497.2,157,131.7
7080324260,7080321100,72408203,7240820,359.8,269,150.7
7080324410,7080321100,72408202,7240820,388.5,567,150.7
7080325040,7080324260,72408205,7240820,356.8,451,171.2
7080325050,7080324260,72408204,7240820,1258.8,722,171.3
7080315220,7080320680,72408305,7240830,14.3,96,188.6
7080315320,7080320680,72408304,7240830,752.3,250,188.7
7080315110,7080315220,72408307,7240830,113.1,107,192.8
7080315210,7080315220,72408306,7240830,2467.7,453,192.9
7080315040,7080315110,72408308,7240830,1336.1,321,200.1
7080314960,7080315110,72408309,7240830,56.4,97,200.3
7080314650,7080314960,72408411,7240841,79.1,96,208.7
7080314420,7080314560,72408701,7240870,79.4,99,209.3
7080332630,7080325040,72408207,7240820,224.6,549,218.9
7080332320,7080325040,72408206,7240820,221.3,648,218.9
7080315200,7080314650,72408413,7240841,574.8,226,220.5
7080315310,7080314650,72408412,7240841,390.5,317,220.6
7080311660,7080314420,72408702,7240870,1148.5,255,222.1
7080311670,7080314420,72408703,7240870,424.4,148,222.3
7080337710,7080332630,72408208,7240820,228.5,732,243.4
7080337720,7080332630,72408209,7240820,276.4,746,243.5
7080312980,7080315200,72408415,7240841,82.0,152,249.4
7080313190,7080315200,72408414,7240841,769.3,381,249.4
7080309880,7080311670,72408704,7240870,1069.3,342,255.2
7080310020,7080311670,72408705,7240870,361.0,219,255.4
7080308750,7080313240,72408641,7240864,4.1,125,256.3
7080308590,7080308750,72408643,7240864,174.4,167,258.4
7080308500,7080308750,72408642,7240864,2453.3,338,258.4
7080310830,7080312980,72408416,7240841,256.9,359,269.2
7080310660,7080312980,72408417,7240841,171.8,251,269.3
7080305640,7080308590,72408644,7240864,3462.2,403,288.9
7080305540,7080308590,72408645,7240864,258.6,240,289.0
7080309430,7080310020,72408707,7240870,0.3,183,292.1
7080309420,7080310020,72408706,7240870,275.1,376,292.1
7080309040,7080310660,72408419,7240841,225.1,302,292.4
7080309350,7080309430,72408709,7240870,1079.5,380,292.5
7080309530,7080309430,72408708,7240870,212.6,389,292.6
7080309170,7080310660,72408418,7240841,462.2,444,292.6
7080301650,7080305540,72408646,7240864,1450.8,424,313.0
7080301550,7080305540,72408647,7240864,1891.6,414,313.3
7080293260,7080296470,72408691,7240869,945.8,463,353.1
7080292440,7080293370,72408931,7240893,1055.6,447,379.1
7080275950,7080293260,72408693,7240869,90.7,422,444.4
7080275940,7080293260,72408692,7240869,250.8,507,444.4
7080275200,7080301550,72408648,7240864,855.2,489,446.2
7080275070,7080301550,72408649,7240864,1562.7,509,446.5
7080273280,7080275950,72408694,7240869,632.9,523,456.3
7080273160,7080275950,72408695,7240869,123.6,442,456.4
7080274570,7080292440,72408932,7240893,409.6,586,468.1
7080274420,7080292440,72408933,7240893,170.0,504,468.1
7080269490,7080273160,72408696,7240869,455.8,542,474.3
7080269330,7080273160,72408697,7240869,102.6,454,474.3
7080272700,7080274420,72408934,7240893,405.7,595,479.8
7080272560,7080274420,72408935,7240893,57.2,511,479.9
7080266820,7080269330,72408699,7240869,485.9,559,486.5
7080266670,7080269330,72408698,7240869,596.2,555,486.8
7080270310,7080272560,72408936,7240893,382.7,582,490.7
7080270180,7080272560,72408937,7240893,46.6,485,490.9
7080268310,7080270180,72408938,7240893,190.1,544,502.4
7080268120,7080270180,72408939,7240893,335.0,557,502.5
7080034340,0,72409001,7240900,965.9,294,0.0
7080034390,0,72409002,7240900,1861.4,658,0.0
7080034400,0,72409003,7240900,397.9,283,0.0
7080034430,0,72409004,7240900,1010.3,504,0.0
7080034440,0,72409005,7240900,246.5,342,0.0
7080034450,0,72409006,7240900,1056.4,700,0.0
7080034460,0,72409007,7240900,481.1,196,0.0
7080034480,0,72409008,7240900,1157.6,723,0.0
7080034490,0,72409009,7240900,537.2,239,0.0
7080364390,7080034520,72510031,7251003,771.1,80,10.5
7080364550,7080034520,72510021,7251002,80.8,74,10.7
7080365680,7080364550,72510023,7251002,955.0,277,17.9
7080365810,7080364550,72510022,7251002,693.6,204,17.9
7080366800,7080364390,72510033,7251003,61.9,26,52.2
7080366700,7080364390,72510032,7251003,2392.9,624,52.2
7080366180,7080366800,72510035,7251003,299.1,54,63.9
7080366050,7080366800,72510034,7251003,351.4,161,63.9
7080368360,7080366180,72510037,7251003,23.4,28,79.0
7080368370,7080366180,72510036,7251003,855.8,119,79.0
7080368770,7080368360,72510039,7251003,111.4,21,82.2
7080368910,7080368360,72510038,7251003,419.6,87,82.3
7080377660,7080365680,72510025,7251002,388.6,301,91.2
7080377330,7080365680,72510024,7251002,736.8,348,91.3
7080369780,7080368770,72510041,7251004,45.8,17,95.8
7080370420,7080369920,72510061,7251006,282.7,98,99.4
7080368080,7080369780,72510042,7251004,220.8,125,102.8
7080368090,7080369780,72510043,7251004,106.9,62,103.0
7080380820,7080377660,72510026,7251002,706.3,367,113.2
7080380900,7080377660,72510027,7251002,40.8,272,113.4
7080366550,7080368090,72510045,7251004,287.2,191,115.2
7080366450,7080368090,72510044,7251004,555.0,224,115.2
7080381670,7080380900,72510028,7251002,838.4,433,118.9
7080381860,7080380900,72510029,7251002,2158.6,464,119.0
7080367660,7080370420,72510062,7251006,468.4,214,126.5
7080367670,7080370420,72510063,7251006,640.8,250,126.6
7080377200,7080374950,72530301,7253030,263.5,30,147.9
7080377320,7080374950,72530201,7253020,32.6,18,147.9
7080360420,7080366550,72510046,7251004,750.8,583,156.2
7080360270,7080366550,72510047,7251004,238.9,405,156.2
7080379290,7080377320,72530203,7253020,225.6,56,157.5
7080379090,7080377320,72530202,7253020,1676.8,224,157.6
7080378550,7080377200,72530303,7253030,7.2,1,157.9
7080378670,7080377200,72530302,7253030,198.5,19,158.0
7080378660,7080378550,72530304,7253030,419.1,103,160.7
7080378930,7080378550,72530305,7253030,54.4,2,160.8
7080379510,7080378930,72530306,7253030,1643.3,315,168.4
7080379670,7080378930,72530307,7253030,20.2,1,168.5
7080380160,7080379670,72530309,7253030,3.3,1,173.9
7080379990,7080379670,72530308,7253030,2009.6,218,173.9
7080381010,7080380530,72530421,7253042,5.6,2,178.4
7080381840,7080381010,72530422,7253042,214.6,19,182.7
7080354950,7080360270,72510049,7251004,400.2,629,182.8
7080354940,7080360270,72510048,7251004,147.8,551,182.8
7080381850,7080381010,72530423,7253042,63.2,14,182.9
7080383520,7080379290,72530205,7253020,608.6,120,183.3
7080383610,7080379290,72530204,7253020,141.8,88,183.4
7080358460,7080367670,72510064,7251006,426.8,440,183.4
7080358360,7080367670,72510065,7251006,260.7,323,183.5
7080382860,7080380380,72530611,7253061,802.1,24,195.2
7080385050,7080381850,72530424,7253042,320.7,51,196.8
7080385160,7080381850,72530425,7253042,918.0,40,196.9
7080352300,7080358360,72510066,7251006,306.1,429,217.9
7080351950,7080358360,72510067,7251006,20.3,350,218.0
7080350250,7080351950,72510069,7251006,945.7,393,224.7
7080350150,7080351950,72510068,7251006,1369.6,492,224.9
7080360220,7080374800,72520201,7252020,149.3,326,232.9
7080360130,7080374800,72520301,7252030,475.6,297,233.0
7080393220,7080382790,72530801,7253080,24.6,13,245.2
7080393390,7080382790,72530901,7253090,38.3,19,245.3
7080390250,7080383520,72530207,7253020,126.8,233,246.1
7080390390,7080383520,72530206,7253020,118.7,240,246.3
7080393380,7080393220,72530802,7253080,1367.5,43,247.7
7080393210,7080393220,72530803,7253080,189.1,21,247.8
7080360540,7080360220,72520202,7252020,168.8,396,248.3
7080360760,7080360220,72520203,7252020,582.2,399,248.4
7080394280,7080393390,72530903,7253090,235.3,26,248.8
7080394290,7080393390,72530902,7253090,125.1,20,248.8
7080398230,7080385160,72530427,7253042,469.0,78,255.4
7080398220,7080385160,72530426,7253042,1655.0,159,255.4
7080391250,7080390250,72530209,7253020,260.9,304,263.9
7080391320,7080390250,72530208,7253020,182.8,287,264.0
7080399970,7080382860,72530613,7253061,1.8,5,266.6
7080399700,7080382860,72530612,7253061,644.5,43,266.8
7080388710,7080393210,72530805,7253080,368.2,87,267.9
7080400270,7080399970,72530614,7253061,354.8,43,267.9
7080389000,7080393210,72530804,7253080,642.5,159,268.0
7080400390,7080399970,72530615,7253061,586.1,36,268.0
7080352410,7080360130,72520302,7252030,807.1,384,272.4
7080352280,7080360130,72520303,7252030,0.3,113,272.6
7080352290,7080352280,72520305,7252030,830.6,325,273.0
7080352150,7080352280,72520304,7252030,687.5,332,273.1
7080400780,7080394280,72530905,7253090,6.9,6,277.6
7080400900,7080394280,72530904,7253090,253.4,36,277.8
7080385940,7080388710,72530807,7253080,166.3,117,279.2
7080385930,7080388710,72530806,7253080,1719.1,365,279.2
7080401250,7080400780,72530907,7253090,207.8,30,280.1
7080401260,7080400780,72530906,7253090,109.7,38,280.1
7080360410,7080360760,72520205,7252020,879.4,440,287.5
7080360260,7080360760,72520204,7252020,288.4,459,287.7
7080394790,7080398230,72530428,7253042,611.5,116,294.4
7080394950,7080398230,72530429,7253042,681.8,188,294.6
7080402010,7080401250,72530909,7253090,67.2,35,298.8
7080402160,7080401250,72530908,7253090,2466.8,186,298.9
7080402430,7080402010,72551011,7255101,695.9,42,301.9
7080345970,7080352290,72520306,7252030,1436.9,403,306.5
7080345870,7080352290,72520307,7252030,12.8,211,306.6
7080344980,7080345870,72520308,7252030,1894.2,376,311.2
7080344860,7080345870,72520309,7252030,172.7,310,311.4
7080412190,7080400390,72530616,7253061,134.7,54,321.3
7080412310,7080400390,72530617,7253061,66.7,34,321.4
7080379190,7080385940,72530809,7253080,758.3,419,329.1
7080379080,7080385940,72530808,7253080,420.4,412,329.3
7080414720,7080412310,72530619,7253061,35.7,34,331.7
7080414710,7080412310,72530618,7253061,1049.0,244,331.7
7080363300,7080360410,72520206,7252020,2767.1,486,333.4
7080363230,7080360410,72520207,7252020,241.5,442,333.5
7080417310,7080414720,72530631,7253063,29.1,32,342.7
7080417320,7080414720,72530621,7253062,212.8,32,342.7
7080338280,7080341150,72520701,7252070,455.2,351,347.0
7080407170,7080402430,72551012,7255101,503.5,74,348.6
7080407260,7080402430,72551013,7255101,213.6,50,348.7
7080419150,7080417310,72530632,7253063,467.5,64,350.6
7080419140,7080417310,72530633,7253063,70.4,34,350.7
7080357260,7080363230,72520209,7252020,360.8,479,362.4
7080422060,7080419140,72530635,7253063,27.7,35,362.5
7080357160,7080363230,72520208,7252020,355.5,449,362.5
7080422050,7080419140,72530634,7253063,1930.4,433,362.6
7080409170,7080407260,72551015,7255101,94.6,47,362.7
7080409060,7080407260,72551014,7255101,294.2,68,362.8
7080412520,7080417320,72530622,7253062,1027.4,94,368.5
7080412600,7080417320,72530623,7253062,157.5,95,368.7
7080423510,7080422060,72530637,7253063,3.5,28,368.8
7080423500,7080422060,72530636,7253063,212.1,202,368.8
7080424120,7080423510,72530638,7253063,1365.3,549,371.0
7080424220,7080423510,72530639,7253063,0.3,28,371.1
7080410480,7080409170,72551017,7255101,143.4,49,372.5
7080410280,7080409170,72551016,7255101,596.8,74,372.5
7080425830,7080424360,72530661,7253066,659.0,308,377.9
7080337260,7080338280,72520703,7252070,288.0,360,379.7
7080336970,7080338280,72520702,7252070,1085.0,471,379.7
7080411710,7080410480,72551019,7255101,25.0,47,382.1
7080411800,7080410480,72551018,7255101,1065.3,311,382.2
7080395320,7080398780,72541041,7254104,157.0,218,387.4
7080412590,7080412030,72551041,7255104,8.5,48,393.6
7080338710,7080337260,72520704,7252070,1012.9,413,395.4
7080338560,7080337260,72520705,7252070,13.8,306,395.6
7080413210,7080412590,72551043,7255104,286.4,80,397.5
7080412990,7080412590,72551042,7255104,1657.9,278,397.6
7080338050,7080338560,72520707,7252070,28.8,354,400.2
7080337990,7080338560,72520706,7252070,1322.1,505,400.4
7080415740,7080412600,72530625,7253062,281.3,249,404.1
7080415870,7080412600,72530624,7253062,309.8,229,404.1
7080337250,7080338050,72520708,7252070,213.6,415,408.0
7080337110,7080338050,72520709,7252070,497.8,437,408.2
7080389860,7080395320,72541042,7254104,609.8,291,411.8
7080389710,7080395320,72541043,7254104,120.9,270,412.0
7080434230,7080425960,72530691,7253069,411.0,182,415.3
7080397100,7080396310,72541081,7254108,353.8,62,424.6
7080414870,7080415740,72530626,7253062,219.4,437,425.4
7080414730,7080415740,72530627,7253062,447.9,334,425.6
7080417710,7080413210,72551044,7255104,151.5,111,431.1
7080417860,7080413210,72551045,7255104,1076.0,383,431.2
7080385130,7080389710,72541045,7254104,118.9,323,431.6
7080385310,7080389710,72541044,7254104,454.0,319,431.6
7080430860,7080425830,72530663,7253066,107.7,353,440.3
7080430700,7080425830,72530662,7253066,284.3,459,440.3
7080382670,7080385130,72541047,7254104,355.6,291,444.7
7080382560,7080385130,72541046,7254104,1210.1,458,444.9
7080441460,7080434230,72530692,7253069,161.2,342,450.5
7080441570,7080434230,72530693,7253069,195.8,105,450.6
7080432180,7080430860,72530664,7253066,373.0,492,450.8
7080432300,7080430860,72530665,7253066,83.5,334,451.0
7080400670,7080397100,72541083,7254108,61.5,59,452.7
7080400770,7080397100,72541082,7254108,220.7,76,452.7
7080412210,7080414730,72530629,7253062,284.7,318,458.0
7080412340,7080414730,72530628,7253062,510.0,378,458.2
7080401030,7080400670,72541084,7254108,533.9,73,460.5
7080401140,7080400670,72541085,7254108,363.9,70,460.6
7080433590,7080432300,72530667,7253066,215.7,421,460.6
7080433770,7080432300,72530666,7253066,242.0,425,460.7
7080444450,7080441570,72530695,7253069,311.1,208,465.7
7080444230,7080441570,72530694,7253069,686.1,273,465.7
7080434030,7080433590,72530668,7253066,294.2,421,465.9
7080434040,7080433590,72530669,7253066,500.7,406,466.1
7080400760,7080398580,72545001,7254500,0.8,46,478.4
7080421580,7080412510,72551061,7255106,75.2,97,478.9
7080401020,7080400760,72545002,7254500,6152.7,167,479.5
7080401010,7080400760,72545003,7254500,774.8,102,479.6
7080374490,7080382670,72541049,7254104,1983.0,418,486.4
7080374500,7080382670,72541048,7254104,591.2,406,486.4
7080405440,7080401140,72541087,7254108,584.8,79,489.0
7080405180,7080401140,72541086,7254108,981.0,81,489.0
7080423730,7080421580,72551062,7255106,1492.4,167,489.7
7080423740,7080421580,72551063,7255106,793.7,122,489.8
7080451880,7080444450,72530696,7253069,683.7,228,499.8
7080451980,7080444450,72530697,7253069,34.7,95,499.8
7080452790,7080451980,72530699,7253069,563.8,295,504.0
7080452860,7080451980,72530698,7253069,354.9,161,504.1
7080412880,7080405440,72541089,7254108,374.1,97,531.8
7080412980,7080405440,72541088,7254108,387.3,81,531.9
7080398770,7080401010,72545004,7254500,375.8,199,534.2
7080398920,7080401010,72545005,7254500,7.6,71,534.3
7080399560,7080398920,72545006,7254500,332.8,113,536.7
7080399550,7080398920,72545007,7254500,59.4,85,536.8
7080400370,7080399550,72545009,7254500,17.2,82,543.7
7080400530,7080399550,72545008,7254500,957.2,150,543.9
7080400520,7080400370,72547101,7254710,361.5,126,546.9
7080400660,7080400370,72546001,7254600,642.2,180,547.0
7080434900,7080417860,72551047,7255104,303.6,577,547.4
7080434890,7080417860,72551046,7255104,472.1,563,547.4
7080434140,7080432900,72552011,7255201,179.3,82,556.8
7080431600,7080423740,72551065,7255106,74.9,192,565.4
7080431760,7080423740,72551064,7255106,149.8,189,565.5
7080398570,7080400520,72547103,7254710,188.0,124,566.8
7080398650,7080400520,72547102,7254710,2697.9,248,566.9
7080432080,7080431600,72551067,7255106,227.2,296,576.4
7080432170,7080431600,72551066,7255106,751.4,388,576.5
7080437640,7080434900,72551048,7255104,219.6,751,578.8
7080437760,7080434900,72551049,7255104,796.2,612,578.9
7080434590,7080434140,72552012,7255201,718.4,130,584.6
7080434690,7080434140,72552013,7255201,137.8,87,584.8
7080437930,7080434190,72553021,7255302,407.6,77,586.4
7080395150,7080398570,72547105,7254710,334.7,134,587.2
7080395160,7080398570,72547104,7254710,581.1,198,587.2
7080405790,7080400660,72546003,7254600,1796.8,334,592.4
7080405550,7080400660,72546002,7254600,259.7,248,592.4
7080438970,7080437920,72553041,7255304,125.8,73,592.8
7080439770,7080439060,72555101,7255510,88.0,73,598.5
7080434980,7080434690,72552015,7255201,529.6,105,601.1
7080434880,7080434690,72552014,7255201,203.1,121,601.1
7080440980,7080439770,72555102,7255510,1116.1,91,607.3
7080441070,7080439770,72555103,7255510,211.6,73,607.5
7080434780,7080432080,72551068,7255106,176.6,470,610.5
7080434600,7080432080,72551069,7255106,480.8,525,610.7
7080441770,7080437930,72553023,7255302,1307.9,222,612.3
7080441640,7080437930,72553022,7255302,385.1,97,612.4
7080444420,7080438970,72553042,7255304,208.7,76,619.5
7080444430,7080438970,72553043,7255304,221.5,105,619.6
7080388700,7080395150,72547201,7254720,373.4,252,620.0
7080443240,7080441070,72555104,7255510,941.1,84,623.6
7080443330,7080441070,72555105,7255510,331.1,74,623.8
7080446360,7080444430,72553044,7255304,843.6,260,628.5
7080446430,7080444430,72553045,7255304,37.6,73,628.5
7080387450,7080388530,72547401,7254740,2.3,113,634.8
7080387270,7080387450,72547402,7254740,280.7,215,636.6
7080387140,7080387450,72547403,7254740,230.6,250,636.7
7080448360,7080446430,72553047,7255304,273.1,100,637.0
7080448010,7080446430,72553046,7255304,316.1,180,637.1
7080445870,7080443330,72555107,7255510,3716.7,90,640.9
7080445970,7080443330,72555106,7255510,923.1,89,641.0
7080437630,7080434980,72552016,7255201,330.0,114,648.5
7080437520,7080434980,72552017,7255201,25.8,102,648.6
7080451170,7080448360,72553049,7255304,1015.2,316,649.1
7080451230,7080448360,72553048,7255304,353.6,147,649.2
7080435570,7080437520,72552018,7255201,1098.9,163,657.1
7080435560,7080437520,72552019,7255201,190.9,94,657.2
7080381190,7080388700,72547203,7254720,514.0,295,667.6
7080381200,7080388700,72547202,7254720,1094.9,332,667.6
7080382050,7080387140,72547405,7254740,457.5,278,668.0
7080382180,7080387140,72547404,7254740,206.6,279,668.1
7080386900,7080387700,72547601,7254760,147.9,174,680.6
7080404120,7080405790,72546005,7254600,713.8,366,685.7
7080404330,7080405790,72546004,7254600,2583.8,392,685.7
7080450290,7080445870,72555109,7255510,18.3,73,690.8
7080450040,7080445870,72555108,7255510,845.6,87,690.9
7080387910,7080386900,72547602,7254760,492.3,275,694.5
7080387830,7080386900,72547603,7254760,907.9,270,694.5
7080450950,7080450290,72555201,7255520,652.7,110,697.3
7080442840,7080441770,72553024,7255302,851.8,490,697.4
7080442950,7080441770,72553025,7255302,1083.1,414,697.6
7080460610,7080439780,72554021,7255402,613.9,135,700.0
7080374320,7080382050,72547406,7254740,320.6,307,718.1
7080374310,7080382050,72547407,7254740,1.0,263,718.2
7080374380,7080374310,72547409,7254740,1093.7,361,719.1
7080374440,7080374310,72547408,7254740,317.0,326,719.2
7080369760,7080381190,72547205,7254720,4.8,301,728.3
7080369660,7080381190,72547204,7254720,754.4,382,728.5
7080399050,7080404120,72546006,7254600,927.5,429,729.2
7080399270,7080404120,72546007,7254600,838.0,437,729.3
7080369300,7080369760,72547207,7254720,927.1,370,731.4
7080369550,7080369760,72547206,7254720,260.6,312,731.4
7080460380,7080460610,72554023,7255402,251.2,132,733.8
7080460470,7080460610,72554022,7255402,1221.5,294,734.0
7080450050,7080442950,72553027,7255302,194.4,449,739.8
7080450300,7080442950,72553026,7255302,1133.6,477,740.0
7080460780,7080460380,72554025,7255402,18.7,119,754.5
7080460870,7080460380,72554024,7255402,392.9,249,754.6
7080460480,7080460780,72554027,7255402,77.7,151,759.7
7080460620,7080460780,72554026,7255402,238.7,168,759.8
7080430350,7080436470,72552071,7255207,1996.3,234,763.4
7080463340,7080450950,72555202,7255520,527.4,218,763.5
7080463460,7080450950,72555203,7255520,58.4,174,763.6
7080465450,7080462240,72554061,7255406,33.1,128,767.2
7080449960,7080450050,72553029,7255302,546.7,662,768.6
7080449900,7080450050,72553028,7255302,389.8,589,768.8
7080466950,7080465450,72554062,7255406,2114.6,316,774.2
7080464990,7080463460,72555205,7255520,15.3,173,774.3
7080464980,7080463460,72555204,7255520,512.1,334,774.3
7080466940,7080465450,72554063,7255406,564.3,189,774.3
7080458730,7080460480,72554028,7255402,520.8,230,775.2
7080458670,7080460480,72554029,7255402,478.9,452,775.3
7080399250,7080399270,72546008,7254600,338.2,470,777.5
7080385220,7080387830,72547605,7254760,636.7,383,777.5
7080385290,7080387830,72547604,7254760,482.1,412,777.6
7080399140,7080399270,72546009,7254600,389.5,457,777.7
7080466090,7080464990,72555206,7255520,710.3,340,780.4
7080466220,7080464990,72555207,7255520,725.6,276,780.6
7080358100,7080369300,72547209,7254720,1189.5,383,789.9
7080358110,7080369300,72547208,7254720,256.1,389,789.9
7080383970,7080385220,72547607,7254760,2.5,336,804.0
7080383680,7080385220,72547606,7254760,269.6,393,804.0
7080384140,7080383970,72547608,7254760,424.8,426,805.9
7080384250,7080383970,72547609,7254760,800.2,445,805.9
7080472470,7080466940,72554064,7255406,568.8,342,815.0
7080472480,7080466940,72554065,7255406,0.3,135,815.2
7080472620,7080472480,72554067,7255406,248.6,268,815.6
7080472370,7080472480,72554066,7255406,103.2,211,815.8
7080471330,7080466220,72555208,7255520,856.8,418,819.1
7080471320,7080466220,72555209,7255520,2813.3,549,819.3
7080453370,7080451750,72555401,7255540,23.4,73,832.0
7080453430,7080451750,72555501,7255550,582.6,121,832.1
7080453720,7080453370,72555402,7255540,198.7,76,837.6
7080453800,7080453370,72555403,7255540,59.3,73,837.8
7080478360,7080472620,72554068,7255406,130.1,382,840.4
7080478490,7080472620,72554069,7255406,480.3,367,840.6
7080454320,7080453800,72555404,7255540,6324.9,191,847.1
7080454430,7080453800,72555405,7255540,530.4,133,847.2
7080425950,7080430350,72552072,7255207,681.7,314,881.6
7080425820,7080430350,72552073,7255207,96.4,262,881.6
7080464060,7080453430,72555502,7255550,1892.5,265,886.5
7080464120,7080453430,72555503,7255550,267.9,181,886.6
7080425640,7080425820,72552075,7255207,270.1,261,897.5
7080425480,7080425820,72552074,7255207,417.6,334,897.6
7080468040,7080464120,72555504,7255550,1186.6,342,911.7
7080468030,7080464120,72555505,7255550,352.4,203,911.9
7080467030,7080454430,72555407,7255540,150.1,182,912.8
7080467260,7080454430,72555406,7255540,135.8,178,912.9
7080428280,7080425640,72552076,7255207,382.0,284,915.3
7080428050,7080425640,72552077,7255207,873.2,285,915.4
7080470240,7080468030,72555507,7255550,748.1,196,924.9
7080470300,7080468030,72555506,7255550,344.7,331,925.1
7080356140,7080366960,72547801,7254780,205.3,283,931.9
7080465910,7080467030,72555408,7255540,180.7,188,937.5
7080465820,7080467030,72555409,7255540,268.4,200,937.7
7080354130,7080356130,72548001,7254800,2.0,183,941.9
7080353950,7080354130,72548003,7254800,551.8,322,943.3
7080354120,7080354130,72548002,7254800,934.8,333,943.3
7080428460,7080428050,72552079,7255207,142.5,269,943.3
7080428630,7080428050,72552078,7255207,1174.6,274,943.4
7080472160,7080470240,72555509,7255550,1428.5,204,945.7
7080472180,7080470240,72555508,7255550,1654.6,436,945.7
7080358810,7080356140,72547803,7254780,283.3,292,963.4
7080358620,7080356140,72547802,7254780,681.7,298,963.4
7080474840,7080472160,72555601,7255560,1232.5,202,974.3
7080360710,7080358810,72547805,7254780,635.6,310,986.4
7080360520,7080358810,72547804,7254780,1416.0,323,986.4
7080343930,7080354140,72549201,7254920,108.0,210,992.0
7080341230,7080343930,72549203,7254920,52.1,198,1005.4
7080341130,7080343930,72549202,7254920,236.1,272,1005.7
7080340530,7080341230,72549205,7254920,256.4,218,1010.0
7080340410,7080341230,72549204,7254920,1179.4,288,1010.2
7080345860,7080353950,72548004,7254800,2674.7,349,1010.7
7080345730,7080353950,72548005,7254800,558.8,324,1010.7
7080479730,7080478930,72555731,7255573,3384.7,199,1026.9
7080343150,7080343940,72549501,7254950,181.0,283,1028.1
7080363290,7080360710,72547807,7254780,210.7,314,1038.6
7080363390,7080360710,72547806,7254780,592.5,347,1038.6
7080344960,7080343150,72549503,7254950,203.0,290,1040.0
7080345090,7080343150,72549502,7254950,673.9,311,1040.1
7080336160,7080340530,72549207,7254920,80.0,237,1041.0
7080335970,7080340530,72549206,7254920,1844.7,310,1041.0
7080337490,7080336160,72549209,7254920,1009.5,311,1048.6
7080337500,7080336160,72549208,7254920,270.3,278,1048.6
7080343700,7080344960,72549504,7254950,576.5,301,1051.1
7080343710,7080344960,72549505,7254950,175.3,288,1051.2
7080359720,7080363290,72547809,7254780,3522.8,356,1056.1
7080359950,7080363290,72547808,7254780,491.1,351,1056.1
7080338840,7080345730,72548006,7254800,577.8,382,1059.8
7080338680,7080345730,72548007,7254800,588.7,324,1060.1
7080462800,7080474840,72555602,7255560,395.8,247,1074.0
7080463070,7080474840,72555603,7255560,566.6,266,1074.1
7080340540,7080343710,72549507,7254950,0.9,260,1077.0
7080340680,7080343710,72549506,7254950,304.4,301,1077.1
7080340550,7080340540,72549508,7254950,1354.6,332,1077.6
7080340420,7080340540,72549509,7254950,505.7,302,1077.8
7080483360,7080479730,72555733,7255573,36.7,172,1080.3
7080483480,7080479730,72555732,7255573,896.2,251,1080.4
7080483680,7080483360,72555735,7255573,581.4,174,1086.2
7080483560,7080483360,72555734,7255573,1408.6,214,1086.2
7080333900,7080338680,72548009,7254800,1947.1,368,1099.8
7080334060,7080338680,72548008,7254800,896.1,383,1100.0
7080484820,7080483680,72555737,7255573,1274.9,212,1103.3
7080484700,7080483680,72555736,7255573,1191.8,200,1103.4
7080334070,7080340420,72549601,7254960,275.5,318,1112.5
7080460760,7080463070,72555604,7255560,1072.1,349,1116.6
7080460670,7080463070,72555605,7255560,266.9,304,1116.8
7080485530,7080484820,72555739,7255573,2582.5,180,1120.3
7080485450,7080484820,72555738,7255573,1114.4,202,1120.3
7080329440,7080334070,72549603,7254960,103.8,301,1140.8
7080329680,7080334070,72549602,7254960,213.9,309,1140.8
7080455800,7080460670,72555606,7255560,782.9,369,1146.6
7080455950,7080460670,72555607,7255560,374.1,334,1146.7
7080328590,7080329440,72549604,7254960,486.2,301,1147.2
7080328440,7080329440,72549605,7254960,550.5,302,1147.4
7080487820,7080485530,72555751,7255575,449.9,174,1150.9
7080488870,7080487820,72555752,7255575,620.6,179,1161.2
7080489000,7080487820,72555753,7255575,19.3,172,1161.4
7080489580,7080489000,72555755,7255575,1.0,172,1168.0
7080489590,7080489000,72555754,7255575,1023.3,268,1168.0
7080489630,7080489580,72555757,7255575,157.6,172,1168.9
7080489370,7080489580,72555756,7255575,593.7,177,1168.9
7080452540,7080455950,72555608,7255560,814.9,422,1179.0
7080452470,7080455950,72555609,7255560,1390.9,452,1179.2
7080490580,7080489630,72555759,7255575,723.1,176,1180.8
7080490710,7080489630,72555758,7255575,703.9,196,1180.8
7080322240,7080328440,72549607,7254960,561.4,318,1190.3
7080322230,7080328440,72549606,7254960,361.7,320,1190.5
7080320060,7080322240,72549608,7254960,548.1,315,1238.8
7080320150,7080322240,72549609,7254960,1006.9,316,1239.0
7080498570,7080496900,72555901,7255590,358.8,173,1278.8
7080498700,7080496900,72555801,7255580,0.9,172,1278.9
7080498910,7080498700,72555803,7255580,1395.8,201,1280.0
7080498920,7080498700,72555802,7255580,1473.2,241,1280.0
7080497840,7080498570,72555903,7255590,89.6,172,1294.2
7080497720,7080498570,72555902,7255590,616.5,179,1294.3
7080497090,7080497840,72555905,7255590,84.7,172,1305.7
7080497170,7080497840,72555904,7255590,1700.3,206,1305.7
7080496830,7080497090,72555906,7255590,567.8,181,1312.0
7080496700,7080497090,72555907,7255590,488.5,174,1312.1
7080495420,7080496700,72555909,7255590,381.0,176,1327.1
7080495550,7080496700,72555908,7255590,587.1,181,1327.1
7080504140,7080498910,72555804,7255580,377.9,207,1333.0
7080504240,7080498910,72555805,7255580,820.1,225,1333.2
7080494450,7080494540,72556021,7255602,319.3,182,1336.5
7080491380,7080494450,72556023,7255602,1.1,199,1383.8
7080491600,7080494450,72556022,7255602,1756.6,247,1383.8
7080491270,7080491380,72556024,7255602,262.5,222,1384.6
7080491150,7080491380,72556025,7255602,731.3,278,1384.7
7080514040,7080504240,72555806,7255580,399.4,281,1388.6
7080514160,7080504240,72555807,7255580,312.3,269,1388.7
7080481890,7080489890,72557401,7255740,1693.2,182,1406.1
7080517240,7080514160,72555809,7255580,935.4,297,1411.6
7080517230,7080514160,72555808,7255580,794.8,267,1411.6
7080480630,7080481800,72557601,7255760,89.7,173,1417.1
7080480640,7080480630,72557602,7255760,151.2,174,1435.9
7080480500,7080480630,72557603,7255760,152.7,174,1436.1
7080477220,7080480500,72557605,7255760,25.4,174,1459.2
7080477420,7080480500,72557604,7255760,289.8,179,1459.2
7080475550,7080477220,72557607,7255760,546.9,188,1467.9
7080475460,7080477220,72557606,7255760,1027.4,204,1468.0
7080480650,7080481890,72557403,7255740,1629.2,224,1475.5
7080480800,7080481890,72557402,7255740,281.1,194,1475.5
7080508860,7080505570,72556041,7255604,12.3,215,1478.0
7080509860,7080508860,72556043,7255604,77.5,216,1483.3
7080509870,7080508860,72556042,7255604,317.7,220,1483.3
7080511520,7080509860,72556044,7255604,502.4,235,1493.5
7080511530,7080509860,72556045,7255604,311.5,225,1493.6
7080513420,7080511530,72556047,7255604,101.9,217,1502.3
7080513570,7080511530,72556046,7255604,1184.9,234,1502.4
7080474170,7080475550,72557608,7255760,144.5,207,1505.6
7080474020,7080475550,72557609,7255760,983.5,230,1505.6
7080514910,7080513420,72556049,7255604,1907.4,250,1516.1
7080515060,7080513420,72556048,7255604,1649.4,264,1516.3
7080459440,7080465890,72557771,7255777,42.9,175,1527.1
7080457760,7080459440,72557772,7255777,930.8,194,1535.8
7080457620,7080459440,72557773,7255777,69.2,175,1535.9
7080455340,7080457620,72557775,7255777,0.2,175,1546.7
7080455330,7080457620,72557774,7255777,447.7,188,1546.7
7080455350,7080455340,72557776,7255777,634.1,186,1547.1
7080455250,7080455340,72557777,7255777,215.7,175,1547.2
7080513840,7080509010,72556081,7255608,160.9,250,1558.1
7080451840,7080455250,72557778,7255777,502.0,194,1565.3
7080510860,7080513840,72556082,7255608,670.9,278,1574.5
7080510870,7080513840,72556083,7255608,526.8,258,1574.6
7080446640,7080451720,72557801,7255780,876.6,195,1585.4
7080465970,7080480650,72557404,7255740,1364.9,306,1613.3
7080465900,7080480650,72557405,7255740,8.2,249,1613.4
7080465150,7080465900,72557407,7255740,434.2,309,1617.0
7080465140,7080465900,72557406,7255740,214.4,296,1617.0
7080503540,7080510870,72556085,7255608,208.7,268,1617.1
7080503530,7080510870,72556084,7255608,301.1,288,1617.1
7080500680,7080503540,72556086,7255608,141.1,294,1635.1
7080500690,7080503540,72556087,7255608,58.3,268,1635.2
7080499640,7080500690,72556089,7255608,484.8,302,1643.7
7080499630,7080500690,72556088,7255608,349.5,322,1643.7
7080431350,7080432160,72559001,7255900,43.2,175,1651.5
7080430270,7080431350,72559002,7255900,758.5,179,1656.9
7080430260,7080431350,72559003,7255900,106.2,175,1657.0
7080458990,7080465150,72557408,7255740,204.2,353,1657.7
7080458910,7080465150,72557409,7255740,826.4,353,1657.9
7080447640,7080446640,72557802,7255780,414.1,323,1658.1
7080447560,7080446640,72557803,7255780,303.4,316,1658.3
7080429020,7080430260,72559004,7255900,122.3,175,1665.7
7080428910,7080430260,72559005,7255900,19.7,175,1665.8
7080427260,7080428910,72559006,7255900,5142.6,309,1672.6
7080427090,7080428910,72559007,7255900,243.7,175,1672.6
7080426470,7080427090,72559008,7255900,1102.9,176,1675.6
7080442940,7080447560,72557805,7255780,628.8,385,1701.6
7080443170,7080447560,72557804,7255780,1099.0,363,1701.6
7080433760,7080431340,72558201,7255820,451.5,176,1713.4
7080433870,7080431340,72558301,7255830,1110.2,184,1713.6
7080414930,7080419750,72570401,7257040,872.8,175,1725.6
7080437060,7080433870,72558302,7255830,703.5,196,1737.7
7080437190,7080433870,72558303,7255830,644.6,180,1737.9
7080429270,7080433760,72558202,7255820,648.7,236,1743.2
7080429260,7080433760,72558203,7255820,1235.2,304,1743.3
7080440960,7080437190,72558305,7255830,629.4,190,1760.2
7080440740,7080437190,72558304,7255830,1342.0,224,1760.2
7080442490,7080440960,72558307,7255830,1541.0,181,1770.9
7080442400,7080440960,72558306,7255830,1639.7,242,1771.0
7080414700,7080414930,72570403,7257040,263.6,190,1779.5
7080414840,7080414930,72570402,7257040,347.1,196,1779.6
7080449060,7080442490,72558308,7255830,644.4,196,1807.3
7080449160,7080442490,72558309,7255830,667.1,183,1807.3
7080410180,7080414700,72570405,7257040,21.6,210,1812.9
7080410270,7080414700,72570404,7257040,1157.2,255,1813.0
7080409970,7080410180,72570407,7257040,197.9,227,1817.1
7080409870,7080410180,72570406,7257040,571.9,244,1817.1
7080411120,7080409970,72570408,7257040,450.4,276,1838.8
7080410910,7080409970,72570409,7257040,820.3,288,1839.0
7080456090,7080456060,72558601,7255860,29.5,180,1848.8
7080422640,7080429260,72558204,7255820,485.6,373,1849.3
7080422390,7080429260,72558205,7255820,111.3,340,1849.5
7080456670,7080456090,72558602,7255860,2915.4,234,1856.2
7080456750,7080456090,72558603,7255860,131.9,204,1856.4
7080401930,7080400750,72560421,7256042,5.3,175,1857.8
7080401990,7080400750,72560431,7256043,459.9,177,1858.0
7080401400,7080401930,72560423,7256042,291.7,178,1860.0
7080401390,7080401930,72560422,7256042,805.4,187,1860.0
7080422530,7080422390,72558207,7255820,46.4,344,1862.5
7080422380,7080422390,72558206,7255820,962.9,382,1862.6
7080457840,7080456750,72558604,7255860,351.1,211,1863.5
7080457750,7080456750,72558605,7255860,537.4,215,1863.6
7080403180,7080401990,72560433,7256043,489.4,177,1865.6
7080403340,7080401990,72560432,7256043,741.0,191,1865.7
7080422860,7080422530,72558208,7255820,772.4,382,1870.2
7080423000,7080422530,72558209,7255820,1038.8,371,1870.3
7080404860,7080403180,72560435,7256043,45.8,175,1875.9
7080404850,7080403180,72560434,7256043,1085.3,221,1875.9
7080382980,7080399240,72570621,7257062,96.8,175,1878.7
7080406360,7080404860,72560437,7256043,639.7,198,1884.0
7080406130,7080404860,72560436,7256043,821.2,199,1884.0
7080450170,7080455940,72558801,7255880,197.8,199,1886.6
7080380880,7080382980,72570622,7257062,2653.7,299,1892.8
7080380800,7080382980,72570623,7257062,508.1,231,1892.9
7080408380,7080406360,72560438,7256043,817.7,202,1896.1
7080408500,7080406360,72560439,7256043,0.2,175,1896.3
7080408660,7080408500,72560441,7256044,75.6,175,1896.7
7080389980,7080392650,72581021,7258102,173.2,179,1900.2
7080448840,7080450170,72558802,7255880,620.0,226,1900.9
7080448700,7080450170,72558803,7255880,127.6,207,1901.1
7080411670,7080408660,72560442,7256044,899.8,243,1912.5
7080411680,7080408660,72560443,7256044,185.5,175,1912.6
7080391400,7080401400,72560425,7256042,1457.6,286,1914.4
7080391240,7080401400,72560424,7256042,227.4,219,1914.4
7080445080,7080448700,72558805,7255880,92.8,220,1916.0
7080445090,7080448700,72558804,7255880,1289.6,259,1916.2
7080384130,7080400650,72560701,7256070,18.2,183,1919.0
7080383830,7080400650,72560601,7256060,4.3,182,1919.0
7080465240,7080457750,72558606,7255860,655.2,275,1921.1
7080464940,7080457750,72558607,7255860,732.7,255,1921.2
7080383960,7080384130,72560703,7256070,75.3,199,1921.8
7080384240,7080384130,72560702,7256070,1480.8,243,1921.8
7080383300,7080383830,72560602,7256060,229.7,209,1921.9
7080383110,7080383830,72560603,7256060,1415.2,256,1922.0
7080393980,7080389980,72581022,7258102,235.8,191,1929.8
7080394260,7080389980,72581023,7258102,66.0,190,1929.9
7080443030,7080445080,72558807,7255880,3.9,222,1932.4
7080442930,7080445080,72558806,7255880,353.7,302,1932.5
7080442920,7080443030,72558808,7255880,240.4,306,1934.2
7080443150,7080443030,72558809,7255880,522.6,280,1934.3
7080417410,7080411680,72560445,7256044,2181.5,212,1938.8
7080417400,7080411680,72560444,7256044,890.8,353,1938.8
7080373780,7080380800,72570625,7257062,1170.3,398,1939.7
7080373790,7080380800,72570624,7257062,2049.3,418,1939.7
7080396480,7080394260,72581024,7258102,2308.2,266,1940.0
7080396490,7080394260,72581025,7258102,123.7,204,1940.1
7080383670,7080383960,72560705,7256070,193.4,206,1941.3
7080383600,7080383960,72560704,7256070,353.8,210,1941.3
7080414440,7080409980,72560481,7256048,80.6,183,1959.4
7080399540,7080396490,72581026,7258102,353.3,234,1959.6
7080414600,7080409980,72560491,7256049,900.8,213,1959.6
7080399660,7080396490,72581027,7258102,362.2,239,1959.7
7080461210,7080464940,72558609,7255860,560.3,284,1959.7
7080461050,7080464940,72558608,7255860,544.8,254,1959.7
7080382170,7080383670,72560707,7256070,113.6,212,1973.9
7080382030,7080383670,72560706,7256070,248.3,216,1974.1
7080412400,7080414440,72560483,7256048,210.3,231,1974.7
7080412500,7080414440,72560482,7256048,201.7,217,1974.8
7080389380,7080389100,72581071,7258107,366.8,199,1978.4
7080389570,7080389100,72581061,7258106,630.5,186,1978.6
7080381100,7080382170,72560709,7256070,341.2,208,1987.8
7080381290,7080382170,72560708,7256070,561.0,279,1987.8
7080388520,7080389380,72581073,7258107,167.4,175,1988.2
7080388310,7080389380,72581072,7258107,399.0,205,1988.2
7080406120,7080399660,72581028,7258102,241.6,276,1989.4
7080406110,7080399660,72581029,7258102,424.9,307,1989.5
7080419760,7080414600,72560492,7256049,595.0,237,1991.2
7080419560,7080414600,72560493,7256049,832.1,238,1991.4
7080388150,7080388520,72581075,7258107,1361.2,184,1997.6
7080388010,7080388520,72581074,7258107,549.9,200,1997.7
7080411460,7080412400,72560485,7256048,359.3,256,2008.7
7080411310,7080412400,72560484,7256048,822.1,272,2008.9
7080377290,7080379030,72570681,7257068,590.0,267,2010.0
7080378910,7080381100,72560901,7256090,11.9,192,2010.8
7080369240,7080369250,72591161,7259116,231.4,192,2011.0
7080397390,7080389570,72581063,7258106,190.7,175,2014.0
7080397400,7080389570,72581062,7258106,697.9,218,2014.0
7080368330,7080369060,72591181,7259118,248.4,182,2014.5
7080377630,7080378910,72560903,7256090,124.6,196,2015.2
7080377930,7080378910,72560902,7256090,1019.4,208,2015.3
7080361450,7080373780,72570627,7257062,153.6,436,2018.6
7080361350,7080373780,72570626,7257062,1580.5,481,2018.6
7080390690,7080388150,72581077,7258107,40.6,177,2022.6
7080390360,7080388150,72581076,7258107,582.9,188,2022.6
7080396670,7080391400,72560427,7256042,18.3,317,2023.4
7080396580,7080391400,72560426,7256042,204.5,346,2023.5
7080429840,7080417410,72560447,7256044,154.4,236,2023.6
7080429830,7080417410,72560446,7256044,479.6,373,2023.6
7080369220,7080369240,72591163,7259116,545.4,223,2024.7
7080369420,7080369240,72591162,7259116,307.9,207,2024.7
7080365360,7080383110,72560604,7256060,224.6,354,2027.2
7080365190,7080383110,72560605,7256060,1.3,263,2027.3
7080364920,7080365190,72560606,7256060,273.7,323,2028.7
7080364910,7080365190,72560607,7256060,1418.6,386,2028.8
7080395700,7080396670,72560429,7256042,655.8,388,2029.3
7080395560,7080396670,72560428,7256042,329.6,401,2029.4
7080375330,7080377630,72560905,7256090,1273.7,285,2030.6
7080375590,7080377630,72560904,7256090,1170.6,240,2030.7
7080412170,7080411460,72560487,7256048,440.1,330,2031.0
7080412020,7080411460,72560486,7256048,1586.8,372,2031.2
7080431370,7080429840,72560448,7256044,310.8,338,2033.1
7080431440,7080429840,72560449,7256044,1365.9,312,2033.3
7080392310,7080390690,72581079,7258107,7.6,175,2034.0
7080392510,7080390690,72581078,7258107,1012.2,177,2034.1
7080402130,7080397390,72581064,7258106,1109.4,235,2034.4
7080402270,7080397390,72581065,7258106,0.3,175,2034.6
7080402400,7080402270,72581067,7258106,511.2,182,2035.0
7080402120,7080402270,72581066,7258106,412.4,175,2035.2
7080392750,7080392310,72581081,7258108,734.6,179,2037.5
7080360860,7080361450,72570629,7257062,2268.5,459,2038.2
7080360700,7080361450,72570628,7257062,1730.2,457,2038.3
7080363020,7080368330,72591183,7259118,27.3,179,2039.4
7080362900,7080368330,72591182,7259118,306.7,266,2039.5
7080361440,7080363020,72591184,7259118,1173.8,364,2046.7
7080361330,7080363020,72591185,7259118,350.5,335,2046.9
7080420080,7080419560,72560495,7256049,186.7,238,2055.9
7080420220,7080419560,72560494,7256049,1504.9,290,2056.0
7080410050,7080402400,72581068,7258106,1223.2,260,2067.3
7080410060,7080402400,72581069,7258106,1864.6,248,2067.5
7080369890,7080377290,72570683,7257068,213.4,306,2078.4
7080369900,7080377290,72570682,7257068,349.6,290,2078.6
7080425300,7080420080,72560497,7256049,67.1,217,2080.0
7080425310,7080420080,72560496,7256049,1663.7,258,2080.1
7080407120,7080412170,72560488,7256048,184.4,365,2083.7
7080407070,7080412170,72560489,7256048,706.7,439,2083.7
7080368490,7080375330,72560906,7256090,1222.0,308,2085.7
7080368480,7080375330,72560907,7256090,1074.2,294,2085.8
7080353940,7080361330,72591187,7259118,301.3,428,2087.9
7080353860,7080361330,72591186,7259118,243.0,424,2088.1
7080372540,7080369220,72591164,7259116,353.8,253,2088.9
7080372660,7080369220,72591165,7259116,1.2,219,2089.0
7080372920,7080372660,72591167,7259116,304.2,233,2090.1
7080372930,7080372660,72591166,7259116,358.9,242,2090.1
7080384990,7080392750,72581083,7258108,113.4,200,2091.3
7080384920,7080392750,72581082,7258108,794.2,229,2091.6
7080428450,7080425300,72560498,7256049,521.2,245,2092.8
7080428620,7080425300,72560499,7256049,1263.1,253,2093.0
7080374290,7080372920,72591169,7259116,542.5,248,2102.1
7080374370,7080372920,72591168,7259116,152.2,240,2102.2
7080367790,7080369890,72570685,7257068,455.5,396,2103.8
7080367650,7080369890,72570684,7257068,1192.9,392,2104.0
7080383380,7080384990,72581085,7258108,420.3,207,2105.8
7080383260,7080384990,72581084,7258108,889.0,242,2106.0
7080399530,7080398060,72582201,7258220,158.8,175,2113.2
7080350140,7080364910,72560608,7256060,286.4,399,2118.0
7080350220,7080364910,72560609,7256060,470.5,421,2118.2
7080350640,7080353940,72591189,7259118,369.1,465,2125.6
7080350900,7080353940,72591188,7259118,132.3,456,2125.6
7080379460,7080383380,72581086,7258108,466.3,240,2130.2
7080379360,7080383380,72581087,7258108,443.3,220,2130.4
7080397970,7080399530,72582203,7258220,375.0,178,2133.2
7080397850,7080399530,72582202,7258220,1658.9,208,2133.2
7080358610,7080368480,72560908,7256090,572.0,340,2143.5
7080358600,7080368480,72560909,7256090,1300.3,388,2143.7
7080377040,7080379360,72581089,7258108,337.2,260,2146.2
7080377050,7080379360,72581088,7258108,320.4,253,2146.3
7080361720,7080367790,72570687,7257068,467.0,428,2149.6
7080361730,7080367790,72570686,7257068,163.3,429,2149.6
7080395550,7080397970,72582205,7258220,152.8,184,2156.4
7080395870,7080397970,72582204,7258220,1414.6,305,2156.5
7080391390,7080395550,72582206,7258220,1514.7,254,2172.1
7080391380,7080395550,72582207,7258220,686.7,285,2172.3
7080355660,7080361720,72570688,7257068,265.9,438,2181.9
7080355560,7080361720,72570689,7257068,315.2,426,2182.0
7080424420,7080422700,72583201,7258320,598.8,177,2195.7
7080424410,7080422700,72583301,7258330,55.9,175,2195.8
7080426770,7080424410,72583302,7258330,1296.4,188,2205.8
7080426860,7080424410,72583303,7258330,8.3,175,2205.9
7080427760,7080426860,72583305,7258330,176.3,175,2209.5
7080427770,7080426860,72583304,7258330,658.4,178,2209.5
7080414400,7080411200,72582701,7258270,57.9,175,2224.2
7080414120,7080411200,72582601,7258260,541.6,201,2224.2
7080430620,7080427760,72583306,7258330,1032.8,178,2225.1
7080430690,7080427760,72583307,7258330,28.9,175,2225.2
7080432420,7080430690,72583309,7258330,58.5,175,2233.3
7080432430,7080430690,72583308,7258330,1159.7,194,2233.3
7080416410,7080414400,72582703,7258270,77.7,186,2234.8
7080416170,7080414400,72582702,7258270,2791.3,290,2234.8
7080380500,7080391380,72582209,7258220,1115.9,417,2239.3
7080380650,7080391380,72582208,7258220,613.8,385,2239.3
7080418220,7080416410,72582705,7258270,1309.3,207,2243.9
7080417980,7080416410,72582704,7258270,539.1,222,2243.9
7080434930,7080432420,72583401,7258340,834.8,175,2244.6
7080437180,7080435070,72583601,7258360,254.5,175,2254.5
7080437290,7080435070,72583701,7258370,85.4,175,2254.5
7080433560,7080424420,72583203,7258320,153.4,213,2254.6
7080433740,7080424420,72583202,7258320,572.9,271,2254.7
7080439930,7080437290,72583702,7258370,1294.1,181,2266.1
7080439980,7080437290,72583703,7258370,609.3,180,2266.1
7080432270,7080433560,72583204,7258320,518.5,255,2272.8
7080432440,7080433560,72583205,7258320,228.0,240,2272.9
7080409570,7080414120,72582603,7258260,98.1,213,2273.4
7080409790,7080414120,72582602,7258260,231.9,241,2273.4
7080424990,7080418220,72582706,7258270,452.3,224,2278.4
7080425290,7080418220,72582707,7258270,1667.9,230,2278.5
7080440830,7080437180,72583603,7258360,35.1,175,2278.7
7080440610,7080437180,72583602,7258360,451.6,198,2278.7
7080407430,7080409570,72582604,7258260,328.7,235,2281.3
7080407420,7080409570,72582605,7258260,151.0,254,2281.4
7080441340,7080440830,72583605,7258360,346.5,197,2283.2
7080441440,7080440830,72583604,7258360,982.4,203,2283.3
7080443790,7080439980,72583705,7258370,1.2,175,2284.1
7080443800,7080439980,72583704,7258370,685.3,190,2284.1
7080331850,7080337870,72596301,7259630,554.8,179,2284.7
7080443930,7080443790,72583706,7258370,771.2,195,2285.0
7080444060,7080443790,72583707,7258370,16.9,175,2285.0
7080445240,7080444060,72583708,7258370,1756.3,238,2290.7
7080445360,7080444060,72583709,7258370,53.7,175,2290.7
7080433750,7080432440,72583207,7258320,2004.3,340,2293.6
7080433860,7080432440,72583206,7258320,690.6,368,2293.7
7080436750,7080434930,72583403,7258340,224.9,202,2297.0
7080436560,7080434930,72583402,7258340,787.4,229,2297.0
7080319160,7080343600,72592021,7259202,5.1,179,2298.3
7080318500,7080319160,72592022,7259202,266.8,285,2301.3
7080318330,7080319160,72592023,7259202,242.9,297,2301.5
7080335180,7080335540,72598011,7259801,691.0,179,2307.8
7080405770,7080407420,72582607,7258260,354.9,350,2310.8
7080405960,7080407420,72582606,7258260,183.6,325,2310.8
7080450160,7080447540,72584001,7258400,1928.3,202,2312.1
7080436740,7080436750,72583404,7258340,284.8,263,2321.8
7080436940,7080436750,72583405,7258340,342.0,258,2321.9
7080324100,7080331850,72596302,7259630,623.1,201,2324.5
7080323990,7080331850,72596303,7259630,813.9,227,2324.6
7080453940,7080450430,72586011,7258601,558.2,175,2328.1
7080441910,7080441340,72583607,7258360,301.7,252,2329.1
7080441970,7080441340,72583606,7258360,680.1,260,2329.3
7080318050,7080318330,72592025,7259202,196.7,347,2339.3
7080318160,7080318330,72592024,7259202,721.1,409,2339.4
7080401200,7080405770,72582609,7258260,821.1,467,2341.3
7080401190,7080405770,72582608,7258260,286.9,463,2341.3
7080328640,7080335180,72598013,7259801,166.4,179,2352.6
7080328570,7080335180,72598012,7259801,332.8,179,2352.8
7080438490,7080436940,72583406,7258340,209.7,259,2354.1
7080438610,7080436940,72583407,7258340,55.4,262,2354.3
7080439210,7080438610,72583408,7258340,136.3,276,2357.9
7080439270,7080438610,72583409,7258340,299.0,284,2358.1
7080443500,7080441910,72583608,7258360,306.2,299,2364.0
7080443810,7080441910,72583609,7258360,440.0,316,2364.1
7080326800,7080328640,72598015,7259801,147.2,179,2366.4
7080326720,7080328640,72598014,7259801,474.0,191,2366.5
7080313650,7080323990,72596305,7259630,276.7,198,2369.3
7080313660,7080323990,72596304,7259630,586.0,367,2369.3
7080440200,7080425290,72582709,7258270,437.7,240,2370.4
7080440210,7080425290,72582708,7258270,765.6,267,2370.4
7080463060,7080461100,72587021,7258702,1090.1,177,2370.7
7080464000,7080463180,72587041,7258704,1035.3,178,2374.6
7080313160,7080318050,72592026,7259202,2014.6,436,2376.9
7080313050,7080318050,72592027,7259202,380.2,347,2377.0
7080325540,7080326800,72598017,7259801,230.6,179,2377.8
7080325370,7080326800,72598016,7259801,649.9,193,2377.8
7080461660,7080453940,72586013,7258601,502.8,185,2391.0
7080461390,7080453940,72586012,7258601,302.5,198,2391.0
7080325090,7080325540,72598019,7259801,278.9,183,2393.9
7080325030,7080325540,72598018,7259801,320.8,188,2394.0
7080438060,7080440200,72582801,7258280,597.4,249,2398.0
7080424810,7080433750,72583209,7258320,585.7,381,2400.5
7080424590,7080433750,72583208,7258320,260.1,371,2400.5
7080309410,7080313050,72592028,7259202,553.0,397,2401.9
7080309220,7080313050,72592029,7259202,1120.3,378,2402.0
7080308940,7080313650,72596307,7259630,1141.5,315,2402.1
7080308880,7080313650,72596306,7259630,700.2,428,2402.2
7080325880,7080325090,72598021,7259802,1252.2,229,2412.5
7080327380,7080326020,72598041,7259804,271.0,192,2426.8
7080307280,7080308940,72596309,7259630,1180.0,288,2428.7
7080307160,7080308940,72596308,7259630,499.5,347,2428.9
7080464340,7080461660,72586014,7258601,401.4,222,2434.0
7080464510,7080461660,72586015,7258601,278.3,199,2434.1
7080442390,7080438060,72582803,7258280,397.5,265,2441.4
7080442480,7080438060,72582802,7258280,362.7,273,2441.6
7080464700,7080463060,72587022,7258702,383.0,242,2442.6
7080464630,7080463060,72587023,7258702,240.7,215,2442.7
7080329080,7080327380,72598042,7259804,420.0,217,2445.8
7080329320,7080327380,72598043,7259804,250.9,194,2445.9
7080429950,7080430130,72582991,7258299,306.0,249,2450.6
7080343660,7080342920,72599201,7259920,771.5,195,2454.6
7080466600,7080464510,72586016,7258601,165.0,227,2459.8
7080466920,7080464510,72586017,7258601,731.5,220,2459.9
7080330950,7080329320,72598045,7259804,649.8,205,2461.2
7080330850,7080329320,72598044,7259804,271.8,225,2461.3
7080444830,7080442390,72582804,7258280,455.0,278,2461.8
7080444990,7080442390,72582805,7258280,140.0,245,2461.9
7080454540,7080450160,72584002,7258400,989.3,294,2464.2
7080454420,7080450160,72584003,7258400,806.6,309,2464.3
7080311980,7080325880,72598022,7259802,649.9,362,2474.4
7080311870,7080325880,72598023,7259802,1053.5,274,2474.5
7080428600,7080429950,72582992,7258299,552.9,253,2475.3
7080428420,7080429950,72582993,7258299,520.3,252,2475.4
7080458370,7080464630,72587024,7258702,335.3,282,2478.0
7080458250,7080464630,72587025,7258702,132.4,248,2478.0
7080474010,7080464000,72587042,7258704,756.5,227,2482.0
7080474330,7080464000,72587043,7258704,789.8,230,2482.1
7080331510,7080330950,72598047,7259804,129.0,273,2486.0
7080331390,7080330950,72598046,7259804,434.8,371,2486.0
7080446540,7080444990,72582807,7258280,67.8,243,2487.3
7080446740,7080444990,72582806,7258280,450.4,276,2487.3
7080445740,7080446540,72582809,7258280,967.9,265,2494.2
7080445580,7080446540,72582808,7258280,382.6,281,2494.3
7080464010,7080466920,72586018,7258601,687.6,256,2494.3
7080464020,7080466920,72586019,7258601,235.2,244,2494.4
7080331320,7080331510,72598048,7259804,606.4,497,2507.8
7080331240,7080331510,72598049,7259804,875.2,475,2507.9
7080453790,7080458250,72587026,7258702,368.3,285,2508.5
7080453860,7080458250,72587027,7258702,220.2,292,2508.7
7080418100,7080428420,72582994,7258299,439.6,351,2526.8
7080417970,7080428420,72582995,7258299,161.8,274,2526.8
7080317350,7080322330,72598081,7259808,401.4,427,2529.9
7080480010,7080474330,72587045,7258704,1189.5,277,2534.6
7080479710,7080474330,72587044,7258704,300.7,247,2534.7
7080414830,7080417970,72582996,7258299,436.6,384,2542.0
7080414690,7080417970,72582997,7258299,1088.6,442,2542.1
7080452990,7080453860,72587029,7258702,134.1,321,2543.2
7080452910,7080453860,72587028,7258702,312.7,316,2543.3
7080443960,7080454420,72584005,7258400,1098.1,349,2543.4
7080443950,7080454420,72584004,7258400,295.3,361,2543.4
7080299200,7080311870,72598025,7259802,53.4,328,2552.2
7080299390,7080311870,72598024,7259802,559.1,373,2552.2
7080365470,7080343660,72599202,7259920,1793.4,424,2556.2
7080365570,7080343660,72599203,7259920,63.3,334,2556.4
7080317060,7080317350,72598082,7259808,891.6,473,2557.0
7080316960,7080317350,72598083,7259808,11.5,410,2557.2
7080349980,7080348440,72599771,7259977,1069.8,198,2559.2
7080298660,7080299200,72598026,7259802,345.2,319,2561.4
7080298780,7080299200,72598027,7259802,314.2,347,2561.5
7080465680,7080467250,72586061,7258606,13.6,219,2562.5
7080315540,7080316960,72598085,7259808,87.4,463,2563.3
7080315430,7080316960,72598084,7259808,339.8,466,2563.6
7080465410,7080465680,72586062,7258606,470.5,233,2567.0
7080465230,7080465680,72586063,7258606,51.8,223,2567.1
7080366400,7080365570,72599204,7259920,611.2,421,2570.1
7080366520,7080365570,72599205,7259920,137.1,367,2570.2
7080464090,7080465230,72586065,7258606,70.6,220,2575.4
7080464030,7080465230,72586064,7258606,397.8,246,2575.4
7080315170,7080315540,72598087,7259808,385.6,468,2580.7
7080315060,7080315540,72598086,7259808,181.0,486,2580.8
7080352230,7080349980,72599773,7259977,553.0,201,2581.6
7080351910,7080349980,72599772,7259977,762.1,323,2581.6
7080462930,7080464090,72586067,7258606,1.6,204,2588.7
7080463190,7080464090,72586066,7258606,201.0,223,2588.7
7080462780,7080462930,72586068,7258606,869.8,224,2590.0
7080462590,7080462930,72586069,7258606,1066.9,259,2590.1
7080482930,7080480010,72587046,7258704,832.5,281,2593.1
7080483060,7080480010,72587047,7258704,914.3,298,2593.1
7080302040,7080298780,72598028,7259802,404.0,455,2594.3
7080302200,7080298780,72598029,7259802,336.2,448,2594.5
7080437900,7080443960,72584007,7258400,592.0,353,2595.0
7080437720,7080443960,72584006,7258400,805.9,389,2595.0
7080364150,7080362560,72599691,7259969,322.9,201,2597.3
7080371770,7080366520,72599206,7259920,192.3,448,2598.9
7080371760,7080366520,72599207,7259920,5.6,369,2599.0
7080353630,7080352230,72599774,7259977,723.8,349,2600.0
7080353750,7080352230,72599775,7259977,3040.6,269,2600.2
7080371750,7080371760,72599209,7259920,437.6,499,2601.7
7080371640,7080371760,72599208,7259920,219.0,402,2601.7
7080313920,7080315170,72598089,7259808,150.8,484,2609.4
7080313810,7080315170,72598088,7259808,385.6,483,2609.6
7080367760,7080364150,72599692,7259969,865.5,327,2618.5
7080367900,7080364150,72599693,7259969,89.7,226,2618.7
7080433200,7080437900,72584008,7258400,270.3,377,2625.3
7080433040,7080437900,72584009,7258400,1098.3,361,2625.4
7080401460,7080414690,72582998,7258299,200.7,502,2632.0
7080401350,7080414690,72582999,7258299,309.7,500,2632.2
7080371920,7080367900,72599694,7259969,368.8,394,2639.1
7080372050,7080367900,72599695,7259969,4.8,230,2639.3
7080372530,7080372050,72599697,7259969,28.8,291,2640.9
7080372520,7080372050,72599696,7259969,568.9,366,2641.0
7080486760,7080483060,72587048,7258704,325.6,327,2649.1
7080486750,7080483060,72587049,7258704,394.4,333,2649.2
7080359180,7080353750,72599777,7259977,99.1,179,2651.2
7080359280,7080353750,72599776,7259977,554.7,293,2651.4
7080374140,7080372530,72599699,7259969,206.8,450,2651.4
7080374130,7080372530,72599698,7259969,338.1,452,2651.4
7080360490,7080359180,72599779,7259977,1786.1,287,2663.7
7080360500,7080359180,72599778,7259977,742.2,295,2663.7
7080361190,7080363510,72599901,7259990,954.3,397,2783.8
7080359050,7080361190,72599903,7259990,53.8,387,2818.3
7080359040,7080361190,72599902,7259990,562.8,394,2818.3
7080357870,7080359050,72599904,7259990,1420.2,431,2827.7
7080357770,7080359050,72599905,7259990,353.6,395,2827.8
7080352440,7080357770,72599907,7259990,1033.1,422,2858.3
7080352390,7080357770,72599906,7259990,643.1,426,2858.4
7080347410,7080352440,72599909,7259990,1012.8,475,2904.9
7080347290,7080352440,72599908,7259990,517.0,453,2905.0
7080034580,0,72601301,7260130,594.1,143,0.0
7080034620,0,72601302,7260130,850.5,319,0.0
7080034630,0,72601303,7260130,589.4,118,0.0
7080034660,0,72601304,7260130,1059.3,301,0.0
7080034670,0,72601305,7260130,735.5,155,0.0
7080034710,0,72601306,7260130,951.8,289,0.0
7080034720,0,72601307,7260130,657.7,160,0.0
7080034770,0,72601308,7260130,1631.9,293,0.0
7080034780,0,72601309,7260130,267.3,77,0.0
7080034870,0,72601711,7260171,621.1,228,0.0
7080034890,0,72601712,7260171,760.0,412,0.0
7080034900,0,72601713,7260171,58.8,154,0.0
7080034920,0,72601714,7260171,833.5,541,0.0
7080034930,0,72601715,7260171,365.8,340,0.0
7080034940,0,72601716,7260171,159.4,501,0.0
7080034950,0,72601717,7260171,312.0,463,0.0
7080035000,0,72601718,7260171,291.3,456,0.0
7080035010,0,72601719,7260171,227.7,311,0.0
7080035360,0,72602001,7260200,265.9,234,0.0
7080324280,7080035360,72602002,7260200,494.0,436,16.3
7080324040,7080035360,72602003,7260200,406.4,407,16.4
7080316460,7080324040,72602004,7260200,259.7,457,52.0
7080316310,7080324040,72602005,7260200,260.3,442,52.1
7080313560,7080316310,72602007,7260200,288.8,443,66.7
7080313480,7080316310,72602006,7260200,571.0,564,66.8
7080314670,7080313560,72602008,7260200,239.6,434,84.8
7080314440,7080313560,72602009,7260200,340.4,430,84.9
7080332800,7080035470,72604021,7260402,232.6,267,16.1
7080330430,7080332800,72604023,7260402,3.7,171,35.0
7080330320,7080332800,72604022,7260402,268.4,356,35.2
7080330000,7080330430,72604024,7260402,548.8,393,37.3
7080329820,7080330430,72604025,7260402,39.1,257,37.3
7080328460,7080329820,72604027,7260402,288.7,278,45.4
7080328450,7080329820,72604026,7260402,437.2,319,45.4
7080323080,7080328460,72604029,7260402,708.3,393,75.4
7080323070,7080328460,72604028,7260402,1277.2,300,75.4
7080035480,0,72605011,7260501,354.7,125,0.0
7080035510,0,72605012,7260501,416.8,268,0.0
7080035520,0,72605013,7260501,365.2,192,0.0
7080035550,0,72605014,7260501,507.5,282,0.0
7080035560,0,72605015,7260501,690.0,127,0.0
7080035610,0,72605016,7260501,383.1,269,0.0
7080035620,0,72605017,7260501,12.3,28,0.0
7080035630,0,72605018,7260501,415.9,178,0.0
7080035640,0,72605019,7260501,2.9,8,0.0
7080358520,7080035860,72606021,7260602,91.1,50,22.3
7080358510,7080358520,72606023,7260602,89.6,58,31.7
7080358390,7080358520,72606022,7260602,207.7,97,31.8
7080358660,7080358510,72606025,7260602,115.9,68,44.7
7080358840,7080358510,72606024,7260602,1360.5,370,44.8
7080356650,7080358660,72606027,7260602,5.9,34,52.9
7080356640,7080358660,72606026,7260602,198.5,160,52.9
7080356050,7080356650,72606029,7260602,1010.2,237,56.0
7080356040,7080356650,72606028,7260602,789.3,310,56.0
7080036040,0,72607131,7260713,305.4,18,0.0
7080036050,0,72607132,7260713,448.2,63,0.0
7080036060,0,72607133,7260713,2183.3,36,0.0
7080036230,0,72607134,7260713,690.1,113,0.0
7080036240,0,72607135,7260713,2584.8,92,0.0
7080036440,0,72607136,7260713,546.1,145,0.0
7080036450,0,72607137,7260713,1004.3,110,0.0
7080036540,0,72607138,7260713,484.3,146,0.0
7080036550,0,72607139,7260713,3271.1,87,0.0
7080037350,0,72607301,7260730,1818.8,62,0.0
7080037430,0,72607302,7260730,590.1,104,0.0
7080037440,0,72607303,7260730,261.8,32,0.0
7080037460,0,72607304,7260730,765.3,61,0.0
7080037470,0,72607305,7260730,963.7,23,0.0
7080037510,0,72607306,7260730,1381.1,81,0.0
7080037520,0,72607307,7260730,1293.9,41,0.0
7080037610,0,72607308,7260730,705.8,135,0.0
7080037620,0,72607309,7260730,1128.8,111,0.0
7080038320,0,72608101,7260810,56.7,39,0.0
7080405200,7080038320,72608103,7260810,76.8,54,8.2
7080405040,7080038320,72608102,7260810,2236.3,128,8.4
7080403380,7080405200,72608104,7260810,508.7,125,18.2
7080403390,7080405200,72608105,7260810,291.7,88,18.4
7080397720,7080403390,72608107,7260810,302.5,84,45.8
7080398000,7080403390,72608106,7260810,388.0,101,46.0
7080394130,7080397720,72608108,7260810,2193.3,79,63.3
7080394030,7080397720,72608109,7260810,81.3,29,63.5
7080390750,7080394030,72608201,7260820,36.8,43,78.9
7080389030,7080390750,72608202,7260820,879.9,81,87.9
7080388860,7080390750,72608203,7260820,515.7,31,87.9
7080383170,7080388860,72608204,7260820,224.3,102,114.7
7080383180,7080388860,72608205,7260820,20.0,11,114.8
7080382370,7080383180,72608206,7260820,274.6,62,121.6
7080382240,7080383180,72608207,7260820,329.7,57,121.8
7080378230,7080382240,72608208,7260820,437.2,118,147.1
7080378240,7080382240,72608209,7260820,1105.5,76,147.2
7080364000,7080380260,72608401,7260840,743.8,254,319.6
7080363040,7080363990,72608601,7260860,451.8,189,325.2
7080361870,7080363040,72608603,7260860,337.5,187,351.9
7080361770,7080363040,72608602,7260860,614.6,221,351.9
7080360550,7080364000,72608402,7260840,441.3,295,358.9
7080360440,7080364000,72608403,7260840,181.2,198,359.1
7080365370,7080361870,72608604,7260860,510.7,215,382.8
7080357670,7080360440,72608404,7260840,332.4,363,382.9
7080365230,7080361870,72608605,7260860,918.3,217,383.0
7080357600,7080360440,72608405,7260840,468.3,278,383.1
7080351490,7080357600,72608406,7260840,998.2,317,418.5
7080351500,7080357600,72608407,7260840,310.8,336,418.7
7080348090,7080349420,72608741,7260874,25.0,206,421.0
7080346810,7080348090,72608742,7260874,120.3,322,431.3
7080346720,7080348090,72608743,7260874,484.3,271,431.4
7080367440,7080365230,72608607,7260860,303.8,213,434.8
7080367290,7080365230,72608606,7260860,859.7,325,434.8
7080351630,7080351500,72608409,7260840,438.2,430,436.2
7080351390,7080351500,72608408,7260840,391.0,471,436.2
7080370580,7080367440,72608609,7260860,1672.9,294,450.6
7080370710,7080367440,72608608,7260860,590.5,249,450.7
7080340880,7080346720,72608744,7260874,867.3,283,478.6
7080340710,7080346720,72608745,7260874,186.9,244,478.8
7080355150,7080353340,72608901,7260890,12.3,280,501.1
7080355260,7080353340,72608801,7260880,134.4,332,501.3
7080354490,7080355150,72608903,7260890,841.1,381,506.3
7080354390,7080355150,72608902,7260890,703.0,380,506.5
7080335090,7080340710,72608747,7260874,0.4,173,507.2
7080335000,7080340710,72608746,7260874,207.1,270,507.3
7080335010,7080335090,72608748,7260874,563.0,338,507.6
7080335210,7080335090,72608749,7260874,563.8,300,507.7
7080358480,7080355260,72608803,7260880,401.6,356,519.4
7080358640,7080355260,72608802,7260880,272.5,402,519.5
7080362630,7080358480,72608804,7260880,417.3,392,546.6
7080362810,7080358480,72608805,7260880,298.2,343,546.7
7080359110,7080354490,72608905,7260890,718.7,343,553.7
7080358830,7080354490,72608904,7260890,1632.5,368,553.7
7080366060,7080362810,72608806,7260880,553.8,387,576.7
7080366190,7080362810,72608807,7260880,567.8,346,576.7
7080372700,7080366190,72608808,7260880,117.5,383,611.0
7080372790,7080366190,72608809,7260880,442.9,338,611.2
7080369020,7080359110,72608906,7260890,1268.7,429,625.5
7080369120,7080359110,72608907,7260890,220.1,403,625.6
7080371400,7080369120,72608909,7260890,893.7,441,640.9
7080371270,7080369120,72608908,7260890,736.2,422,641.1
7080038480,0,73111041,7311104,19.0,40,0.0
7080408060,7080038480,73111043,7311104,393.1,68,6.0
7080407890,7080038480,73111042,7311104,128.2,101,6.1
7080405800,7080408060,73111044,7311104,1771.3,115,41.6
7080405710,7080408060,73111045,7311104,161.4,85,41.7
7080402790,7080405710,73111047,7311104,243.0,123,57.3
7080403060,7080405710,73111046,7311104,189.3,116,57.3
7080396520,7080402790,73111049,7311104,644.8,156,95.4
7080396420,7080402790,73111048,7311104,385.2,180,95.4
7080038580,0,73111071,7311107,145.3,17,0.0
7080038590,0,73111072,7311107,130.5,39,0.0
7080038600,0,73111073,7311107,262.1,18,0.0
7080038610,0,73111074,7311107,292.6,74,0.0
7080038620,0,73111075,7311107,192.1,26,0.0
7080038630,0,73111076,7311107,610.3,95,0.0
7080038640,0,73111077,7311107,564.0,42,0.0
7080038670,0,73111078,7311107,292.2,60,0.0
7080038680,0,73111079,7311107,560.3,43,0.0
7080406790,7080408050,73112041,7311204,10.4,58,91.5
7080406140,7080406790,73112042,7311204,428.3,150,96.0
7080406280,7080406790,73112043,7311204,398.4,122,96.2
7080406930,7080406280,73112045,7311204,7.9,104,122.4
7080406780,7080406280,73112044,7311204,857.9,336,122.5
7080406920,7080406930,73112046,7311204,908.5,263,124.7
7080406990,7080406930,73112047,7311204,489.7,150,124.8
7080398680,7080406680,73112061,7311206,322.2,123,134.5
7080397890,7080398680,73112062,7311206,600.6,160,150.1
7080397900,7080398680,73112063,7311206,728.8,148,150.3
7080396320,7080398670,73112091,7311209,114.7,138,154.6
7080396240,7080398670,73112081,7311208,110.6,119,154.8
7080395760,7080396320,73112092,7311209,341.0,235,168.0
7080395910,7080396320,73112093,7311209,253.2,166,168.0
7080408160,7080406990,73112048,7311204,241.5,298,169.4
7080408040,7080406990,73112049,7311204,406.1,346,169.6
7080391420,7080396240,73112082,7311208,152.6,162,174.1
7080391410,7080396240,73112083,7311208,108.0,176,174.3
7080392900,7080397900,73112064,7311206,612.7,159,184.4
7080392780,7080397900,73112065,7311206,258.1,147,184.5
7080387460,7080391410,73112084,7311208,304.4,508,191.0
7080387320,7080391410,73112085,7311208,2.8,165,191.1
7080393950,7080395910,73112094,7311209,534.5,303,192.9
7080386930,7080387320,73112087,7311208,280.5,255,193.0
7080393810,7080395910,73112095,7311209,1353.1,355,193.1
7080386730,7080387320,73112086,7311208,691.2,247,193.2
7080389290,7080392780,73112067,7311206,342.1,170,202.6
7080389140,7080392780,73112066,7311206,437.4,211,202.7
7080379800,7080386930,73112089,7311208,993.4,330,230.5
7080379920,7080386930,73112088,7311208,251.7,412,230.5
7080383710,7080389290,73112069,7311206,306.6,259,236.7
7080383990,7080389290,73112068,7311206,308.3,214,236.8
7080382450,7080393810,73112097,7311209,1013.8,374,266.9
7080382360,7080393810,73112096,7311209,726.0,360,266.9
7080387570,7080382450,73112099,7311209,552.5,514,334.4
7080387310,7080382450,73112098,7311209,652.2,476,334.4
7080038820,0,73113001,7311300,962.9,66,0.0
7080038870,0,73113002,7311300,598.5,95,0.0
7080038880,0,73113003,7311300,183.8,23,0.0
7080038890,0,73113004,7311300,196.8,82,0.0
7080038900,0,73113005,7311300,285.4,30,0.0
7080038930,0,73113006,7311300,211.6,63,0.0
7080038940,0,73113007,7311300,167.4,25,0.0
7080038950,0,73113008,7311300,659.5,84,0.0
7080038960,0,73113009,7311300,184.4,26,0.0
7080440760,7080038980,73114021,7311402,708.7,66,16.7
7080437940,7080440760,73114022,7311402,920.6,182,67.5
7080437770,7080440760,73114023,7311402,209.3,109,67.7
7080432490,7080437770,73114024,7311402,462.9,191,92.0
7080432330,7080437770,73114025,7311402,1679.4,294,92.1
7080427430,7080432330,73114027,7311402,2075.1,519,174.7
7080427290,7080432330,73114026,7311402,434.0,429,174.8
7080404010,7080419570,73114091,7311409,11.5,311,214.0
7080403370,7080404010,73114092,7311409,236.8,388,217.6
7080403210,7080404010,73114093,7311409,672.7,380,217.7
7080395740,7080403210,73114095,7311409,0.4,311,257.1
7080396110,7080403210,73114094,7311409,164.2,348,257.2
7080395750,7080395740,73114096,7311409,585.6,415,257.5
7080395630,7080395740,73114097,7311409,80.9,340,257.6
7080394020,7080395630,73114099,7311409,1871.6,481,268.1
7080393940,7080395630,73114098,7311409,503.1,359,268.2
7080419180,7080427430,73114029,7311402,1537.6,584,295.5
7080419010,7080427430,73114028,7311402,1122.3,614,295.6
7080038990,0,73115001,7311500,439.0,22,0.0
7080039010,0,73115002,7311500,373.4,76,0.0
7080039020,0,73115003,7311500,98.9,15,0.0
7080039030,0,73115004,7311500,1700.9,135,0.0
7080039040,0,73115005,7311500,324.5,22,0.0
7080039060,0,73116001,7311600,453.0,70,0.0
7080447030,7080039060,73116002,7311600,421.6,159,47.4
7080447040,7080039060,73116003,7311600,163.0,136,47.5
7080444870,7080447040,73116004,7311600,1229.8,273,69.1
7080444760,7080447040,73116005,7311600,474.0,189,69.2
7080438750,7080444760,73116006,7311600,539.9,255,107.9
7080438740,7080444760,73116007,7311600,172.5,183,108.0
7080440630,7080438740,73116008,7311600,273.5,494,135.5
7080440510,7080438740,73116009,7311600,683.8,587,135.6
7080039070,0,73117001,7311700,81.0,16,0.0
7080039090,0,73117002,7311700,146.8,52,0.0
7080039100,0,73117003,7311700,5.4,8,0.0
7080039110,0,73117004,7311700,326.4,131,0.0
7080039120,0,73117005,7311700,406.1,41,0.0
7080039130,0,73117006,7311700,2554.9,106,0.0
7080039140,0,73117007,7311700,161.9,17,0.0
7080470790,7080474370,73118051,7311805,94.6,70,88.0
7080468810,7080470790,73118052,7311805,453.1,244,99.2
7080468640,7080470790,73118053,7311805,407.6,115,99.4
7080466100,7080468640,73118054,7311805,548.4,220,113.2
7080466110,7080468640,73118055,7311805,184.1,137,113.4
7080462190,7080466110,73118056,7311805,660.2,222,132.8
7080462110,7080466110,73118057,7311805,34.7,143,132.9
7080461550,7080462110,73118059,7311805,223.2,140,137.3
7080461420,7080462110,73118058,7311805,239.5,201,137.5
7080039590,0,73119081,7311908,146.8,64,0.0
7080502090,7080039590,73119082,7311908,254.4,125,9.8
7080502100,7080039590,73119083,7311908,18.4,55,9.9
7080501430,7080502100,73119085,7311908,458.3,101,15.3
7080501280,7080502100,73119084,7311908,1334.4,177,15.4
7080497380,7080501430,73119086,7311908,224.5,157,42.3
7080497260,7080501430,73119087,7311908,489.2,152,42.5
7080492320,7080497260,73119088,7311908,299.1,206,71.5
7080492140,7080497260,73119089,7311908,439.4,230,71.7
7080475910,7080486840,73120071,7312007,119.7,204,184.9
7080475690,7080475910,73120072,7312007,1012.5,305,196.1
7080475470,7080475910,73120073,7312007,182.7,179,196.2
7080470850,7080475470,73120075,7312007,202.5,252,218.5
7080470780,7080475470,73120074,7312007,1089.2,340,218.5
7080468630,7080470850,73120076,7312007,1108.1,480,231.8
7080468460,7080470850,73120077,7312007,2043.8,341,231.8
7080455700,7080468460,73120078,7312007,712.2,387,304.9
7080455600,7080468460,73120079,7312007,1574.0,391,305.0
7080449320,7080455600,73120091,7312009,922.0,344,337.9
7080440420,7080449320,73120092,7312009,401.3,433,386.0
7080440320,7080449320,73120093,7312009,295.2,303,386.2
7080436030,7080440320,73120094,7312009,1043.6,515,410.4
7080435910,7080440320,73120095,7312009,502.2,384,410.5
7080431620,7080435910,73120097,7312009,1160.7,437,431.1
7080431610,7080435910,73120096,7312009,1311.0,443,431.1
7080424840,7080431620,73120098,7312009,646.7,566,495.8
7080424730,7080431620,73120099,7312009,2399.4,533,496.0
7080039630,0,73130001,7313000,609.9,58,0.0
7080039670,0,73130002,7313000,548.8,82,0.0
7080039680,0,73130003,7313000,220.7,60,0.0
7080039700,0,73130004,7313000,4998.4,281,0.0
7080039710,0,73130005,7313000,537.2,90,0.0
7080039770,0,73130006,7313000,187.6,138,0.0
7080039780,0,73130007,7313000,663.9,72,0.0
7080039840,0,73130008,7313000,180.5,97,0.0
7080039850,0,73130009,7313000,66.8,18,0.0
7080039870,0,73140101,7314010,372.3,61,0.0
7080512200,7080039870,73140103,7314010,624.7,164,50.8
7080512210,7080039870,73140102,7314010,997.6,178,50.8
7080504190,7080512200,73140104,7314010,463.5,168,90.6
7080503990,7080512200,73140105,7314010,3.7,15,90.6
7080503560,7080503990,73140106,7314010,520.3,180,92.5
7080503380,7080503990,73140107,7314010,155.0,115,92.6
7080500710,7080503380,73140108,7314010,539.0,151,106.9
7080500610,7080503380,73140109,7314010,485.7,97,106.9
7080493120,7080500610,73140201,7314020,57.4,68,145.2
7080493000,7080500610,73140301,7314030,211.7,67,145.2
7080494550,7080493120,73140202,7314020,1005.4,354,157.5
7080494640,7080493120,73140203,7314020,215.8,123,157.7
7080489010,7080493000,73140302,7314030,1121.8,413,163.2
7080488890,7080493000,73140303,7314030,89.3,38,163.4
7080485930,7080488890,73140304,7314030,629.3,222,178.1
7080485790,7080488890,73140305,7314030,13.6,49,178.3
7080485320,7080485790,73140306,7314030,1052.1,325,181.2
7080485240,7080485790,73140307,7314030,103.9,42,181.3
7080498460,7080494640,73140205,7314020,644.9,146,182.5
7080498450,7080494640,73140204,7314020,378.3,223,182.7
7080483160,7080485240,73140308,7314030,1340.4,249,195.0
7080483080,7080485240,73140309,7314030,1798.7,174,195.0
7080507840,7080498460,73140206,7314020,443.3,221,241.2
7080507690,7080498460,73140208,7314020,168.4,230,241.3
7080508010,7080498460,73140207,7314020,268.4,253,241.4
7080467060,7080471150,73140701,7314070,189.3,100,272.0
7080463250,7080467060,73140703,7314070,4.2,70,292.7
7080463240,7080467060,73140702,7314070,586.5,158,292.7
7080462630,7080463250,73140705,7314070,241.6,108,294.6
7080462640,7080463250,73140704,7314070,1132.0,375,294.8
7080459860,7080462630,73140706,7314070,169.6,120,309.3
7080459730,7080462630,73140707,7314070,11.0,60,309.5
7080458930,7080459730,73140708,7314070,185.3,115,313.7
7080458830,7080459730,73140709,7314070,292.8,232,313.9
7080457790,7080458830,73140901,7314090,402.7,414,359.4
7080457640,7080458830,73140801,7314080,330.6,408,359.5
7080453730,7080457640,73140802,7314080,1460.4,439,383.4
7080453640,7080457640,73140803,7314080,613.6,467,383.6
7080461680,7080457790,73140903,7314090,119.0,310,399.2
7080461850,7080457790,73140902,7314090,367.2,356,399.2
7080459280,7080461680,73140905,7314090,4.5,320,411.6
7080459180,7080461680,73140904,7314090,238.7,516,411.7
7080459010,7080459280,73140907,7314090,89.0,411,414.0
7080459170,7080459280,73140906,7314090,216.9,496,414.0
7080456490,7080459010,73140909,7314090,842.2,601,429.3
7080456440,7080459010,73140908,7314090,492.6,585,429.5
7080445370,7080453640,73140805,7314080,77.6,547,433.1
7080445260,7080453640,73140804,7314080,228.0,624,433.2
7080444620,7080445370,73140806,7314080,442.1,625,447.8
7080444340,7080445370,73140807,7314080,13.6,527,448.0
7080443980,7080444340,73140809,7314080,425.0,672,450.8
7080443830,7080444340,73140808,7314080,642.6,649,451.0
7080039990,0,73150401,7315040,49.8,16,0.0
7080528490,7080039990,73150403,7315040,177.6,29,8.4
7080528560,7080039990,73150402,7315040,362.5,33,8.5
7080526300,7080528490,73150404,7315040,163.1,48,25.7
7080526290,7080528490,73150405,7315040,62.2,84,25.8
7080526650,7080526290,73150407,7315040,63.8,39,31.0
7080526790,7080526290,73150406,7315040,743.2,49,31.0
7080526510,7080526650,73150408,7315040,494.6,147,42.3
7080526780,7080526650,73150409,7315040,719.1,143,42.4
7080544340,7080040360,73150631,7315063,826.3,35,37.6
7080544250,7080040360,73150621,7315062,738.0,81,37.8
7080540250,7080544340,73150632,7315063,828.1,28,69.5
7080540140,7080544340,73150633,7315063,73.0,32,69.7
7080539280,7080540140,73150635,7315063,376.3,21,76.8
7080539150,7080540140,73150634,7315063,601.5,92,76.9
7080538190,7080544250,73150622,7315062,936.7,133,88.0
7080538180,7080544250,73150623,7315062,1148.8,138,88.1
7080536720,7080539280,73150636,7315063,412.4,38,99.0
7080536530,7080539280,73150637,7315063,1419.3,107,99.0
7080532020,7080538180,73150624,7315062,572.6,160,152.9
7080531970,7080538180,73150625,7315062,67.1,147,153.1
7080529800,7080531970,73150627,7315062,229.6,168,165.7
7080529810,7080531970,73150626,7315062,566.7,188,165.7
7080525610,7080536530,73150638,7315063,405.5,239,176.0
7080525460,7080536530,73150639,7315063,230.3,166,176.1
7080525940,7080529800,73150628,7315062,526.5,306,188.9
7080525880,7080529800,73150629,7315062,342.3,340,188.9
7080523280,7080525460,73150641,7315064,580.9,162,190.1
7080523220,7080525460,73150651,7315065,732.5,191,190.1
7080525370,7080523280,73150642,7315064,287.7,157,217.7
7080525270,7080523280,73150643,7315064,4.4,101,217.8
7080525000,7080525270,73150645,7315064,723.1,224,219.9
7080525130,7080525270,73150644,7315064,203.4,189,220.0
7080518170,7080523220,73150653,7315065,69.8,218,229.0
7080518100,7080523220,73150652,7315065,473.8,224,229.2
7080516140,7080518170,73150655,7315065,1071.9,321,238.8
7080516130,7080518170,73150654,7315065,827.5,346,238.8
7080520390,7080525000,73150647,7315064,1054.2,449,258.3
7080520270,7080525000,73150646,7315064,293.1,332,258.4
7080506340,7080516140,73150657,7315065,71.1,315,305.4
7080506620,7080516140,73150656,7315065,877.3,460,305.4
7080504700,7080506340,73150658,7315065,545.3,422,316.8
7080504940,7080506340,73150659,7315065,540.4,381,316.9
7080513170,7080520390,73150649,7315064,297.7,565,321.7
7080512900,7080520390,73150648,7315064,240.0,563,321.7
7080530520,7080533780,73160301,7316030,683.4,247,141.6
7080530380,7080533780,73160201,7316020,740.6,236,141.7
7080525210,7080530520,73160302,7316030,418.4,279,171.5
7080525120,7080530520,73160303,7316030,337.8,227,171.6
7080522340,7080525120,73160304,7316030,446.2,335,187.4
7080522280,7080525120,73160305,7316030,32.6,201,187.5
7080521390,7080522280,73160306,7316030,455.8,273,192.5
7080521310,7080522280,73160307,7316030,20.6,157,192.6
7080527290,7080530380,73160202,7316020,701.5,314,194.1
7080527060,7080530380,73160203,7316020,355.3,282,194.3
7080520380,7080521310,73160309,7316030,384.6,275,197.6
7080520370,7080521310,73160308,7316030,969.0,397,197.6
7080525590,7080527060,73160205,7316020,342.1,285,218.4
7080525600,7080527060,73160204,7316020,493.4,360,218.4
7080531530,7080525590,73160207,7316020,278.2,346,265.9
7080531750,7080525590,73160206,7316020,830.5,352,265.9
7080529070,7080531530,73160209,7316020,2486.7,451,286.0
7080529000,7080531530,73160208,7316020,2566.2,422,286.2
7080509700,7080512710,73160491,7316049,538.3,514,387.6
7080514300,7080509700,73160492,7316049,707.0,542,425.6
7080514290,7080509700,73160493,7316049,591.7,500,425.7
7080492010,7080496910,73160601,7316060,478.6,406,475.3
7080515490,7080514290,73160494,7316049,980.9,525,476.9
7080515380,7080514290,73160495,7316049,143.1,502,477.0
7080516780,7080515380,73160496,7316049,190.5,573,491.6
7080516920,7080515380,73160497,7316049,192.0,496,491.8
7080489130,7080492010,73160603,7316060,656.6,417,507.0
7080489400,7080492010,73160602,7316060,377.3,473,507.0
7080519170,7080516920,73160499,7316049,329.2,550,520.2
7080519160,7080516920,73160498,7316049,441.6,512,520.4
7080486600,7080489130,73160605,7316060,45.0,411,545.3
7080486520,7080489130,73160604,7316060,1561.6,484,545.4
7080488320,7080491800,73160901,7316090,1784.6,446,547.6
7080488160,7080491800,73160801,7316080,314.0,388,547.7
7080487840,7080486600,73160607,7316060,77.0,441,553.1
7080488010,7080486600,73160606,7316060,2121.1,528,553.3
7080488000,7080487840,73160608,7316060,327.9,514,561.9
7080487830,7080487840,73160609,7316060,1014.2,544,562.0
7080484840,7080488160,73160803,7316080,43.1,355,569.3
7080484830,7080488160,73160802,7316080,1915.3,453,569.3
7080483370,7080484840,73160805,7316080,523.7,436,577.6
7080483300,7080484840,73160804,7316080,269.0,448,577.8
7080477580,7080483370,73160807,7316080,412.5,449,618.9
7080477570,7080483370,73160806,7316080,168.7,499,618.9
7080471940,7080477580,73160809,7316080,165.5,433,646.2
7080471930,7080477580,73160808,7316080,288.3,432,646.2
7080483070,7080488320,73160903,7316090,142.8,462,649.1
7080482980,7080488320,73160902,7316090,1459.1,457,649.3
7080482110,7080483070,73160905,7316090,537.6,467,663.3
7080482310,7080483070,73160904,7316090,279.1,547,663.3
7080479470,7080482110,73160907,7316090,24.6,455,692.0
7080479580,7080482110,73160906,7316090,456.9,559,692.2
7080478260,7080479470,73160909,7316090,920.9,477,697.2
7080478500,7080479470,73160908,7316090,308.7,543,697.4
7080557610,7080559650,73180501,7318050,100.6,159,106.4
7080557800,7080559650,73180401,7318040,966.7,212,106.4
7080555310,7080557610,73180502,7318050,749.2,241,120.0
7080555300,7080557610,73180503,7318050,240.3,140,120.2
7080552790,7080555300,73180505,7318050,58.8,139,149.1
7080552930,7080555300,73180504,7318050,896.1,189,149.3
7080550710,7080552790,73180506,7318050,1504.7,261,163.1
7080550550,7080552790,73180507,7318050,174.7,177,163.3
7080566600,7080557800,73180403,7318040,1555.4,427,188.0
7080566380,7080557800,73180402,7318040,2682.7,428,188.0
7080550700,7080550550,73180509,7318050,1503.0,289,189.0
7080550820,7080550550,73180508,7318050,709.7,271,189.0
7080552560,7080550230,73180801,7318080,163.1,280,282.1
7080552690,7080550230,73180901,7318090,768.6,376,282.1
7080551630,7080552560,73180802,7318080,727.7,379,295.7
7080551530,7080552560,73180803,7318080,63.9,295,295.9
7080550050,7080551530,73180804,7318080,245.3,418,307.4
7080550040,7080551530,73180805,7318080,9.2,217,307.5
7080549570,7080550040,73180807,7318080,572.1,523,312.9
7080549580,7080550040,73180806,7318080,662.6,560,313.0
7080582100,7080566600,73180404,7318040,637.3,530,326.7
7080581880,7080566600,73180405,7318040,65.6,374,326.8
7080582680,7080581880,73180407,7318040,146.0,379,334.0
7080582430,7080581880,73180406,7318040,1069.2,601,334.0
7080584920,7080582680,73180409,7318040,598.4,538,352.0
7080585080,7080582680,73180408,7318040,192.6,453,352.0
7080553730,7080549570,73180808,7318080,316.8,731,360.1
7080553940,7080549570,73180809,7318080,722.9,824,360.3
7080563530,7080552690,73180903,7318090,131.1,397,360.4
7080563540,7080552690,73180902,7318090,767.2,667,360.4
7080565200,7080563530,73180905,7318090,0.3,278,377.2
7080565380,7080563530,73180904,7318090,246.3,506,377.3
7080565190,7080565200,73180907,7318090,44.5,380,377.6
7080565060,7080565200,73180906,7318090,226.7,559,377.6
7080565370,7080565190,73180909,7318090,847.2,787,387.1
7080565050,7080565190,73180908,7318090,837.4,905,387.1
7080531210,7080533550,74284101,7428410,1176.6,204,2188.0
7080542520,7080544760,74266771,7426677,523.4,192,2193.8
7080534350,7080542520,74266772,7426677,166.7,213,2237.4
7080534220,7080542520,74266773,7426677,51.1,194,2237.6
7080533310,7080534220,74266774,7426677,847.2,224,2243.3
7080533320,7080534220,74266775,7426677,623.5,205,2243.4
7080565330,7080568120,74291701,7429170,430.2,214,2247.9
7080546230,7080553420,74266491,7426649,558.8,250,2248.7
7080522910,7080531330,74285041,7428504,1010.5,210,2248.8
7080522000,7080531210,74284102,7428410,328.3,236,2275.4
7080522010,7080531210,74284103,7428410,457.6,218,2275.6
7080530470,7080533320,74266777,7426677,72.1,189,2276.8
7080530650,7080533320,74266776,7426677,435.6,222,2277.0
7080540830,7080546230,74266492,7426649,668.1,270,2283.2
7080540710,7080546230,74266493,7426649,76.7,246,2283.2
7080559490,7080565330,74291703,7429170,163.4,216,2287.1
7080559400,7080565330,74291702,7429170,1797.1,240,2287.2
7080528630,7080530470,74266779,7426677,0.7,164,2291.6
7080528430,7080530470,74266778,7426677,118.2,209,2291.6
7080537580,7080540710,74266494,7426649,250.5,261,2298.8
7080537690,7080540710,74266495,7426649,34.6,250,2299.0
7080557850,7080559490,74291705,7429170,342.4,213,2306.2
7080557760,7080559490,74291704,7429170,6124.1,279,2306.2
7080537260,7080537690,74266497,7426649,133.9,264,2307.8
7080537170,7080537690,74266496,7426649,347.3,266,2307.9
7080518540,7080522010,74284104,7428410,667.0,256,2311.9
7080518350,7080522010,74284105,7428410,1449.5,241,2312.0
7080516760,7080522910,74285042,7428504,1449.9,229,2314.5
7080516510,7080522910,74285043,7428504,569.8,216,2314.7
7080538080,7080537260,74266498,7426649,234.6,275,2324.9
7080538160,7080537260,74266499,7426649,1001.8,314,2325.1
7080512170,7080516510,74285044,7428504,737.3,224,2341.2
7080512050,7080516510,74285045,7428504,536.8,220,2341.2
7080506940,7080507790,74282601,7428260,198.5,191,2351.4
7080504440,7080506940,74282602,7428260,605.3,224,2365.2
7080504450,7080506940,74282603,7428260,760.6,214,2365.4
7080510060,7080512050,74285047,7428504,1621.1,248,2375.5
7080509940,7080512050,74285046,7428504,2247.8,263,2375.5
7080509450,7080518350,74284106,7428410,1098.0,272,2392.4
7080509320,7080518350,74284107,7428410,450.7,258,2392.7
7080499700,7080504450,74282605,7428260,1755.4,240,2401.4
7080499620,7080504450,74282604,7428260,333.4,234,2401.4
7080500900,7080508690,74286331,7428633,811.0,239,2405.1
7080503180,7080503090,74287231,7428723,553.2,189,2407.5
7080546650,7080547090,74291881,7429188,373.5,253,2414.7
7080520010,7080521540,74266991,7426699,297.8,249,2416.9
7080505460,7080509320,74284109,7428410,579.4,256,2422.3
7080505690,7080509320,74284108,7428410,1113.7,291,2422.3
7080497320,7080502840,74287331,7428733,488.2,203,2431.8
7080497310,7080502840,74287321,7428732,845.3,212,2432.0
7080543810,7080546650,74291882,7429188,276.7,273,2432.7
7080543800,7080546650,74291883,7429188,212.5,257,2432.9
7080519230,7080520010,74266992,7426699,568.9,248,2435.3
7080519410,7080520010,74266993,7426699,141.2,247,2435.5
7080602590,7080604430,74248901,7424890,3549.8,1151,2441.1
7080541310,7080543800,74291884,7429188,320.6,291,2448.3
7080541230,7080543800,74291885,7429188,73.8,252,2448.3
7080520460,7080519410,74266994,7426699,268.9,258,2452.4
7080520470,7080519410,74266995,7426699,529.9,254,2452.5
7080498900,7080503180,74287233,7428723,67.7,186,2454.1
7080498780,7080503180,74287232,7428723,560.1,223,2454.1
7080502970,7080505460,74284301,7428430,154.9,264,2454.9
7080493430,7080497320,74287332,7428733,243.0,220,2459.5
7080493270,7080497320,74287333,7428733,27.5,179,2459.7
7080538400,7080541230,74291886,7429188,1466.0,307,2459.7
7080538390,7080541230,74291887,7429188,1516.8,291,2459.8
7080502680,7080502970,74284303,7428430,57.8,256,2461.1
7080502960,7080502970,74284302,7428430,1411.6,338,2461.1
7080492110,7080493270,74287334,7428733,221.6,230,2464.3
7080491990,7080493270,74287335,7428733,120.4,199,2464.4
7080498550,7080498900,74287235,7428723,171.8,197,2465.1
7080498790,7080498900,74287234,7428723,349.2,200,2465.3
7080496770,7080497310,74287323,7428732,1400.7,240,2468.3
7080496890,7080497310,74287322,7428732,335.2,222,2468.3
7080502000,7080502680,74284305,7428430,67.0,256,2468.5
7080502200,7080502680,74284304,7428430,1040.8,314,2468.5
7080492600,7080500900,74286332,7428633,289.0,261,2475.8
7080492510,7080500900,74286333,7428633,30.5,238,2476.0
7080488680,7080491990,74287336,7428733,769.2,249,2479.9
7080488560,7080491990,74287337,7428733,239.7,241,2480.0
7080491770,7080492510,74286335,7428633,22.6,243,2480.7
7080491590,7080492510,74286334,7428633,236.9,263,2480.7
7080501340,7080502000,74284306,7428430,251.2,286,2481.7
7080501240,7080502000,74284307,7428430,31.1,248,2481.9
7080491870,7080491770,74286337,7428633,449.4,256,2487.0
7080492100,7080491770,74286336,7428633,552.4,263,2487.0
7080496820,7080498550,74287236,7428723,634.8,242,2489.2
7080496970,7080498550,74287237,7428723,841.0,233,2489.4
7080495520,7080501720,74286271,7428627,508.4,265,2490.1
7080486490,7080488560,74287339,7428733,45.7,205,2492.7
7080486340,7080488560,74287338,7428733,683.7,272,2492.9
7080485900,7080486490,74287341,7428734,104.7,224,2500.8
7080525570,7080520470,74266997,7426699,267.7,266,2501.4
7080525710,7080520470,74266996,7426699,160.4,265,2501.5
7080546400,7080546540,74267691,7426769,127.4,269,2511.1
7080494080,7080495520,74286273,7428627,928.6,282,2511.8
7080494090,7080495520,74286272,7428627,573.0,281,2511.8
7080498080,7080510060,74285049,7428504,2166.1,312,2513.1
7080497950,7080510060,74285048,7428504,1076.4,302,2513.1
7080488380,7080491870,74286338,7428633,251.0,264,2514.0
7080488280,7080491870,74286339,7428633,1463.2,270,2514.2
7080488670,7080485900,74287342,7428734,362.1,232,2517.8
7080488660,7080485900,74287343,7428734,374.1,240,2517.9
7080480970,7080499700,74282607,7428260,541.3,242,2520.5
7080480920,7080499700,74282606,7428260,480.4,271,2520.6
7080526470,7080525570,74266998,7426699,416.6,274,2520.7
7080526620,7080525570,74266999,7426699,406.9,295,2520.7
7080501620,7080500890,74284421,7428442,83.7,296,2523.8
7080501490,7080501620,74284423,7428442,126.2,315,2535.6
7080501230,7080501620,74284422,7428442,177.0,305,2535.6
7080542640,7080546400,74267692,7426769,256.3,304,2536.0
7080542630,7080546400,74267693,7426769,528.4,293,2536.1
7080488390,7080488660,74287344,7428734,1510.7,294,2543.1
7080488550,7080488660,74287345,7428734,60.4,237,2543.2
7080647890,7080648300,74242501,7424250,1306.9,1139,2544.2
7080500780,7080501490,74284425,7428442,5.6,303,2548.9
7080501040,7080501490,74284424,7428442,997.1,375,2548.9
7080500300,7080500780,74284427,7428442,266.7,340,2551.9
7080500220,7080500780,74284426,7428442,305.8,329,2551.9
7080520980,7080538390,74291889,7429188,1192.7,363,2555.0
7080520990,7080538390,74291888,7429188,316.2,343,2555.0
7080473010,7080480970,74282609,7428260,1265.0,263,2556.9
7080473000,7080480970,74282608,7428260,745.5,277,2557.0
7080488540,7080488550,74287346,7428734,275.5,264,2557.9
7080488290,7080488550,74287347,7428734,950.9,280,2558.1
7080487810,7080496770,74287325,7428732,1108.9,297,2558.4
7080487700,7080496770,74287324,7428732,600.5,308,2558.6
7080490850,7080496970,74287238,7428723,518.1,247,2559.2
7080490690,7080496970,74287239,7428723,831.1,250,2559.5
7080489820,7080494080,74286275,7428627,537.8,297,2566.3
7080489980,7080494080,74286274,7428627,322.8,302,2566.3
7080535890,7080542630,74267695,7426769,435.8,323,2566.9
7080535780,7080542630,74267694,7426769,843.8,301,2567.0
7080648700,7080647890,74242503,7424250,81.6,1105,2582.1
7080648620,7080647890,74242502,7424250,686.9,1331,2582.1
7080649160,7080648700,74242505,7424250,502.4,1181,2592.4
7080649260,7080648700,74242504,7424250,1687.4,1219,2592.4
7080486990,7080489820,74286277,7428627,6.3,286,2594.7
7080487280,7080489820,74286276,7428627,391.1,328,2594.7
7080485910,7080490690,74287241,7428724,6.0,216,2595.9
7080495950,7080500300,74284429,7428442,660.9,383,2596.7
7080486740,7080486990,74286279,7428627,221.5,307,2596.9
7080495790,7080500300,74284428,7428442,294.5,349,2596.9
7080486730,7080486990,74286278,7428627,275.1,326,2597.0
7080472280,7080475390,74287381,7428738,544.3,300,2598.2
7080486100,7080485910,74287243,7428724,52.3,240,2598.4
7080486200,7080485910,74287242,7428724,414.4,249,2598.5
7080532980,7080535890,74267697,7426769,170.7,311,2607.1
7080533220,7080535890,74267696,7426769,263.1,345,2607.3
7080485430,7080486100,74287245,7428724,183.2,241,2612.2
7080485380,7080486100,74287244,7428724,1760.9,269,2612.2
7080650500,7080649160,74242506,7424250,311.8,1256,2618.6
7080650550,7080649160,74242507,7424250,1481.1,1235,2618.8
7080530020,7080532980,74267699,7426769,349.0,327,2619.9
7080530010,7080532980,74267698,7426769,193.5,309,2619.9
7080471370,7080472280,74287382,7428738,1038.9,327,2626.9
7080471270,7080472280,74287383,7428738,83.0,273,2626.9
7080481780,7080488290,74287348,7428734,235.7,308,2627.7
7080481720,7080488290,74287349,7428734,953.3,323,2627.9
7080488140,7080485430,74287247,7428724,248.2,256,2628.5
7080488410,7080485430,74287246,7428724,113.0,264,2628.5
7080479550,7080485680,74287261,7428726,226.7,247,2635.2
7080479400,7080485680,74287271,7428727,22.9,235,2635.4
7080475160,7080476420,74286401,7428640,61.2,280,2636.4
7080478220,7080479400,74287272,7428727,672.4,284,2641.9
7080478130,7080479400,74287273,7428727,723.4,267,2641.9
7080469420,7080471270,74287385,7428738,710.3,322,2644.8
7080469430,7080471270,74287384,7428738,367.1,320,2644.8
7080480260,7080479550,74287262,7428726,1932.3,283,2646.1
7080480330,7080479550,74287263,7428726,652.3,253,2646.1
7080473100,7080475160,74286402,7428640,221.5,306,2649.4
7080472980,7080475160,74286403,7428640,349.8,308,2649.6
7080613860,7080602590,74248902,7424890,293.5,1395,2649.7
7080614000,7080602590,74248903,7424890,407.2,1359,2649.8
7080477310,7080487810,74287327,7428732,504.6,305,2652.8
7080477210,7080487810,74287326,7428732,549.5,324,2653.0
7080490230,7080488140,74287249,7428724,260.0,269,2653.2
7080490240,7080488140,74287248,7428724,294.6,269,2653.3
7080613990,7080614000,74248905,7424890,34.3,1360,2670.2
7080613850,7080614000,74248904,7424890,1205.2,1600,2670.4
7080651720,7080650550,74242509,7424250,50.3,1173,2671.3
7080651980,7080650550,74242508,7424250,2120.2,1309,2671.3
7080543580,7080559080,74293401,7429340,1061.8,303,2671.8
7080473380,7080483020,74284801,7428480,305.1,342,2672.3
7080473370,7080483020,74284901,7428490,1770.0,367,2672.4
7080614760,7080613990,74248906,7424890,515.3,1526,2677.2
7080614560,7080613990,74248907,7424890,1272.0,1635,2677.3
7080651590,7080651720,74242601,7424260,945.5,1332,2680.6
7080466590,7080472980,74286404,7428640,830.1,361,2685.7
7080466500,7080472980,74286405,7428640,890.0,341,2685.9
7080470350,7080478130,74287274,7428727,1436.6,286,2686.0
7080470360,7080478130,74287275,7428727,223.8,265,2686.2
7080483350,7080480330,74287265,7428726,104.9,252,2689.8
7080483450,7080480330,74287264,7428726,506.0,270,2689.8
7080469760,7080477310,74287329,7428732,899.8,359,2695.7
7080469770,7080477310,74287328,7428732,375.3,347,2695.7
7080468180,7080473380,74284803,7428480,389.5,355,2700.8
7080468310,7080473380,74284802,7428480,385.5,358,2700.8
7080482180,7080483350,74287266,7428726,330.0,280,2702.1
7080464210,7080469420,74287386,7428738,724.9,362,2702.2
7080482170,7080483350,74287267,7428726,579.5,277,2702.3
7080464330,7080469420,74287387,7428738,95.5,342,2702.4
7080454010,7080465780,74287521,7428752,0.1,188,2703.0
7080454000,7080454010,74287523,7428752,12.2,211,2703.3
7080453910,7080454010,74287522,7428752,225.7,299,2703.4
7080468590,7080470360,74287277,7428727,355.6,263,2704.7
7080468380,7080470360,74287276,7428727,446.4,271,2704.8
7080453840,7080454000,74287525,7428752,311.5,298,2707.5
7080453770,7080454000,74287524,7428752,162.7,315,2707.5
7080465130,7080464330,74287388,7428738,270.3,355,2717.7
7080465300,7080464330,74287389,7428738,571.4,362,2717.8
7080467350,7080468590,74287278,7428727,1147.3,277,2721.5
7080467240,7080468590,74287279,7428727,93.4,251,2721.7
7080540960,7080543790,74293701,7429370,144.1,283,2724.7
7080454990,7080453840,74287526,7428752,299.3,335,2732.8
7080455100,7080453840,74287527,7428752,111.3,315,2733.0
7080644950,7080651590,74242603,7424260,630.0,1398,2734.2
7080644880,7080651590,74242602,7424260,1074.7,1614,2734.3
7080462580,7080468180,74284805,7428480,326.0,362,2735.9
7080462570,7080468180,74284804,7428480,312.9,371,2735.9
7080475860,7080482170,74287269,7428726,1351.8,306,2738.7
7080475760,7080482170,74287268,7428726,1081.1,310,2738.7
7080446240,7080454020,74287541,7428754,315.3,294,2739.0
7080614060,7080614560,74248908,7424890,342.6,1832,2744.3
7080614320,7080614560,74248909,7424890,943.5,2033,2744.4
7080536440,7080540960,74293702,7429370,1324.1,330,2744.6
7080536430,7080540960,74293703,7429370,228.4,292,2744.7
7080529170,7080543580,74293403,7429340,435.5,325,2746.5
7080529160,7080543580,74293402,7429340,221.9,326,2746.5
7080460510,7080462580,74284806,7428480,596.7,364,2748.1
7080460450,7080462580,74284807,7428480,72.1,353,2748.2
7080456350,7080455100,74287528,7428752,178.8,350,2750.7
7080456410,7080455100,74287529,7428752,1698.7,370,2750.9
7080456040,7080466500,74286406,7428640,286.2,370,2751.4
7080455930,7080466500,74286407,7428640,707.7,374,2751.5
7080459070,7080460450,74284808,7428480,219.9,357,2755.5
7080458980,7080460450,74284809,7428480,867.8,387,2755.7
7080441730,7080446250,74287561,7428756,75.6,212,2762.1
7080441720,7080446250,74287571,7428757,348.8,278,2762.2
7080460660,7080473370,74284902,7428490,273.2,389,2763.0
7080460650,7080473370,74284903,7428490,1342.9,423,2763.1
7080446000,7080446240,74287543,7428754,323.3,320,2767.8
7080446100,7080446240,74287542,7428754,757.0,341,2767.9
7080533200,7080536430,74293705,7429370,99.3,305,2769.4
7080533060,7080536430,74293704,7429370,166.0,318,2769.4
7080638560,7080644950,74242605,7424260,433.3,1649,2771.6
7080638570,7080644950,74242604,7424260,356.6,1489,2771.6
7080524720,7080529170,74293404,7429340,872.9,366,2771.7
7080524550,7080529170,74293405,7429340,276.2,329,2771.7
7080439200,7080441730,74287563,7428756,826.2,273,2776.7
7080439140,7080441730,74287562,7428756,405.8,283,2776.9
7080532710,7080533200,74293706,7429370,2304.8,350,2778.2
7080532720,7080533200,74293707,7429370,245.1,291,2778.3
7080542540,7080545920,74267891,7426789,354.6,271,2779.4
7080439700,7080441720,74287573,7428757,210.0,288,2779.8
7080439570,7080441720,74287572,7428757,1758.6,294,2779.9
7080449610,7080455930,74286409,7428640,634.3,389,2784.6
7080449600,7080455930,74286408,7428640,399.6,376,2784.6
7080445070,7080446000,74287544,7428754,343.4,345,2789.6
7080445340,7080446000,74287545,7428754,227.9,323,2789.7
7080588030,7080587790,74249931,7424993,483.3,1294,2796.8
7080437600,7080439700,74287574,7428757,274.7,322,2797.9
7080437490,7080439700,74287575,7428757,9.8,247,2798.1
7080633660,7080638560,74242607,7424260,293.6,1801,2800.4
7080633480,7080638560,74242606,7424260,263.9,1784,2800.5
7080527760,7080532720,74293801,7429380,569.6,311,2803.0
7080436620,7080437490,74287577,7428757,73.6,249,2803.1
7080436540,7080437490,74287576,7428757,450.3,312,2803.2
7080518330,7080524550,74293407,7429340,312.0,358,2807.3
7080518280,7080524550,74293406,7429340,907.2,373,2807.5
7080446810,7080445340,74287547,7428754,374.3,345,2815.4
7080447000,7080445340,74287546,7428754,735.2,376,2815.4
7080434920,7080436620,74287578,7428757,961.4,333,2816.2
7080434820,7080436620,74287579,7428757,103.0,260,2816.3
7080534510,7080542540,74267892,7426789,421.9,317,2816.6
7080534430,7080542540,74267893,7426789,40.8,282,2816.7
7080629890,7080633660,74242608,7424260,262.1,1881,2823.4
7080629760,7080633660,74242609,7424260,673.4,1988,2823.5
7080589330,7080588030,74249932,7424993,282.5,1367,2823.9
7080589140,7080588030,74249933,7424993,150.6,1278,2824.0
7080532760,7080534430,74267894,7426789,314.6,306,2825.7
7080532590,7080534430,74267895,7426789,322.2,284,2825.8
7080432250,7080434820,74287581,7428758,315.4,294,2829.6
7080523370,7080527760,74293803,7429380,888.9,331,2830.2
7080588790,7080589140,74249934,7424993,1285.5,1476,2830.4
7080523270,7080527760,74293802,7429380,4213.6,372,2830.4
7080588620,7080589140,74249935,7424993,188.0,1296,2830.5
7080434660,7080439200,74287564,7428756,327.1,294,2832.5
7080434570,7080439200,74287565,7428756,1002.8,295,2832.7
7080643600,7080650490,74242801,7424280,85.7,1748,2834.6
7080444960,7080446810,74287548,7428754,623.8,391,2844.4
7080444820,7080446810,74287549,7428754,596.1,386,2844.6
7080586990,7080588620,74249937,7424993,0.3,1279,2847.1
7080586860,7080588620,74249936,7424993,761.9,1437,2847.2
7080586980,7080586990,74249939,7424993,247.2,1336,2847.5
7080587170,7080586990,74249938,7424993,222.5,1362,2847.6
7080527150,7080532590,74267896,7426789,310.7,293,2850.5
7080527040,7080532590,74267897,7426789,94.7,281,2850.6
7080642350,7080643600,74242803,7424280,859.2,1954,2850.9
7080642270,7080643600,74242802,7424280,158.5,1784,2850.9
7080429630,7080432140,74287701,7428770,597.1,290,2851.3
7080511760,7080518330,74293409,7429340,239.3,391,2855.6
7080511500,7080518330,74293408,7429340,334.4,395,2855.6
7080580820,7080579690,74268401,7426840,627.8,318,2858.2
7080432130,7080432250,74287582,7428758,164.1,317,2864.0
7080432410,7080432250,74287583,7428758,442.7,317,2864.2
7080586340,7080586980,74249941,7424994,104.4,1359,2864.3
7080526280,7080527040,74267899,7426789,829.4,305,2864.4
7080526480,7080527040,74267898,7426789,276.7,316,2864.4
7080429250,7080434570,74287566,7428756,766.8,313,2865.8
7080429170,7080434570,74287567,7428756,1169.7,344,2865.9
7080443300,7080460650,74284905,7428490,222.1,438,2876.7
7080443310,7080460650,74284904,7428490,1287.6,464,2876.7
7080425810,7080429630,74287703,7428770,262.6,281,2879.8
7080425600,7080429630,74287702,7428770,572.1,327,2879.9
7080446110,7080453620,74287471,7428747,483.0,293,2881.8
7080589320,7080586340,74249942,7424994,328.6,1554,2882.6
7080589460,7080586340,74249943,7424994,150.8,1412,2882.8
7080514640,7080527750,74294101,7429410,27.6,309,2887.2
7080514480,7080514640,74294103,7429410,600.0,348,2892.8
7080514630,7080514640,74294102,7429410,154.0,347,2892.8
7080577370,7080580820,74268403,7426840,425.5,357,2893.3
7080577280,7080580820,74268402,7426840,347.1,309,2893.3
7080421260,7080429560,74287621,7428762,595.5,297,2894.8
7080583690,7080586170,74249961,7424996,225.2,1451,2895.1
7080592100,7080589460,74249944,7424994,143.9,1525,2896.6
7080592190,7080589460,74249945,7424994,525.2,1608,2896.6
7080568440,7080567510,74292451,7429245,3420.1,503,2896.9
7080433730,7080432410,74287585,7428758,133.9,327,2898.5
7080433390,7080432410,74287584,7428758,628.3,343,2898.5
7080442730,7080446110,74287472,7428747,1602.7,324,2900.7
7080442610,7080446110,74287473,7428747,4902.7,338,2900.8
7080424800,7080425810,74287705,7428770,17.7,225,2901.3
7080424980,7080425810,74287704,7428770,3793.6,330,2901.4
7080641640,7080642350,74242805,7424280,118.2,2016,2902.3
7080641480,7080642350,74242804,7424280,314.5,2161,2902.3
7080441210,7080443300,74284907,7428490,181.3,461,2902.4
7080441420,7080443300,74284906,7428490,254.6,480,2902.4
7080424210,7080424800,74287707,7428770,8.6,210,2906.2
7080424080,7080424800,74287706,7428770,233.1,316,2906.3
7080424070,7080424210,74287708,7428770,856.1,279,2908.7
7080423690,7080424210,74287709,7428770,208.6,275,2908.8
7080603890,7080599480,74249871,7424987,27.8,1622,2910.1
7080436240,7080433730,74287586,7428758,916.8,360,2912.0
7080641860,7080641640,74242807,7424280,148.2,2080,2912.0
7080642040,7080641640,74242806,7424280,739.3,2280,2912.1
7080435980,7080433730,74287587,7428758,44.5,317,2912.1
7080604740,7080603890,74249873,7424987,287.3,1723,2915.6
7080604730,7080603890,74249872,7424987,281.6,1656,2915.6
7080435650,7080435980,74287588,7428758,519.0,358,2919.1
7080435760,7080435980,74287589,7428758,592.7,375,2919.3
7080417680,7080429170,74287568,7428756,433.4,403,2919.7
7080417540,7080429170,74287569,7428756,911.3,426,2919.7
7080587640,7080583690,74249963,7424996,260.9,1619,2919.7
7080587760,7080583690,74249962,7424996,187.5,1670,2919.8
7080585550,7080580930,74268601,7426860,579.9,468,2923.1
7080438150,7080441210,74284909,7428490,469.5,511,2923.9
7080438040,7080441210,74284908,7428490,351.1,480,2924.2
7080508450,7080523370,74293805,7429380,58.0,367,2926.9
7080508280,7080523370,74293804,7429380,480.9,395,2926.9
7080606850,7080604740,74249875,7424987,183.7,1714,2930.4
7080606980,7080604740,74249874,7424987,403.3,1922,2930.5
7080583100,7080582830,74249991,7424999,3062.1,2021,2933.2
7080514620,7080514480,74294104,7429410,4194.6,396,2933.6
7080514470,7080514480,74294105,7429410,65.1,340,2933.6
7080413190,7080421260,74287623,7428762,781.1,329,2933.9
7080413060,7080421260,74287622,7428762,1187.9,342,2934.1
7080507410,7080508450,74293806,7429380,331.7,393,2934.5
7080507290,7080508450,74293807,7429380,157.5,382,2934.6
7080639510,7080641860,74242808,7424280,640.3,2503,2934.9
7080639700,7080641860,74242809,7424280,692.4,2580,2935.1
7080597580,7080592190,74249946,7424994,323.7,1809,2935.7
7080597650,7080592190,74249947,7424994,261.0,1725,2935.8
7080578240,7080577370,74268404,7426840,292.4,447,2939.3
7080578120,7080577370,74268405,7426840,339.2,369,2939.5
7080607860,7080606850,74249877,7424987,391.4,1819,2945.1
7080607930,7080606850,74249876,7424987,424.5,2010,2945.1
7080591180,7080587640,74249965,7424996,1312.7,2100,2945.5
7080591300,7080587640,74249964,7424996,1898.0,2185,2945.5
7080504760,7080507290,74293809,7429380,635.0,411,2948.2
7080505000,7080507290,74293808,7429380,341.5,408,2948.2
7080503650,7080514490,74295121,7429512,25.2,315,2953.6
7080501990,7080503650,74295123,7429512,327.5,354,2961.3
7080501980,7080503650,74295122,7429512,368.5,379,2961.3
7080601020,7080597650,74249949,7424994,752.1,2183,2963.8
7080600830,7080597650,74249948,7424994,204.3,1896,2963.8
7080585050,7080585550,74268603,7426860,105.0,560,2964.3
7080585160,7080585550,74268602,7426860,927.6,841,2964.5
7080605230,7080607860,74249879,7424987,1358.5,2165,2967.5
7080605130,7080607860,74249878,7424987,322.2,1915,2967.6
7080574850,7080578120,74268407,7426840,281.4,377,2975.5
7080575020,7080578120,74268406,7426840,375.6,533,2975.5
7080405850,7080413190,74287624,7428762,542.7,360,2977.6
7080405760,7080413190,74287625,7428762,66.4,339,2977.6
7080583510,7080585050,74268605,7426860,379.4,683,2981.0
7080583780,7080585050,74268604,7426860,270.0,774,2981.0
7080409280,7080420200,74287831,7428783,597.3,288,2982.7
7080415980,7080420340,74288101,7428810,1156.1,272,2986.0
7080403430,7080405760,74287626,7428762,516.5,374,2989.8
7080403310,7080405760,74287627,7428762,448.1,371,2989.9
7080497000,7080501990,74295124,7429512,121.0,383,2995.0
7080496960,7080501990,74295125,7429512,655.0,389,2995.2
7080578680,7080583100,74249993,7424999,102.7,1785,3000.4
7080578690,7080583100,74249992,7424999,1127.6,2561,3000.4
7080495940,7080497940,74295161,7429516,225.8,326,3007.2
7080578840,7080578680,74249995,7424999,165.0,2097,3008.0
7080578980,7080578680,74249994,7424999,1403.6,2631,3008.1
7080582090,7080583510,74268607,7426860,9.4,706,3009.4
7080582300,7080583510,74268606,7426860,429.5,998,3009.4
7080581810,7080582090,74268609,7426860,667.9,966,3013.0
7080581980,7080582090,74268608,7426860,248.9,1048,3013.0
7080594850,7080591180,74249967,7424996,14.6,2199,3016.3
7080594700,7080591180,74249966,7424996,220.7,2699,3016.5
7080594940,7080594850,74249969,7424996,378.0,2826,3018.3
7080594690,7080594850,74249968,7424996,325.8,2555,3018.3
7080397820,7080403310,74287628,7428762,459.8,417,3018.7
7080397650,7080403310,74287629,7428762,282.5,394,3018.7
7080573420,7080574850,74268408,7426840,372.3,616,3018.8
7080573500,7080574850,74268409,7426840,931.1,841,3018.8
7080577430,7080578840,74249997,7424999,1974.0,2631,3021.7
7080577330,7080578840,74249996,7424999,776.5,2684,3021.8
7080597680,7080585700,74268801,7426880,818.0,646,3022.3
7080420920,7080442610,74287475,7428747,349.9,377,3030.6
7080420910,7080442610,74287474,7428747,970.4,404,3030.6
7080490420,7080495940,74295162,7429516,1972.3,405,3034.2
7080490340,7080495940,74295163,7429516,35.3,337,3034.2
7080405130,7080405940,74287681,7428768,610.6,361,3038.4
7080404960,7080405940,74287691,7428769,395.9,373,3038.6
7080490070,7080496960,74295127,7429512,121.2,408,3038.7
7080490350,7080496960,74295126,7429512,341.2,414,3038.8
7080397290,7080409280,74287833,7428783,49.5,261,3039.9
7080397300,7080409280,74287832,7428783,481.5,307,3039.9
7080488960,7080490340,74295165,7429516,1506.2,394,3041.7
7080488950,7080490340,74295164,7429516,2218.1,382,3041.8
7080421400,7080415980,74288102,7428810,688.5,306,3041.9
7080406640,7080407800,74289401,7428940,241.8,288,3042.0
7080421550,7080415980,74288103,7428810,575.8,283,3042.1
7080539690,7080544790,74269571,7426957,362.3,332,3045.0
7080488270,7080490070,74295129,7429512,763.1,407,3048.7
7080488260,7080490070,74295128,7429512,114.9,418,3048.7
7080397280,7080397290,74287835,7428783,105.3,261,3048.8
7080397500,7080397290,74287834,7428783,1055.0,277,3048.8
7080415290,7080420920,74287476,7428747,1205.7,458,3056.9
7080415190,7080420920,74287477,7428747,3.3,362,3057.1
7080414820,7080415190,74287478,7428747,1260.1,430,3059.1
7080414680,7080415190,74287479,7428747,2686.8,454,3059.3
7080394890,7080397280,74287836,7428783,235.4,281,3060.0
7080394760,7080397280,74287837,7428783,249.6,276,3060.2
7080535970,7080539690,74269573,7426957,148.2,322,3060.9
7080535960,7080539690,74269572,7426957,380.7,339,3060.9
7080400210,7080405130,74287682,7428768,546.3,402,3063.5
7080400090,7080405130,74287683,7428768,437.6,396,3063.6
7080534160,7080535970,74269574,7426957,419.5,350,3072.1
7080534070,7080535970,74269575,7426957,13.0,266,3072.3
7080424790,7080421550,74288105,7428810,53.3,266,3072.4
7080424780,7080421550,74288104,7428810,705.2,309,3072.4
7080410900,7080406640,74289402,7428940,3620.1,323,3076.5
7080410800,7080406640,74289403,7428940,905.3,306,3076.6
7080533090,7080534070,74269576,7426957,342.4,340,3076.8
7080391500,7080394760,74287838,7428783,467.9,305,3076.9
7080533100,7080534070,74269577,7426957,775.9,334,3077.0
7080391370,7080394760,74287839,7428783,26.3,268,3077.1
7080596200,7080597680,74268802,7426880,288.6,750,3077.6
7080596070,7080597680,74268803,7426880,394.4,721,3077.8
7080533640,7080536510,74269461,7426946,182.5,291,3081.4
7080427080,7080424790,74288106,7428810,978.3,302,3083.7
7080427220,7080424790,74288107,7428810,5.2,250,3083.7
7080427740,7080427220,74288108,7428810,391.0,304,3086.6
7080427930,7080427220,74288109,7428810,690.0,290,3086.7
7080388130,7080389660,74287871,7428787,209.3,308,3090.5
7080394240,7080400090,74287685,7428768,123.2,396,3090.7
7080394250,7080400090,74287684,7428768,276.9,418,3090.7
7080532600,7080533640,74269463,7426946,232.2,303,3090.7
7080532500,7080533640,74269462,7426946,1603.1,323,3090.7
7080576200,7080577430,74249998,7424999,564.8,3060,3094.2
7080576140,7080577430,74249999,7424999,3053.9,3156,3094.3
7080392120,7080394240,74287686,7428768,537.9,414,3100.4
7080386410,7080388130,74287873,7428787,267.3,309,3100.6
7080392030,7080394240,74287687,7428768,162.9,413,3100.6
7080386270,7080388130,74287872,7428787,225.1,338,3100.8
7080570300,7080568440,74292452,7429245,2199.9,698,3109.8
7080570520,7080568440,74292453,7429245,536.2,597,3110.0
7080385560,7080386410,74287874,7428787,993.4,341,3110.1
7080385410,7080386410,74287875,7428787,265.3,313,3110.3
7080526030,7080533100,74269578,7426957,624.8,346,3111.7
7080525930,7080533100,74269579,7426957,158.3,324,3111.9
7080531510,7080532600,74269465,7426946,187.0,338,3113.5
7080531500,7080532600,74269464,7426946,1239.3,354,3113.5
7080394900,7080404960,74287693,7428769,400.9,446,3113.9
7080395070,7080404960,74287692,7428769,1924.3,465,3113.9
7080591360,7080596070,74268805,7426880,51.2,746,3116.0
7080591590,7080596070,74268804,7426880,377.4,787,3116.1
7080590280,7080591360,74268806,7426880,264.1,886,3122.5
7080590220,7080591360,74268807,7426880,452.4,812,3122.6
7080387670,7080392030,74287689,7428768,801.1,470,3124.9
7080387660,7080392030,74287688,7428768,1207.7,435,3124.9
7080383580,7080385410,74287877,7428787,14.9,288,3127.9
7080383470,7080385410,74287876,7428787,527.9,356,3128.0
7080490550,7080492700,74294271,7429427,1937.9,550,3133.1
7080383890,7080383580,74287879,7428787,477.1,341,3133.1
7080384100,7080383580,74287878,7428787,907.2,326,3133.3
7080529760,7080533650,74269491,7426949,241.8,311,3136.7
7080436930,7080435970,74288221,7428822,20.8,288,3137.3
7080470750,7080488960,74295166,7429516,760.8,430,3141.3
7080470620,7080488960,74295167,7429516,2211.4,423,3141.4
7080438050,7080436930,74288223,7428822,3.5,282,3142.6
7080408310,7080410800,74289404,7428940,258.3,332,3142.7
7080438160,7080436930,74288222,7428822,842.5,321,3142.8
7080408140,7080410800,74289405,7428940,151.2,331,3142.9
7080438170,7080438050,74288225,7428822,321.6,307,3144.2
7080438330,7080438050,74288224,7428822,782.8,330,3144.3
7080399840,7080414680,74287491,7428749,474.5,484,3144.4
7080525580,7080531510,74269467,7426946,26.4,353,3146.6
7080525440,7080531510,74269466,7426946,888.4,339,3146.7
7080527710,7080529760,74269492,7426949,890.9,333,3149.8
7080527720,7080529760,74269493,7426949,38.5,307,3150.0
7080572310,7080570520,74292455,7429245,1594.4,691,3152.0
7080572470,7080570520,74292454,7429245,478.1,664,3152.0
7080525190,7080525580,74269469,7426946,901.7,356,3152.3
7080525180,7080525580,74269468,7426946,556.9,392,3152.4
7080523060,7080524450,74269601,7426960,180.8,331,3153.6
7080388450,7080394900,74287694,7428769,188.0,474,3156.3
7080388460,7080394900,74287695,7428769,417.1,476,3156.4
7080525920,7080527720,74269494,7426949,738.8,337,3161.7
7080525870,7080527720,74269495,7426949,60.9,311,3161.7
7080407330,7080408140,74289407,7428940,96.7,346,3166.9
7080407490,7080408140,74289406,7428940,178.6,343,3166.9
7080438690,7080438170,74288227,7428822,328.5,336,3171.8
7080438470,7080438170,74288226,7428822,293.3,325,3171.8
7080524300,7080525870,74269496,7426949,1255.6,345,3171.8
7080524120,7080525870,74269497,7426949,610.5,323,3171.8
7080471640,7080477010,74295361,7429536,30.6,357,3172.9
7080584360,7080590220,74268808,7426880,280.9,866,3173.2
7080584180,7080590220,74268809,7426880,1061.6,985,3173.2
7080432540,7080435860,74288401,7428840,322.5,301,3173.3
7080519510,7080523060,74269603,7426960,174.4,330,3174.5
7080519610,7080523060,74269602,7426960,2159.0,379,3174.6
7080509180,7080506690,74294441,7429444,2225.1,648,3175.9
7080406470,7080407330,74289409,7428940,856.4,383,3178.5
7080406570,7080407330,74289408,7428940,821.1,366,3178.6
7080470280,7080471640,74295362,7429536,668.2,419,3184.7
7080470290,7080471640,74295363,7429536,1409.6,399,3184.9
7080395540,7080399840,74287492,7428749,665.4,495,3185.2
7080395410,7080399840,74287493,7428749,393.8,490,3185.4
7080517060,7080519510,74269605,7426960,823.7,325,3188.8
7080516910,7080519510,74269604,7426960,2772.2,343,3189.0
7080462900,7080478320,74295221,7429522,426.0,412,3208.2
7080441430,7080438690,74288229,7428822,205.4,371,3209.7
7080441510,7080438690,74288228,7428822,155.6,363,3209.8
7080382430,7080388460,74287697,7428769,453.4,488,3211.3
7080382320,7080388460,74287696,7428769,465.7,501,3211.4
7080433700,7080432540,74288402,7428840,767.0,324,3212.1
7080433820,7080432540,74288403,7428840,353.7,326,3212.3
7080468870,7080470490,74295411,7429541,1930.7,410,3213.1
7080518260,7080524120,74269499,7426949,485.6,326,3215.1
7080518160,7080524120,74269498,7426949,272.2,325,3215.2
7080388490,7080395410,74287495,7428749,466.0,503,3218.8
7080388480,7080395410,74287494,7428749,209.8,509,3218.8
7080486070,7080490550,74294273,7429427,138.3,576,3220.5
7080486310,7080490550,74294272,7429427,439.0,609,3220.5
7080531940,7080529460,74269821,7426982,145.4,312,3222.6
7080569620,7080572310,74292456,7429245,1673.3,876,3230.7
7080569920,7080572310,74292457,7429245,903.5,771,3230.8
7080484990,7080486070,74294275,7429427,12.8,570,3232.6
7080485080,7080486070,74294274,7429427,400.7,625,3232.6
7080511540,7080517060,74269607,7426960,539.1,300,3236.9
7080511420,7080517060,74269606,7426960,337.0,304,3236.9
7080484180,7080484990,74294277,7429427,468.8,596,3237.3
7080484400,7080484990,74294276,7429427,781.1,652,3237.3
7080458800,7080462900,74295223,7429522,4.2,392,3238.8
7080458810,7080462900,74295222,7429522,1208.9,454,3238.8
7080458570,7080458800,74295224,7429522,359.5,437,3241.1
7080458580,7080458800,74295225,7429522,341.5,431,3241.2
7080386840,7080388490,74287497,7428749,36.2,505,3241.3
7080386670,7080388490,74287496,7428749,553.5,524,3241.3
7080462010,7080470620,74295169,7429516,1430.5,443,3242.7
7080462080,7080470620,74295168,7429516,1099.6,449,3242.8
7080523520,7080529340,74269921,7426992,555.6,358,3246.3
7080523400,7080529340,74269931,7426993,154.4,345,3246.5
7080534920,7080531940,74269823,7426982,681.6,411,3248.9
7080534810,7080531940,74269822,7426982,440.5,348,3248.9
7080460820,7080470290,74295365,7429536,495.6,407,3250.5
7080460830,7080470290,74295364,7429536,526.4,419,3250.5
7080386290,7080386840,74287499,7428749,433.5,509,3250.6
7080386050,7080386840,74287498,7428749,193.8,530,3250.6
7080381000,7080382430,74287699,7428769,351.8,513,3253.4
7080381090,7080382430,74287698,7428769,265.0,501,3253.6
7080434210,7080433820,74288405,7428840,64.1,334,3256.0
7080434310,7080433820,74288404,7428840,523.1,417,3256.2
7080521940,7080523400,74269932,7426993,758.9,381,3262.1
7080521710,7080523400,74269933,7426993,67.9,332,3262.2
7080433690,7080434210,74288406,7428840,140.8,379,3266.0
7080433370,7080434210,74288407,7428840,23.7,340,3266.2
7080454280,7080458580,74295227,7429522,480.5,456,3266.2
7080454290,7080458580,74295226,7429522,519.0,481,3266.2
7080511250,7080511540,74269608,7426960,321.3,333,3268.4
7080511330,7080511540,74269609,7426960,806.9,341,3268.5
7080432530,7080433370,74288409,7428840,740.4,400,3272.1
7080432640,7080433370,74288408,7428840,205.9,421,3272.2
7080479870,7080484180,74294279,7429427,259.2,623,3273.7
7080480130,7080484180,74294278,7429427,575.9,686,3273.7
7080519630,7080521710,74269934,7426993,161.5,392,3275.5
7080519580,7080521710,74269935,7426993,191.9,386,3275.7
7080571470,7080569920,74292458,7429245,428.1,853,3277.2
7080571680,7080569920,74292459,7429245,878.1,845,3277.3
7080455680,7080460820,74295366,7429536,1111.3,464,3280.9
7080455550,7080460820,74295367,7429536,1238.0,493,3281.0
7080495910,7080509180,74294442,7429444,2555.9,775,3282.0
7080496080,7080509180,74294443,7429444,1052.5,748,3282.1
7080517980,7080519580,74269936,7426993,1106.6,462,3287.1
7080517850,7080519580,74269937,7426993,46.2,380,3287.2
7080528440,7080523520,74269922,7426992,779.8,460,3287.3
7080528450,7080523520,74269923,7426992,165.8,356,3287.4
7080451830,7080452180,74295271,7429527,1732.5,498,3292.6
7080456720,7080468870,74295413,7429541,2329.7,421,3295.8
7080456730,7080468870,74295412,7429541,1060.6,433,3295.8
7080447730,7080454280,74295229,7429522,776.6,512,3298.2
7080447740,7080454280,74295228,7429522,197.5,505,3298.2
7080516550,7080517850,74269938,7426993,1489.7,474,3301.3
7080516370,7080517850,74269939,7426993,377.2,400,3301.6
7080542280,7080534920,74269824,7426982,322.5,604,3304.7
7080542550,7080534920,74269825,7426982,298.9,595,3304.8
7080529060,7080528450,74269924,7426992,1074.3,495,3307.9
7080529050,7080528450,74269925,7426992,597.9,486,3308.0
7080513120,7080516370,74269941,7426994,354.7,407,3335.6
7080545740,7080542550,74269826,7426982,321.5,670,3336.4
7080545830,7080542550,74269828,7426982,1108.3,747,3336.5
7080545840,7080542550,74269827,7426982,1203.7,719,3336.7
7080547240,7080542390,74269861,7426986,226.3,463,3343.3
7080411940,7080414650,74288901,7428890,443.1,309,3345.7
7080493070,7080496080,74294444,7429444,349.9,799,3347.7
7080493240,7080496080,74294445,7429444,469.8,798,3347.9
7080447850,7080456720,74295414,7429541,1846.7,459,3352.7
7080447720,7080456720,74295415,7429541,5426.0,427,3352.8
7080532820,7080529050,74269927,7426992,573.1,649,3362.2
7080532610,7080529050,74269926,7426992,484.0,633,3362.2
7080511660,7080513120,74269942,7426994,191.5,454,3368.0
7080511820,7080513120,74269943,7426994,1043.2,477,3368.2
7080408480,7080411940,74288903,7428890,514.5,311,3370.4
7080408490,7080411940,74288902,7428890,2086.8,357,3370.4
7080550810,7080547240,74269862,7426986,530.6,601,3374.3
7080550910,7080547240,74269863,7426986,402.5,620,3374.4
7080490320,7080493240,74294447,7429444,799.0,855,3378.5
7080490200,7080493240,74294446,7429444,987.9,875,3378.6
7080535690,7080532820,74269929,7426992,368.6,688,3381.0
7080535680,7080532820,74269928,7426992,254.1,625,3381.0
7080467960,7080472690,74295651,7429565,1015.6,635,3386.8
7080467900,7080472690,74295641,7429564,1237.5,646,3387.0
7080495030,7080496510,74294491,7429449,452.5,860,3392.4
7080406450,7080408480,74288905,7428890,17.3,316,3392.8
7080406560,7080408480,74288904,7428890,1237.8,417,3392.9
7080406330,7080406450,74288907,7428890,74.3,312,3394.3
7080435050,7080451830,74295273,7429527,69.7,489,3394.4
7080406230,7080406450,74288906,7428890,332.3,340,3394.4
7080434910,7080451830,74295272,7429527,630.0,538,3394.6
7080432110,7080455550,74295369,7429536,479.0,535,3395.8
7080432120,7080455550,74295368,7429536,710.0,530,3395.9
7080505710,7080512980,74269971,7426997,95.4,422,3398.9
7080505700,7080512980,74269961,7426996,36.7,412,3398.9
7080434000,7080435050,74295274,7429527,470.1,517,3401.9
7080433680,7080435050,74295275,7429527,163.5,514,3402.0
7080505050,7080505700,74269963,7426996,332.9,416,3405.2
7080504930,7080505700,74269962,7426996,408.8,442,3405.4
7080405260,7080406330,74288908,7428890,1040.7,421,3405.7
7080405120,7080406330,74288909,7428890,1903.4,382,3405.8
7080554280,7080547310,74269891,7426989,227.8,391,3406.3
7080432370,7080433680,74295277,7429527,850.6,522,3407.3
7080432380,7080433680,74295276,7429527,528.0,534,3407.3
7080504580,7080505710,74269972,7426997,844.0,466,3411.3
7080504820,7080505710,74269973,7426997,441.1,458,3411.4
7080557080,7080550910,74269864,7426986,104.0,700,3413.0
7080557190,7080550910,74269865,7426986,422.4,678,3413.2
7080491970,7080495030,74294493,7429449,738.3,931,3426.7
7080492250,7080495030,74294492,7429449,231.7,924,3426.7
7080432760,7080447720,74295417,7429541,2747.1,413,3427.4
7080433000,7080447720,74295416,7429541,1077.0,438,3427.6
7080484740,7080490320,74294448,7429444,739.2,1010,3429.5
7080484660,7080490320,74294449,7429444,2118.2,1002,3429.6
7080501500,7080505050,74269965,7426996,93.0,399,3432.9
7080501650,7080505050,74269964,7426996,258.2,376,3433.0
7080557290,7080554280,74269892,7426989,262.3,514,3437.3
7080557380,7080554280,74269893,7426989,75.5,420,3437.5
7080505600,7080511820,74269944,7426994,217.4,540,3441.7
7080505610,7080511820,74269945,7426994,170.5,516,3441.9
7080503000,7080504820,74269974,7426997,1238.3,525,3444.6
7080502900,7080504820,74269975,7426997,140.2,471,3444.6
7080499330,7080501500,74269966,7426996,243.7,384,3445.6
7080499260,7080501500,74269967,7426996,498.1,413,3445.8
7080424560,7080432370,74295278,7429527,431.2,569,3447.4
7080424550,7080432370,74295279,7429527,66.8,513,3447.6
7080558890,7080557380,74269895,7426989,417.1,541,3451.2
7080558780,7080557380,74269894,7426989,223.6,526,3451.2
7080471850,7080467960,74295652,7429565,1279.6,776,3451.4
7080471710,7080467960,74295653,7429565,268.6,698,3451.6
7080423440,7080424550,74295291,7429529,617.0,549,3453.3
7080561640,7080557190,74269867,7426986,22.6,569,3453.5
7080561400,7080557190,74269866,7426986,148.9,753,3453.7
7080506330,7080505610,74269947,7426994,397.4,561,3455.8
7080506480,7080505610,74269946,7426994,329.0,555,3455.8
7080500810,7080502900,74269976,7426997,157.1,498,3457.2
7080500700,7080502900,74269977,7426997,281.7,487,3457.4
7080465200,7080467900,74295643,7429564,1214.2,720,3460.6
7080465290,7080467900,74295642,7429564,234.5,716,3460.6
7080562560,7080561640,74269869,7426986,518.9,1011,3462.7
7080562570,7080561640,74269868,7426986,1266.7,995,3462.8
7080489620,7080491970,74294495,7429449,115.4,967,3466.0
7080489700,7080491970,74294494,7429449,197.9,1005,3466.1
7080349590,7080352370,74289901,7428990,535.7,401,3472.0
7080349950,7080352370,74289801,7428980,62.3,396,3472.0
7080471080,7080471710,74295654,7429565,1327.1,830,3473.7
7080470970,7080471710,74295655,7429565,1185.2,776,3473.9
7080495730,7080499260,74269969,7426996,1054.7,450,3476.8
7080495830,7080499260,74269968,7426996,234.7,437,3476.8
7080489200,7080489620,74294497,7429449,185.1,1003,3478.9
7080489320,7080489620,74294496,7429449,504.3,1088,3479.0
7080502730,7080506330,74269948,7426994,243.5,587,3479.3
7080502740,7080506330,74269949,7426994,277.3,614,3479.4
7080351710,7080349950,74289803,7428980,435.7,399,3481.3
7080351790,7080349950,74289802,7428980,101.9,409,3481.4
7080562540,7080558890,74269896,7426989,739.6,632,3482.2
7080562550,7080558890,74269897,7426989,30.7,569,3482.3
7080416620,7080423440,74295293,7429529,22.5,533,3485.3
7080416530,7080423440,74295292,7429529,307.5,580,3485.4
7080563360,7080562550,74269898,7426989,383.3,761,3488.4
7080563370,7080562550,74269899,7426989,1151.2,788,3488.5
7080416260,7080416620,74295294,7429529,235.4,532,3490.1
7080416140,7080416620,74295295,7429529,340.4,551,3490.1
7080494930,7080500700,74269978,7426997,864.1,495,3494.0
7080494940,7080500700,74269979,7426997,70.9,470,3494.2
7080418510,7080432760,74295419,7429541,721.2,395,3497.2
7080418520,7080432760,74295418,7429541,1586.5,431,3497.2
7080462200,7080465200,74295645,7429564,114.8,722,3499.1
7080462440,7080465200,74295644,7429564,374.8,765,3499.1
7080487780,7080489200,74294499,7429449,1175.3,1162,3500.1
7080487680,7080489200,74294498,7429449,1361.1,1156,3500.1
7080345700,7080349590,74289902,7428990,396.1,411,3506.1
7080345950,7080349590,74289903,7428990,305.0,401,3506.2
7080494950,7080494940,74269991,7426999,148.2,529,3506.5
7080412470,7080416140,74295297,7429529,95.3,541,3508.2
7080412370,7080416140,74295296,7429529,562.3,572,3508.2
7080461270,7080462200,74295646,7429564,226.0,780,3514.8
7080461180,7080462200,74295647,7429564,164.6,755,3515.0
7080352820,7080351710,74289805,7428980,313.0,403,3517.8
7080352810,7080351710,74289804,7428980,1532.7,421,3518.0
7080494110,7080494950,74269993,7426999,2061.0,570,3526.6
7080494290,7080494950,74269992,7426999,471.1,599,3526.6
7080411090,7080412470,74295298,7429529,386.6,546,3528.4
7080411020,7080412470,74295299,7429529,1183.2,565,3528.6
7080459970,7080461180,74295649,7429564,523.3,813,3531.3
7080460080,7080461180,74295648,7429564,350.9,817,3531.4
7080346330,7080345950,74289905,7428990,681.3,412,3537.7
7080346230,7080345950,74289904,7428990,720.7,416,3537.8
7080468010,7080470970,74295656,7429565,1051.5,874,3537.9
7080468090,7080470970,74295657,7429565,491.0,849,3537.9
7080354410,7080352820,74289807,7428980,765.0,416,3544.7
7080354420,7080352820,74289806,7428980,121.3,409,3544.7
7080408270,7080413990,74295471,7429547,167.6,391,3555.7
7080507390,7080507770,74294741,7429474,110.5,1099,3557.7
7080470130,7080468090,74295659,7429565,172.3,863,3559.2
7080470220,7080468090,74295658,7429565,1337.9,1043,3559.3
7080346580,7080346330,74289906,7428990,443.3,445,3577.6
7080346310,7080346330,74289907,7428990,76.7,421,3577.7
7080403410,7080408270,74295472,7429547,1309.1,438,3578.9
7080403270,7080408270,74295473,7429547,91.9,392,3579.1
7080502170,7080507390,74294743,7429474,48.4,1131,3581.6
7080502060,7080507390,74294742,7429474,224.7,1166,3581.6
7080501020,7080502170,74294745,7429474,378.4,1173,3591.6
7080501030,7080502170,74294744,7429474,372.0,1185,3591.6
7080346570,7080346310,74289908,7428990,335.1,438,3593.8
7080346690,7080346310,74289909,7428990,519.7,463,3594.0
7080398540,7080403270,74295474,7429547,1613.5,413,3600.6
7080398490,7080403270,74295475,7429547,85.3,394,3600.8
7080488730,7080494110,74269994,7426999,552.8,567,3611.4
7080488880,7080494110,74269995,7426999,251.5,563,3611.5
7080396460,7080398490,74295491,7429549,1361.4,406,3614.1
7080396550,7080398490,74295481,7429548,231.8,406,3614.3
7080497700,7080501020,74294747,7429474,445.1,1189,3614.8
7080497580,7080501020,74294746,7429474,869.1,1197,3614.8
7080490100,7080488880,74269996,7426999,641.9,605,3623.4
7080490270,7080488880,74269997,7426999,211.4,557,3623.4
7080447410,7080448270,74295821,7429582,228.4,641,3636.1
7080493650,7080490270,74269999,7426999,787.1,624,3642.1
7080493710,7080490270,74269998,7426999,574.6,606,3642.1
7080495780,7080497700,74294748,7429474,465.7,1254,3645.4
7080495640,7080497700,74294749,7429474,552.3,1239,3645.6
7080392740,7080396550,74295483,7429548,26.1,422,3651.6
7080393010,7080396550,74295482,7429548,525.1,486,3651.6
7080430760,7080431820,74295981,7429598,1577.4,571,3659.1
7080391090,7080392740,74295485,7429548,543.3,432,3660.1
7080391080,7080392740,74295484,7429548,1166.8,477,3660.2
7080451500,7080447410,74295823,7429582,500.2,729,3660.9
7080451490,7080447410,74295822,7429582,336.9,728,3660.9
7080380040,7080396460,74295492,7429549,1027.0,431,3685.3
7080379970,7080396460,74295493,7429549,342.0,416,3685.5
7080455920,7080451500,74295825,7429582,608.7,839,3689.4
7080455770,7080451500,74295824,7429582,426.6,836,3689.4
7080434640,7080430760,74295982,7429598,777.4,620,3704.7
7080434710,7080430760,74295983,7429598,1625.7,627,3704.8
7080377140,7080379970,74295495,7429549,1322.5,451,3707.6
7080377030,7080379970,74295494,7429549,736.1,478,3707.8
7080379820,7080391090,74295486,7429548,261.4,510,3724.1
7080379620,7080391090,74295487,7429548,101.5,456,3724.3
7080462870,7080455920,74295827,7429582,637.0,921,3735.1
7080462880,7080455920,74295826,7429582,406.2,933,3735.1
7080375990,7080379620,74295489,7429548,245.5,525,3740.9
7080375980,7080379620,74295488,7429548,238.2,512,3741.1
7080476720,7080475320,74295691,7429569,261.5,1156,3748.0
7080438670,7080434710,74295985,7429598,1868.8,700,3756.8
7080438440,7080434710,74295984,7429598,428.7,682,3756.8
7080478880,7080476720,74295693,7429569,1806.2,1294,3766.0
7080479070,7080476720,74295692,7429569,624.5,1206,3766.1
7080448090,7080446500,74295871,7429587,1415.2,821,3766.8
7080365730,7080377140,74295496,7429549,1008.8,518,3773.1
7080365630,7080377140,74295497,7429549,1177.7,449,3773.2
7080461840,7080462870,74295829,7429582,897.4,1033,3786.8
7080462000,7080462870,74295828,7429582,393.2,973,3786.8
7080485210,7080487770,74294911,7429491,1774.1,1535,3806.4
7080360030,7080365630,74295498,7429549,2719.1,529,3808.0
7080359980,7080365630,74295499,7429549,4162.3,479,3808.0
7080439330,7080438670,74295986,7429598,503.1,773,3809.1
7080439450,7080438670,74295987,7429598,177.5,738,3809.2
7080424300,7080424190,74296201,7429620,964.0,685,3813.1
7080450390,7080448090,74295872,7429587,731.7,971,3817.7
7080450380,7080448090,74295873,7429587,583.8,847,3817.8
7080440570,7080439450,74295989,7429598,549.6,807,3821.7
7080440720,7080439450,74295988,7429598,644.7,778,3821.7
7080530080,7080530900,74294681,7429468,942.5,1514,3826.7
7080530180,7080530900,74294691,7429469,691.2,1508,3826.9
7080404520,7080404920,74297211,7429721,492.6,546,3839.8
7080531900,7080530180,74294692,7429469,2115.2,2247,3843.1
7080453110,7080450380,74295875,7429587,105.7,853,3843.3
7080532010,7080530180,74294693,7429469,94.3,1471,3843.3
7080453220,7080450380,74295874,7429587,512.8,976,3843.5
7080454600,7080453110,74295877,7429587,1126.3,917,3854.6
7080454750,7080453110,74295876,7429587,717.2,1017,3854.7
7080480320,7080478880,74295695,7429569,249.2,1394,3855.3
7080480390,7080478880,74295694,7429569,332.2,1409,3855.4
7080534030,7080532010,74294694,7429469,2549.3,2208,3857.5
7080534040,7080532010,74294695,7429469,1089.7,1584,3857.6
7080419660,7080424300,74296203,7429620,320.9,708,3857.7
7080419480,7080424300,74296202,7429620,381.6,734,3857.8
7080403830,7080404520,74297213,7429721,507.1,580,3869.8
7080403900,7080404520,74297212,7429721,398.8,615,3870.0
7080479650,7080485210,74294912,7429491,557.4,1886,3870.3
7080479660,7080485210,74294913,7429491,238.1,1485,3870.5
7080526350,7080530080,74294683,7429468,91.2,1533,3873.8
7080526240,7080530080,74294682,7429468,755.3,1820,3874.0
7080480310,7080480320,74295697,7429569,291.2,1426,3877.1
7080480380,7080480320,74295696,7429569,285.0,1415,3877.2
7080525310,7080526350,74294685,7429468,238.3,1761,3882.9
7080525250,7080526350,74294684,7429468,184.8,1668,3883.0
7080420630,7080419660,74296205,7429620,161.5,734,3883.7
7080420320,7080419660,74296204,7429620,276.8,765,3883.7
7080476530,7080479660,74294915,7429491,1173.6,1538,3890.7
7080476540,7080479660,74294914,7429491,575.7,1570,3890.7
7080459380,7080454600,74295879,7429587,278.0,994,3893.0
7080459370,7080454600,74295878,7429587,448.3,978,3893.2
7080420620,7080420630,74296206,7429620,547.7,836,3894.4
7080420610,7080420630,74296207,7429620,75.4,733,3894.5
7080477110,7080480310,74295698,7429569,292.1,1471,3895.8
7080476990,7080480310,74295699,7429569,1510.7,1533,3896.1
7080460640,7080459380,74295891,7429589,367.4,988,3898.8
7080406090,7080403830,74297215,7429721,8.5,532,3899.0
7080405920,7080403830,74297214,7429721,294.0,640,3899.2
7080406080,7080406090,74297217,7429721,964.4,644,3902.8
7080405820,7080406090,74297216,7429721,328.6,656,3902.8
7080522820,7080525310,74294687,7429468,191.0,2162,3903.4
7080522830,7080525310,74294686,7429468,1475.3,2361,3903.5
7080420180,7080420610,74296209,7429620,1737.8,840,3907.6
7080420060,7080420610,74296208,7429620,344.2,802,3907.7
7080545340,7080534040,74294696,7429469,1472.3,2720,3915.4
7080545480,7080534040,74294697,7429469,3849.8,2039,3915.5
7080523500,7080522820,74294688,7429468,262.1,2960,3923.7
7080523330,7080522820,74294689,7429468,792.2,2927,3923.8
7080466250,7080460640,74295893,7429589,339.2,1021,3928.7
7080466260,7080460640,74295892,7429589,243.1,1098,3928.7
7080473970,7080476530,74294916,7429491,757.8,1993,3932.0
7080473820,7080476530,74294917,7429491,2794.1,1781,3932.2
7080467190,7080466250,74295895,7429589,217.8,1033,3944.7
7080467200,7080466250,74295894,7429589,304.6,1152,3944.7
7080408570,7080406080,74297219,7429721,373.3,677,3948.5
7080408580,7080406080,74297218,7429721,271.7,703,3948.5
7080468700,7080467190,74295896,7429589,318.3,1072,3956.8
7080468840,7080467190,74295897,7429589,367.0,1138,3956.9
7080470200,7080468840,74295899,7429589,1344.6,1274,3969.2
7080470000,7080468840,74295898,7429589,320.3,1111,3969.2
7080555730,7080545480,74294699,7429469,5466.7,2859,3974.3
7080555460,7080545480,74294698,7429469,1239.7,2892,3974.3
7080442820,7080440170,74296571,7429657,124.7,846,3984.0
7080443590,7080442820,74296572,7429657,953.0,1310,3990.7
7080443780,7080442820,74296573,7429657,370.1,851,3990.9
7080503300,7080487760,74294891,7429489,428.8,2234,3992.4
7080468540,7080473820,74294919,7429491,1209.4,1751,4000.9
7080468690,7080473820,74294918,7429491,545.0,2112,4001.0
7080448640,7080443780,74296575,7429657,316.1,898,4015.2
7080448250,7080443780,74296574,7429657,779.3,1221,4015.4
7080508380,7080503300,74294892,7429489,121.9,2391,4022.3
7080508550,7080503300,74294893,7429489,128.6,2292,4022.3
7080509160,7080508550,74294894,7429489,333.3,2353,4027.2
7080509150,7080508550,74294895,7429489,15.5,2196,4027.3
7080449560,7080448640,74296576,7429657,692.6,1307,4029.8
7080449670,7080448640,74296577,7429657,2275.3,1118,4030.0
7080509820,7080509150,74294896,7429489,292.5,2279,4030.3
7080509920,7080509150,74294897,7429489,142.1,2241,4030.4
7080510960,7080509920,74294899,7429489,1355.0,2679,4041.8
7080511090,7080509920,74294898,7429489,368.2,2480,4041.8
7080365550,7080372750,74297721,7429772,463.0,551,4045.3
7080363760,7080365720,74297741,7429774,194.3,559,4061.8
7080361710,7080365550,74297723,7429772,130.2,542,4082.5
7080361530,7080365550,74297722,7429772,700.8,592,4082.5
7080380850,7080374120,74297641,7429764,569.9,662,4083.3
7080363110,7080363760,74297742,7429774,702.3,636,4089.4
7080363180,7080363760,74297743,7429774,622.8,616,4089.4
7080391690,7080391570,74297461,7429746,640.1,784,4090.8
7080391790,7080391570,74297471,7429747,78.2,730,4090.9
7080363240,7080361710,74297725,7429772,271.5,540,4093.1
7080363250,7080361710,74297724,7429772,592.1,569,4093.1
7080393150,7080391790,74297473,7429747,1107.1,794,4098.7
7080392840,7080391790,74297472,7429747,214.3,803,4098.9
7080458030,7080449670,74296579,7429657,325.7,1110,4109.1
7080458040,7080449670,74296578,7429657,714.4,1079,4109.1
7080366070,7080363240,74297727,7429772,463.9,556,4115.7
7080366260,7080363240,74297726,7429772,1259.3,596,4115.9
7080383650,7080380850,74297643,7429764,452.9,715,4120.0
7080383860,7080380850,74297642,7429764,310.8,726,4120.0
7080364240,7080366070,74297729,7429772,1220.5,578,4141.6
7080364130,7080366070,74297728,7429772,217.3,551,4141.6
7080367540,7080363180,74297745,7429774,413.7,653,4146.9
7080367480,7080363180,74297744,7429774,1239.1,656,4147.1
7080386810,7080391690,74297462,7429746,190.4,847,4154.2
7080386490,7080391690,74297463,7429746,13.8,792,4154.3
7080382600,7080383650,74297645,7429764,431.9,751,4154.5
7080382510,7080383650,74297644,7429764,523.3,758,4154.6
7080386130,7080386490,74297465,7429746,33.5,814,4159.0
7080386020,7080386490,74297464,7429746,569.2,857,4159.2
7080385720,7080386130,74297467,7429746,317.8,852,4165.0
7080385550,7080386130,74297466,7429746,211.5,849,4165.1
7080349370,7080352210,74297781,7429778,1197.9,607,4165.4
7080394070,7080393150,74297474,7429747,532.6,872,4165.7
7080394180,7080393150,74297475,7429747,667.3,859,4165.9
7080368810,7080367540,74297747,7429774,2696.7,730,4177.2
7080369040,7080367540,74297746,7429774,600.0,702,4177.2
7080382950,7080382600,74297647,7429764,598.4,781,4186.6
7080383070,7080382600,74297646,7429764,447.1,811,4186.6
7080454870,7080458870,74296601,7429660,6.8,1092,4187.4
7080489490,7080479850,74294971,7429497,2119.9,2096,4190.1
7080489500,7080479850,74294961,7429496,962.2,2132,4190.1
7080454230,7080454870,74296602,7429660,607.2,1527,4191.4
7080454130,7080454870,74296603,7429660,285.0,1199,4191.6
7080384730,7080385720,74297469,7429746,644.5,900,4194.4
7080384900,7080385720,74297468,7429746,629.9,916,4194.4
7080394740,7080394180,74297477,7429747,11.1,844,4208.6
7080394550,7080394180,74297476,7429747,463.0,925,4208.8
7080452040,7080454130,74296605,7429660,130.5,1212,4209.6
7080451940,7080454130,74296604,7429660,1036.8,1682,4209.7
7080351290,7080349370,74297783,7429778,1003.3,641,4211.8
7080351020,7080349370,74297782,7429778,1550.2,671,4211.8
7080395530,7080394740,74297479,7429747,32.0,861,4212.3
7080395260,7080394740,74297478,7429747,203.0,921,4212.3
7080456180,7080454960,74296901,7429690,597.4,1250,4216.2
7080449920,7080452040,74296607,7429660,34.7,1171,4218.7
7080450090,7080452040,74296606,7429660,390.0,1255,4218.7
7080448490,7080449920,74296609,7429660,1147.5,1291,4228.8
7080448500,7080449920,74296608,7429660,687.5,1478,4228.8
7080378610,7080382950,74297649,7429764,878.9,858,4236.3
7080378310,7080382950,74297648,7429764,341.1,834,4236.3
7080428660,7080422170,74296491,7429649,489.6,1305,4238.2
7080354240,7080351290,74297785,7429778,317.2,651,4250.6
7080354400,7080351290,74297784,7429778,643.3,667,4250.6
7080453250,7080456180,74296903,7429690,107.1,1247,4253.0
7080453260,7080456180,74296902,7429690,964.8,1343,4253.0
7080491850,7080489500,74294963,7429496,50.1,2015,4253.1
7080491680,7080489500,74294962,7429496,2520.2,2200,4253.1
7080498260,7080489490,74294972,7429497,686.9,2312,4257.3
7080498320,7080489490,74294973,7429497,134.2,2094,4257.5
7080430810,7080428660,74296493,7429649,303.7,1306,4257.6
7080430880,7080428660,74296492,7429649,292.4,1314,4257.8
7080493050,7080491850,74294965,7429496,37.2,2021,4260.7
7080493220,7080491850,74294964,7429496,293.4,2106,4260.7
7080493410,7080493050,74294967,7429496,155.2,2054,4268.7
7080493500,7080493050,74294966,7429496,1142.8,2352,4268.9
7080432730,7080430810,74296495,7429649,54.1,1315,4272.1
7080432510,7080430810,74296494,7429649,649.5,1377,4272.1
7080500550,7080498320,74294975,7429497,1728.1,2320,4276.7
7080500650,7080498320,74294974,7429497,718.1,2229,4276.9
7080452370,7080453250,74296905,7429690,599.7,1344,4277.6
7080452260,7080453250,74296904,7429690,1456.9,1415,4277.7
7080434300,7080432730,74296496,7429649,324.8,1393,4278.7
7080434420,7080432730,74296497,7429649,876.1,1392,4278.9
7080353610,7080354240,74297787,7429778,291.7,673,4280.0
7080353820,7080354240,74297786,7429778,575.6,687,4280.0
7080361300,7080368810,74297748,7429774,1201.2,794,4282.7
7080361160,7080368810,74297749,7429774,918.3,786,4282.7
7080493770,7080493410,74294968,7429496,147.3,2142,4292.1
7080493870,7080493410,74294969,7429496,909.4,2320,4292.3
7080352910,7080353610,74297789,7429778,630.9,746,4294.4
7080353000,7080353610,74297788,7429778,362.0,734,4294.6
7080438560,7080434420,74296499,7429649,1611.9,1500,4310.9
7080438290,7080434420,74296498,7429649,678.0,1442,4310.9
7080454950,7080452370,74296907,7429690,876.3,1469,4318.4
7080455060,7080452370,74296906,7429690,1285.2,1552,4318.6
7080508050,7080500550,74294977,7429497,2209.0,2651,4324.4
7080508040,7080500550,74294976,7429497,672.8,2673,4324.4
7080454220,7080454950,74296908,7429690,1031.0,1603,4358.9
7080454260,7080454950,74296909,7429690,748.8,1600,4358.9
7080518930,7080508050,74294978,7429497,518.8,2674,4397.9
7080518920,7080508050,74294979,7429497,28.7,2552,4398.1
7080349030,7080340280,74297851,7429785,1960.9,772,4464.9
7080362530,7080349030,74297852,7429785,321.3,833,4551.6
7080362710,7080349030,74297853,7429785,161.0,784,4551.7
7080365140,7080362710,74297855,7429785,316.4,807,4565.8
7080365310,7080362710,74297854,7429785,427.4,844,4566.0
7080368010,7080365140,74297857,7429785,2.5,758,4593.4
7080368140,7080365140,74297856,7429785,296.4,850,4593.6
7080367750,7080368010,74297859,7429785,1436.9,873,4595.0
7080368000,7080368010,74297858,7429785,740.3,885,4595.1
7080329740,7080328380,74299321,7429932,10.8,595,4648.3
7080330460,7080329910,74299341,7429934,324.5,669,4652.7
7080328780,7080329740,74299323,7429932,1057.3,712,4654.3
7080328770,7080329740,74299322,7429932,368.6,757,4654.3
7080334540,7080330460,74299342,7429934,702.5,729,4681.5
7080334630,7080330460,74299343,7429934,35.4,678,4681.5
7080335500,7080334630,74299344,7429934,284.8,712,4686.2
7080335670,7080334630,74299345,7429934,426.1,726,4686.4
7080339410,7080335670,74299346,7429934,313.6,770,4705.2
7080339490,7080335670,74299347,7429934,295.1,756,4705.4
7080317970,7080328780,74299324,7429932,2677.4,856,4715.3
7080317820,7080328780,74299325,7429932,569.2,761,4715.4
7080341650,7080339490,74299349,7429934,2788.1,822,4716.6
7080341340,7080339490,74299348,7429934,299.4,755,4716.8
7080385090,7080376620,74297891,7429789,1842.9,997,4751.4
7080384890,7080376620,74297881,7429788,271.5,938,4751.5
7080310490,7080317820,74299326,7429932,430.5,802,4752.2
7080310430,7080317820,74299327,7429932,26.0,752,4752.2
7080310140,7080310430,74299329,7429932,1964.1,816,4755.8
7080310050,7080310430,74299328,7429932,1505.0,863,4755.9
7080387500,7080384890,74297882,7429788,119.9,976,4770.0
7080387630,7080384890,74297883,7429788,858.6,1009,4770.2
7080330450,7080331020,74299411,7429941,217.9,701,4778.6
7080328880,7080330450,74299412,7429941,1888.7,855,4793.8
7080329060,7080330450,74299413,7429941,286.8,668,4793.9
7080332660,7080330560,74299521,7429952,1702.9,745,4797.1
7080394540,7080387630,74297884,7429788,254.7,1030,4815.8
7080394650,7080387630,74297885,7429788,236.3,1024,4815.9
7080327830,7080329060,74299415,7429941,39.7,661,4825.7
7080328070,7080329060,74299414,7429941,1418.8,728,4825.7
7080397490,7080394650,74297886,7429788,241.6,1035,4828.5
7080397630,7080394650,74297887,7429788,183.8,1039,4828.7
7080401690,7080385090,74297893,7429789,1378.2,1049,4833.8
7080401680,7080385090,74297892,7429789,369.3,1048,4833.8
7080327180,7080327830,74299416,7429941,354.4,773,4834.3
7080327170,7080327830,74299417,7429941,1604.4,732,4834.5
7080399800,7080397630,74297888,7429788,147.1,1039,4840.8
7080399910,7080397630,74297889,7429788,765.7,1080,4840.8
7080376990,7080373250,74298521,7429852,252.0,874,4855.7
7080344540,7080332660,74299522,7429952,866.0,810,4858.9
7080344530,7080332660,74299523,7429952,740.2,777,4859.1
7080381430,7080376990,74298523,7429852,1342.4,985,4877.2
7080381420,7080376990,74298522,7429852,120.0,921,4877.2
7080348520,7080344530,74299525,7429952,145.5,772,4884.1
7080348630,7080344530,74299524,7429952,3159.6,865,4884.3
7080410520,7080401690,74297894,7429789,450.1,1103,4887.3
7080410600,7080401690,74297895,7429789,10.5,1037,4887.4
7080321300,7080327170,74299418,7429941,3514.9,831,4891.6
7080411390,7080410600,74297896,7429789,559.6,1138,4891.7
7080411520,7080410600,74297897,7429789,331.5,1116,4891.7
7080321170,7080327170,74299419,7429941,1.7,657,4891.9
7080348360,7080348520,74299527,7429952,302.8,821,4903.6
7080348150,7080348520,74299526,7429952,382.3,827,4903.8
7080317960,7080321060,74299441,7429944,1012.8,811,4913.9
7080349470,7080348360,74299528,7429952,1007.8,910,4920.4
7080349360,7080348360,74299529,7429952,1594.3,894,4920.6
7080415700,7080411520,74297899,7429789,938.0,1246,4925.5
7080415610,7080411520,74297898,7429789,442.4,1178,4925.6
7080400050,7080392460,74298221,7429822,181.1,994,4928.6
7080317450,7080318120,74299471,7429947,904.1,793,4934.3
7080402990,7080400050,74298222,7429822,442.5,1077,4941.3
7080403130,7080400050,74298223,7429822,1499.7,1091,4941.4
7080394480,7080381430,74298525,7429852,98.8,1082,4944.0
7080394490,7080381430,74298524,7429852,201.1,1189,4944.0
7080396020,7080394480,74298527,7429852,1099.3,1245,4952.4
7080396030,7080394480,74298526,7429852,246.8,1224,4952.4
7080404490,7080396440,74298471,7429847,1007.6,1173,4960.2
7080317030,7080317450,74299472,7429947,2354.7,910,4966.2
7080317180,7080317450,74299473,7429947,1855.6,776,4966.3
7080380010,7080375720,74298611,7429861,92.0,881,4970.8
7080380970,7080380010,74298613,7429861,1182.5,1010,4984.3
7080380750,7080380010,74298612,7429861,585.1,979,4984.4
7080303100,7080317960,74299443,7429944,526.8,844,4997.5
7080302970,7080317960,74299442,7429944,301.0,900,4997.7
7080415270,7080403130,74298224,7429822,250.2,1178,5000.5
7080415370,7080403130,74298225,7429822,596.4,1176,5000.5
7080411170,7080404490,74298472,7429847,143.1,1180,5006.0
7080411250,7080404490,74298473,7429847,65.2,1113,5006.1
7080412570,7080411250,74298475,7429847,11.1,1081,5012.1
7080412650,7080411250,74298474,7429847,359.2,1248,5012.2
7080413170,7080412570,74298477,7429847,167.4,1252,5016.7
7080413330,7080412570,74298476,7429847,928.6,1284,5016.8
7080384450,7080380970,74298615,7429861,1506.5,1038,5022.0
7080384530,7080380970,74298614,7429861,675.8,1040,5022.1
7080413560,7080413170,74298478,7429847,161.0,1305,5024.9
7080413680,7080413170,74298479,7429847,137.4,1232,5024.9
7080421080,7080415370,74298227,7429822,260.2,1209,5025.2
7080420870,7080415370,74298226,7429822,836.5,1261,5025.2
7080392090,7080380580,74298741,7429874,489.4,1001,5026.7
7080321930,7080317180,74299475,7429947,3286.5,854,5029.7
7080322150,7080317180,74299474,7429947,1849.2,967,5029.7
7080299840,7080303100,74299444,7429944,660.2,880,5034.3
7080299730,7080303100,74299445,7429944,691.3,888,5034.4
7080361510,7080359540,74299651,7429965,36.0,847,5039.8
7080423980,7080421080,74298228,7429822,507.5,1272,5040.3
7080423970,7080421080,74298229,7429822,734.6,1316,5040.4
7080416580,7080414500,74298241,7429824,129.5,1188,5042.9
7080362690,7080361510,74299652,7429965,641.5,926,5045.9
7080362850,7080361510,74299653,7429965,864.4,933,5046.1
7080418270,7080416580,74298243,7429824,750.8,1271,5053.8
7080418160,7080416580,74298242,7429824,281.1,1250,5053.9
7080387400,7080384450,74298616,7429861,1561.0,1318,5055.1
7080387390,7080384450,74298617,7429861,806.2,1071,5055.2
7080399030,7080392090,74298742,7429874,251.7,1129,5062.8
7080399120,7080392090,74298743,7429874,398.7,1094,5063.0
7080404730,7080399120,74298744,7429874,450.8,1567,5088.1
7080404800,7080399120,74298745,7429874,0.4,1033,5088.2
7080404900,7080404800,74298746,7429874,517.2,1257,5088.6
7080404890,7080404800,74298747,7429874,171.4,1164,5088.8
7080393140,7080387390,74298619,7429861,172.7,1107,5089.9
7080392830,7080387390,74298618,7429861,1496.6,1243,5090.0
7080295900,7080299730,74299447,7429944,1440.0,998,5095.3
7080295660,7080299730,74299446,7429944,248.5,985,5095.3
7080370080,7080362850,74299655,7429965,119.2,975,5100.9
7080370190,7080362850,74299654,7429965,372.8,1063,5101.1
7080394850,7080393140,74298621,7429862,300.5,1185,5102.2
7080425450,7080418270,74298244,7429824,736.3,1949,5103.2
7080425570,7080418270,74298245,7429824,235.3,1376,5103.4
7080409830,7080404890,74298749,7429874,733.8,2034,5110.3
7080409840,7080404890,74298748,7429874,342.3,1514,5110.3
7080370630,7080370080,74299657,7429965,316.9,1056,5115.9
7080370750,7080370080,74299656,7429965,248.5,1117,5116.1
7080316140,7080321930,74299477,7429947,50.3,826,5116.9
7080316000,7080321930,74299476,7429947,4380.3,960,5116.9
7080398380,7080394850,74298622,7429862,1449.5,1983,5121.0
7080398390,7080394850,74298623,7429862,2127.8,1342,5121.1
7080316520,7080316140,74299479,7429947,2481.4,948,5123.3
7080316130,7080316140,74299478,7429947,2835.7,988,5123.3
7080430670,7080425570,74298247,7429824,263.4,1798,5130.6
7080430450,7080425570,74298246,7429824,306.3,2038,5130.6
7080371590,7080370630,74299659,7429965,249.3,1121,5137.1
7080371450,7080370630,74299658,7429965,646.9,1198,5137.1
7080431670,7080430670,74298248,7429824,168.9,2734,5153.7
7080431510,7080430670,74298249,7429824,103.1,2914,5153.9
7080395240,7080394720,74298651,7429865,362.5,1282,5157.3
7080395380,7080394720,74298641,7429864,330.0,1322,5157.4
7080416820,7080413670,74298801,7429880,446.3,1272,5165.0
7080398240,7080395380,74298643,7429864,502.6,1598,5176.1
7080398370,7080395380,74298642,7429864,1060.0,2284,5176.2
7080316340,7080316520,74299491,7429949,461.2,829,5179.8
7080392960,7080395240,74298653,7429865,508.2,1407,5182.4
7080392820,7080395240,74298652,7429865,409.8,1393,5182.5
7080417510,7080416820,74298803,7429880,522.1,1321,5188.3
7080417360,7080416820,74298802,7429880,965.8,1561,5188.3
7080412630,7080398390,74298625,7429862,1245.2,1981,5193.7
7080412640,7080398390,74298624,7429862,369.4,1372,5193.7
7080419320,7080417510,74298805,7429880,966.8,1459,5201.1
7080419450,7080417510,74298804,7429880,261.1,1414,5201.1
7080293500,7080295900,74299448,7429944,345.1,1141,5204.1
7080293620,7080295900,74299449,7429944,754.0,1104,5204.3
7080401070,7080398240,74298644,7429864,321.7,2390,5211.8
7080401170,7080398240,74298645,7429864,543.4,2634,5212.0
7080390810,7080392960,74298655,7429865,421.8,1591,5212.6
7080390820,7080392960,74298654,7429865,935.8,1628,5212.6
7080375650,7080373110,74299691,7429969,26.1,1160,5213.4
7080312020,7080316340,74299492,7429949,352.5,845,5217.3
7080311850,7080316340,74299493,7429949,3342.6,973,5217.4
7080428200,7080427170,74298921,7429892,52.7,1219,5217.6
7080376120,7080375650,74299693,7429969,554.6,1256,5219.3
7080376240,7080375650,74299692,7429969,892.6,1383,5219.5
7080388810,7080390810,74298657,7429865,324.8,1909,5225.9
7080388650,7080390810,74298656,7429865,396.7,1528,5226.1
7080388920,7080388810,74298659,7429865,1020.3,1582,5228.1
7080388940,7080388810,74298658,7429865,1370.2,2300,5228.1
7080429450,7080428200,74298923,7429892,795.7,1516,5229.5
7080429520,7080428200,74298922,7429892,121.1,1304,5229.7
7080448770,7080448230,74298291,7429829,444.1,1539,5233.3
7080418930,7080412630,74298626,7429862,420.7,2561,5248.3
7080418650,7080412630,74298627,7429862,217.3,2479,5248.4
7080333810,7080339330,74299911,7429991,324.8,918,5252.6
7080425440,7080419320,74298807,7429880,401.9,1807,5256.3
7080425560,7080419320,74298806,7429880,255.0,1817,5256.5
7080453340,7080448770,74298293,7429829,936.5,1667,5259.0
7080453330,7080448770,74298292,7429829,245.6,1759,5259.0
7080373170,7080376120,74299695,7429969,788.9,1524,5269.6
7080373180,7080376120,74299694,7429969,451.2,1639,5269.6
7080416710,7080418650,74298629,7429862,644.3,2737,5270.4
7080416970,7080418650,74298628,7429862,461.0,2624,5270.4
7080427480,7080425440,74298808,7429880,2201.5,2545,5277.5
7080427600,7080425440,74298809,7429880,1701.6,2609,5277.6
7080336210,7080333810,74299913,7429991,474.9,942,5279.1
7080336310,7080333810,74299912,7429991,492.2,1117,5279.2
7080392940,7080388920,74298671,7429867,528.3,1684,5282.6
7080372590,7080373170,74299697,7429969,751.0,1674,5300.6
7080372840,7080373170,74299696,7429969,274.0,1762,5300.6
7080435020,7080429450,74298924,7429892,160.3,2308,5305.4
7080435110,7080429450,74298925,7429892,163.8,1945,5305.5
7080460260,7080453340,74298295,7429829,182.6,1775,5305.9
7080460060,7080453340,74298294,7429829,204.1,1953,5306.1
7080398350,7080392940,74298672,7429867,235.5,1888,5308.5
7080398360,7080392940,74298673,7429867,295.9,2146,5308.6
7080461170,7080460260,74298297,7429829,229.0,1750,5313.6
7080461160,7080460260,74298296,7429829,240.2,1819,5313.6
7080437270,7080435110,74298927,7429892,1025.5,2732,5319.0
7080437360,7080435110,74298926,7429892,544.1,2767,5319.1
7080437140,7080435110,74298928,7429892,111.2,2323,5319.1
7080371220,7080372590,74299698,7429969,719.9,1872,5321.2
7080371130,7080372590,74299699,7429969,646.8,1791,5321.4
7080401500,7080398360,74298675,7429867,1496.8,2175,5324.8
7080401660,7080398360,74298674,7429867,423.2,2400,5324.9
7080340210,7080336210,74299915,7429991,279.6,1019,5325.1
7080340270,7080336210,74299914,7429991,328.5,1277,5325.3
7080342470,7080340210,74299916,7429991,2075.1,1561,5335.6
7080342460,7080340210,74299917,7429991,38.1,980,5335.7
7080343170,7080342460,74299919,7429991,146.7,1035,5341.4
7080343240,7080342460,74299918,7429991,232.4,1200,5341.4
7080464920,7080461170,74298299,7429829,318.5,1891,5344.7
7080465100,7080461170,74298298,7429829,354.4,1954,5344.9
7080323170,7080325080,74299871,7429987,509.6,991,5364.3
7080303750,7080311850,74299494,7429949,556.8,1069,5372.6
7080303460,7080311850,74299495,7429949,529.9,1004,5372.7
7080412090,7080401500,74298677,7429867,389.0,2338,5388.7
7080412250,7080401500,74298676,7429867,520.4,2420,5388.9
7080303210,7080303460,74299497,7429949,437.7,1110,5396.2
7080303450,7080303460,74299496,7429949,593.4,1172,5396.2
7080347030,7080345260,74299951,7429995,1430.4,1177,5405.4
7080413660,7080412090,74298679,7429867,60.6,2147,5411.8
7080413440,7080412090,74298678,7429867,388.9,2567,5411.9
7080322530,7080323170,74299872,7429987,949.1,1183,5416.8
7080322300,7080323170,74299873,7429987,45.6,991,5416.9
7080415100,7080413660,74298691,7429869,1019.5,2494,5420.9
7080465480,7080462550,74298991,7429899,512.0,1676,5425.9
7080465760,7080462550,74298981,7429898,20.1,1525,5425.9
7080321550,7080322300,74299875,7429987,143.0,1029,5426.2
7080321460,7080322300,74299874,7429987,1105.8,1069,5426.2
7080466350,7080465760,74298983,7429898,1103.2,1857,5430.6
7080466340,7080465760,74298982,7429898,3796.2,2269,5430.6
7080302400,7080303210,74299498,7429949,1190.7,1279,5443.1
7080302480,7080303210,74299499,7429949,1268.3,1392,5443.2
7080321040,7080321550,74299876,7429987,286.8,1113,5443.8
7080320920,7080321550,74299877,7429987,211.0,1076,5443.9
7080319260,7080320920,74299881,7429988,15.1,1090,5469.5
7080354090,7080347030,74299953,7429995,2145.7,1517,5475.0
7080353980,7080347030,74299952,7429995,1405.1,1505,5475.1
7080320560,7080319260,74299883,7429988,200.1,1175,5475.9
7080320710,7080319260,74299882,7429988,1493.3,1394,5476.1
7080425990,7080415100,74298693,7429869,121.0,2493,5480.4
7080425770,7080415100,74298692,7429869,177.0,2535,5480.5
7080460050,7080465480,74298993,7429899,67.3,1799,5483.1
7080459930,7080465480,74298992,7429899,525.3,2120,5483.3
7080426900,7080425990,74298695,7429869,87.3,2541,5484.6
7080426890,7080425990,74298694,7429869,410.3,2426,5484.6
7080428550,7080426900,74298697,7429869,610.9,2656,5490.8
7080428540,7080426900,74298696,7429869,232.8,2513,5490.8
7080459330,7080460050,74298994,7429899,559.8,2961,5493.7
7080459120,7080460050,74298995,7429899,1547.2,2513,5493.9
7080319130,7080320560,74299885,7429988,241.2,1271,5513.8
7080319400,7080320560,74299884,7429988,685.1,1589,5513.9
7080435820,7080428550,74298698,7429869,496.0,2885,5534.6
7080435810,7080428550,74298699,7429869,362.8,2867,5534.8
7080364570,7080354090,74299954,7429995,1641.2,1549,5539.3
7080364580,7080354090,74299955,7429995,3667.6,1557,5539.4
7080320910,7080319130,74299887,7429988,92.3,1404,5544.0
7080321030,7080319130,74299886,7429988,100.4,1541,5544.2
7080454460,7080459120,74298997,7429899,432.4,2814,5544.8
7080454340,7080459120,74298996,7429899,1107.9,2779,5544.9
7080321540,7080320910,74299889,7429988,267.1,1722,5561.6
7080321360,7080320910,74299888,7429988,320.2,1772,5561.6
7080452720,7080454460,74298999,7429899,945.0,2702,5564.2
7080452630,7080454460,74298998,7429899,311.6,2681,5564.3
7080381390,7080364580,74299957,7429995,245.1,1423,5643.9
7080381250,7080364580,74299956,7429995,1368.1,1754,5644.1
7080386120,7080381390,74299959,7429995,6.7,1309,5668.6
7080386260,7080381390,74299958,7429995,4797.6,1999,5668.8
7080386370,7080386120,74299961,7429996,3158.9,1993,5669.5
7080386360,7080386120,74299971,7429997,26.2,1300,5669.7
7080387180,7080386360,74299972,7429997,583.1,1716,5674.7
7080386780,7080386360,74299973,7429997,822.9,1628,5674.9
7080388770,7080386780,74299975,7429997,106.3,1469,5718.9
7080388610,7080386780,74299974,7429997,1961.3,1886,5719.1
7080388760,7080388770,74299976,7429997,942.7,1815,5729.7
7080388890,7080388770,74299977,7429997,944.9,1778,5729.9
7080397610,7080388890,74299979,7429997,106.7,1830,5775.1
7080397780,7080388890,74299978,7429997,2634.0,2085,5775.4
7080416240,7080386370,74299963,7429996,558.7,2394,5805.8
7080416230,7080386370,74299962,7429996,534.6,2338,5805.8
7080418760,7080416240,74299965,7429996,11.3,2003,5844.3
7080418580,7080416240,74299964,7429996,656.8,2284,5844.3
7080420300,7080418760,74299967,7429996,142.3,2132,5850.0
7080420440,7080418760,74299966,7429996,399.5,2260,5850.1
7080423170,7080420300,74299969,7429996,346.0,2404,5889.4
7080423270,7080420300,74299968,7429996,717.2,2436,5889.5
7080694700,7080698930,75216601,7521660,92.5,1089,1615.5
7080693730,7080694700,75216603,7521660,745.7,1323,1627.9
7080693590,7080694700,75216602,7521660,1358.8,1435,1627.9
7080694850,7080693730,75216605,7521660,333.0,1849,1718.0
7080694910,7080693730,75216604,7521660,367.7,1931,1718.1
7080694080,7080694850,75216606,7521660,753.1,2201,1730.0
7080694010,7080694850,75216607,7521660,193.5,2004,1730.0
7080674600,7080680280,75216951,7521695,275.3,1265,1747.6
7080691440,7080694010,75216609,7521660,235.1,2302,1756.8
7080691310,7080694010,75216608,7521660,325.9,2095,1756.8
7080671880,7080674600,75216953,7521695,55.8,1299,1766.7
7080671710,7080674600,75216952,7521695,325.9,1395,1766.7
7080671020,7080671880,75216955,7521695,175.5,1313,1773.1
7080670950,7080671880,75216954,7521695,350.5,1391,1773.2
7080669450,7080671020,75216956,7521695,888.4,1475,1792.9
7080669460,7080671020,75216957,7521695,16.7,1313,1793.1
7080668460,7080669460,75216959,7521695,956.9,1448,1799.1
7080668470,7080669460,75216958,7521695,811.7,1448,1799.1
7080655850,7080662660,75216991,7521699,292.7,1623,1912.0
7080655740,7080655850,75216993,7521699,139.0,1679,1932.7
7080655970,7080655850,75216992,7521699,1102.3,1980,1932.7
7080654280,7080655740,75216995,7521699,622.3,1962,1949.0
7080654090,7080655740,75216994,7521699,737.8,2043,1949.0
7080650110,7080654280,75216997,7521699,559.4,2439,1997.1
7080650020,7080654280,75216996,7521699,335.0,2601,1997.1
7080642420,7080650110,75216998,7521699,139.6,3142,2049.2
7080642330,7080650110,75216999,7521699,202.7,3143,2049.2
7080675980,7080679300,75219201,7521920,232.7,1644,2095.6
7080674910,7080675980,75219203,7521920,557.7,1900,2121.7
7080675050,7080675980,75219202,7521920,758.5,2037,2121.7
7080672140,7080674910,75219204,7521920,429.1,1952,2155.3
7080672250,7080674910,75219205,7521920,505.8,2043,2155.5
7080662640,7080669160,75219461,7521946,415.4,1782,2176.5
7080671850,7080672250,75219207,7521920,152.3,2214,2181.2
7080671690,7080672250,75219206,7521920,224.2,2141,2181.4
7080671490,7080671850,75219208,7521920,226.8,2234,2186.5
7080671600,7080671850,75219209,7521920,545.2,2273,2186.7
7080660790,7080662640,75219463,7521946,2631.9,2139,2204.7
7080661030,7080662640,75219462,7521946,1180.5,1989,2204.7
7080648070,7080651230,75219591,7521959,277.3,1975,2266.1
7080646570,7080648070,75219592,7521959,655.6,2081,2274.7
7080646430,7080648070,75219593,7521959,714.2,2080,2274.7
7080657170,7080660790,75219464,7521946,680.3,2240,2277.7
7080656880,7080660790,75219465,7521946,408.5,2229,2277.8
7080646560,7080662650,75219481,7521948,52.6,2018,2279.5
7080645930,7080646560,75219483,7521948,324.6,2143,2285.4
7080645830,7080646560,75219482,7521948,1275.1,2056,2285.4
7080654580,7080656880,75219466,7521946,657.5,2237,2294.2
7080654570,7080656880,75219467,7521946,257.3,2218,2294.4
7080645390,7080645930,75219485,7521948,136.1,2004,2302.2
7080645140,7080645930,75219484,7521948,574.6,2063,2302.2
7080653410,7080654570,75219469,7521946,602.2,2447,2307.6
7080653320,7080654570,75219468,7521946,802.5,2219,2307.8
7080640940,7080646430,75219594,7521959,188.2,1966,2310.9
7080640910,7080646430,75219595,7521959,288.4,2154,2311.1
7080646620,7080645390,75219487,7521948,10.2,2011,2314.4
7080646760,7080645390,75219486,7521948,463.1,2346,2314.7
7080647020,7080646620,75219489,7521948,510.1,2137,2318.4
7080647080,7080646620,75219488,7521948,193.2,2131,2318.4
7080639420,7080640910,75219597,7521959,264.6,2149,2320.3
7080639500,7080640910,75219596,7521959,513.7,2282,2320.5
7080637270,7080639420,75219599,7521959,43.5,1833,2332.4
7080637450,7080639420,75219598,7521959,483.9,2563,2332.6
7080636470,7080637270,75219601,7521960,122.1,1947,2336.0
7080634440,7080636470,75219603,7521960,1872.6,2331,2348.3
7080634450,7080636470,75219602,7521960,1511.0,2422,2348.3
7080628820,7080636480,75219731,7521973,184.7,2139,2391.7
7080630380,7080634440,75219605,7521960,263.5,2298,2394.1
7080630610,7080634440,75219604,7521960,536.7,2489,2394.1
7080625320,7080628820,75219733,7521973,347.2,2603,2409.8
7080625310,7080628820,75219732,7521973,296.5,2308,2409.8
7080628240,7080630380,75219606,7521960,729.9,2362,2415.1
7080628070,7080630380,75219607,7521960,2173.9,2341,2415.1
7080621170,7080625320,75219734,7521973,485.3,2956,2430.0
7080621010,7080625320,75219735,7521973,1260.9,2448,2430.1
7080612810,7080621010,75219736,7521973,994.6,2789,2473.9
7080612670,7080621010,75219737,7521973,548.3,2392,2474.0
7080618460,7080628070,75219608,7521960,577.6,2846,2476.9
7080618650,7080628070,75219609,7521960,447.2,2976,2477.1
7080608150,7080612670,75219738,7521973,994.6,2823,2501.6
7080608000,7080612670,75219739,7521973,138.8,2343,2501.7
7080602110,7080602560,75219801,7521980,794.1,2481,2532.3
7080602100,7080602560,75219901,7521990,5.1,2293,2532.4
7080601580,7080602100,75219903,7521990,1810.9,2691,2535.5
7080601850,7080602100,75219902,7521990,883.3,2507,2535.5
7080597460,7080602110,75219802,7521980,308.4,2649,2562.3
7080597410,7080602110,75219803,7521980,0.8,2295,2562.3
7080597180,7080597410,75219805,7521980,528.1,2311,2563.4
7080597190,7080597410,75219804,7521980,217.3,2726,2563.4
7080594130,7080597180,75219807,7521980,158.0,2312,2582.5
7080594140,7080597180,75219806,7521980,1892.6,2720,2582.5
7080592830,7080594130,75219808,7521980,1682.9,2585,2588.9
7080592780,7080594130,75219809,7521980,1933.6,2886,2589.0
7080597080,7080601580,75219905,7521990,139.9,2973,2633.4
7080597160,7080601580,75219904,7521990,542.0,3176,2633.4
7080595320,7080597080,75219906,7521990,237.4,3270,2654.8
7080595100,7080597080,75219907,7521990,946.0,3245,2655.0
7080595210,7080595100,75219908,7521990,366.3,3361,2698.7
7080595090,7080595100,75219909,7521990,669.0,3443,2698.9
7080059990,0,72301001,7230100,343.3,247,0.0
7080060020,0,72301002,7230100,818.5,298,0.0
7080060030,0,72301003,7230100,2375.7,310,0.0
7080060160,0,72301004,7230100,615.2,341,0.0
7080060170,0,72301005,7230100,449.2,245,0.0
7080060200,0,72301006,7230100,809.2,329,0.0
7080060210,0,72301007,7230100,26.4,60,0.0
7080060220,0,72301008,7230100,809.1,243,0.0
7080060230,0,72301009,7230100,2187.7,249,0.0
7080060310,0,72302001,7230200,968.9,200,0.0
7080300060,7080060310,72302002,7230200,2120.9,323,58.3
7080300200,7080060310,72302003,7230200,100.1,96,58.5
7080301790,7080300200,72302005,7230200,27.3,119,74.6
7080301800,7080300200,72302004,7230200,1717.8,275,74.8
7080303140,7080301790,72302006,7230200,539.7,415,81.2
7080303190,7080301790,72302007,7230200,492.4,320,81.3
7080307910,7080303190,72302009,7230200,1078.8,345,111.0
7080308060,7080303190,72302008,7230200,660.7,389,111.1
7080060550,0,72303031,7230303,252.6,67,0.0
7080060560,0,72303032,7230303,852.1,260,0.0
7080060570,0,72303033,7230303,132.1,38,0.0
7080060590,0,72303034,7230303,645.4,269,0.0
7080060600,0,72303035,7230303,4384.4,92,0.0
7080060840,0,72303036,7230303,741.1,87,0.0
7080060850,0,72303037,7230303,1294.8,111,0.0
7080060940,0,72303038,7230303,746.3,277,0.0
7080060950,0,72303039,7230303,2234.2,316,0.0
7080061330,0,72303091,7230309,17.1,56,0.0
7080061350,0,72303092,7230309,483.7,246,0.0
7080061360,0,72303093,7230309,6.6,44,0.0
7080061370,0,72303094,7230309,691.6,234,0.0
7080061380,0,72303095,7230309,295.2,60,0.0
7080061390,0,72303096,7230309,295.0,139,0.0
7080061400,0,72303097,7230309,655.9,108,0.0
7080061420,0,72303098,7230309,272.5,169,0.0
7080061430,0,72303099,7230309,1092.1,84,0.0
7080311350,7080310240,72304091,7230409,36.8,195,121.9
7080311480,7080311350,72304093,7230409,573.7,269,126.1
7080311340,7080311350,72304092,7230409,371.8,347,126.2
7080315960,7080311480,72304095,7230409,215.6,320,163.4
7080315870,7080311480,72304094,7230409,429.9,429,163.5
7080316890,7080315960,72304096,7230409,413.8,409,173.1
7080317130,7080315960,72304097,7230409,694.2,364,173.2
7080327710,7080317130,72304099,7230409,179.7,453,249.8
7080327790,7080317130,72304098,7230409,176.7,451,250.0
7080061520,0,72305001,7230500,31.7,74,0.0
7080061530,0,72305002,7230500,388.3,217,0.0
7080061540,0,72305003,7230500,620.5,50,0.0
7080061560,0,72305004,7230500,309.1,115,0.0
7080061570,0,72305005,7230500,852.0,29,0.0
7080061600,0,72305006,7230500,359.9,52,0.0
7080061610,0,72305007,7230500,189.4,37,0.0
7080061620,0,72306001,7230600,1013.9,77,0.0
7080307040,7080061620,72306003,7230600,12.4,47,55.8
7080307050,7080061620,72306002,7230600,655.5,112,55.8
7080308210,7080307040,72306004,7230600,1013.4,201,59.6
7080308200,7080307040,72306005,7230600,632.4,162,59.7
7080315710,7080308200,72306006,7230600,351.4,211,114.3
7080315470,7080308200,72306007,7230600,396.3,164,114.4
7080318740,7080315470,72306009,7230600,763.6,225,140.2
7080318750,7080315470,72306008,7230600,355.3,202,140.2
7080061630,0,72307101,7230710,702.7,34,0.0
7080061670,0,72307102,7230710,433.6,72,0.0
7080061680,0,72307103,7230710,181.5,31,0.0
7080061690,0,72307104,7230710,418.1,68,0.0
7080061700,0,72307105,7230710,807.5,46,0.0
7080061760,0,72307106,7230710,565.0,75,0.0
7080061770,0,72307107,7230710,387.0,51,0.0
7080061780,0,72307108,7230710,408.9,62,0.0
7080061790,0,72307109,7230710,308.2,118,0.0
7080061930,0,72307551,7230755,8705.9,106,0.0
7080062290,0,72307552,7230755,252.0,149,0.0
7080062300,0,72307553,7230755,1248.4,117,0.0
7080062400,0,72307554,7230755,293.0,138,0.0
7080062410,0,72307555,7230755,5.3,47,0.0
7080062420,0,72307556,7230755,260.3,136,0.0
7080062430,0,72307557,7230755,289.3,96,0.0
7080062460,0,72307558,7230755,297.4,85,0.0
7080062470,0,72307559,7230755,2627.0,121,0.0
7080063240,0,72309091,7230909,220.4,112,0.0
7080063250,0,72309092,7230909,323.6,336,0.0
7080063260,0,72309093,7230909,670.9,213,0.0
7080063320,0,72309094,7230909,578.9,420,0.0
7080063330,0,72309095,7230909,252.2,171,0.0
7080063340,0,72309096,7230909,372.4,385,0.0
7080063350,0,72309097,7230909,254.4,207,0.0
7080063360,0,72309098,7230909,297.3,344,0.0
7080063370,0,72309099,7230909,625.6,214,0.0
7080064150,0,72600031,7260003,1001.2,112,0.0
7080064210,0,72600032,7260003,1152.9,243,0.0
7080064220,0,72600033,7260003,3228.9,287,0.0
7080064450,0,72600034,7260003,328.2,267,0.0
7080064460,0,72600035,7260003,2889.4,78,0.0
7080064600,0,72600036,7260003,620.7,59,0.0
7080064610,0,72600037,7260003,1597.4,41,0.0
7080064710,0,72600038,7260003,355.9,101,0.0
7080511170,7080511710,77381801,7738180,414.0,1361,52.0
7080513360,7080512920,77381671,7738167,340.6,1292,55.7
7080515230,7080513360,77381672,7738167,246.6,1307,80.0
7080515240,7080513360,77381673,7738167,478.7,1395,80.2
7080517750,7080515240,77381675,7738167,303.5,1533,94.6
7080517530,7080515240,77381674,7738167,249.4,1765,94.6
7080510230,7080511170,77381803,7738180,550.7,1867,97.3
7080510110,7080511170,77381802,7738180,888.0,2033,97.3
7080522720,7080517750,77381676,7738167,319.9,2001,125.4
7080522810,7080517750,77381677,7738167,24.5,1317,125.6
7080523560,7080522810,77381678,7738167,304.6,2294,129.5
7080523620,7080522810,77381679,7738167,1440.8,1744,129.7
7080514710,7080510230,77381805,7738180,154.8,1982,138.7
7080514800,7080510230,77381804,7738180,629.5,2100,138.8
7080514450,7080514710,77381806,7738180,573.2,2176,154.1
7080514580,7080514710,77381807,7738180,695.9,2038,154.3
7080518140,7080514580,77381808,7738180,659.0,2302,174.7
7080518190,7080514580,77381809,7738180,1106.9,2409,174.9
7080534010,7080523620,77381681,7738168,30.8,1401,181.8
7080535020,7080534010,77381683,7738168,97.5,1456,187.6
7080535030,7080534010,77381682,7738168,2724.5,2047,187.6
7080537110,7080535020,77381685,7738168,397.4,1518,197.2
7080537100,7080535020,77381684,7738168,146.5,1488,197.3
7080543070,7080537110,77381687,7738168,307.1,1826,223.4
7080543060,7080537110,77381686,7738168,190.6,1728,223.4
7080546870,7080543070,77381688,7738168,225.2,1847,247.6
7080546880,7080543070,77381689,7738168,228.9,2202,247.7
7080482360,7080474260,77381991,7738199,478.4,1981,353.2
7080485740,7080482360,77381993,7738199,146.2,2022,400.3
7080485600,7080482360,77381992,7738199,625.8,2158,400.4
7080488750,7080485740,77381995,7738199,554.5,2022,420.4
7080488490,7080485740,77381994,7738199,730.3,2382,420.4
7080495300,7080488750,77381996,7738199,695.3,2183,453.8
7080495290,7080488750,77381997,7738199,1391.1,2141,453.9
7080502320,7080495290,77381998,7738199,556.7,2068,494.5
7080502140,7080495290,77381999,7738199,2344.6,2391,494.7
7080545860,7080073630,77340121,7734012,1.5,1182,0.3
7080546070,7080545860,77340123,7734012,59.6,1182,1.3
7080545870,7080545860,77340122,7734012,443.4,1275,1.5
7080547630,7080546070,77340124,7734012,2206.6,1304,11.6
7080547700,7080546070,77340125,7734012,1411.0,1328,11.6
7080558340,7080547700,77340127,7734012,1481.0,1661,115.4
7080558440,7080547700,77340126,7734012,398.3,1696,115.5
7080565950,7080558340,77340129,7734012,1513.9,2133,193.2
7080566050,7080558340,77340128,7734012,390.7,2116,193.3
7080514880,7080518300,77340141,7734014,415.6,1430,234.8
7080510440,7080514880,77340143,7734014,346.1,1484,258.9
7080510320,7080514880,77340142,7734014,1284.8,1708,259.0
7080505800,7080510440,77340145,7734014,337.2,1556,302.1
7080505900,7080510440,77340144,7734014,388.2,1552,302.2
7080520770,7080520400,77340161,7734016,233.1,1503,313.0
7080504500,7080505800,77340147,7734014,111.6,1615,319.6
7080504490,7080505800,77340146,7734014,590.6,1826,319.8
7080524170,7080520830,77340191,7734019,955.1,1614,332.7
7080502500,7080504500,77340149,7734014,865.0,1699,333.6
7080502620,7080504500,77340148,7734014,333.1,1895,333.8
7080522790,7080520770,77340162,7734016,868.8,1614,351.1
7080522710,7080520770,77340163,7734016,323.6,1656,351.2
7080525480,7080524170,77340193,7734019,276.6,1639,385.8
7080525630,7080524170,77340192,7734019,2781.9,1743,385.8
7080517800,7080522710,77340164,7734016,154.3,1631,392.4
7080517730,7080522710,77340165,7734016,126.4,1603,392.6
7080517110,7080517730,77340166,7734016,392.0,1743,395.3
7080516970,7080517730,77340167,7734016,376.3,1674,395.3
7080525290,7080525480,77340194,7734019,2589.6,1888,413.4
7080525220,7080525480,77340195,7734019,2009.5,1815,413.6
7080512000,7080516970,77340168,7734016,420.3,1842,419.3
7080511850,7080516970,77340169,7734016,521.5,1835,419.3
7080521210,7080525220,77340197,7734019,753.2,1766,455.0
7080521430,7080525220,77340196,7734019,3346.8,1925,455.0
7080518030,7080521210,77340198,7734019,2579.7,1935,497.1
7080518120,7080521210,77340199,7734019,4351.0,1919,497.3
7080561290,7080073650,77383201,7738320,1202.2,1589,36.2
7080573780,7080561290,77383202,7738320,859.3,1850,122.6
7080573890,7080561290,77383203,7738320,631.9,1713,122.7
7080580220,7080573890,77383205,7738320,3.7,1521,154.3
7080580380,7080573890,77383204,7738320,1517.4,2189,154.3
7080580610,7080580220,77383207,7738320,1736.8,1691,156.2
7080580370,7080580220,77383206,7738320,262.3,1808,156.2
7080566130,7080561680,77383791,7738379,102.7,1918,236.3
7080567070,7080566130,77383793,7738379,195.1,1912,241.0
7080567080,7080566130,77383792,7738379,272.6,2266,241.0
7080592630,7080580610,77383209,7738320,1780.5,2102,241.4
7080592770,7080580610,77383208,7738320,373.3,2316,241.5
7080569130,7080567070,77383794,7738379,126.4,2170,254.3
7080569220,7080567070,77383795,7738379,621.4,2070,254.5
7080573190,7080569220,77383796,7738379,255.4,2379,280.9
7080572950,7080569220,77383797,7738379,176.8,1975,281.0
7080575170,7080572950,77383798,7738379,438.5,2360,297.6
7080575280,7080572950,77383799,7738379,787.3,2352,297.8
7080583850,7080575280,77383801,7738380,170.8,2282,341.7
7080583840,7080575280,77383901,7738390,836.7,2324,341.9
7080585480,7080583850,77383803,7738380,174.6,2441,361.5
7080585380,7080583850,77383802,7738380,981.2,2439,361.7
7080587280,7080585480,77383804,7738380,263.4,2788,371.4
7080587350,7080585480,77383805,7738380,858.9,2541,371.4
7080590130,7080583840,77383902,7738390,140.9,2304,383.8
7080590240,7080583840,77383903,7738390,324.5,2247,383.8
7080593300,7080590240,77383905,7738390,603.2,2319,397.4
7080593290,7080590240,77383904,7738390,323.5,2595,397.4
7080593750,7080587350,77383806,7738380,127.7,2595,409.8
7080593890,7080587350,77383807,7738380,566.1,2470,409.8
7080598280,7080593300,77383907,7738390,154.9,2338,427.8
7080598090,7080593300,77383906,7738390,272.8,2685,427.8
7080599070,7080598280,77383909,7738390,202.1,2782,435.4
7080599230,7080598280,77383908,7738390,149.8,2474,435.4
7080635900,7080635890,77440141,7744014,33.1,57,12.2
7080636080,7080635900,77440143,7744014,6.5,57,17.9
7080636170,7080635900,77440142,7744014,3078.2,312,17.9
7080635910,7080636080,77440144,7744014,1778.4,192,20.7
7080636090,7080636080,77440145,7744014,126.0,67,20.9
7080635790,7080636090,77440146,7744014,1377.8,940,32.1
7080635660,7080636090,77440147,7744014,1825.0,482,32.4
7080626190,7080635660,77440148,7744014,363.7,1481,114.0
7080626200,7080635660,77440149,7744014,715.6,2120,114.2
7080644850,7080649730,77440191,7744019,1042.5,1793,242.0
7080633810,7080644850,77440192,7744019,341.4,2419,304.8
7080633820,7080644850,77440193,7744019,10.6,1747,304.9
7080633740,7080633820,77440194,7744019,143.3,2334,308.4
7080633380,7080633820,77440195,7744019,346.6,2466,308.6
7080628670,7080633380,77440196,7744019,183.3,2987,337.5
7080628560,7080633380,77440197,7744019,115.3,2908,337.5
7080626370,7080628560,77440198,7744019,135.3,3173,348.5
7080626290,7080628560,77440199,7744019,454.4,3367,348.6
7080073710,7080008710,77200011,7720001,4.1,-71,0.0
7080695280,7080073710,77200013,7720001,0.2,-71,0.3
7080695160,7080073710,77200012,7720001,5683.2,628,0.3
7080695290,7080695280,77200015,7720001,0.3,-71,0.7
7080695340,7080695280,77200014,7720001,5050.2,562,0.7
7080695300,7080695290,77200017,7720001,2017.9,235,1.1
7080695350,7080695290,77200016,7720001,3814.3,205,1.1
7080700570,7080695300,77200018,7720001,982.4,178,51.5
7080700720,7080695300,77200019,7720001,2874.0,48,51.5
7080502410,7080502490,77350691,7735069,114.7,1288,146.1
7080504880,7080502410,77350692,7735069,841.3,1497,164.6
7080504730,7080502410,77350693,7735069,527.8,1440,164.8
7080499190,7080504730,77350694,7735069,285.4,1663,194.4
7080499200,7080504730,77350695,7735069,1166.9,1588,194.6
7080491920,7080499200,77350696,7735069,419.9,1808,235.5
7080491830,7080499200,77350697,7735069,2.5,1345,235.7
7080491560,7080491830,77350699,7735069,1051.0,1604,237.3
7080491550,7080491830,77350698,7735069,616.1,1780,237.3
7080445500,7080444650,78290091,7829009,410.1,1516,41.7
7080451200,7080445500,78290093,7829009,995.1,1661,66.3
7080451300,7080445500,78290092,7829009,381.1,1558,66.4
7080451600,7080451200,78290094,7829009,554.7,1766,108.2
7080451370,7080451200,78290095,7829009,589.9,2093,108.3
7080444510,7080451370,78290097,7829009,715.5,2219,138.5
7080444770,7080451370,78290096,7829009,667.6,2244,138.5
7080438420,7080444510,78290099,7829009,1293.1,2581,189.8
7080438250,7080444510,78290098,7829009,371.7,2283,189.9
7080457230,7080073780,77360521,7736052,53.1,1248,0.2
7080457380,7080457230,77360523,7736052,421.2,1277,6.8
7080457480,7080457230,77360522,7736052,2092.2,1628,6.8
7080459780,7080457380,77360525,7736052,328.3,1307,32.4
7080459890,7080457380,77360524,7736052,395.4,1463,32.5
7080458520,7080459780,77360526,7736052,2036.5,1459,46.9
7080458400,7080459780,77360527,7736052,848.2,1376,47.1
7080452330,7080458400,77360529,7736052,766.9,1543,91.1
7080452490,7080458400,77360528,7736052,428.7,1412,91.1
7080073850,7080049270,75210511,7521051,354.8,1366,0.0
7080707520,7080073850,75210512,7521051,778.5,1480,3.6
7080707440,7080073850,75210513,7521051,944.1,1425,3.7
7080701950,7080707440,75210515,7521051,67.5,1198,37.4
7080701890,7080707440,75210514,7521051,462.7,1579,37.5
7080701960,7080701950,75210517,7521051,1180.2,1407,49.8
7080701970,7080701950,75210516,7521051,2261.6,1679,50.0
7080695510,7080701960,75210519,7521051,2520.4,1750,93.1
7080695440,7080701960,75210518,7521051,468.8,1520,93.3
7080073860,7080192560,71220011,7122001,628.9,574,0.0
7080230190,7080073860,71220013,7122001,1417.8,547,0.3
7080230410,7080073860,71220012,7122001,1428.9,551,0.3
7080230180,7080073860,71220014,7122001,1338.3,547,0.3
7080228950,7080230190,71220015,7122001,66.0,519,23.3
7080229120,7080228950,71220017,7122001,1.1,513,29.5
7080229280,7080228950,71220016,7122001,1714.8,616,29.6
7080229130,7080229120,71220019,7122001,1328.4,579,30.4
7080229020,7080229120,71220018,7122001,760.8,546,30.5
7080073880,7080194860,71240011,7124001,1163.4,649,0.0
7080220080,7080073880,71240012,7124001,428.1,702,71.9
7080220070,7080073880,71240013,7124001,813.0,693,72.0
7080226830,7080220070,71240014,7124001,1436.9,760,132.5
7080226970,7080220070,71240015,7124001,2598.9,733,132.6
7080238180,7080226970,71240017,7124001,592.5,765,256.7
7080238320,7080226970,71240016,7124001,393.8,784,256.8
7080231930,7080238180,71240019,7124001,505.9,788,290.0
7080231920,7080238180,71240018,7124001,363.9,789,290.0
7080073920,0,77350101,7735010,1028.2,1385,0.0
7080542060,7080073920,77350102,7735010,751.8,1620,14.7
7080542070,7080073920,77350103,7735010,1899.3,1535,14.8
7080552870,7080542070,77350105,7735010,691.4,1872,114.3
7080552960,7080542070,77350104,7735010,524.3,1840,114.3
7080556000,7080552870,77350106,7735010,439.1,2046,169.3
7080556210,7080552870,77350107,7735010,530.2,2049,169.4
7080561100,7080556210,77350108,7735010,312.1,2085,205.8
7080561280,7080556210,77350109,7735010,986.5,2146,206.0
7080074020,0,77350801,7735080,5814.8,1620,0.0
7080074120,0,77350302,7735030,4889.1,1559,0.0
7080074150,0,77360301,7736030,2.1,1361,0.0
7080472840,7080074150,77360302,7736030,623.6,1495,0.2
7080472900,7080074150,77360303,7736030,137.3,1432,0.2
7080475580,7080472900,77360304,7736030,863.0,1545,13.4
7080475700,7080472900,77360305,7736030,478.2,1530,13.6
7080481170,7080475700,77360307,7736030,462.5,1610,44.7
7080481000,7080475700,77360306,7736030,465.3,1787,44.8
7080484850,7080481170,77360308,7736030,742.5,1838,65.6
7080484970,7080481170,77360309,7736030,840.9,1680,65.8
7080074640,0,77370301,7737030,2332.8,1681,0.0
7080074970,0,77350802,7735080,1786.7,1502,0.0
7080075080,7080217900,71242004,7124200,1627.8,675,0.0
7080075300,0,77370302,7737030,1431.4,1989,0.0
7080075670,0,77350301,7735030,1123.0,1788,0.0
7080075990,0,77370303,7737030,929.4,2097,0.0
7080076000,0,77370304,7737030,926.2,1617,0.0
7080076210,0,77350303,7735030,978.6,1418,0.0
7080076990,7080639670,77240200,7724020,679.9,1817,0.0
7080077020,7080217900,71242005,7124200,550.1,668,0.0
7080077350,7080194860,71240076,7124007,453.6,640,0.0
7080077910,7080217900,71242001,7124200,836.1,688,0.0
7080077920,7080194860,71240078,7124007,810.4,645,0.0
7080078030,7080217900,71242002,7124200,350.1,668,0.0
7080078510,7080194860,71240077,7124007,354.6,687,0.0
7080078930,0,77360300,7736030,251.9,1648,0.0
7080079640,7080396550,74295480,7429548,841.3,610,0.0
7080079710,0,77350803,7735080,193.8,1801,0.0
7080079910,7080194860,71240071,7124007,447.3,703,0.0
7080080000,7080457230,77360520,7736052,284.2,1334,0.0
7080080170,7080651590,74242600,7424260,508.3,1755,0.0
7080080240,7080194860,71240072,7124007,319.5,684,0.0
7080080430,7080396460,74295490,7429549,291.0,584,0.0
7080080470,7080521470,77449700,7744970,157.4,1366,0.0
7080080530,7080194860,71240074,7124007,152.2,681,0.0
7080080800,7080662440,77240700,7724070,186.8,2089,0.0
7080080970,7080217900,71242003,7124200,140.3,667,0.0
7080080980,0,77350304,7735030,376.1,1667,0.0
7080081300,7080194860,71240010,7124001,131.9,792,0.0
7080081460,7080217900,71242006,7124200,126.0,692,0.0
7080081590,7080489500,74294960,7429496,172.8,2113,0.0
7080081680,7080194860,71240073,7124007,235.8,658,0.0
7080081860,7080194860,71240075,7124007,163.6,635,0.0
7080082310,7080503300,74294890,7429489,101.4,2219,0.0
7080083040,7080476020,77480800,7748080,124.1,1958,0.0
7080083180,7080655850,75216990,7521699,79.8,1653,0.0
7080083780,7080489490,74294970,7429497,67.9,2050,0.0
7080084190,7080615510,77250020,7725002,59.9,2032,0.0
7080087500,7080333810,74299910,7429991,25.6,1030,0.0
7080087760,7080643600,74242800,7424280,22.3,2091,0.0
8080300320,8080000060,81110221,8111022,14.3,147,92.3
8080300710,8080300320,81110223,8111022,1258.5,1174,96.7
8080300850,8080300320,81110222,8111022,957.5,1392,96.9
8080298030,8080300710,81110224,8111022,741.3,1365,141.2
8080297920,8080300710,81110225,8111022,5.0,422,141.4
8080297570,8080297920,81110226,8111022,699.5,1307,144.4
8080297440,8080297920,81110227,8111022,1433.4,1043,144.6
8080289300,8080297440,81110228,8111022,1404.4,1341,212.5
8080289200,8080297440,81110229,8111022,765.7,1067,212.7
8080274910,8080278790,81110291,8111029,311.4,1140,324.4
8080271340,8080274910,81110292,8111029,1169.9,1382,344.6
8080271320,8080274910,81110293,8111029,227.5,1219,344.8
8080267440,8080271320,81110294,8111029,195.2,1304,366.9
8080267430,8080271320,81110295,8111029,64.7,1066,367.0
8080266010,8080267430,81110297,8111029,867.2,1188,374.0
8080265890,8080267430,81110296,8111029,620.0,1230,374.2
8080258790,8080266010,81110298,8111029,552.9,1312,423.3
8080258690,8080266010,81110299,8111029,476.5,1392,423.5
8080274880,8080000810,81120301,8112030,138.4,269,52.2
8080272650,8080274880,81120302,8112030,146.0,901,72.3
8080272560,8080274880,81120303,8112030,37.9,194,72.5
8080271460,8080272560,81120304,8112030,1031.9,965,78.5
8080271390,8080272560,81120305,8112030,365.1,859,78.7
8080267180,8080271390,81120306,8112030,1197.9,1142,103.0
8080267190,8080271390,81120307,8112030,305.5,989,103.1
8080263770,8080267190,81120309,8112030,675.5,1056,125.8
8080263660,8080267190,81120308,8112030,151.5,1259,125.9
8080260480,8080263770,81120501,8112050,58.4,370,151.9
8080260310,8080260480,81120502,8112050,1136.3,1508,157.2
8080260420,8080260480,81120503,8112050,219.5,675,157.4
8080261470,8080260420,81120504,8112050,880.5,1389,168.3
8080261530,8080260420,81120505,8112050,132.7,623,168.6
8080263100,8080261530,81120507,8112050,760.1,730,182.4
8080263210,8080261530,81120506,8112050,954.2,1196,182.6
8080263670,8080263100,81120509,8112050,5.8,360,228.7
8080263620,8080263100,81120508,8112050,405.6,1233,228.9
8080001270,0,81130171,8113017,1151.5,236,0.0
8080001310,0,81130172,8113017,369.0,1005,0.0
8080001320,0,81130173,8113017,2328.6,334,0.0
8080001400,0,81130174,8113017,273.6,908,0.0
8080001410,0,81130175,8113017,337.9,511,0.0
8080001420,0,81130176,8113017,563.2,685,0.0
8080001430,0,81130177,8113017,126.4,462,0.0
8080001440,0,81130178,8113017,300.6,750,0.0
8080001450,0,81130179,8113017,4983.1,498,0.0
8080001790,0,81130401,8113040,50.1,17,0.0
8080280400,8080001790,81130403,8113040,680.2,151,6.3
8080280340,8080001790,81130402,8113040,585.6,58,6.5
8080280350,8080280400,81130404,8113040,590.1,93,40.0
8080280480,8080280400,81130405,8113040,1021.6,490,40.0
8080283080,8080280480,81130407,8113040,1134.6,598,76.3
8080283230,8080280480,81130406,8113040,569.4,930,76.3
8080283410,8080283080,81130409,8113040,609.2,743,128.0
8080283290,8080283080,81130408,8113040,590.2,786,128.2
8080001800,0,81130501,8113050,1041.9,47,0.0
8080001840,0,81130502,8113050,647.2,327,0.0
8080001850,0,81130503,8113050,870.2,639,0.0
8080001920,0,81130504,8113050,652.6,757,0.0
8080001930,0,81130505,8113050,2381.8,585,0.0
8080002080,0,81130506,8113050,641.5,826,0.0
8080002090,0,81130507,8113050,343.4,717,0.0
8080002120,0,81130508,8113050,431.5,1011,0.0
8080002130,0,81130509,8113050,9.2,65,0.0
8080002160,0,81130801,8113080,1136.8,776,0.0
8080255560,8080002160,81130803,8113080,416.1,1128,56.3
8080255440,8080002160,81130802,8113080,413.6,1367,56.4
8080254370,8080255560,81130805,8113080,902.1,1181,70.0
8080254240,8080255560,81130804,8113080,941.1,1385,70.2
8080254670,8080254370,81130807,8113080,3.3,647,114.3
8080254740,8080254370,81130806,8113080,566.1,1820,114.5
8080254400,8080254670,81130809,8113080,630.3,1429,116.8
8080254390,8080254670,81130808,8113080,740.1,1288,116.8
8080259450,8080002260,81140301,8114030,915.6,60,24.8
8080256060,8080259450,81140303,8114030,33.2,29,47.7
8080256070,8080259450,81140302,8114030,688.6,581,47.8
8080254490,8080256060,81140304,8114030,1415.0,202,56.6
8080254500,8080256060,81140305,8114030,347.7,166,56.7
8080250780,8080254500,81140307,8114030,55.7,74,75.4
8080250790,8080254500,81140306,8114030,1234.7,861,75.5
8080247560,8080250780,81140308,8114030,646.8,638,89.6
8080247550,8080250780,81140309,8114030,503.1,320,89.7
8080242630,8080247550,81140401,8114040,311.5,290,121.3
8080241920,8080242620,81140711,8114071,104.1,166,126.4
8080238500,8080241920,81140712,8114071,600.6,739,141.8
8080238440,8080241920,81140713,8114071,816.5,616,141.9
8080240220,8080242630,81140403,8114040,55.5,430,147.7
8080240430,8080242630,81140402,8114040,1112.9,1210,147.7
8080238990,8080240220,81140405,8114040,88.1,623,158.1
8080238640,8080240220,81140404,8114040,225.7,860,158.1
8080239320,8080238990,81140407,8114040,378.3,875,169.9
8080239400,8080238990,81140406,8114040,649.7,1246,170.1
8080235270,8080239320,81140409,8114040,1417.9,1368,200.4
8080235210,8080239320,81140408,8114040,365.3,896,200.5
8080229460,8080238440,81140715,8114071,735.0,837,208.0
8080229330,8080238440,81140714,8114071,426.7,1041,208.2
8080230790,8080229460,81140716,8114071,404.1,1033,249.8
8080230690,8080229460,81140717,8114071,115.7,896,250.0
8080229810,8080230690,81140719,8114071,32.1,626,255.8
8080229620,8080230690,81140718,8114071,433.9,1143,255.9
8080190880,8080182480,81247101,8124710,248.7,150,1393.0
8080190720,8080190880,81247103,8124710,528.4,140,1405.2
8080190890,8080190880,81247102,8124710,442.4,255,1405.4
8080188740,8080190720,81247104,8124710,3020.8,819,1431.2
8080188640,8080190720,81247105,8124710,735.7,159,1431.5
8080186800,8080188640,81247106,8124710,707.5,184,1457.3
8080186670,8080188640,81247107,8124710,98.6,180,1457.5
8080185750,8080186670,81247108,8124710,1526.7,252,1470.1
8080185610,8080186670,81247109,8124710,18.3,151,1470.3
8080185330,8080185610,81247201,8124720,353.3,229,1473.6
8080184350,8080185330,81247202,8124720,1096.4,429,1497.2
8080184420,8080185330,81247203,8124720,645.8,249,1497.4
8080191680,8080185450,81247401,8124740,415.7,310,1534.9
8080183320,8080184420,81247204,8124720,649.6,469,1541.2
8080183230,8080184420,81247205,8124720,478.2,426,1541.5
8080181360,8080183230,81247207,8124720,87.8,476,1571.4
8080181230,8080183230,81247206,8124720,874.3,678,1571.6
8080192220,8080191680,81247402,8124740,288.0,443,1577.5
8080192100,8080191680,81247403,8124740,1148.7,551,1577.7
8080181630,8080181360,81247209,8124720,977.3,742,1581.2
8080181720,8080181360,81247208,8124720,342.1,604,1581.4
8080188800,8080192100,81247405,8124740,29.4,561,1636.2
8080188950,8080192100,81247404,8124740,445.0,756,1636.4
8080188650,8080188800,81247406,8124740,1025.1,836,1642.5
8080188810,8080188800,81247407,8124740,1186.0,894,1642.6
8080201800,8080200840,81247931,8124793,529.6,503,1658.1
8080203800,8080201800,81247932,8124793,1056.0,764,1689.2
8080204000,8080201800,81247933,8124793,920.4,631,1689.4
8080184130,8080188810,81247409,8124740,750.4,1058,1699.7
8080184140,8080188810,81247408,8124740,311.6,942,1699.7
8080210010,8080204000,81247935,8124793,855.9,709,1728.7
8080210100,8080204000,81247934,8124793,1060.1,1463,1728.9
8080210650,8080210010,81247936,8124793,639.3,699,1757.8
8080210700,8080210010,81247937,8124793,54.3,456,1758.0
8080210910,8080210700,81247939,8124793,374.6,605,1764.9
8080211010,8080210700,81247938,8124793,360.2,906,1765.1
8080224880,8080221360,81249001,8124900,749.5,558,1932.6
8080228870,8080224880,81249002,8124900,1182.6,1005,1958.4
8080228920,8080224880,81249003,8124900,2027.2,1095,1958.6
8080119620,8080121800,81260601,8126060,1597.5,333,1961.0
8080240550,8080228920,81249004,8124900,467.8,1309,2037.6
8080240680,8080228920,81249005,8124900,671.6,1554,2037.8
8080109930,8080119620,81260603,8126060,658.8,339,2042.1
8080109830,8080119620,81260602,8126060,1453.1,456,2042.3
8080244420,8080240680,81249007,8124900,522.3,2039,2055.6
8080244430,8080240680,81249006,8124900,507.5,1855,2055.7
8080106950,8080109930,81260604,8126060,533.7,299,2075.4
8080106890,8080109930,81260605,8126060,452.2,343,2075.6
8080250050,8080244420,81249009,8124900,420.4,2423,2093.3
8080250190,8080244420,81249008,8124900,378.2,2293,2093.4
8080108310,8080106890,81260606,8126060,663.7,544,2103.2
8080108350,8080106890,81260607,8126060,4.9,297,2103.4
8080108440,8080108350,81260609,8126060,1483.8,429,2105.7
8080108430,8080108350,81260608,8126060,1609.0,498,2105.7
8080202520,8080198040,81270801,8127080,1499.5,737,2155.8
8080202510,8080198040,81270901,8127090,88.0,562,2155.9
8080135160,8080129130,81260921,8126092,407.9,365,2159.6
8080203680,8080202510,81270902,8127090,468.0,840,2167.0
8080204020,8080202510,81270903,8127090,743.1,678,2167.0
8080132540,8080135160,81260922,8126092,1258.5,605,2186.5
8080132370,8080135160,81260923,8126092,138.9,393,2186.8
8080209740,8080204020,81270905,8127090,418.0,656,2197.5
8080209520,8080204020,81270904,8127090,2242.2,750,2197.6
8080204930,8080202520,81270802,8127080,1150.2,1202,2202.1
8080205090,8080202520,81270803,8127080,1431.0,741,2202.3
8080130260,8080132370,81260924,8126092,183.7,479,2202.6
8080130200,8080132370,81260925,8126092,81.2,393,2202.7
8080129010,8080130200,81260926,8126092,132.0,472,2210.3
8080128860,8080130200,81260927,8126092,416.2,481,2210.6
8080213690,8080209740,81270907,8127090,866.4,682,2221.4
8080213680,8080209740,81270906,8127090,3737.0,874,2221.5
8080203330,8080205090,81270805,8127080,589.5,974,2242.8
8080203160,8080205090,81270804,8127080,521.6,1248,2243.0
8080124640,8080128860,81260928,8126092,163.7,516,2245.1
8080124710,8080128860,81260929,8126092,455.6,612,2245.3
8080218670,8080213690,81270908,8127090,330.1,766,2255.0
8080218760,8080213690,81270909,8127090,31.4,524,2255.2
8080219130,8080218760,81280101,8128010,2406.7,744,2258.2
8080203350,8080203330,81270807,8127080,729.1,1152,2263.2
8080203580,8080203330,81270806,8127080,837.0,1124,2263.2
8080199750,8080203350,81270809,8127080,589.6,1219,2299.0
8080199640,8080203350,81270808,8127080,526.8,1367,2299.1
8080219300,8080219130,81280102,8128010,1803.8,802,2321.1
8080219230,8080219130,81280103,8128010,757.0,693,2321.3
8080215170,8080219230,81280104,8128010,878.0,741,2358.0
8080215090,8080219230,81280105,8128010,703.3,691,2358.2
8080212690,8080215090,81280107,8128010,204.0,614,2379.8
8080212610,8080215090,81280106,8128010,869.4,827,2380.1
8080214420,8080212690,81280109,8128010,5.9,451,2404.5
8080214510,8080212690,81280108,8128010,1115.5,886,2404.7
8080214100,8080214420,81280201,8128020,1214.1,941,2406.8
8080207850,8080214100,81280203,8128020,37.2,740,2479.5
8080207860,8080214100,81280202,8128020,1581.6,949,2479.6
8080206640,8080207850,81280204,8128020,390.9,1114,2488.3
8080206520,8080207850,81280205,8128020,412.3,991,2488.6
8080200930,8080206520,81280206,8128020,560.2,1288,2526.2
8080200940,8080206520,81280207,8128020,1.2,735,2526.3
8080200850,8080200940,81280209,8128020,693.7,1162,2527.0
8080200720,8080200940,81280208,8128020,272.8,1183,2527.3
8080246590,8080235030,81295041,8129504,24.6,612,2545.4
8080247600,8080246590,81295042,8129504,1357.9,1106,2552.3
8080247610,8080246590,81295043,8129504,388.7,820,2552.4
8080254920,8080247610,81295045,8129504,10.2,636,2589.4
8080254930,8080247610,81295044,8129504,1598.4,963,2589.5
8080255650,8080254920,81295046,8129504,1188.4,1210,2592.7
8080255660,8080254920,81295047,8129504,1197.9,1012,2592.9
8080236260,8080232740,81294601,8129460,994.6,1080,2642.9
8080268730,8080255660,81295048,8129504,115.3,1269,2681.7
8080268800,8080255660,81295049,8129504,244.0,1162,2681.8
8080255500,8080251780,81296031,8129603,167.9,807,2685.8
8080257820,8080255500,81296032,8129603,150.1,1267,2700.4
8080257880,8080255500,81296033,8129603,38.4,826,2700.5
8080258560,8080257880,81296035,8129603,1676.2,1269,2704.4
8080258550,8080257880,81296034,8129603,1051.2,1279,2704.4
8080259520,8080251940,81298101,8129810,231.7,824,2708.6
8080259590,8080251940,81299011,8129901,445.7,886,2708.7
8080234050,8080236260,81294602,8129460,397.5,1193,2722.9
8080234060,8080236260,81294603,8129460,44.4,1164,2723.0
8080259580,8080259520,81298103,8129810,267.5,859,2724.3
8080259480,8080259520,81298102,8129810,300.4,840,2724.4
8080234880,8080234060,81294605,8129460,339.2,1172,2727.7
8080234960,8080234060,81294604,8129460,163.0,1253,2727.9
8080263630,8080259590,81299012,8129901,299.3,955,2744.3
8080263680,8080259590,81299013,8129901,1026.7,986,2744.4
8080234660,8080234880,81294606,8129460,308.0,1109,2747.2
8080234780,8080234880,81294607,8129460,206.2,1041,2747.4
8080263290,8080259580,81298104,8129810,396.9,890,2752.1
8080263350,8080259580,81298105,8129810,453.2,834,2752.3
8080238690,8080234780,81294608,8129460,248.3,1339,2771.2
8080238700,8080234780,81294609,8129460,542.6,1286,2771.3
8080249210,8080248460,81294801,8129480,34.8,920,2777.9
8080268430,8080263350,81298107,8129810,108.3,850,2783.3
8080268530,8080263350,81298106,8129810,640.0,1045,2783.5
8080269570,8080268430,81298109,8129810,675.7,899,2790.0
8080269260,8080268430,81298108,8129810,259.6,1152,2790.1
8080248280,8080249210,81294803,8129480,1086.9,999,2790.2
8080248110,8080249210,81294802,8129480,753.9,1095,2790.4
8080264450,8080258560,81296036,8129603,637.8,1412,2797.1
8080264460,8080258560,81296037,8129603,15.0,1023,2797.3
8080264630,8080264460,81296038,8129603,165.6,1399,2799.1
8080264720,8080264460,81296039,8129603,28.2,1004,2799.3
8080270960,8080263680,81299015,8129901,1453.3,1066,2806.7
8080270760,8080263680,81299014,8129901,796.1,1395,2806.8
8080248140,8080248280,81294804,8129480,639.0,1020,2817.7
8080248000,8080248280,81294805,8129480,1435.8,1091,2817.8
8080274770,8080269570,81298201,8129820,1091.0,1018,2820.2
8080274660,8080274770,81298203,8129820,547.8,1009,2859.5
8080274760,8080274770,81298202,8129820,755.4,1369,2859.7
8080238820,8080248000,81294806,8129480,1036.9,1108,2880.8
8080238710,8080248000,81294807,8129480,536.3,1082,2881.0
8080277270,8080274660,81298204,8129820,1152.1,1064,2884.6
8080277320,8080274660,81298205,8129820,323.0,1105,2884.8
8080280620,8080270960,81299016,8129901,657.6,1025,2890.6
8080280630,8080270960,81299017,8129901,1318.7,1052,2890.7
8080235420,8080238710,81294809,8129480,2156.3,1295,2903.7
8080235510,8080238710,81294808,8129480,1283.4,1181,2903.9
8080282310,8080277320,81298207,8129820,1546.7,1334,2914.5
8080282320,8080277320,81298206,8129820,1617.1,1438,2914.5
8080287740,8080280670,81298601,8129860,136.9,947,2927.8
8080287840,8080280670,81298701,8129870,305.1,962,2927.9
8080288800,8080287740,81298603,8129860,91.0,1002,2941.1
8080288880,8080287740,81298602,8129860,223.2,1158,2941.2
8080287530,8080280630,81299019,8129901,147.5,863,2942.5
8080287630,8080280630,81299018,8129901,435.0,923,2942.7
8080288270,8080288800,81298605,8129860,44.6,1087,2954.0
8080288180,8080288800,81298604,8129860,149.2,1115,2954.1
8080291980,8080287840,81298702,8129870,274.0,924,2956.5
8080291970,8080287840,81298703,8129870,152.1,930,2956.6
8080288260,8080288270,81298606,8129860,2300.1,1313,2957.4
8080288170,8080288270,81298607,8129860,627.3,1034,2957.5
8080292960,8080291970,81298705,8129870,57.3,892,2963.9
8080292900,8080291970,81298704,8129870,954.1,1227,2964.0
8080287730,8080282310,81298208,8129820,522.9,1525,2964.9
8080287830,8080282310,81298209,8129820,775.5,1410,2965.1
8080294260,8080292960,81298706,8129870,351.6,1248,2972.5
8080294270,8080292960,81298707,8129870,367.1,934,2972.6
8080283720,8080288170,81298609,8129860,469.9,1460,2999.4
8080283590,8080288170,81298608,8129860,211.2,1372,2999.5
8080298250,8080294270,81298709,8129870,367.3,1019,3001.4
8080298340,8080294270,81298708,8129870,1831.1,1335,3001.5
8080296030,8080294800,81299061,8129906,208.9,863,3013.6
8080298170,8080298250,81298801,8129880,283.1,1153,3032.2
8080298100,8080298250,81298901,8129890,226.6,860,3032.4
8080299080,8080298170,81298803,8129880,5.6,669,3038.5
8080299070,8080298170,81298802,8129880,973.2,1349,3038.5
8080299420,8080299080,81298805,8129880,202.5,997,3041.1
8080299300,8080299080,81298804,8129880,742.1,1255,3041.1
8080295310,8080296030,81299062,8129906,292.2,1166,3043.9
8080295260,8080296030,81299063,8129906,388.0,971,3044.0
8080295570,8080298100,81298902,8129890,146.1,982,3051.1
8080295500,8080298100,81298903,8129890,15.1,675,3051.2
8080301530,8080299420,81298807,8129880,581.1,966,3056.3
8080301540,8080299420,81298806,8129880,684.8,1154,3056.4
8080294640,8080295500,81298904,8129890,224.7,1072,3057.2
8080294520,8080295500,81298905,8129890,78.9,778,3057.3
8080292190,8080295260,81299064,8129906,682.6,1279,3067.4
8080292280,8080295260,81299065,8129906,388.9,1129,3067.6
8080292750,8080294520,81298907,8129890,239.6,854,3067.7
8080292910,8080294520,81298906,8129890,237.9,1053,3067.8
8080303490,8080301530,81298809,8129880,403.2,1488,3080.9
8080303500,8080301530,81298808,8129880,270.0,1010,3080.9
8080289520,8080292750,81298909,8129890,515.1,1014,3090.7
8080289430,8080292750,81298908,8129890,1179.9,988,3091.0
8080293400,8080292280,81299067,8129906,315.3,1268,3092.4
8080293490,8080292280,81299066,8129906,247.5,1327,3092.5
8080292530,8080293400,81299069,8129906,837.8,1361,3105.5
8080292290,8080293400,81299068,8129906,807.8,1258,3105.5
8080007300,0,81350121,8135012,284.9,46,0.0
8080114480,8080007300,81350122,8135012,1680.1,201,29.2
8080114490,8080007300,81350123,8135012,274.1,84,29.3
8080113620,8080114490,81350124,8135012,325.0,155,45.5
8080113550,8080114490,81350125,8135012,111.9,124,45.8
8080111410,8080113550,81350126,8135012,332.3,354,62.8
8080111420,8080113550,81350127,8135012,52.8,147,62.9
8080110810,8080111420,81350128,8135012,444.5,327,70.2
8080110610,8080111420,81350129,8135012,573.2,425,70.3
8080085690,8080083890,81390261,8139026,501.8,106,67.2
8080089600,8080085690,81390262,8139026,220.9,204,123.9
8080089590,8080085690,81390263,8139026,214.7,195,124.0
8080090210,8080089590,81390264,8139026,709.9,252,135.9
8080090250,8080089590,81390265,8139026,52.0,204,136.1
8080091330,8080090250,81390266,8139026,224.4,291,148.7
8080091320,8080090250,81390267,8139026,941.5,513,148.8
8080009560,0,82211001,8221100,1690.0,23,0.0
8080104120,8080009560,82211002,8221100,587.6,25,121.5
8080104110,8080009560,82211003,8221100,25.4,10,121.7
8080104750,8080104110,82211004,8221100,323.8,11,128.5
8080104760,8080104110,82211005,8221100,412.3,5,128.6
8080107250,8080104760,82211006,8221100,266.3,-12,163.3
8080107240,8080104760,82211007,8221100,175.4,14,163.4
8080109950,8080107240,82211008,8221100,535.7,12,183.8
8080110000,8080107240,82211009,8221100,129.6,15,184.1
8080112340,8080110000,82212111,8221211,1062.4,4,197.7
8080112350,8080110000,82213001,8221300,87.1,11,197.8
8080113450,8080112350,82213002,8221300,3443.5,98,206.6
8080113590,8080112350,82213003,8221300,99.7,-2,206.8
8080114520,8080113590,82213004,8221300,1013.9,118,214.5
8080114640,8080113590,82213005,8221300,119.2,8,214.7
8080116240,8080114640,82213006,8221300,197.0,6,224.6
8080116250,8080114640,82213007,8221300,635.1,49,224.7
8080118560,8080112340,82212113,8221211,922.8,36,235.9
8080118620,8080112340,82212112,8221211,823.4,65,236.2
8080122730,8080118560,82212115,8221211,48.3,54,266.7
8080122720,8080118560,82212114,8221211,1017.9,461,266.8
8080125080,8080122730,82212117,8221211,177.6,123,277.9
8080125090,8080122730,82212116,8221211,879.7,64,277.9
8080129030,8080125080,82212118,8221211,821.1,511,300.1
8080129140,8080125080,82212119,8221211,246.0,217,300.3
8080153980,8080146040,82214061,8221406,135.5,220,465.3
8080158030,8080153980,82214062,8221406,642.2,519,484.6
8080158020,8080153980,82214063,8221406,21.3,308,484.8
8080158220,8080158020,82214065,8221406,503.6,604,489.5
8080158010,8080158020,82214064,8221406,345.7,510,489.5
8080165290,8080158220,82214066,8221406,195.1,767,525.9
8080165280,8080158220,82214067,8221406,49.6,682,526.0
8080166540,8080165280,82214068,8221406,331.9,1261,533.5
8080166530,8080165280,82214069,8221406,839.7,1234,533.6
8080160210,8080157910,82212701,8221270,207.6,497,550.9
8080159570,8080160210,82212703,8221270,33.6,432,566.9
8080159440,8080160210,82212702,8221270,362.3,718,567.0
8080159360,8080159570,82212705,8221270,435.7,536,572.2
8080159430,8080159570,82212704,8221270,113.8,498,572.4
8080158970,8080159360,82212707,8221270,314.5,473,595.8
8080158830,8080159360,82212706,8221270,1222.8,724,595.9
8080159560,8080158970,82212708,8221270,481.8,507,610.5
8080159730,8080158970,82212709,8221270,14.2,401,610.7
8080219940,8080214540,82234061,8223406,304.4,1141,1222.5
8080155650,8080158680,82224011,8222401,609.7,157,1227.6
8080231560,8080227140,82236011,8223601,412.9,211,1237.6
8080221580,8080219940,82234063,8223406,55.6,1090,1240.0
8080221700,8080219940,82234062,8223406,483.0,1600,1240.2
8080221390,8080221580,82234065,8223406,555.1,1473,1248.0
8080221330,8080221580,82234064,8223406,204.8,1494,1248.3
8080235530,8080231700,82237021,8223702,1087.4,354,1255.9
8080161460,8080155650,82224013,8222401,260.2,149,1257.3
8080161590,8080155650,82224012,8222401,146.3,440,1257.6
8080234070,8080231560,82236012,8223601,415.5,380,1259.4
8080233920,8080231560,82236013,8223601,457.9,333,1259.6
8080164780,8080161460,82224015,8222401,169.0,155,1273.2
8080164560,8080161460,82224014,8222401,174.4,149,1273.3
8080165600,8080164780,82224016,8222401,125.7,206,1278.8
8080165690,8080164780,82224017,8222401,927.6,195,1278.9
8080223610,8080221390,82234067,8223406,97.0,1543,1281.2
8080223740,8080221390,82234066,8223406,265.9,1699,1281.3
8080234330,8080233920,82236014,8223601,216.7,416,1284.9
8080234530,8080233920,82236015,8223601,394.9,325,1285.1
8080223870,8080223610,82234069,8223406,443.0,1674,1289.7
8080223730,8080223610,82234068,8223406,466.6,1670,1289.9
8080243400,8080242700,82239001,8223900,272.5,201,1296.9
8080169750,8080165690,82224018,8222401,428.8,304,1300.3
8080169870,8080165690,82224019,8222401,67.3,149,1300.5
8080234340,8080234530,82236016,8223601,956.9,313,1310.0
8080234540,8080234530,82236017,8223601,142.9,243,1310.2
8080245330,8080243400,82239003,8223900,101.7,170,1315.5
8080245360,8080243400,82239002,8223900,1933.1,388,1315.6
8080235550,8080234540,82236019,8223601,283.8,228,1320.0
8080235540,8080234540,82236018,8223601,385.3,406,1320.0
8080245730,8080245330,82239005,8223900,2558.0,275,1321.9
8080245590,8080245330,82239004,8223900,416.9,245,1322.1
8080228880,8080235530,82237023,8223702,2523.7,640,1351.5
8080228930,8080235530,82237022,8223702,2198.9,689,1351.7
8080248310,8080245730,82239006,8223900,527.9,220,1389.5
8080248410,8080245730,82239007,8223900,581.0,212,1389.7
8080162560,8080150960,82229301,8222930,261.4,196,1401.1
8080250540,8080248410,82239009,8223900,333.0,171,1412.0
8080250690,8080248410,82239008,8223900,383.9,184,1412.1
8080227010,8080228880,82237025,8223702,70.1,781,1427.8
8080227120,8080228880,82237024,8223702,1124.5,1109,1428.1
8080226310,8080227010,82237026,8223702,1300.6,1082,1435.9
8080226300,8080227010,82237027,8223702,314.6,969,1436.0
8080166400,8080162560,82229303,8222930,417.6,212,1439.6
8080166410,8080162560,82229302,8222930,461.0,283,1439.6
8080168510,8080166400,82229305,8222930,33.2,204,1451.5
8080168500,8080166400,82229304,8222930,291.2,199,1451.6
8080228280,8080226300,82237028,8223702,476.2,1261,1459.7
8080228270,8080226300,82237029,8223702,1059.1,1417,1459.8
8080171430,8080168510,82229306,8222930,1424.7,327,1465.8
8080171540,8080168510,82229307,8222930,118.0,206,1466.0
8080254970,8080252610,82251301,8225130,272.8,162,1468.5
8080174290,8080171540,82229308,8222930,787.2,213,1493.0
8080174370,8080171540,82229309,8222930,358.3,187,1493.2
8080262300,8080252760,82241031,8224103,30.8,219,1495.5
8080260010,8080254970,82251303,8225130,3.1,133,1497.7
8080260070,8080254970,82251302,8225130,258.1,184,1497.8
8080260080,8080260010,82251305,8225130,21.8,141,1498.4
8080260170,8080260010,82251304,8225130,714.5,236,1498.5
8080262240,8080262300,82241033,8224103,27.6,216,1498.7
8080262100,8080262300,82241032,8224103,710.7,314,1498.8
8080176280,8080174370,82229501,8222950,17.2,184,1501.0
8080262380,8080262240,82241035,8224103,14.5,215,1502.1
8080262290,8080262240,82241034,8224103,325.8,240,1502.2
8080260490,8080260080,82251307,8225130,38.7,151,1502.4
8080260500,8080260080,82251306,8225130,1240.3,301,1502.6
8080262580,8080262380,82241037,8224103,755.1,260,1503.9
8080262490,8080262380,82241036,8224103,728.7,349,1504.1
8080177120,8080176280,82229503,8222950,555.5,199,1505.6
8080177130,8080176280,82229502,8222950,1916.8,241,1505.6
8080261240,8080260490,82251308,8225130,398.3,209,1508.1
8080261250,8080260490,82251309,8225130,848.2,178,1508.2
8080263940,8080262580,82241039,8224103,393.4,227,1527.4
8080264010,8080262580,82241038,8224103,755.5,389,1527.5
8080185880,8080177120,82229505,8222950,454.1,214,1545.6
8080185990,8080177120,82229504,8222950,1180.7,316,1545.9
8080264760,8080261250,82251401,8225140,727.6,259,1554.8
8080186180,8080185880,82229506,8222950,856.4,284,1583.7
8080186270,8080185880,82229507,8222950,1361.7,245,1583.8
8080270560,8080264760,82251402,8225140,938.5,443,1595.5
8080270550,8080264760,82251403,8225140,2734.6,439,1595.6
8080190450,8080186270,82229508,8222950,724.2,362,1610.6
8080190590,8080186270,82229509,8222950,645.7,219,1610.7
8080280110,8080270550,82251404,8225140,700.7,559,1701.8
8080280170,8080270550,82251405,8225140,36.6,482,1702.0
8080280740,8080280170,82251407,8225140,591.5,552,1707.1
8080280640,8080280170,82251406,8225140,801.1,567,1707.1
8080283120,8080280740,82251408,8225140,920.1,615,1736.5
8080283030,8080280740,82251409,8225140,1316.2,614,1736.7
8080260060,8080265410,82242401,8224240,357.4,790,1788.0
8080258940,8080259990,82242701,8224270,998.5,983,1804.1
8080261830,8080260060,82242403,8224240,191.8,893,1821.8
8080261950,8080260060,82242402,8224240,3602.9,1076,1821.9
8080260450,8080261830,82242405,8224240,351.1,1020,1843.1
8080260340,8080261830,82242404,8224240,211.0,1205,1843.2
8080252730,8080258940,82242703,8224270,1432.4,1312,1865.8
8080252600,8080258940,82242702,8224270,492.6,1456,1865.9
8080259600,8080260450,82242406,8224240,568.9,1346,1867.9
8080259710,8080260450,82242407,8224240,600.6,1126,1868.1
8080263150,8080259710,82242409,8224240,2078.2,1479,1896.5
8080263230,8080259710,82242408,8224240,357.3,1181,1896.6
8080280840,8080281500,82252091,8225209,139.5,302,1914.3
8080250370,8080252730,82242704,8224270,831.2,1680,1916.7
8080250280,8080252730,82242705,8224270,13.9,641,1916.9
8080249690,8080250280,82242706,8224270,556.0,1537,1920.6
8080249680,8080250280,82242707,8224270,1361.5,1503,1920.7
8080279390,8080280840,82252092,8225209,217.6,336,1930.6
8080279380,8080280840,82252093,8225209,1264.0,392,1930.7
8080242150,8080249680,82242708,8224270,930.0,1650,1970.6
8080242090,8080249680,82242709,8224270,258.1,1590,1970.8
8080283260,8080279380,82252094,8225209,148.1,527,1996.2
8080283320,8080279380,82252095,8225209,272.5,448,1996.3
8080302210,8080296490,82247501,8224750,99.5,595,1996.3
8080302220,8080296490,82247401,8224740,454.6,657,1996.4
8080302370,8080302210,82247502,8224750,1775.1,1070,2005.7
8080302480,8080302210,82247503,8224750,864.4,835,2005.8
8080286700,8080283320,82252096,8225209,142.2,536,2016.6
8080286790,8080283320,82252097,8225209,302.7,516,2016.8
8080289550,8080286790,82252099,8225209,845.4,563,2037.2
8080289540,8080286790,82252098,8225209,425.7,537,2037.2
8080305850,8080302220,82247402,8224740,278.8,1022,2038.0
8080305890,8080302220,82247403,8224740,317.0,822,2038.1
8080245940,8080247040,82262311,8226231,1113.0,152,2038.6
8080302980,8080302480,82247504,8224750,352.3,1184,2044.3
8080302880,8080302480,82247505,8224750,1104.9,862,2044.4
8080242770,8080245770,82262221,8226222,1252.7,211,2055.6
8080307670,8080305890,82247404,8224740,424.0,1197,2065.3
8080307700,8080305890,82247405,8224740,375.6,1117,2065.5
8080241740,8080245940,82262313,8226231,363.0,164,2072.8
8080241580,8080245940,82262312,8226231,204.2,187,2072.9
8080308140,8080307700,82247407,8224740,772.6,1330,2076.9
8080308290,8080307700,82247406,8224740,2545.9,1621,2076.9
8080240730,8080241740,82262314,8226231,274.7,183,2079.7
8080240620,8080241740,82262315,8226231,107.4,153,2079.8
8080240270,8080240620,82262316,8226231,429.4,191,2082.7
8080240170,8080240620,82262317,8226231,290.8,148,2082.8
8080301770,8080302880,82247506,8224750,1264.8,1336,2092.8
8080301850,8080302880,82247507,8224750,601.2,970,2093.0
8080238300,8080240170,82262319,8226231,73.9,148,2095.8
8080238240,8080240170,82262318,8226231,186.7,178,2096.1
8080234380,8080242770,82262223,8226222,222.0,264,2113.0
8080234290,8080242770,82262222,8226222,420.0,274,2113.2
8080300260,8080301850,82247508,8224750,1384.2,1022,2116.5
8080300150,8080301850,82247509,8224750,126.4,684,2116.7
8080299220,8080300150,82247601,8224760,352.3,887,2130.1
8080310500,8080308140,82247408,8224740,1041.1,1624,2131.7
8080310580,8080308140,82247409,8224740,1055.2,1617,2131.9
8080232610,8080234380,82262224,8226222,486.8,300,2146.9
8080232530,8080234380,82262225,8226222,246.4,293,2147.1
8080295690,8080299220,82247602,8224760,298.5,805,2155.5
8080295630,8080299220,82247603,8224760,689.9,801,2155.7
8080227520,8080232530,82262227,8226222,495.7,356,2176.7
8080227480,8080232530,82262226,8226222,1187.2,336,2176.8
8080226210,8080229150,82262701,8226270,126.7,159,2189.0
8080291060,8080295630,82247604,8224760,204.2,903,2189.7
8080291020,8080295630,82247605,8224760,114.5,693,2190.0
8080224190,8080226210,82262702,8226270,472.2,221,2199.0
8080224180,8080226210,82262703,8226270,1298.0,205,2199.1
8080224080,8080227520,82262229,8226222,383.9,393,2199.7
8080224090,8080227520,82262228,8226222,582.4,387,2199.7
8080289640,8080291020,82247607,8224760,4.8,635,2201.2
8080289650,8080291020,82247606,8224760,369.5,942,2201.3
8080288970,8080289640,82247609,8224760,687.6,872,2205.0
8080288980,8080289640,82247608,8224760,1073.0,911,2205.0
8080219790,8080225560,82262441,8226244,668.9,224,2227.3
8080309660,8080309670,82254871,8225487,408.8,366,2241.1
8080305210,8080300980,82248061,8224806,544.2,1098,2277.9
8080222650,8080219790,82262442,8226244,831.7,274,2280.2
8080222470,8080219790,82262443,8226244,1536.2,260,2280.4
8080311150,8080309660,82254872,8225487,202.8,419,2286.9
8080311090,8080309660,82254873,8225487,192.1,363,2287.1
8080212390,8080224180,82262705,8226270,678.7,266,2290.2
8080212380,8080224180,82262704,8226270,232.0,237,2290.2
8080219780,8080222470,82262444,8226244,845.4,280,2299.4
8080219660,8080222470,82262445,8226244,3308.6,292,2299.6
8080231280,8080230290,82269171,8226917,71.1,162,2306.4
8080307150,8080305210,82248062,8224806,938.7,1344,2307.6
8080307210,8080305210,82248063,8224806,505.9,1230,2307.8
8080231410,8080231280,82269173,8226917,322.7,275,2309.3
8080231490,8080231280,82269172,8226917,587.0,322,2309.4
8080310530,8080311090,82254874,8225487,1102.2,413,2312.0
8080310490,8080311090,82254875,8225487,73.7,345,2312.3
8080232540,8080231410,82269175,8226917,705.7,339,2315.7
8080232620,8080231410,82269174,8226917,564.6,368,2316.0
8080310400,8080310490,82254877,8225487,95.2,349,2325.4
8080310300,8080310490,82254876,8225487,314.4,407,2325.4
8080310280,8080307210,82248064,8224806,1140.4,1462,2338.2
8080310270,8080307210,82248065,8224806,280.3,1267,2338.3
8080318680,8080308720,82254931,8225493,1066.2,506,2339.1
8080310710,8080310400,82254879,8225487,453.8,364,2340.7
8080310650,8080310400,82254878,8225487,173.1,386,2340.8
8080204850,8080212390,82262706,8226270,2187.9,330,2343.3
8080204730,8080212390,82262707,8226270,202.5,288,2343.5
8080322200,8080319970,82246991,8224699,10.8,836,2346.9
8080322270,8080322200,82246992,8224699,203.4,916,2350.4
8080322320,8080322200,82246993,8224699,1067.0,1058,2350.6
8080228210,8080232540,82269177,8226917,3867.3,388,2356.1
8080228140,8080232540,82269176,8226917,683.0,403,2356.2
8080311770,8080310270,82248067,8224806,1036.9,1474,2363.3
8080311930,8080310270,82248066,8224806,324.3,1550,2363.3
8080199650,8080204730,82262708,8226270,319.1,311,2368.3
8080199660,8080204730,82262709,8226270,402.7,329,2368.3
8080211680,8080219660,82262446,8226244,909.4,335,2374.6
8080211640,8080219660,82262447,8226244,2113.0,386,2374.7
8080310520,8080310710,82254891,8225489,743.2,408,2377.6
8080197650,8080199660,82262801,8226280,4.7,278,2382.6
8080197460,8080197650,82262803,8226280,31.5,276,2383.9
8080197350,8080197650,82262802,8226280,1664.5,402,2384.1
8080196720,8080197460,82262804,8226280,157.0,352,2390.4
8080196670,8080197460,82262805,8226280,626.9,366,2390.6
8080287650,8080292590,82249601,8224960,1.9,626,2396.8
8080287550,8080287650,82249603,8224960,192.0,712,2398.2
8080287640,8080287650,82249602,8224960,185.0,771,2398.3
8080287280,8080287550,82249605,8224960,474.1,965,2431.0
8080287400,8080287550,82249604,8224960,2743.3,1237,2431.2
8080313560,8080311770,82248069,8224806,1139.0,1426,2432.2
8080313570,8080311770,82248068,8224806,1150.2,1514,2432.2
8080319270,8080318680,82254933,8225493,454.8,590,2435.6
8080319220,8080318680,82254932,8225493,610.4,690,2435.7
8080203210,8080211640,82262448,8226244,962.2,391,2441.2
8080203080,8080211640,82262449,8226244,2854.3,383,2441.3
8080192380,8080196670,82262806,8226280,455.1,440,2442.1
8080192500,8080196670,82262807,8226280,807.7,420,2442.3
8080315290,8080310520,82254893,8225489,395.6,493,2450.6
8080315360,8080310520,82254892,8225489,432.1,581,2450.7
8080324320,8080322320,82246995,8224699,249.2,1402,2452.8
8080324360,8080322320,82246994,8224699,134.2,1455,2452.9
8080320100,8080319270,82254934,8225493,635.9,745,2464.7
8080320130,8080319270,82254935,8225493,86.7,620,2464.9
8080324500,8080324320,82246996,8224699,169.6,1518,2472.3
8080324490,8080324320,82246997,8224699,183.6,1450,2472.4
8080320620,8080320130,82254937,8225493,235.0,645,2474.4
8080320670,8080320130,82254936,8225493,585.3,725,2474.6
8080310660,8080311060,82284121,8228412,79.5,207,2484.9
8080288810,8080287280,82249607,8224960,16.2,924,2485.9
8080288710,8080287280,82249606,8224960,149.8,1291,2485.9
8080324990,8080324490,82246999,8224699,486.9,1645,2486.2
8080325010,8080324490,82246998,8224699,411.3,1592,2486.3
8080314650,8080315290,82254895,8225489,56.4,497,2489.3
8080314680,8080315290,82254894,8225489,1004.1,690,2489.4
8080289440,8080288810,82249609,8224960,1199.1,1310,2492.2
8080289530,8080288810,82249608,8224960,563.7,1397,2492.4
8080314840,8080314650,82254897,8225489,369.5,565,2497.0
8080314730,8080314650,82254896,8225489,491.5,512,2497.0
8080311980,8080310660,82284123,8228412,73.7,209,2499.7
8080208650,8080228210,82269178,8226917,1166.4,376,2499.8
8080312030,8080310660,82284122,8228412,454.2,291,2499.9
8080208640,8080228210,82269179,8226917,1254.1,377,2499.9
8080321880,8080320620,82254939,8225493,551.7,722,2501.3
8080321890,8080320620,82254938,8225493,228.7,807,2501.3
8080312140,8080311980,82284125,8228412,738.9,270,2503.7
8080312040,8080311980,82284124,8228412,1017.4,276,2503.8
8080305950,8080304670,82249481,8224948,109.6,1162,2509.2
8080188830,8080192500,82262809,8226280,275.9,427,2509.6
8080188840,8080192500,82262808,8226280,280.6,414,2509.6
8080316280,8080314840,82254899,8225489,527.2,573,2516.5
8080316300,8080314840,82254898,8225489,296.3,646,2516.6
8080306270,8080305950,82249482,8224948,1150.3,1374,2520.0
8080306410,8080305950,82249483,8224948,392.5,1289,2520.1
8080314410,8080314440,82285021,8228502,873.0,284,2539.4
8080308700,8080306410,82249485,8224948,216.4,1140,2553.8
8080308660,8080306410,82249484,8224948,624.4,1256,2553.8
8080315070,8080312140,82284127,8228412,805.1,330,2561.2
8080315110,8080312140,82284126,8228412,1173.0,400,2561.4
8080309750,8080308700,82249487,8224948,41.1,1042,2562.8
8080309610,8080308700,82249486,8224948,503.0,1263,2562.9
8080310540,8080309750,82249489,8224948,523.0,1299,2569.1
8080310550,8080309750,82249488,8224948,512.8,1040,2569.3
8080315910,8080315070,82284129,8228412,784.5,456,2610.8
8080315760,8080315070,82284128,8228412,369.7,401,2610.8
8080319290,8080314410,82285023,8228502,348.6,413,2637.5
8080319180,8080314410,82285022,8228502,179.9,375,2637.5
8080320030,8080314350,82285041,8228504,372.8,281,2648.2
8080321240,8080320030,82285043,8228504,23.7,282,2676.0
8080321330,8080320030,82285042,8228504,333.7,304,2676.1
8080321520,8080321240,82285044,8228504,2329.3,396,2681.5
8080321580,8080321240,82285045,8228504,1158.4,434,2681.7
8080320370,8080319290,82285025,8228502,116.7,506,2684.4
8080320280,8080319290,82285024,8228502,241.8,509,2684.4
8080320650,8080320370,82285026,8228502,490.3,542,2700.4
8080320600,8080320370,82285027,8228502,12.0,492,2700.6
8080320520,8080320600,82285028,8228502,279.4,542,2702.4
8080320470,8080320600,82285029,8228502,309.9,533,2702.5
8080324900,8080323740,82285091,8228509,58.2,301,2723.1
8080324890,8080323740,82285081,8228508,71.3,303,2723.1
8080325220,8080324900,82285092,8228509,1479.5,369,2728.0
8080325260,8080324900,82285093,8228509,73.7,289,2728.2
8080324950,8080324890,82285083,8228508,1057.3,454,2738.8
8080324860,8080324890,82285082,8228508,1120.4,450,2738.8
8080325710,8080325260,82285094,8228509,476.9,382,2739.8
8080325720,8080325260,82285095,8228509,5.8,259,2739.9
8080325950,8080325720,82285097,8228509,105.4,326,2743.2
8080325850,8080325720,82285096,8228509,1363.7,498,2743.2
8080323420,8080321580,82285047,8228504,146.9,495,2749.6
8080323490,8080321580,82285046,8228504,465.6,583,2749.7
8080326650,8080325950,82285098,8228509,189.0,369,2754.6
8080326660,8080325950,82285099,8228509,327.3,368,2754.7
8080324550,8080323420,82285049,8228504,1269.8,527,2769.0
8080324590,8080323420,82285048,8228504,519.9,531,2769.1
8080327350,8080324950,82285084,8228508,356.6,496,2801.8
8080327300,8080324950,82285085,8228508,340.0,490,2802.0
8080327870,8080327300,82285086,8228508,1070.1,504,2821.4
8080327810,8080327300,82285087,8228508,403.0,511,2821.6
8080305580,8080303860,82284611,8228461,632.5,306,2846.3
8080325560,8080327810,82285089,8228508,668.4,679,2871.1
8080325520,8080327810,82285088,8228508,486.2,648,2871.2
8080308450,8080305580,82284613,8228461,48.2,297,2881.1
8080308320,8080305580,82284612,8228461,550.7,390,2881.1
8080308960,8080308450,82284615,8228461,126.9,319,2890.4
8080309070,8080308450,82284614,8228461,1336.1,451,2890.5
8080308980,8080308960,82284617,8228461,80.1,287,2891.8
8080308920,8080308960,82284616,8228461,295.7,317,2892.0
8080309740,8080308980,82284618,8228461,253.0,347,2907.2
8080309850,8080308980,82284619,8228461,403.0,321,2907.4
8080327140,8080328070,82286601,8228660,50.9,441,2961.8
8080326440,8080327140,82286602,8228660,198.2,479,2973.2
8080326410,8080327140,82286603,8228660,242.4,479,2973.3
8080325250,8080324210,82292401,8229240,287.0,525,2980.4
8080325530,8080326410,82286604,8228660,216.8,495,2990.9
8080325550,8080325250,82292402,8229240,589.2,616,2991.1
8080325470,8080326410,82286605,8228660,5.0,455,2991.1
8080325590,8080325250,82292403,8229240,637.2,546,2991.3
8080325340,8080325470,82286606,8228660,550.4,526,2994.0
8080325330,8080325470,82286607,8228660,805.7,504,2994.2
8080326570,8080325590,82292404,8229240,712.9,608,3010.8
8080326630,8080325590,82292405,8229240,835.6,552,3010.9
8080323430,8080325330,82286609,8228660,741.8,545,3032.4
8080323380,8080325330,82286608,8228660,190.5,534,3032.5
8080309950,8080307830,82284991,8228499,9.3,382,3043.4
8080310210,8080309950,82284993,8228499,712.7,423,3046.5
8080310220,8080309950,82284992,8228499,474.5,435,3046.5
8080329030,8080326630,82292406,8229240,703.7,607,3046.9
8080329060,8080326630,82292407,8229240,177.2,559,3047.0
8080329490,8080329060,82292408,8229240,625.2,591,3057.4
8080329430,8080329060,82292409,8229240,2344.6,603,3057.5
8080339600,8080339250,82287081,8228708,200.9,564,3112.0
8080339660,8080339250,82287091,8228709,991.0,598,3112.2
8080316100,8080310210,82284994,8228499,389.9,507,3129.3
8080316160,8080310210,82284995,8228499,378.4,493,3129.6
8080339260,8080339600,82287083,8228708,170.4,565,3131.3
8080339230,8080339600,82287082,8228708,1554.3,630,3131.4
8080316730,8080316160,82284997,8228499,1210.1,495,3147.3
8080316740,8080316160,82284996,8228499,299.7,471,3147.4
8080340040,8080339260,82287085,8228708,906.8,577,3149.7
8080340030,8080339260,82287084,8228708,1890.2,611,3149.7
8080340910,8080339660,82287093,8228709,2.5,554,3175.1
8080340920,8080339660,82287092,8228709,784.7,648,3175.1
8080340890,8080340910,82287095,8228709,99.3,587,3176.2
8080340900,8080340910,82287094,8228709,316.9,646,3176.3
8080326960,8080325800,82293671,8229367,467.4,659,3187.8
8080340360,8080340040,82287087,8228708,466.3,570,3187.8
8080340390,8080340040,82287086,8228708,387.9,571,3187.9
8080340670,8080340890,82287096,8228709,349.2,647,3188.9
8080340640,8080340890,82287097,8228709,122.0,618,3189.1
8080340400,8080340640,82287098,8228709,229.3,658,3201.2
8080340380,8080340640,82287099,8228709,1229.9,632,3201.3
8080328330,8080326970,82293901,8229390,63.5,436,3205.2
8080328850,8080328330,82293903,8229390,272.1,487,3217.7
8080328840,8080328330,82293902,8229390,3271.6,728,3217.7
8080339530,8080340360,82287088,8228708,1080.6,645,3224.3
8080339510,8080340360,82287089,8228708,1978.1,649,3224.5
8080319770,8080316730,82284999,8228499,251.5,548,3226.8
8080319740,8080316730,82284998,8228499,286.2,535,3227.0
8080326760,8080326960,82293673,8229367,69.7,665,3227.5
8080326770,8080326960,82293672,8229367,357.2,720,3227.5
8080326870,8080326760,82293675,8229367,221.4,708,3237.3
8080326830,8080326760,82293674,8229367,295.6,763,3237.4
8080330330,8080328850,82293904,8229390,253.9,597,3247.3
8080330370,8080328850,82293905,8229390,643.1,546,3247.4
8080326390,8080326870,82293676,8229367,299.7,865,3256.3
8080326280,8080326870,82293677,8229367,743.9,801,3256.4
8080331690,8080330370,82293907,8229390,0.2,318,3278.3
8080331660,8080330370,82293906,8229390,231.3,597,3278.3
8080331700,8080331690,82293909,8229390,61.6,489,3278.7
8080331680,8080331690,82293908,8229390,2228.0,655,3278.8
8080326000,8080326280,82293679,8229367,78.7,797,3303.3
8080325980,8080326280,82293678,8229367,331.1,911,3303.4
8080332000,8080333050,82295041,8229504,505.2,637,3503.9
8080342750,8080342280,82289701,8228970,5.0,723,3518.6
8080332340,8080332020,82295061,8229506,888.4,660,3519.4
8080342740,8080342750,82289702,8228970,1166.3,965,3520.0
8080342770,8080342750,82289703,8228970,894.5,905,3520.2
8080332700,8080332290,82295081,8229508,187.7,668,3539.4
8080330810,8080332000,82295043,8229504,433.8,693,3540.4
8080330790,8080332000,82295042,8229504,1182.3,810,3540.6
8080342520,8080342770,82289705,8228970,631.0,904,3562.4
8080342560,8080342770,82289704,8228970,424.6,1051,3562.4
8080334470,8080332340,82295062,8229506,500.7,733,3564.5
8080334540,8080332340,82295063,8229506,68.3,652,3564.8
8080330150,8080330810,82295045,8229504,27.0,633,3567.4
8080330080,8080330810,82295044,8229504,208.2,807,3567.5
8080333490,8080332700,82295083,8229508,200.4,737,3569.3
8080333500,8080332700,82295082,8229508,204.6,746,3569.4
8080344070,8080342850,82289291,8228929,247.1,829,3569.8
8080330380,8080330150,82295047,8229504,252.0,649,3572.9
8080330320,8080330150,82295046,8229504,168.1,721,3572.9
8080335290,8080334540,82295064,8229506,284.5,746,3579.1
8080335310,8080334540,82295065,8229506,237.8,776,3579.3
8080335650,8080335310,82295067,8229506,62.8,761,3591.1
8080335680,8080335310,82295066,8229506,849.5,826,3591.2
8080342720,8080342520,82289707,8228970,0.6,801,3597.1
8080342730,8080342520,82289706,8228970,290.3,1140,3597.1
8080342700,8080342720,82289708,8228970,294.1,979,3597.7
8080342760,8080342720,82289709,8228970,334.0,980,3597.8
8080344390,8080344070,82289292,8228929,474.5,890,3599.3
8080344400,8080344070,82289293,8228929,788.5,892,3599.4
8080334280,8080333490,82295084,8229508,255.6,776,3600.6
8080334330,8080333490,82295085,8229508,586.0,777,3600.8
8080330260,8080330380,82295049,8229504,131.3,748,3601.4
8080330220,8080330380,82295048,8229504,144.1,739,3601.7
8080335610,8080335650,82295069,8229506,578.1,818,3603.8
8080335690,8080335650,82295068,8229506,277.2,850,3603.8
8080341350,8080339000,82294801,8229480,19.7,839,3604.9
8080341500,8080341350,82294803,8229480,600.6,991,3609.3
8080341490,8080341350,82294802,8229480,175.3,919,3609.4
8080343130,8080342760,82289911,8228991,600.2,1070,3626.5
8080331800,8080331810,82297701,8229770,229.8,631,3639.7
8080336020,8080334330,82295087,8229508,410.9,874,3642.2
8080336040,8080334330,82295086,8229508,208.6,907,3642.3
8080344900,8080344400,82289294,8228929,230.7,941,3648.3
8080344940,8080344400,82289295,8228929,49.5,929,3648.5
8080344890,8080344940,82289296,8228929,613.6,974,3657.9
8080344930,8080344940,82289297,8228929,199.3,962,3657.9
8080332460,8080331800,82297703,8229770,1206.6,788,3662.7
8080332400,8080331800,82297702,8229770,617.8,791,3662.8
8080328040,8080330520,82296061,8229606,19.4,665,3664.7
8080344950,8080344930,82289299,8228929,1207.1,1271,3669.6
8080344970,8080344930,82289298,8228929,438.4,1141,3669.7
8080327950,8080328040,82296062,8229606,291.7,719,3669.7
8080327940,8080328040,82296063,8229606,44.5,678,3669.8
8080335350,8080332270,82297221,8229722,203.1,747,3669.9
8080342330,8080341500,82294805,8229480,681.5,1253,3670.2
8080342340,8080341500,82294804,8229480,360.7,1337,3670.2
8080343630,8080343130,82289912,8228991,441.8,1263,3673.5
8080343660,8080343130,82289913,8228991,1044.1,1147,3673.7
8080337310,8080336020,82295088,8229508,1002.4,1004,3674.8
8080337320,8080336020,82295089,8229508,973.3,979,3674.9
8080328320,8080327940,82296065,8229606,171.7,728,3680.1
8080328190,8080327940,82296064,8229606,425.3,755,3680.1
8080328700,8080328320,82296066,8229606,181.7,773,3692.7
8080328730,8080328320,82296067,8229606,130.0,758,3692.9
8080335890,8080335350,82297223,8229722,37.9,766,3702.8
8080335970,8080335350,82297222,8229722,2892.4,1189,3702.8
8080328770,8080328730,82296068,8229606,825.9,826,3702.9
8080328800,8080328730,82296069,8229606,858.3,838,3703.1
8080333200,8080332460,82297704,8229770,353.7,1076,3708.8
8080333210,8080332460,82297705,8229770,830.9,973,3709.0
8080335600,8080335890,82297225,8229722,383.2,944,3711.5
8080335560,8080335890,82297224,8229722,200.2,795,3711.6
8080342370,8080342330,82294807,8229480,653.5,1457,3715.7
8080342390,8080342330,82294806,8229480,425.5,1559,3715.8
8080344430,8080343660,82289915,8228991,89.3,1142,3735.3
8080344440,8080343660,82289914,8228991,209.8,1284,3735.3
8080335960,8080335600,82297227,8229722,1145.5,1178,3740.2
8080336000,8080335600,82297226,8229722,194.4,1124,3740.3
8080344510,8080344430,82289916,8228991,192.1,1497,3751.0
8080344540,8080344430,82289917,8228991,102.9,1292,3751.1
8080332690,8080333210,82297707,8229770,1.7,670,3757.9
8080332730,8080333210,82297706,8229770,959.7,1292,3758.0
8080332680,8080332690,82297709,8229770,391.0,1095,3758.7
8080332630,8080332690,82297708,8229770,284.9,1278,3758.8
8080344740,8080344540,82289918,8228991,290.1,1738,3762.6
8080344730,8080344540,82289919,8228991,233.0,1568,3762.7
8080342870,8080342370,82294809,8229480,570.7,1654,3764.6
8080342880,8080342370,82294808,8229480,282.8,1801,3764.6
8080336540,8080335960,82297229,8229722,253.3,1313,3806.6
8080336570,8080335960,82297228,8229722,277.7,1257,3806.8
8080332260,8080332820,82299501,8229950,375.7,764,3866.1
8080332210,8080332820,82299401,8229940,394.3,1072,3866.2
8080331200,8080332260,82299502,8229950,194.5,1161,3890.4
8080332390,8080332850,82299221,8229922,750.5,1246,3890.6
8080331190,8080332260,82299503,8229950,872.9,1073,3890.6
8080331100,8080332210,82299402,8229940,210.9,1466,3892.6
8080331090,8080332210,82299403,8229940,811.7,1359,3892.8
8080336530,8080333370,82298041,8229804,1695.2,995,3906.8
8080329830,8080331190,82299504,8229950,491.0,1324,3915.8
8080329770,8080331190,82299505,8229950,334.2,1006,3916.0
8080329340,8080331090,82299404,8229940,178.1,1460,3921.2
8080329330,8080331090,82299405,8229940,345.9,1369,3921.3
8080328920,8080329770,82299507,8229950,113.1,893,3934.5
8080328960,8080329770,82299506,8229950,189.3,1331,3934.6
8080330510,8080332390,82299223,8229922,512.9,1293,3944.8
8080330430,8080332390,82299222,8229922,253.8,1304,3944.8
8080328310,8080328920,82299509,8229950,132.0,1017,3945.4
8080328250,8080328920,82299508,8229950,492.7,1438,3945.6
8080327770,8080329330,82299407,8229940,515.4,1481,3947.3
8080327780,8080329330,82299406,8229940,555.7,1536,3947.4
8080338630,8080336530,82298043,8229804,356.4,1031,3951.9
8080338660,8080336530,82298042,8229804,3974.8,885,3952.1
8080327650,8080328310,82299701,8229970,506.4,1032,3954.3
8080327690,8080328310,82299601,8229960,333.9,1081,3954.3
8080339110,8080338630,82298044,8229804,642.8,1195,3970.2
8080339170,8080338630,82298045,8229804,1087.3,1027,3970.3
8080328180,8080327690,82299603,8229960,415.5,1294,3973.1
8080328240,8080327690,82299602,8229960,1042.8,1472,3973.2
8080331110,8080330510,82299225,8229922,347.4,1325,3977.5
8080331120,8080330510,82299224,8229922,698.4,1500,3977.7
8080326190,8080327650,82299702,8229970,717.3,1455,3980.9
8080326130,8080327650,82299703,8229970,441.8,1306,3981.0
8080325290,8080327770,82299408,8229940,198.5,1625,3993.1
8080325270,8080327770,82299409,8229940,148.3,1611,3993.3
8080325780,8080326130,82299704,8229970,1863.4,1512,3994.0
8080325730,8080326130,82299705,8229970,921.1,1225,3994.1
8080327830,8080328180,82299605,8229960,124.0,1098,4002.9
8080327760,8080328180,82299604,8229960,1730.0,1507,4003.0
8080330600,8080331110,82299227,8229922,44.3,1170,4009.1
8080330550,8080331110,82299226,8229922,310.4,1611,4009.3
8080330620,8080330600,82299228,8229922,203.7,1559,4018.8
8080340490,8080339170,82298046,8229804,1027.5,1225,4018.8
8080330590,8080330600,82299229,8229922,159.4,1630,4018.9
8080340510,8080339170,82298047,8229804,434.6,935,4019.1
8080327660,8080327830,82299607,8229960,393.8,1470,4021.8
8080327680,8080327830,82299606,8229960,531.5,1575,4022.0
8080324480,8080325730,82299707,8229970,65.1,862,4026.9
8080324540,8080325730,82299706,8229970,430.6,1382,4027.1
8080341020,8080340510,82298048,8229804,503.3,1228,4043.7
8080341070,8080340510,82298049,8229804,1808.3,1180,4043.8
8080323750,8080324480,82299709,8229970,188.1,1060,4045.7
8080323710,8080324480,82299708,8229970,713.9,1322,4045.8
8080327110,8080327660,82299608,8229960,482.6,1584,4060.2
8080327050,8080327660,82299609,8229960,458.1,1620,4060.4
8080105870,8080105290,82304241,8230424,642.5,119,213.7
8080109290,8080105870,82304243,8230424,453.1,163,254.3
8080109340,8080105870,82304242,8230424,117.7,174,254.6
8080111670,8080109290,82304245,8230424,321.6,225,280.5
8080111820,8080109290,82304244,8230424,402.6,237,280.8
8080111680,8080111670,82304246,8230424,415.5,232,308.7
8080111830,8080111670,82304247,8230424,453.3,253,308.9
8080116140,8080111830,82304249,8230424,332.6,290,347.1
8080116190,8080111830,82304248,8230424,374.9,294,347.3
8080011450,0,83130601,8313060,131.2,139,0.0
8080119390,8080011450,83130602,8313060,1238.3,336,10.7
8080119400,8080011450,83130603,8313060,1113.5,358,10.8
8080130820,8080119400,83130605,8313060,660.8,382,77.8
8080130910,8080119400,83130604,8313060,1504.1,472,78.1
8080132580,8080130820,83130606,8313060,226.7,423,129.3
8080132700,8080130820,83130607,8313060,18.5,421,129.5
8080133600,8080132700,83130608,8313060,837.0,457,135.3
8080133520,8080132700,83130609,8313060,761.7,457,135.5
8080177260,8080176010,83189011,8318901,413.2,237,765.1
8080178480,8080177260,83189013,8318901,531.9,260,785.0
8080178390,8080177260,83189012,8318901,564.9,268,785.2
8080177900,8080178480,83189015,8318901,516.2,280,811.9
8080177760,8080178480,83189014,8318901,484.4,292,812.1
8080175840,8080177900,83189017,8318901,4.1,248,841.9
8080175740,8080177900,83189016,8318901,361.7,292,842.0
8080175730,8080175840,83189019,8318901,265.7,284,843.9
8080175830,8080175840,83189018,8318901,181.4,317,844.1
8080201110,8080018120,83242101,8324210,229.3,-4,35.0
8080201680,8080201110,83242103,8324210,191.4,-3,71.0
8080201770,8080201110,83242102,8324210,436.9,86,71.1
8080202400,8080201680,83242105,8324210,356.5,21,82.9
8080202470,8080201680,83242104,8324210,438.9,66,83.1
8080206040,8080202400,83242106,8324210,572.0,76,109.1
8080206030,8080202400,83242107,8324210,1675.0,81,109.2
8080212300,8080206030,83242109,8324210,972.6,98,168.0
8080212440,8080206030,83242108,8324210,946.9,130,168.3
8080190480,8080189270,83244101,8324410,14.6,81,410.5
8080190790,8080190480,83244103,8324410,233.9,99,412.6
8080190950,8080190480,83244102,8324410,797.5,164,412.8
8080190160,8080190790,83244105,8324410,739.4,168,424.5
8080190080,8080190790,83244104,8324410,1118.0,181,424.7
8080191640,8080190160,83244107,8324410,87.0,110,483.3
8080191530,8080190160,83244106,8324410,3297.7,209,483.5
8080193480,8080191640,83244109,8324410,47.9,105,497.3
8080193530,8080191640,83244108,8324410,2560.3,214,497.5
8080220440,8080216660,83245091,8324509,745.7,233,644.3
8080221930,8080220440,83245092,8324509,142.9,251,653.4
8080221920,8080220440,83245093,8324509,10.2,222,653.5
8080221910,8080221920,83245094,8324509,426.3,255,653.7
8080222070,8080221920,83245095,8324509,581.1,224,654.0
8080223820,8080222070,83245096,8324509,276.2,253,663.0
8080223810,8080222070,83245097,8324509,228.1,224,663.1
8080224820,8080223810,83245098,8324509,143.5,241,668.0
8080224940,8080223810,83245099,8324509,368.1,220,668.2
8080227070,8080224940,83246001,8324600,213.7,225,681.6
8080228060,8080227070,83246003,8324600,419.0,258,687.1
8080228050,8080227070,83246002,8324600,1213.5,255,687.2
8080237480,8080228060,83246004,8324600,1675.1,278,741.2
8080237490,8080228060,83246005,8324600,42.2,259,741.3
8080239200,8080237490,83246007,8324600,1068.1,294,748.8
8080239210,8080237490,83246006,8324600,1134.9,273,748.9
8080251230,8080239200,83246008,8324600,372.1,320,832.7
8080251370,8080239200,83246009,8324600,1866.2,336,833.0
8080281800,8080280700,83242801,8324280,719.4,342,881.4
8080286300,8080281800,83242802,8324280,847.4,378,918.1
8080286170,8080281800,83242803,8324280,66.9,335,918.3
8080284960,8080286170,83242805,8324280,543.3,364,933.6
8080285130,8080286170,83242804,8324280,1731.0,403,933.6
8080283670,8080284960,83242807,8324280,827.6,381,963.4
8080283750,8080284960,83242806,8324280,879.8,401,963.6
8080282750,8080283670,83242808,8324280,972.2,371,971.1
8080282740,8080283670,83242809,8324280,1014.3,388,971.3
